2026-09-05 18:05:34.3641359 [I:onnxruntime:, inference_session.cc:606 onnxruntime::InferenceSession::TraceSessionOptions] Session Options {  execution_mode:0 execution_order:DEFAULT enable_profiling:0 optimized_model_filepath: enable_mem_pattern:1 enable_mem_reuse:1 enable_cpu_mem_arena:1 profile_file_prefix:onnxruntime_profile_ session_logid: session_log_severity_level:1 session_log_verbosity_level:0 max_num_graph_transformation_steps:10 graph_optimization_level:4 intra_op_param:OrtThreadPoolParams { thread_pool_size: 0 auto_set_affinity: 0 allow_spinning: 1 dynamic_block_base_: 0 stack_size: 0 affinity_str:  set_denormal_as_zero: 0 } inter_op_param:OrtThreadPoolParams { thread_pool_size: 0 auto_set_affinity: 0 allow_spinning: 1 dynamic_block_base_: 0 stack_size: 0 affinity_str:  set_denormal_as_zero: 0 } use_per_session_threads:1 thread_pool_allow_spinning:1 use_deterministic_compute:0 ep_selection_policy:0 config_options: {  } }
2026-09-05 18:05:34.3655291 [I:onnxruntime:, inference_session.cc:414 onnxruntime::InferenceSession::ConstructorCommon::<lambda_cd5baf9f006fce338b072dac99354b33>::operator ()] Flush-to-zero and denormal-as-zero are off
2026-09-05 18:05:34.3657991 [I:onnxruntime:, inference_session.cc:422 onnxruntime::InferenceSession::ConstructorCommon] Creating and using per session threadpools since use_per_session_threads_ is true
2026-09-05 18:05:34.3660397 [I:onnxruntime:, inference_session.cc:446 onnxruntime::InferenceSession::ConstructorCommon] Dynamic block base set to 0
2026-09-05 18:05:34.8482680 [I:onnxruntime:, inference_session.cc:2042 onnxruntime::InferenceSession::Initialize] Initializing session.
2026-09-05 18:05:34.8484642 [I:onnxruntime:, inference_session.cc:2080 onnxruntime::InferenceSession::Initialize] Adding default CPU execution provider.
2026-09-05 18:05:34.8663631 [I:onnxruntime:, graph_partitioner.cc:1209 onnxruntime::GraphPartitioner::InlineFunctionsAOT] This model does not have any local functions defined. AOT Inlining is not performed
2026-09-05 18:05:34.8677875 [I:onnxruntime:, graph_transformer.cc:15 onnxruntime::GraphTransformer::Apply] GraphTransformer EnsureUniqueDQForNodeUnit modified: 1 with status: OK
2026-09-05 18:05:34.8747293 [I:onnxruntime:, graph_transformer.cc:15 onnxruntime::GraphTransformer::Apply] GraphTransformer Level1_RuleBasedTransformer modified: 0 with status: OK
2026-09-05 18:05:34.8753766 [I:onnxruntime:, graph_transformer.cc:15 onnxruntime::GraphTransformer::Apply] GraphTransformer DoubleQDQPairsRemover modified: 0 with status: OK
2026-09-05 18:05:34.8771763 [I:onnxruntime:, constant_sharing.cc:248 onnxruntime::ConstantSharing::ApplyImpl] Total shared scalar initializer count: 341
2026-09-05 18:05:34.8773246 [I:onnxruntime:, graph_transformer.cc:15 onnxruntime::GraphTransformer::Apply] GraphTransformer ConstantSharing modified: 1 with status: OK
2026-09-05 18:05:34.8821021 [I:onnxruntime:, graph_transformer.cc:15 onnxruntime::GraphTransformer::Apply] GraphTransformer CommonSubexpressionElimination modified: 0 with status: OK
2026-09-05 18:05:34.8826309 [I:onnxruntime:, graph_transformer.cc:15 onnxruntime::GraphTransformer::Apply] GraphTransformer ConstantFolding modified: 0 with status: OK
2026-09-05 18:05:34.8830750 [I:onnxruntime:, graph_transformer.cc:15 onnxruntime::GraphTransformer::Apply] GraphTransformer MatMulAddFusion modified: 0 with status: OK
2026-09-05 18:05:34.8833741 [I:onnxruntime:, graph_transformer.cc:15 onnxruntime::GraphTransformer::Apply] GraphTransformer ReshapeFusion modified: 0 with status: OK
2026-09-05 18:05:34.8835302 [I:onnxruntime:, graph_transformer.cc:15 onnxruntime::GraphTransformer::Apply] GraphTransformer FreeDimensionOverrideTransformer modified: 0 with status: OK
2026-09-05 18:05:34.8836976 [I:onnxruntime:, graph_transformer.cc:15 onnxruntime::GraphTransformer::Apply] GraphTransformer GeluFusionL1 modified: 0 with status: OK
2026-09-05 18:05:34.8839836 [I:onnxruntime:, graph_transformer.cc:15 onnxruntime::GraphTransformer::Apply] GraphTransformer LayerNormFusionL1 modified: 0 with status: OK
2026-09-05 18:05:34.8847082 [I:onnxruntime:, graph_transformer.cc:15 onnxruntime::GraphTransformer::Apply] GraphTransformer QDQPropagationTransformer modified: 0 with status: OK
2026-09-05 18:05:34.8851056 [I:onnxruntime:, graph_transformer.cc:15 onnxruntime::GraphTransformer::Apply] GraphTransformer WeightBiasQuantization modified: 0 with status: OK
2026-09-05 18:05:34.8854806 [I:onnxruntime:, graph_transformer.cc:15 onnxruntime::GraphTransformer::Apply] GraphTransformer EnsureUniqueDQForNodeUnit modified: 0 with status: OK
2026-09-05 18:05:34.8857924 [I:onnxruntime:, graph_transformer.cc:15 onnxruntime::GraphTransformer::Apply] GraphTransformer RocmBlasAltImpl modified: 0 with status: OK
2026-09-05 18:05:34.8875715 [I:onnxruntime:, graph_transformer.cc:15 onnxruntime::GraphTransformer::Apply] GraphTransformer TransposeOptimizer modified: 0 with status: OK
2026-09-05 18:05:34.8879321 [I:onnxruntime:, graph_transformer.cc:15 onnxruntime::GraphTransformer::Apply] GraphTransformer Level1_RuleBasedTransformer modified: 0 with status: OK
2026-09-05 18:05:34.8884783 [I:onnxruntime:, graph_transformer.cc:15 onnxruntime::GraphTransformer::Apply] GraphTransformer DoubleQDQPairsRemover modified: 0 with status: OK
2026-09-05 18:05:34.8892933 [I:onnxruntime:, graph_transformer.cc:15 onnxruntime::GraphTransformer::Apply] GraphTransformer CommonSubexpressionElimination modified: 0 with status: OK
2026-09-05 18:05:34.8898099 [I:onnxruntime:, graph_transformer.cc:15 onnxruntime::GraphTransformer::Apply] GraphTransformer ConstantFolding modified: 0 with status: OK
2026-09-05 18:05:34.8900974 [I:onnxruntime:, graph_transformer.cc:15 onnxruntime::GraphTransformer::Apply] GraphTransformer MatMulAddFusion modified: 0 with status: OK
2026-09-05 18:05:34.8903861 [I:onnxruntime:, graph_transformer.cc:15 onnxruntime::GraphTransformer::Apply] GraphTransformer ReshapeFusion modified: 0 with status: OK
2026-09-05 18:05:34.8905363 [I:onnxruntime:, graph_transformer.cc:15 onnxruntime::GraphTransformer::Apply] GraphTransformer FreeDimensionOverrideTransformer modified: 0 with status: OK
2026-09-05 18:05:34.8907030 [I:onnxruntime:, graph_transformer.cc:15 onnxruntime::GraphTransformer::Apply] GraphTransformer GeluFusionL1 modified: 0 with status: OK
2026-09-05 18:05:34.8909844 [I:onnxruntime:, graph_transformer.cc:15 onnxruntime::GraphTransformer::Apply] GraphTransformer LayerNormFusionL1 modified: 0 with status: OK
2026-09-05 18:05:34.8915513 [I:onnxruntime:, graph_transformer.cc:15 onnxruntime::GraphTransformer::Apply] GraphTransformer QDQPropagationTransformer modified: 0 with status: OK
2026-09-05 18:05:34.8918923 [I:onnxruntime:, graph_transformer.cc:15 onnxruntime::GraphTransformer::Apply] GraphTransformer WeightBiasQuantization modified: 0 with status: OK
2026-09-05 18:05:34.8922341 [I:onnxruntime:, graph_transformer.cc:15 onnxruntime::GraphTransformer::Apply] GraphTransformer EnsureUniqueDQForNodeUnit modified: 0 with status: OK
2026-09-05 18:05:34.8925137 [I:onnxruntime:, graph_transformer.cc:15 onnxruntime::GraphTransformer::Apply] GraphTransformer RocmBlasAltImpl modified: 0 with status: OK
2026-09-05 18:06:27.6588040 [I:onnxruntime:, graph.cc:4888 onnxruntime::Graph::CleanUnusedInitializersAndNodeArgs] Removing initializer 'onnx::Conv_1049_zero_point'. It is no longer used by any node.
2026-09-05 18:06:27.6590523 [I:onnxruntime:, graph.cc:4888 onnxruntime::Graph::CleanUnusedInitializersAndNodeArgs] Removing initializer 'onnx::Conv_1106_quantized'. It is no longer used by any node.
2026-09-05 18:06:27.6592698 [I:onnxruntime:, graph.cc:4888 onnxruntime::Graph::CleanUnusedInitializersAndNodeArgs] Removing initializer '/layer3/layer3.8/conv3/Conv_output_0_zero_point'. It is no longer used by any node.
2026-09-05 18:06:27.6595080 [I:onnxruntime:, graph.cc:4888 onnxruntime::Graph::CleanUnusedInitializersAndNodeArgs] Removing initializer 'onnx::Conv_986_scale'. It is no longer used by any node.
2026-09-05 18:06:27.6597490 [I:onnxruntime:, graph.cc:4888 onnxruntime::Graph::CleanUnusedInitializersAndNodeArgs] Removing initializer 'onnx::Conv_1042_scale'. It is no longer used by any node.
2026-09-05 18:06:27.6599704 [I:onnxruntime:, graph.cc:4888 onnxruntime::Graph::CleanUnusedInitializersAndNodeArgs] Removing initializer 'onnx::Conv_1007_quantized'. It is no longer used by any node.
2026-09-05 18:06:27.6601812 [I:onnxruntime:, graph.cc:4888 onnxruntime::Graph::CleanUnusedInitializersAndNodeArgs] Removing initializer 'onnx::Conv_973_quantized'. It is no longer used by any node.
2026-09-05 18:06:27.6603887 [I:onnxruntime:, graph.cc:4888 onnxruntime::Graph::CleanUnusedInitializersAndNodeArgs] Removing initializer '/layer3/layer3.12/act2/Relu_output_0_scale'. It is no longer used by any node.
2026-09-05 18:06:27.6606134 [I:onnxruntime:, graph.cc:4888 onnxruntime::Graph::CleanUnusedInitializersAndNodeArgs] Removing initializer 'onnx::Conv_973_zero_point'. It is no longer used by any node.
2026-09-05 18:06:27.6608199 [I:onnxruntime:, graph.cc:4888 onnxruntime::Graph::CleanUnusedInitializersAndNodeArgs] Removing initializer 'onnx::Conv_974_zero_point'. It is no longer used by any node.
2026-09-05 18:06:27.6613700 [I:onnxruntime:, graph.cc:4888 onnxruntime::Graph::CleanUnusedInitializersAndNodeArgs] Removing initializer 'onnx::Conv_1060_scale'. It is no longer used by any node.
2026-09-05 18:06:27.6617241 [I:onnxruntime:, graph.cc:4888 onnxruntime::Graph::CleanUnusedInitializersAndNodeArgs] Removing initializer 'onnx::Conv_1061_quantized'. It is no longer used by any node.
2026-09-05 18:06:27.6620605 [I:onnxruntime:, graph.cc:4888 onnxruntime::Graph::CleanUnusedInitializersAndNodeArgs] Removing initializer 'onnx::Conv_983_zero_point'. It is no longer used by any node.
2026-09-05 18:06:27.6623745 [I:onnxruntime:, graph.cc:4888 onnxruntime::Graph::CleanUnusedInitializersAndNodeArgs] Removing initializer '/layer3/layer3.16/act2/Relu_output_0_zero_point'. It is no longer used by any node.
2026-09-05 18:06:27.6627371 [I:onnxruntime:, graph.cc:4888 onnxruntime::Graph::CleanUnusedInitializersAndNodeArgs] Removing initializer 'onnx::Conv_974_quantized'. It is no longer used by any node.
2026-09-05 18:06:27.6630378 [I:onnxruntime:, graph.cc:4888 onnxruntime::Graph::CleanUnusedInitializersAndNodeArgs] Removing initializer 'onnx::Conv_1075_scale'. It is no longer used by any node.
2026-09-05 18:06:27.6633279 [I:onnxruntime:, graph.cc:4888 onnxruntime::Graph::CleanUnusedInitializersAndNodeArgs] Removing initializer 'onnx::Conv_1003_quantized'. It is no longer used by any node.
2026-09-05 18:06:27.6636420 [I:onnxruntime:, graph.cc:4888 onnxruntime::Graph::CleanUnusedInitializersAndNodeArgs] Removing initializer 'onnx::Conv_992_zero_point'. It is no longer used by any node.
2026-09-05 18:06:27.6639433 [I:onnxruntime:, graph.cc:4888 onnxruntime::Graph::CleanUnusedInitializersAndNodeArgs] Removing initializer 'onnx::Conv_1214_zero_point'. It is no longer used by any node.
2026-09-05 18:06:27.6642346 [I:onnxruntime:, graph.cc:4888 onnxruntime::Graph::CleanUnusedInitializersAndNodeArgs] Removing initializer '/act1/Relu_output_0_zero_point'. It is no longer used by any node.
2026-09-05 18:06:27.6645347 [I:onnxruntime:, graph.cc:4888 onnxruntime::Graph::CleanUnusedInitializersAndNodeArgs] Removing initializer 'onnx::Conv_1081_zero_point'. It is no longer used by any node.
2026-09-05 18:06:27.6648337 [I:onnxruntime:, graph.cc:4888 onnxruntime::Graph::CleanUnusedInitializersAndNodeArgs] Removing initializer 'onnx::Conv_1174_quantized'. It is no longer used by any node.
2026-09-05 18:06:27.6651308 [I:onnxruntime:, graph.cc:4888 onnxruntime::Graph::CleanUnusedInitializersAndNodeArgs] Removing initializer 'onnx::Conv_1163_zero_point'. It is no longer used by any node.
2026-09-05 18:06:27.6654261 [I:onnxruntime:, graph.cc:4888 onnxruntime::Graph::CleanUnusedInitializersAndNodeArgs] Removing initializer 'onnx::Conv_1112_zero_point'. It is no longer used by any node.
2026-09-05 18:06:27.6657079 [I:onnxruntime:, graph.cc:4888 onnxruntime::Graph::CleanUnusedInitializersAndNodeArgs] Removing initializer 'onnx::Conv_1262_zero_point'. It is no longer used by any node.
2026-09-05 18:06:27.6659992 [I:onnxruntime:, graph.cc:4888 onnxruntime::Graph::CleanUnusedInitializersAndNodeArgs] Removing initializer 'onnx::Conv_1091_zero_point'. It is no longer used by any node.
2026-09-05 18:06:27.6662844 [I:onnxruntime:, graph.cc:4888 onnxruntime::Graph::CleanUnusedInitializersAndNodeArgs] Removing initializer 'onnx::Conv_976_zero_point'. It is no longer used by any node.
2026-09-05 18:06:27.6665821 [I:onnxruntime:, graph.cc:4888 onnxruntime::Graph::CleanUnusedInitializersAndNodeArgs] Removing initializer 'onnx::Conv_1100_zero_point'. It is no longer used by any node.
2026-09-05 18:06:27.6668679 [I:onnxruntime:, graph.cc:4888 onnxruntime::Graph::CleanUnusedInitializersAndNodeArgs] Removing initializer 'onnx::Conv_976_quantized'. It is no longer used by any node.
2026-09-05 18:06:27.6671738 [I:onnxruntime:, graph.cc:4888 onnxruntime::Graph::CleanUnusedInitializersAndNodeArgs] Removing initializer 'onnx::Conv_982_quantized'. It is no longer used by any node.
2026-09-05 18:06:27.6674640 [I:onnxruntime:, graph.cc:4888 onnxruntime::Graph::CleanUnusedInitializersAndNodeArgs] Removing initializer 'onnx::Conv_977_zero_point'. It is no longer used by any node.
2026-09-05 18:06:27.6677669 [I:onnxruntime:, graph.cc:4888 onnxruntime::Graph::CleanUnusedInitializersAndNodeArgs] Removing initializer 'onnx::Conv_1046_quantized'. It is no longer used by any node.
2026-09-05 18:06:27.6680673 [I:onnxruntime:, graph.cc:4888 onnxruntime::Graph::CleanUnusedInitializersAndNodeArgs] Removing initializer 'onnx::Conv_991_zero_point'. It is no longer used by any node.
2026-09-05 18:06:27.6683495 [I:onnxruntime:, graph.cc:4888 onnxruntime::Graph::CleanUnusedInitializersAndNodeArgs] Removing initializer 'onnx::Conv_1055_zero_point'. It is no longer used by any node.
2026-09-05 18:06:27.6686307 [I:onnxruntime:, graph.cc:4888 onnxruntime::Graph::CleanUnusedInitializersAndNodeArgs] Removing initializer 'onnx::Conv_977_quantized'. It is no longer used by any node.
2026-09-05 18:06:27.6689088 [I:onnxruntime:, graph.cc:4888 onnxruntime::Graph::CleanUnusedInitializersAndNodeArgs] Removing initializer '/layer1/layer1.0/downsample/downsample.0/Conv_output_0_zero_point'. It is no longer used by any node.
2026-09-05 18:06:27.6692615 [I:onnxruntime:, graph.cc:4888 onnxruntime::Graph::CleanUnusedInitializersAndNodeArgs] Removing initializer 'onnx::Conv_1268_zero_point'. It is no longer used by any node.
2026-09-05 18:06:27.6695530 [I:onnxruntime:, graph.cc:4888 onnxruntime::Graph::CleanUnusedInitializersAndNodeArgs] Removing initializer 'onnx::Conv_979_quantized'. It is no longer used by any node.
2026-09-05 18:06:27.6698296 [I:onnxruntime:, graph.cc:4888 onnxruntime::Graph::CleanUnusedInitializersAndNodeArgs] Removing initializer 'onnx::Conv_1282_zero_point'. It is no longer used by any node.
2026-09-05 18:06:27.6701107 [I:onnxruntime:, graph.cc:4888 onnxruntime::Graph::CleanUnusedInitializersAndNodeArgs] Removing initializer 'onnx::Conv_985_scale'. It is no longer used by any node.
2026-09-05 18:06:27.6703571 [I:onnxruntime:, graph.cc:4888 onnxruntime::Graph::CleanUnusedInitializersAndNodeArgs] Removing initializer 'onnx::Conv_985_zero_point'. It is no longer used by any node.
2026-09-05 18:06:27.6706286 [I:onnxruntime:, graph.cc:4888 onnxruntime::Graph::CleanUnusedInitializersAndNodeArgs] Removing initializer 'onnx::Conv_985_quantized'. It is no longer used by any node.
2026-09-05 18:06:27.6709037 [I:onnxruntime:, graph.cc:4888 onnxruntime::Graph::CleanUnusedInitializersAndNodeArgs] Removing initializer 'onnx::Conv_1231_quantized'. It is no longer used by any node.
2026-09-05 18:06:27.6711835 [I:onnxruntime:, graph.cc:4888 onnxruntime::Graph::CleanUnusedInitializersAndNodeArgs] Removing initializer 'onnx::Conv_986_zero_point'. It is no longer used by any node.
2026-09-05 18:06:27.6714867 [I:onnxruntime:, graph.cc:4888 onnxruntime::Graph::CleanUnusedInitializersAndNodeArgs] Removing initializer 'onnx::Conv_1042_zero_point'. It is no longer used by any node.
2026-09-05 18:06:27.6717671 [I:onnxruntime:, graph.cc:4888 onnxruntime::Graph::CleanUnusedInitializersAndNodeArgs] Removing initializer 'onnx::Conv_986_quantized'. It is no longer used by any node.
2026-09-05 18:06:27.6720572 [I:onnxruntime:, graph.cc:4888 onnxruntime::Graph::CleanUnusedInitializersAndNodeArgs] Removing initializer 'onnx::Conv_1042_quantized'. It is no longer used by any node.
2026-09-05 18:06:27.6723578 [I:onnxruntime:, graph.cc:4888 onnxruntime::Graph::CleanUnusedInitializersAndNodeArgs] Removing initializer 'onnx::Conv_1073_zero_point'. It is no longer used by any node.
2026-09-05 18:06:27.6726433 [I:onnxruntime:, graph.cc:4888 onnxruntime::Graph::CleanUnusedInitializersAndNodeArgs] Removing initializer 'onnx::Conv_1265_zero_point'. It is no longer used by any node.
2026-09-05 18:06:27.6729245 [I:onnxruntime:, graph.cc:4888 onnxruntime::Graph::CleanUnusedInitializersAndNodeArgs] Removing initializer 'onnx::Conv_1186_quantized'. It is no longer used by any node.
2026-09-05 18:06:27.6732248 [I:onnxruntime:, graph.cc:4888 onnxruntime::Graph::CleanUnusedInitializersAndNodeArgs] Removing initializer 'onnx::Conv_1096_zero_point'. It is no longer used by any node.
2026-09-05 18:06:27.6735273 [I:onnxruntime:, graph.cc:4888 onnxruntime::Graph::CleanUnusedInitializersAndNodeArgs] Removing initializer '/layer1/layer1.0/act1/Relu_output_0_zero_point'. It is no longer used by any node.
2026-09-05 18:06:27.6738372 [I:onnxruntime:, graph.cc:4888 onnxruntime::Graph::CleanUnusedInitializersAndNodeArgs] Removing initializer '/layer2/layer2.0/act3/Relu_output_0_zero_point'. It is no longer used by any node.
2026-09-05 18:06:27.6741441 [I:onnxruntime:, graph.cc:4888 onnxruntime::Graph::CleanUnusedInitializersAndNodeArgs] Removing initializer '/layer3/layer3.21/conv3/Conv_output_0_zero_point'. It is no longer used by any node.
2026-09-05 18:06:27.6744532 [I:onnxruntime:, graph.cc:4888 onnxruntime::Graph::CleanUnusedInitializersAndNodeArgs] Removing initializer 'onnx::Conv_1259_quantized'. It is no longer used by any node.
2026-09-05 18:06:27.6747718 [I:onnxruntime:, graph.cc:4888 onnxruntime::Graph::CleanUnusedInitializersAndNodeArgs] Removing initializer 'onnx::Conv_980_quantized'. It is no longer used by any node.
2026-09-05 18:06:27.6750519 [I:onnxruntime:, graph.cc:4888 onnxruntime::Graph::CleanUnusedInitializersAndNodeArgs] Removing initializer 'onnx::Conv_997_zero_point'. It is no longer used by any node.
2026-09-05 18:06:27.6753470 [I:onnxruntime:, graph.cc:4888 onnxruntime::Graph::CleanUnusedInitializersAndNodeArgs] Removing initializer 'onnx::Conv_979_zero_point'. It is no longer used by any node.
2026-09-05 18:06:27.6756266 [I:onnxruntime:, graph.cc:4888 onnxruntime::Graph::CleanUnusedInitializersAndNodeArgs] Removing initializer 'onnx::Conv_1138_quantized'. It is no longer used by any node.
2026-09-05 18:06:27.6759183 [I:onnxruntime:, graph.cc:4888 onnxruntime::Graph::CleanUnusedInitializersAndNodeArgs] Removing initializer 'onnx::Conv_992_quantized'. It is no longer used by any node.
2026-09-05 18:06:27.6762133 [I:onnxruntime:, graph.cc:4888 onnxruntime::Graph::CleanUnusedInitializersAndNodeArgs] Removing initializer 'onnx::Conv_1138_zero_point'. It is no longer used by any node.
2026-09-05 18:06:27.6764971 [I:onnxruntime:, graph.cc:4888 onnxruntime::Graph::CleanUnusedInitializersAndNodeArgs] Removing initializer '/layer3/layer3.10/act3/Relu_output_0_zero_point'. It is no longer used by any node.
2026-09-05 18:06:27.6768187 [I:onnxruntime:, graph.cc:4888 onnxruntime::Graph::CleanUnusedInitializersAndNodeArgs] Removing initializer 'onnx::Conv_1259_zero_point'. It is no longer used by any node.
2026-09-05 18:06:27.6770985 [I:onnxruntime:, graph.cc:4888 onnxruntime::Graph::CleanUnusedInitializersAndNodeArgs] Removing initializer 'onnx::Conv_980_zero_point'. It is no longer used by any node.
2026-09-05 18:06:27.6774063 [I:onnxruntime:, graph.cc:4888 onnxruntime::Graph::CleanUnusedInitializersAndNodeArgs] Removing initializer 'onnx::Conv_982_zero_point'. It is no longer used by any node.
2026-09-05 18:06:27.6776895 [I:onnxruntime:, graph.cc:4888 onnxruntime::Graph::CleanUnusedInitializersAndNodeArgs] Removing initializer 'onnx::Conv_1046_zero_point'. It is no longer used by any node.
2026-09-05 18:06:27.6779933 [I:onnxruntime:, graph.cc:4888 onnxruntime::Graph::CleanUnusedInitializersAndNodeArgs] Removing initializer '/layer1/layer1.0/act2/Relu_output_0_zero_point'. It is no longer used by any node.
2026-09-05 18:06:27.6783030 [I:onnxruntime:, graph.cc:4888 onnxruntime::Graph::CleanUnusedInitializersAndNodeArgs] Removing initializer '/layer3/layer3.21/act2/Relu_output_0_zero_point'. It is no longer used by any node.
2026-09-05 18:06:27.6786139 [I:onnxruntime:, graph.cc:4888 onnxruntime::Graph::CleanUnusedInitializersAndNodeArgs] Removing initializer '/layer3/layer3.19/conv3/Conv_output_0_zero_point'. It is no longer used by any node.
2026-09-05 18:06:27.6789481 [I:onnxruntime:, graph.cc:4888 onnxruntime::Graph::CleanUnusedInitializersAndNodeArgs] Removing initializer 'onnx::Conv_983_quantized'. It is no longer used by any node.
2026-09-05 18:06:27.6792434 [I:onnxruntime:, graph.cc:4888 onnxruntime::Graph::CleanUnusedInitializersAndNodeArgs] Removing initializer 'onnx::Conv_1018_quantized'. It is no longer used by any node.
2026-09-05 18:06:27.6795346 [I:onnxruntime:, graph.cc:4888 onnxruntime::Graph::CleanUnusedInitializersAndNodeArgs] Removing initializer 'onnx::Conv_1108_zero_point'. It is no longer used by any node.
2026-09-05 18:06:27.6798201 [I:onnxruntime:, graph.cc:4888 onnxruntime::Graph::CleanUnusedInitializersAndNodeArgs] Removing initializer 'onnx::Conv_1148_zero_point'. It is no longer used by any node.
2026-09-05 18:06:27.6801009 [I:onnxruntime:, graph.cc:4888 onnxruntime::Graph::CleanUnusedInitializersAndNodeArgs] Removing initializer '/layer1/layer1.0/conv3/Conv_output_0_zero_point'. It is no longer used by any node.
2026-09-05 18:06:27.6804392 [I:onnxruntime:, graph.cc:4888 onnxruntime::Graph::CleanUnusedInitializersAndNodeArgs] Removing initializer 'onnx::Conv_1124_quantized'. It is no longer used by any node.
2026-09-05 18:06:27.6807181 [I:onnxruntime:, graph.cc:4888 onnxruntime::Graph::CleanUnusedInitializersAndNodeArgs] Removing initializer 'onnx::Conv_991_quantized'. It is no longer used by any node.
2026-09-05 18:06:27.6810000 [I:onnxruntime:, graph.cc:4888 onnxruntime::Graph::CleanUnusedInitializersAndNodeArgs] Removing initializer 'onnx::Conv_1055_quantized'. It is no longer used by any node.
2026-09-05 18:06:27.6812920 [I:onnxruntime:, graph.cc:4888 onnxruntime::Graph::CleanUnusedInitializersAndNodeArgs] Removing initializer 'onnx::Conv_1226_zero_point'. It is no longer used by any node.
2026-09-05 18:06:27.6816039 [I:onnxruntime:, graph.cc:4888 onnxruntime::Graph::CleanUnusedInitializersAndNodeArgs] Removing initializer '/layer2/layer2.1/conv3/Conv_output_0_zero_point'. It is no longer used by any node.
2026-09-05 18:06:27.6819117 [I:onnxruntime:, graph.cc:4888 onnxruntime::Graph::CleanUnusedInitializersAndNodeArgs] Removing initializer '/layer1/layer1.0/act3/Relu_output_0_zero_point'. It is no longer used by any node.
2026-09-05 18:06:27.6822181 [I:onnxruntime:, graph.cc:4888 onnxruntime::Graph::CleanUnusedInitializersAndNodeArgs] Removing initializer '/layer2/layer2.0/act1/Relu_output_0_zero_point'. It is no longer used by any node.
2026-09-05 18:06:27.6825567 [I:onnxruntime:, graph.cc:4888 onnxruntime::Graph::CleanUnusedInitializersAndNodeArgs] Removing initializer 'onnx::Conv_1108_quantized'. It is no longer used by any node.
2026-09-05 18:06:27.6828567 [I:onnxruntime:, graph.cc:4888 onnxruntime::Graph::CleanUnusedInitializersAndNodeArgs] Removing initializer 'onnx::Conv_1247_quantized'. It is no longer used by any node.
2026-09-05 18:06:27.6831797 [I:onnxruntime:, graph.cc:4888 onnxruntime::Graph::CleanUnusedInitializersAndNodeArgs] Removing initializer '/layer2/layer2.3/act3/Relu_output_0_zero_point'. It is no longer used by any node.
2026-09-05 18:06:27.6835296 [I:onnxruntime:, graph.cc:4888 onnxruntime::Graph::CleanUnusedInitializersAndNodeArgs] Removing initializer 'onnx::Conv_988_zero_point'. It is no longer used by any node.
2026-09-05 18:06:27.6838343 [I:onnxruntime:, graph.cc:4888 onnxruntime::Graph::CleanUnusedInitializersAndNodeArgs] Removing initializer 'onnx::Conv_988_quantized'. It is no longer used by any node.
2026-09-05 18:06:27.6841134 [I:onnxruntime:, graph.cc:4888 onnxruntime::Graph::CleanUnusedInitializersAndNodeArgs] Removing initializer 'onnx::Conv_1127_zero_point'. It is no longer used by any node.
2026-09-05 18:06:27.6843952 [I:onnxruntime:, graph.cc:4888 onnxruntime::Graph::CleanUnusedInitializersAndNodeArgs] Removing initializer 'onnx::Conv_1039_quantized'. It is no longer used by any node.
2026-09-05 18:06:27.6847137 [I:onnxruntime:, graph.cc:4888 onnxruntime::Graph::CleanUnusedInitializersAndNodeArgs] Removing initializer 'onnx::Conv_1250_zero_point'. It is no longer used by any node.
2026-09-05 18:06:27.6849955 [I:onnxruntime:, graph.cc:4888 onnxruntime::Graph::CleanUnusedInitializersAndNodeArgs] Removing initializer 'onnx::Conv_989_zero_point'. It is no longer used by any node.
2026-09-05 18:06:27.6852761 [I:onnxruntime:, graph.cc:4888 onnxruntime::Graph::CleanUnusedInitializersAndNodeArgs] Removing initializer 'onnx::Conv_1250_quantized'. It is no longer used by any node.
2026-09-05 18:06:27.6855682 [I:onnxruntime:, graph.cc:4888 onnxruntime::Graph::CleanUnusedInitializersAndNodeArgs] Removing initializer 'onnx::Conv_989_quantized'. It is no longer used by any node.
2026-09-05 18:06:27.6858557 [I:onnxruntime:, graph.cc:4888 onnxruntime::Graph::CleanUnusedInitializersAndNodeArgs] Removing initializer 'onnx::Conv_1006_zero_point'. It is no longer used by any node.
2026-09-05 18:06:27.6861081 [I:onnxruntime:, graph.cc:4888 onnxruntime::Graph::CleanUnusedInitializersAndNodeArgs] Removing initializer '/layer1/layer1.1/act1/Relu_output_0_zero_point'. It is no longer used by any node.
2026-09-05 18:06:27.6863549 [I:onnxruntime:, graph.cc:4888 onnxruntime::Graph::CleanUnusedInitializersAndNodeArgs] Removing initializer 'onnx::Conv_1070_zero_point'. It is no longer used by any node.
2026-09-05 18:06:27.6865818 [I:onnxruntime:, graph.cc:4888 onnxruntime::Graph::CleanUnusedInitializersAndNodeArgs] Removing initializer 'onnx::Conv_1151_quantized'. It is no longer used by any node.
2026-09-05 18:06:27.6868515 [I:onnxruntime:, graph.cc:4888 onnxruntime::Graph::CleanUnusedInitializersAndNodeArgs] Removing initializer '/layer1/layer1.1/act2/Relu_output_0_zero_point'. It is no longer used by any node.
2026-09-05 18:06:27.6871822 [I:onnxruntime:, graph.cc:4888 onnxruntime::Graph::CleanUnusedInitializersAndNodeArgs] Removing initializer 'onnx::Conv_1010_quantized'. It is no longer used by any node.
2026-09-05 18:06:27.6874695 [I:onnxruntime:, graph.cc:4888 onnxruntime::Graph::CleanUnusedInitializersAndNodeArgs] Removing initializer '/layer1/layer1.1/conv3/Conv_output_0_zero_point'. It is no longer used by any node.
2026-09-05 18:06:27.6877784 [I:onnxruntime:, graph.cc:4888 onnxruntime::Graph::CleanUnusedInitializersAndNodeArgs] Removing initializer '/layer3/layer3.22/act1/Relu_output_0_zero_point'. It is no longer used by any node.
2026-09-05 18:06:27.6881000 [I:onnxruntime:, graph.cc:4888 onnxruntime::Graph::CleanUnusedInitializersAndNodeArgs] Removing initializer '/layer3/layer3.11/act2/Relu_output_0_zero_point'. It is no longer used by any node.
2026-09-05 18:06:27.6884113 [I:onnxruntime:, graph.cc:4888 onnxruntime::Graph::CleanUnusedInitializersAndNodeArgs] Removing initializer 'onnx::Conv_994_zero_point'. It is no longer used by any node.
2026-09-05 18:06:27.6887038 [I:onnxruntime:, graph.cc:4888 onnxruntime::Graph::CleanUnusedInitializersAndNodeArgs] Removing initializer 'onnx::Conv_994_quantized'. It is no longer used by any node.
2026-09-05 18:06:27.6889944 [I:onnxruntime:, graph.cc:4888 onnxruntime::Graph::CleanUnusedInitializersAndNodeArgs] Removing initializer 'onnx::Conv_995_zero_point'. It is no longer used by any node.
2026-09-05 18:06:27.6892759 [I:onnxruntime:, graph.cc:4888 onnxruntime::Graph::CleanUnusedInitializersAndNodeArgs] Removing initializer 'onnx::Conv_1051_zero_point'. It is no longer used by any node.
2026-09-05 18:06:27.6896059 [I:onnxruntime:, graph.cc:4888 onnxruntime::Graph::CleanUnusedInitializersAndNodeArgs] Removing initializer 'onnx::Conv_995_quantized'. It is no longer used by any node.
2026-09-05 18:06:27.6898952 [I:onnxruntime:, graph.cc:4888 onnxruntime::Graph::CleanUnusedInitializersAndNodeArgs] Removing initializer 'onnx::Conv_1051_quantized'. It is no longer used by any node.
2026-09-05 18:06:27.6901792 [I:onnxruntime:, graph.cc:4888 onnxruntime::Graph::CleanUnusedInitializersAndNodeArgs] Removing initializer 'onnx::Conv_1202_quantized'. It is no longer used by any node.
2026-09-05 18:06:27.6904682 [I:onnxruntime:, graph.cc:4888 onnxruntime::Graph::CleanUnusedInitializersAndNodeArgs] Removing initializer 'onnx::Conv_1004_zero_point'. It is no longer used by any node.
2026-09-05 18:06:27.6907804 [I:onnxruntime:, graph.cc:4888 onnxruntime::Graph::CleanUnusedInitializersAndNodeArgs] Removing initializer '/layer1/layer1.1/act3/Relu_output_0_zero_point'. It is no longer used by any node.
2026-09-05 18:06:27.6910925 [I:onnxruntime:, graph.cc:4888 onnxruntime::Graph::CleanUnusedInitializersAndNodeArgs] Removing initializer '/layer3/layer3.13/act1/Relu_output_0_zero_point'. It is no longer used by any node.
2026-09-05 18:06:27.6914269 [I:onnxruntime:, graph.cc:4888 onnxruntime::Graph::CleanUnusedInitializersAndNodeArgs] Removing initializer 'onnx::Conv_997_quantized'. It is no longer used by any node.
2026-09-05 18:06:27.6917230 [I:onnxruntime:, graph.cc:4888 onnxruntime::Graph::CleanUnusedInitializersAndNodeArgs] Removing initializer 'onnx::Conv_998_zero_point'. It is no longer used by any node.
2026-09-05 18:06:27.6920341 [I:onnxruntime:, graph.cc:4888 onnxruntime::Graph::CleanUnusedInitializersAndNodeArgs] Removing initializer 'onnx::Conv_998_quantized'. It is no longer used by any node.
2026-09-05 18:06:27.6923171 [I:onnxruntime:, graph.cc:4888 onnxruntime::Graph::CleanUnusedInitializersAndNodeArgs] Removing initializer 'onnx::Conv_1009_zero_point'. It is no longer used by any node.
2026-09-05 18:06:27.6925978 [I:onnxruntime:, graph.cc:4888 onnxruntime::Graph::CleanUnusedInitializersAndNodeArgs] Removing initializer 'onnx::Conv_1283_quantized'. It is no longer used by any node.
2026-09-05 18:06:27.6929018 [I:onnxruntime:, graph.cc:4888 onnxruntime::Graph::CleanUnusedInitializersAndNodeArgs] Removing initializer '/layer1/layer1.2/act1/Relu_output_0_zero_point'. It is no longer used by any node.
2026-09-05 18:06:27.6932118 [I:onnxruntime:, graph.cc:4888 onnxruntime::Graph::CleanUnusedInitializersAndNodeArgs] Removing initializer '/layer3/layer3.8/act2/Relu_output_0_zero_point'. It is no longer used by any node.
2026-09-05 18:06:27.6935600 [I:onnxruntime:, graph.cc:4888 onnxruntime::Graph::CleanUnusedInitializersAndNodeArgs] Removing initializer 'onnx::Conv_1060_zero_point'. It is no longer used by any node.
2026-09-05 18:06:27.6938603 [I:onnxruntime:, graph.cc:4888 onnxruntime::Graph::CleanUnusedInitializersAndNodeArgs] Removing initializer 'onnx::Conv_1012_quantized'. It is no longer used by any node.
2026-09-05 18:06:27.6941637 [I:onnxruntime:, graph.cc:4888 onnxruntime::Graph::CleanUnusedInitializersAndNodeArgs] Removing initializer '/layer2/layer2.2/act3/Relu_output_0_zero_point'. It is no longer used by any node.
2026-09-05 18:06:27.6944928 [I:onnxruntime:, graph.cc:4888 onnxruntime::Graph::CleanUnusedInitializersAndNodeArgs] Removing initializer 'onnx::Conv_1228_quantized'. It is no longer used by any node.
2026-09-05 18:06:27.6947931 [I:onnxruntime:, graph.cc:4888 onnxruntime::Graph::CleanUnusedInitializersAndNodeArgs] Removing initializer 'onnx::Conv_1000_zero_point'. It is no longer used by any node.
2026-09-05 18:06:27.6951155 [I:onnxruntime:, graph.cc:4888 onnxruntime::Graph::CleanUnusedInitializersAndNodeArgs] Removing initializer '/layer3/layer3.16/act1/Relu_output_0_zero_point'. It is no longer used by any node.
2026-09-05 18:06:27.6954451 [I:onnxruntime:, graph.cc:4888 onnxruntime::Graph::CleanUnusedInitializersAndNodeArgs] Removing initializer 'onnx::Conv_1000_quantized'. It is no longer used by any node.
2026-09-05 18:06:27.6957633 [I:onnxruntime:, graph.cc:4888 onnxruntime::Graph::CleanUnusedInitializersAndNodeArgs] Removing initializer 'onnx::Conv_1001_zero_point'. It is no longer used by any node.
2026-09-05 18:06:27.6960474 [I:onnxruntime:, graph.cc:4888 onnxruntime::Graph::CleanUnusedInitializersAndNodeArgs] Removing initializer '/layer3/layer3.11/act1/Relu_output_0_zero_point'. It is no longer used by any node.
2026-09-05 18:06:27.6963355 [I:onnxruntime:, graph.cc:4888 onnxruntime::Graph::CleanUnusedInitializersAndNodeArgs] Removing initializer 'onnx::Conv_1061_zero_point'. It is no longer used by any node.
2026-09-05 18:06:27.6965941 [I:onnxruntime:, graph.cc:4888 onnxruntime::Graph::CleanUnusedInitializersAndNodeArgs] Removing initializer 'onnx::Conv_1001_quantized'. It is no longer used by any node.
2026-09-05 18:06:27.6968530 [I:onnxruntime:, graph.cc:4888 onnxruntime::Graph::CleanUnusedInitializersAndNodeArgs] Removing initializer '/layer1/layer1.2/act2/Relu_output_0_zero_point'. It is no longer used by any node.
2026-09-05 18:06:27.6971943 [I:onnxruntime:, graph.cc:4888 onnxruntime::Graph::CleanUnusedInitializersAndNodeArgs] Removing initializer '/layer1/layer1.2/conv3/Conv_output_0_zero_point'. It is no longer used by any node.
2026-09-05 18:06:27.6975503 [I:onnxruntime:, graph.cc:4888 onnxruntime::Graph::CleanUnusedInitializersAndNodeArgs] Removing initializer 'onnx::Conv_1217_quantized'. It is no longer used by any node.
2026-09-05 18:06:27.6978568 [I:onnxruntime:, graph.cc:4888 onnxruntime::Graph::CleanUnusedInitializersAndNodeArgs] Removing initializer 'onnx::Conv_1082_quantized'. It is no longer used by any node.
2026-09-05 18:06:27.6981682 [I:onnxruntime:, graph.cc:4888 onnxruntime::Graph::CleanUnusedInitializersAndNodeArgs] Removing initializer 'onnx::Conv_1099_zero_point'. It is no longer used by any node.
2026-09-05 18:06:27.6984701 [I:onnxruntime:, graph.cc:4888 onnxruntime::Graph::CleanUnusedInitializersAndNodeArgs] Removing initializer 'onnx::Conv_1253_quantized'. It is no longer used by any node.
2026-09-05 18:06:27.6987799 [I:onnxruntime:, graph.cc:4888 onnxruntime::Graph::CleanUnusedInitializersAndNodeArgs] Removing initializer '/layer2/layer2.1/act3/Relu_output_0_zero_point'. It is no longer used by any node.
2026-09-05 18:06:27.6991427 [I:onnxruntime:, graph.cc:4888 onnxruntime::Graph::CleanUnusedInitializersAndNodeArgs] Removing initializer 'onnx::Conv_1027_quantized'. It is no longer used by any node.
2026-09-05 18:06:27.6994419 [I:onnxruntime:, graph.cc:4888 onnxruntime::Graph::CleanUnusedInitializersAndNodeArgs] Removing initializer 'onnx::Conv_1003_zero_point'. It is no longer used by any node.
2026-09-05 18:06:27.6997446 [I:onnxruntime:, graph.cc:4888 onnxruntime::Graph::CleanUnusedInitializersAndNodeArgs] Removing initializer 'onnx::Conv_1004_quantized'. It is no longer used by any node.
2026-09-05 18:06:27.7000610 [I:onnxruntime:, graph.cc:4888 onnxruntime::Graph::CleanUnusedInitializersAndNodeArgs] Removing initializer '/layer2/layer2.0/act2/Relu_output_0_zero_point'. It is no longer used by any node.
2026-09-05 18:06:27.7003921 [I:onnxruntime:, graph.cc:4888 onnxruntime::Graph::CleanUnusedInitializersAndNodeArgs] Removing initializer '/global_pool/pool/GlobalAveragePool_output_0_zero_point'. It is no longer used by any node.
2026-09-05 18:06:27.7007539 [I:onnxruntime:, graph.cc:4888 onnxruntime::Graph::CleanUnusedInitializersAndNodeArgs] Removing initializer '/layer1/layer1.2/act3/Relu_output_0_zero_point'. It is no longer used by any node.
2026-09-05 18:06:27.7011005 [I:onnxruntime:, graph.cc:4888 onnxruntime::Graph::CleanUnusedInitializersAndNodeArgs] Removing initializer '/global_pool/pool/GlobalAveragePool_output_0_scale'. It is no longer used by any node.
2026-09-05 18:06:27.7014347 [I:onnxruntime:, graph.cc:4888 onnxruntime::Graph::CleanUnusedInitializersAndNodeArgs] Removing initializer '/layer3/layer3.18/conv3/Conv_output_0_zero_point'. It is no longer used by any node.
2026-09-05 18:06:27.7017630 [I:onnxruntime:, graph.cc:4888 onnxruntime::Graph::CleanUnusedInitializersAndNodeArgs] Removing initializer 'onnx::Conv_1141_zero_point'. It is no longer used by any node.
2026-09-05 18:06:27.7020839 [I:onnxruntime:, graph.cc:4888 onnxruntime::Graph::CleanUnusedInitializersAndNodeArgs] Removing initializer 'onnx::Conv_1006_quantized'. It is no longer used by any node.
2026-09-05 18:06:27.7023826 [I:onnxruntime:, graph.cc:4888 onnxruntime::Graph::CleanUnusedInitializersAndNodeArgs] Removing initializer '/layer3/layer3.12/act2/Relu_output_0_zero_point'. It is no longer used by any node.
2026-09-05 18:06:27.7027302 [I:onnxruntime:, graph.cc:4888 onnxruntime::Graph::CleanUnusedInitializersAndNodeArgs] Removing initializer 'onnx::Conv_1007_zero_point'. It is no longer used by any node.
2026-09-05 18:06:27.7030424 [I:onnxruntime:, graph.cc:4888 onnxruntime::Graph::CleanUnusedInitializersAndNodeArgs] Removing initializer '/layer3/layer3.6/act1/Relu_output_0_zero_point'. It is no longer used by any node.
2026-09-05 18:06:27.7033730 [I:onnxruntime:, graph.cc:4888 onnxruntime::Graph::CleanUnusedInitializersAndNodeArgs] Removing initializer '/layer2/layer2.0/downsample/downsample.0/Conv_output_0_zero_point'. It is no longer used by any node.
2026-09-05 18:06:27.7037407 [I:onnxruntime:, graph.cc:4888 onnxruntime::Graph::CleanUnusedInitializersAndNodeArgs] Removing initializer 'onnx::Conv_1015_zero_point'. It is no longer used by any node.
2026-09-05 18:06:27.7040526 [I:onnxruntime:, graph.cc:4888 onnxruntime::Graph::CleanUnusedInitializersAndNodeArgs] Removing initializer 'onnx::Conv_1015_quantized'. It is no longer used by any node.
2026-09-05 18:06:27.7043521 [I:onnxruntime:, graph.cc:4888 onnxruntime::Graph::CleanUnusedInitializersAndNodeArgs] Removing initializer 'onnx::Conv_1066_quantized'. It is no longer used by any node.
2026-09-05 18:06:27.7046512 [I:onnxruntime:, graph.cc:4888 onnxruntime::Graph::CleanUnusedInitializersAndNodeArgs] Removing initializer 'onnx::Conv_1196_zero_point'. It is no longer used by any node.
2026-09-05 18:06:27.7049840 [I:onnxruntime:, graph.cc:4888 onnxruntime::Graph::CleanUnusedInitializersAndNodeArgs] Removing initializer 'onnx::Conv_1238_quantized'. It is no longer used by any node.
2026-09-05 18:06:27.7052861 [I:onnxruntime:, graph.cc:4888 onnxruntime::Graph::CleanUnusedInitializersAndNodeArgs] Removing initializer 'onnx::Conv_1016_zero_point'. It is no longer used by any node.
2026-09-05 18:06:27.7055868 [I:onnxruntime:, graph.cc:4888 onnxruntime::Graph::CleanUnusedInitializersAndNodeArgs] Removing initializer '/layer3/layer3.0/act1/Relu_output_0_zero_point'. It is no longer used by any node.
2026-09-05 18:06:27.7059179 [I:onnxruntime:, graph.cc:4888 onnxruntime::Graph::CleanUnusedInitializersAndNodeArgs] Removing initializer 'onnx::Conv_1016_quantized'. It is no longer used by any node.
2026-09-05 18:06:27.7062303 [I:onnxruntime:, graph.cc:4888 onnxruntime::Graph::CleanUnusedInitializersAndNodeArgs] Removing initializer 'onnx::Conv_1036_zero_point'. It is no longer used by any node.
2026-09-05 18:06:27.7065430 [I:onnxruntime:, graph.cc:4888 onnxruntime::Graph::CleanUnusedInitializersAndNodeArgs] Removing initializer 'onnx::Conv_1009_quantized'. It is no longer used by any node.
2026-09-05 18:06:27.7068525 [I:onnxruntime:, graph.cc:4888 onnxruntime::Graph::CleanUnusedInitializersAndNodeArgs] Removing initializer 'onnx::Conv_1103_zero_point'. It is no longer used by any node.
2026-09-05 18:06:27.7071712 [I:onnxruntime:, graph.cc:4888 onnxruntime::Graph::CleanUnusedInitializersAndNodeArgs] Removing initializer '/layer3/layer3.5/act1/Relu_output_0_zero_point'. It is no longer used by any node.
2026-09-05 18:06:27.7075044 [I:onnxruntime:, graph.cc:4888 onnxruntime::Graph::CleanUnusedInitializersAndNodeArgs] Removing initializer 'onnx::Conv_1010_zero_point'. It is no longer used by any node.
2026-09-05 18:06:27.7078052 [I:onnxruntime:, graph.cc:4888 onnxruntime::Graph::CleanUnusedInitializersAndNodeArgs] Removing initializer 'onnx::Conv_1076_zero_point'. It is no longer used by any node.
2026-09-05 18:06:27.7081315 [I:onnxruntime:, graph.cc:4888 onnxruntime::Graph::CleanUnusedInitializersAndNodeArgs] Removing initializer '/layer2/layer2.1/act2/Relu_output_0_zero_point'. It is no longer used by any node.
2026-09-05 18:06:27.7084597 [I:onnxruntime:, graph.cc:4888 onnxruntime::Graph::CleanUnusedInitializersAndNodeArgs] Removing initializer '/layer2/layer2.0/conv3/Conv_output_0_zero_point'. It is no longer used by any node.
2026-09-05 18:06:27.7087988 [I:onnxruntime:, graph.cc:4888 onnxruntime::Graph::CleanUnusedInitializersAndNodeArgs] Removing initializer 'onnx::Conv_1240_quantized'. It is no longer used by any node.
2026-09-05 18:06:27.7091116 [I:onnxruntime:, graph.cc:4888 onnxruntime::Graph::CleanUnusedInitializersAndNodeArgs] Removing initializer 'onnx::Conv_1178_zero_point'. It is no longer used by any node.
2026-09-05 18:06:27.7094255 [I:onnxruntime:, graph.cc:4888 onnxruntime::Graph::CleanUnusedInitializersAndNodeArgs] Removing initializer 'onnx::Conv_1012_zero_point'. It is no longer used by any node.
2026-09-05 18:06:27.7097278 [I:onnxruntime:, graph.cc:4888 onnxruntime::Graph::CleanUnusedInitializersAndNodeArgs] Removing initializer 'onnx::Conv_1013_zero_point'. It is no longer used by any node.
2026-09-05 18:06:27.7100378 [I:onnxruntime:, graph.cc:4888 onnxruntime::Graph::CleanUnusedInitializersAndNodeArgs] Removing initializer 'onnx::Conv_1105_quantized'. It is no longer used by any node.
2026-09-05 18:06:27.7103390 [I:onnxruntime:, graph.cc:4888 onnxruntime::Graph::CleanUnusedInitializersAndNodeArgs] Removing initializer 'onnx::Conv_1013_quantized'. It is no longer used by any node.
2026-09-05 18:06:27.7106388 [I:onnxruntime:, graph.cc:4888 onnxruntime::Graph::CleanUnusedInitializersAndNodeArgs] Removing initializer 'onnx::Conv_1018_zero_point'. It is no longer used by any node.
2026-09-05 18:06:27.7109671 [I:onnxruntime:, graph.cc:4888 onnxruntime::Graph::CleanUnusedInitializersAndNodeArgs] Removing initializer '/layer3/layer3.7/conv3/Conv_output_0_zero_point'. It is no longer used by any node.
2026-09-05 18:06:27.7113126 [I:onnxruntime:, graph.cc:4888 onnxruntime::Graph::CleanUnusedInitializersAndNodeArgs] Removing initializer 'onnx::Conv_1019_zero_point'. It is no longer used by any node.
2026-09-05 18:06:27.7116149 [I:onnxruntime:, graph.cc:4888 onnxruntime::Graph::CleanUnusedInitializersAndNodeArgs] Removing initializer 'onnx::Conv_1019_quantized'. It is no longer used by any node.
2026-09-05 18:06:27.7119141 [I:onnxruntime:, graph.cc:4888 onnxruntime::Graph::CleanUnusedInitializersAndNodeArgs] Removing initializer '/layer2/layer2.1/act1/Relu_output_0_zero_point'. It is no longer used by any node.
2026-09-05 18:06:27.7122579 [I:onnxruntime:, graph.cc:4888 onnxruntime::Graph::CleanUnusedInitializersAndNodeArgs] Removing initializer 'onnx::Conv_1258_quantized'. It is no longer used by any node.
2026-09-05 18:06:27.7125685 [I:onnxruntime:, graph.cc:4888 onnxruntime::Graph::CleanUnusedInitializersAndNodeArgs] Removing initializer 'onnx::Conv_1045_quantized'. It is no longer used by any node.
2026-09-05 18:06:27.7128778 [I:onnxruntime:, graph.cc:4888 onnxruntime::Graph::CleanUnusedInitializersAndNodeArgs] Removing initializer 'onnx::Conv_1021_zero_point'. It is no longer used by any node.
2026-09-05 18:06:27.7132092 [I:onnxruntime:, graph.cc:4888 onnxruntime::Graph::CleanUnusedInitializersAndNodeArgs] Removing initializer '/layer3/layer3.18/act2/Relu_output_0_zero_point'. It is no longer used by any node.
2026-09-05 18:06:27.7135404 [I:onnxruntime:, graph.cc:4888 onnxruntime::Graph::CleanUnusedInitializersAndNodeArgs] Removing initializer 'onnx::Conv_1021_quantized'. It is no longer used by any node.
2026-09-05 18:06:27.7138520 [I:onnxruntime:, graph.cc:4888 onnxruntime::Graph::CleanUnusedInitializersAndNodeArgs] Removing initializer 'onnx::Conv_1126_quantized'. It is no longer used by any node.
2026-09-05 18:06:27.7141621 [I:onnxruntime:, graph.cc:4888 onnxruntime::Graph::CleanUnusedInitializersAndNodeArgs] Removing initializer 'onnx::Conv_1022_zero_point'. It is no longer used by any node.
2026-09-05 18:06:27.7144629 [I:onnxruntime:, graph.cc:4888 onnxruntime::Graph::CleanUnusedInitializersAndNodeArgs] Removing initializer 'onnx::Conv_1075_zero_point'. It is no longer used by any node.
2026-09-05 18:06:27.7147815 [I:onnxruntime:, graph.cc:4888 onnxruntime::Graph::CleanUnusedInitializersAndNodeArgs] Removing initializer 'onnx::Conv_1022_quantized'. It is no longer used by any node.
2026-09-05 18:06:27.7150834 [I:onnxruntime:, graph.cc:4888 onnxruntime::Graph::CleanUnusedInitializersAndNodeArgs] Removing initializer 'onnx::Conv_1133_quantized'. It is no longer used by any node.
2026-09-05 18:06:27.7154028 [I:onnxruntime:, graph.cc:4888 onnxruntime::Graph::CleanUnusedInitializersAndNodeArgs] Removing initializer '/layer3/layer3.22/act3/Relu_output_0_zero_point'. It is no longer used by any node.
2026-09-05 18:06:27.7157349 [I:onnxruntime:, graph.cc:4888 onnxruntime::Graph::CleanUnusedInitializersAndNodeArgs] Removing initializer 'onnx::Conv_1225_zero_point'. It is no longer used by any node.
2026-09-05 18:06:27.7160380 [I:onnxruntime:, graph.cc:4888 onnxruntime::Graph::CleanUnusedInitializersAndNodeArgs] Removing initializer 'onnx::Conv_1102_quantized'. It is no longer used by any node.
2026-09-05 18:06:27.7163459 [I:onnxruntime:, graph.cc:4888 onnxruntime::Graph::CleanUnusedInitializersAndNodeArgs] Removing initializer 'onnx::Conv_1024_zero_point'. It is no longer used by any node.
2026-09-05 18:06:27.7166441 [I:onnxruntime:, graph.cc:4888 onnxruntime::Graph::CleanUnusedInitializersAndNodeArgs] Removing initializer 'onnx::Conv_1024_quantized'. It is no longer used by any node.
2026-09-05 18:06:27.7169597 [I:onnxruntime:, graph.cc:4888 onnxruntime::Graph::CleanUnusedInitializersAndNodeArgs] Removing initializer 'onnx::Conv_1025_zero_point'. It is no longer used by any node.
2026-09-05 18:06:27.7172739 [I:onnxruntime:, graph.cc:4888 onnxruntime::Graph::CleanUnusedInitializersAndNodeArgs] Removing initializer 'onnx::Conv_1025_quantized'. It is no longer used by any node.
2026-09-05 18:06:27.7175720 [I:onnxruntime:, graph.cc:4888 onnxruntime::Graph::CleanUnusedInitializersAndNodeArgs] Removing initializer '/layer3/layer3.5/conv3/Conv_output_0_zero_point'. It is no longer used by any node.
2026-09-05 18:06:27.7179000 [I:onnxruntime:, graph.cc:4888 onnxruntime::Graph::CleanUnusedInitializersAndNodeArgs] Removing initializer 'onnx::Conv_1027_zero_point'. It is no longer used by any node.
2026-09-05 18:06:27.7182094 [I:onnxruntime:, graph.cc:4888 onnxruntime::Graph::CleanUnusedInitializersAndNodeArgs] Removing initializer 'onnx::Conv_1147_scale'. It is no longer used by any node.
2026-09-05 18:06:27.7185181 [I:onnxruntime:, graph.cc:4888 onnxruntime::Graph::CleanUnusedInitializersAndNodeArgs] Removing initializer 'onnx::Conv_1028_zero_point'. It is no longer used by any node.
2026-09-05 18:06:27.7188296 [I:onnxruntime:, graph.cc:4888 onnxruntime::Graph::CleanUnusedInitializersAndNodeArgs] Removing initializer '/layer4/layer4.1/conv3/Conv_output_0_zero_point'. It is no longer used by any node.
2026-09-05 18:06:27.7191730 [I:onnxruntime:, graph.cc:4888 onnxruntime::Graph::CleanUnusedInitializersAndNodeArgs] Removing initializer 'onnx::Conv_1028_quantized'. It is no longer used by any node.
2026-09-05 18:06:27.7194783 [I:onnxruntime:, graph.cc:4888 onnxruntime::Graph::CleanUnusedInitializersAndNodeArgs] Removing initializer '/layer3/layer3.4/conv3/Conv_output_0_zero_point'. It is no longer used by any node.
2026-09-05 18:06:27.7198264 [I:onnxruntime:, graph.cc:4888 onnxruntime::Graph::CleanUnusedInitializersAndNodeArgs] Removing initializer '/layer3/layer3.9/act2/Relu_output_0_zero_point'. It is no longer used by any node.
2026-09-05 18:06:27.7201672 [I:onnxruntime:, graph.cc:4888 onnxruntime::Graph::CleanUnusedInitializersAndNodeArgs] Removing initializer '/layer2/layer2.2/act1/Relu_output_0_zero_point'. It is no longer used by any node.
2026-09-05 18:06:27.7204958 [I:onnxruntime:, graph.cc:4888 onnxruntime::Graph::CleanUnusedInitializersAndNodeArgs] Removing initializer '/layer3/layer3.21/act3/Relu_output_0_zero_point'. It is no longer used by any node.
2026-09-05 18:06:27.7208377 [I:onnxruntime:, graph.cc:4888 onnxruntime::Graph::CleanUnusedInitializersAndNodeArgs] Removing initializer 'onnx::Conv_1030_zero_point'. It is no longer used by any node.
2026-09-05 18:06:27.7211505 [I:onnxruntime:, graph.cc:4888 onnxruntime::Graph::CleanUnusedInitializersAndNodeArgs] Removing initializer 'onnx::Conv_1030_quantized'. It is no longer used by any node.
2026-09-05 18:06:27.7214627 [I:onnxruntime:, graph.cc:4888 onnxruntime::Graph::CleanUnusedInitializersAndNodeArgs] Removing initializer 'onnx::Conv_1031_zero_point'. It is no longer used by any node.
2026-09-05 18:06:27.7217619 [I:onnxruntime:, graph.cc:4888 onnxruntime::Graph::CleanUnusedInitializersAndNodeArgs] Removing initializer 'onnx::Conv_1105_zero_point'. It is no longer used by any node.
2026-09-05 18:06:27.7220621 [I:onnxruntime:, graph.cc:4888 onnxruntime::Graph::CleanUnusedInitializersAndNodeArgs] Removing initializer 'onnx::Conv_1031_quantized'. It is no longer used by any node.
2026-09-05 18:06:27.7223720 [I:onnxruntime:, graph.cc:4888 onnxruntime::Graph::CleanUnusedInitializersAndNodeArgs] Removing initializer '/layer2/layer2.2/act2/Relu_output_0_zero_point'. It is no longer used by any node.
2026-09-05 18:06:27.7227300 [I:onnxruntime:, graph.cc:4888 onnxruntime::Graph::CleanUnusedInitializersAndNodeArgs] Removing initializer '/layer3/layer3.9/act1/Relu_output_0_zero_point'. It is no longer used by any node.
2026-09-05 18:06:27.7230602 [I:onnxruntime:, graph.cc:4888 onnxruntime::Graph::CleanUnusedInitializersAndNodeArgs] Removing initializer 'onnx::Conv_1199_quantized'. It is no longer used by any node.
2026-09-05 18:06:27.7233741 [I:onnxruntime:, graph.cc:4888 onnxruntime::Graph::CleanUnusedInitializersAndNodeArgs] Removing initializer 'onnx::Conv_1184_zero_point'. It is no longer used by any node.
2026-09-05 18:06:27.7236737 [I:onnxruntime:, graph.cc:4888 onnxruntime::Graph::CleanUnusedInitializersAndNodeArgs] Removing initializer 'onnx::Conv_1054_quantized'. It is no longer used by any node.
2026-09-05 18:06:27.7239712 [I:onnxruntime:, graph.cc:4888 onnxruntime::Graph::CleanUnusedInitializersAndNodeArgs] Removing initializer '/layer2/layer2.2/conv3/Conv_output_0_zero_point'. It is no longer used by any node.
2026-09-05 18:06:27.7244038 [I:onnxruntime:, graph.cc:4888 onnxruntime::Graph::CleanUnusedInitializersAndNodeArgs] Removing initializer 'onnx::Conv_1033_zero_point'. It is no longer used by any node.
2026-09-05 18:06:27.7247030 [I:onnxruntime:, graph.cc:4888 onnxruntime::Graph::CleanUnusedInitializersAndNodeArgs] Removing initializer 'onnx::Conv_1147_zero_point'. It is no longer used by any node.
2026-09-05 18:06:27.7249759 [I:onnxruntime:, graph.cc:4888 onnxruntime::Graph::CleanUnusedInitializersAndNodeArgs] Removing initializer 'onnx::Conv_1033_quantized'. It is no longer used by any node.
2026-09-05 18:06:27.7252590 [I:onnxruntime:, graph.cc:4888 onnxruntime::Graph::CleanUnusedInitializersAndNodeArgs] Removing initializer '/layer4/layer4.2/act1/Relu_output_0_zero_point'. It is no longer used by any node.
2026-09-05 18:06:27.7255402 [I:onnxruntime:, graph.cc:4888 onnxruntime::Graph::CleanUnusedInitializersAndNodeArgs] Removing initializer 'onnx::Conv_1034_zero_point'. It is no longer used by any node.
2026-09-05 18:06:27.7258216 [I:onnxruntime:, graph.cc:4888 onnxruntime::Graph::CleanUnusedInitializersAndNodeArgs] Removing initializer 'onnx::Conv_1034_quantized'. It is no longer used by any node.
2026-09-05 18:06:27.7260828 [I:onnxruntime:, graph.cc:4888 onnxruntime::Graph::CleanUnusedInitializersAndNodeArgs] Removing initializer 'onnx::Conv_1114_quantized'. It is no longer used by any node.
2026-09-05 18:06:27.7263606 [I:onnxruntime:, graph.cc:4888 onnxruntime::Graph::CleanUnusedInitializersAndNodeArgs] Removing initializer 'onnx::Conv_1036_quantized'. It is no longer used by any node.
2026-09-05 18:06:27.7267437 [I:onnxruntime:, graph.cc:4888 onnxruntime::Graph::CleanUnusedInitializersAndNodeArgs] Removing initializer 'onnx::Conv_1243_zero_point'. It is no longer used by any node.
2026-09-05 18:06:27.7270164 [I:onnxruntime:, graph.cc:4888 onnxruntime::Graph::CleanUnusedInitializersAndNodeArgs] Removing initializer '/layer2/layer2.3/act2/Relu_output_0_zero_point'. It is no longer used by any node.
2026-09-05 18:06:27.7273174 [I:onnxruntime:, graph.cc:4888 onnxruntime::Graph::CleanUnusedInitializersAndNodeArgs] Removing initializer 'onnx::Conv_1037_zero_point'. It is no longer used by any node.
2026-09-05 18:06:27.7275777 [I:onnxruntime:, graph.cc:4888 onnxruntime::Graph::CleanUnusedInitializersAndNodeArgs] Removing initializer 'onnx::Conv_1136_zero_point'. It is no longer used by any node.
2026-09-05 18:06:27.7278355 [I:onnxruntime:, graph.cc:4888 onnxruntime::Graph::CleanUnusedInitializersAndNodeArgs] Removing initializer '/layer3/layer3.19/act2/Relu_output_0_zero_point'. It is no longer used by any node.
2026-09-05 18:06:27.7281271 [I:onnxruntime:, graph.cc:4888 onnxruntime::Graph::CleanUnusedInitializersAndNodeArgs] Removing initializer 'onnx::Conv_1037_quantized'. It is no longer used by any node.
2026-09-05 18:06:27.7284482 [I:onnxruntime:, graph.cc:4888 onnxruntime::Graph::CleanUnusedInitializersAndNodeArgs] Removing initializer 'onnx::Conv_1165_quantized'. It is no longer used by any node.
2026-09-05 18:06:27.7287375 [I:onnxruntime:, graph.cc:4888 onnxruntime::Graph::CleanUnusedInitializersAndNodeArgs] Removing initializer '/layer2/layer2.3/act1/Relu_output_0_zero_point'. It is no longer used by any node.
2026-09-05 18:06:27.7290656 [I:onnxruntime:, graph.cc:4888 onnxruntime::Graph::CleanUnusedInitializersAndNodeArgs] Removing initializer 'onnx::Conv_1039_zero_point'. It is no longer used by any node.
2026-09-05 18:06:27.7293143 [I:onnxruntime:, graph.cc:4888 onnxruntime::Graph::CleanUnusedInitializersAndNodeArgs] Removing initializer 'onnx::Conv_1040_zero_point'. It is no longer used by any node.
2026-09-05 18:06:27.7295483 [I:onnxruntime:, graph.cc:4888 onnxruntime::Graph::CleanUnusedInitializersAndNodeArgs] Removing initializer 'onnx::Conv_1040_quantized'. It is no longer used by any node.
2026-09-05 18:06:27.7297918 [I:onnxruntime:, graph.cc:4888 onnxruntime::Graph::CleanUnusedInitializersAndNodeArgs] Removing initializer 'onnx::Conv_1181_zero_point'. It is no longer used by any node.
2026-09-05 18:06:27.7300935 [I:onnxruntime:, graph.cc:4888 onnxruntime::Graph::CleanUnusedInitializersAndNodeArgs] Removing initializer '/layer3/layer3.12/act1/Relu_output_0_zero_point'. It is no longer used by any node.
2026-09-05 18:06:27.7303608 [I:onnxruntime:, graph.cc:4888 onnxruntime::Graph::CleanUnusedInitializersAndNodeArgs] Removing initializer '/layer3/layer3.6/act2/Relu_output_0_zero_point'. It is no longer used by any node.
2026-09-05 18:06:27.7306097 [I:onnxruntime:, graph.cc:4888 onnxruntime::Graph::CleanUnusedInitializersAndNodeArgs] Removing initializer '/layer2/layer2.3/conv3/Conv_output_0_zero_point'. It is no longer used by any node.
2026-09-05 18:06:27.7309101 [I:onnxruntime:, graph.cc:4888 onnxruntime::Graph::CleanUnusedInitializersAndNodeArgs] Removing initializer 'onnx::Conv_1043_zero_point'. It is no longer used by any node.
2026-09-05 18:06:27.7312074 [I:onnxruntime:, graph.cc:4888 onnxruntime::Graph::CleanUnusedInitializersAndNodeArgs] Removing initializer 'onnx::Conv_1043_quantized'. It is no longer used by any node.
2026-09-05 18:06:27.7314970 [I:onnxruntime:, graph.cc:4888 onnxruntime::Graph::CleanUnusedInitializersAndNodeArgs] Removing initializer 'onnx::Conv_1258_zero_point'. It is no longer used by any node.
2026-09-05 18:06:27.7318055 [I:onnxruntime:, graph.cc:4888 onnxruntime::Graph::CleanUnusedInitializersAndNodeArgs] Removing initializer 'onnx::Conv_1045_zero_point'. It is no longer used by any node.
2026-09-05 18:06:27.7321032 [I:onnxruntime:, graph.cc:4888 onnxruntime::Graph::CleanUnusedInitializersAndNodeArgs] Removing initializer '/layer3/layer3.0/downsample/downsample.0/Conv_output_0_zero_point'. It is no longer used by any node.
2026-09-05 18:06:27.7324079 [I:onnxruntime:, graph.cc:4888 onnxruntime::Graph::CleanUnusedInitializersAndNodeArgs] Removing initializer 'onnx::Conv_1054_zero_point'. It is no longer used by any node.
2026-09-05 18:06:27.7326527 [I:onnxruntime:, graph.cc:4888 onnxruntime::Graph::CleanUnusedInitializersAndNodeArgs] Removing initializer 'onnx::Conv_1072_zero_point'. It is no longer used by any node.
2026-09-05 18:06:27.7328923 [I:onnxruntime:, graph.cc:4888 onnxruntime::Graph::CleanUnusedInitializersAndNodeArgs] Removing initializer 'onnx::Conv_1255_zero_point'. It is no longer used by any node.
2026-09-05 18:06:27.7331317 [I:onnxruntime:, graph.cc:4888 onnxruntime::Graph::CleanUnusedInitializersAndNodeArgs] Removing initializer 'onnx::Conv_1048_zero_point'. It is no longer used by any node.
2026-09-05 18:06:27.7333669 [I:onnxruntime:, graph.cc:4888 onnxruntime::Graph::CleanUnusedInitializersAndNodeArgs] Removing initializer 'onnx::Conv_1123_quantized'. It is no longer used by any node.
2026-09-05 18:06:27.7336624 [I:onnxruntime:, graph.cc:4888 onnxruntime::Graph::CleanUnusedInitializersAndNodeArgs] Removing initializer 'onnx::Conv_1255_quantized'. It is no longer used by any node.
2026-09-05 18:06:27.7339058 [I:onnxruntime:, graph.cc:4888 onnxruntime::Graph::CleanUnusedInitializersAndNodeArgs] Removing initializer 'onnx::Conv_1048_quantized'. It is no longer used by any node.
2026-09-05 18:06:27.7341851 [I:onnxruntime:, graph.cc:4888 onnxruntime::Graph::CleanUnusedInitializersAndNodeArgs] Removing initializer 'onnx::Conv_1264_quantized'. It is no longer used by any node.
2026-09-05 18:06:27.7344217 [I:onnxruntime:, graph.cc:4888 onnxruntime::Graph::CleanUnusedInitializersAndNodeArgs] Removing initializer 'onnx::Conv_1097_quantized'. It is no longer used by any node.
2026-09-05 18:06:27.7346499 [I:onnxruntime:, graph.cc:4888 onnxruntime::Graph::CleanUnusedInitializersAndNodeArgs] Removing initializer 'onnx::Conv_1145_zero_point'. It is no longer used by any node.
2026-09-05 18:06:27.7349334 [I:onnxruntime:, graph.cc:4888 onnxruntime::Graph::CleanUnusedInitializersAndNodeArgs] Removing initializer '/layer3/layer3.18/act3/Relu_output_0_zero_point'. It is no longer used by any node.
2026-09-05 18:06:27.7351991 [I:onnxruntime:, graph.cc:4888 onnxruntime::Graph::CleanUnusedInitializersAndNodeArgs] Removing initializer 'onnx::Conv_1049_quantized'. It is no longer used by any node.
2026-09-05 18:06:27.7354361 [I:onnxruntime:, graph.cc:4888 onnxruntime::Graph::CleanUnusedInitializersAndNodeArgs] Removing initializer 'onnx::Conv_1280_quantized'. It is no longer used by any node.
2026-09-05 18:06:27.7356715 [I:onnxruntime:, graph.cc:4888 onnxruntime::Graph::CleanUnusedInitializersAndNodeArgs] Removing initializer '/layer3/layer3.0/act2/Relu_output_0_zero_point'. It is no longer used by any node.
2026-09-05 18:06:27.7360261 [I:onnxruntime:, graph.cc:4888 onnxruntime::Graph::CleanUnusedInitializersAndNodeArgs] Removing initializer '/layer3/layer3.0/conv3/Conv_output_0_zero_point'. It is no longer used by any node.
2026-09-05 18:06:27.7363481 [I:onnxruntime:, graph.cc:4888 onnxruntime::Graph::CleanUnusedInitializersAndNodeArgs] Removing initializer 'onnx::Conv_1052_zero_point'. It is no longer used by any node.
2026-09-05 18:06:27.7366526 [I:onnxruntime:, graph.cc:4888 onnxruntime::Graph::CleanUnusedInitializersAndNodeArgs] Removing initializer 'onnx::Conv_1256_zero_point'. It is no longer used by any node.
2026-09-05 18:06:27.7369465 [I:onnxruntime:, graph.cc:4888 onnxruntime::Graph::CleanUnusedInitializersAndNodeArgs] Removing initializer 'onnx::Conv_1052_quantized'. It is no longer used by any node.
2026-09-05 18:06:27.7372341 [I:onnxruntime:, graph.cc:4888 onnxruntime::Graph::CleanUnusedInitializersAndNodeArgs] Removing initializer '/layer3/layer3.0/act3/Relu_output_0_zero_point'. It is no longer used by any node.
2026-09-05 18:06:27.7375614 [I:onnxruntime:, graph.cc:4888 onnxruntime::Graph::CleanUnusedInitializersAndNodeArgs] Removing initializer 'onnx::Conv_1057_zero_point'. It is no longer used by any node.
2026-09-05 18:06:27.7378487 [I:onnxruntime:, graph.cc:4888 onnxruntime::Graph::CleanUnusedInitializersAndNodeArgs] Removing initializer 'onnx::Conv_1057_quantized'. It is no longer used by any node.
2026-09-05 18:06:27.7381653 [I:onnxruntime:, graph.cc:4888 onnxruntime::Graph::CleanUnusedInitializersAndNodeArgs] Removing initializer 'onnx::Conv_1066_zero_point'. It is no longer used by any node.
2026-09-05 18:06:27.7384759 [I:onnxruntime:, graph.cc:4888 onnxruntime::Graph::CleanUnusedInitializersAndNodeArgs] Removing initializer 'onnx::Conv_1229_quantized'. It is no longer used by any node.
2026-09-05 18:06:27.7387694 [I:onnxruntime:, graph.cc:4888 onnxruntime::Graph::CleanUnusedInitializersAndNodeArgs] Removing initializer 'onnx::Conv_1058_zero_point'. It is no longer used by any node.
2026-09-05 18:06:27.7390560 [I:onnxruntime:, graph.cc:4888 onnxruntime::Graph::CleanUnusedInitializersAndNodeArgs] Removing initializer 'onnx::Conv_1058_quantized'. It is no longer used by any node.
2026-09-05 18:06:27.7393419 [I:onnxruntime:, graph.cc:4888 onnxruntime::Graph::CleanUnusedInitializersAndNodeArgs] Removing initializer '/layer3/layer3.1/act1/Relu_output_0_zero_point'. It is no longer used by any node.
2026-09-05 18:06:27.7396738 [I:onnxruntime:, graph.cc:4888 onnxruntime::Graph::CleanUnusedInitializersAndNodeArgs] Removing initializer '/layer4/layer4.2/conv3/Conv_output_0_zero_point'. It is no longer used by any node.
2026-09-05 18:06:27.7399895 [I:onnxruntime:, graph.cc:4888 onnxruntime::Graph::CleanUnusedInitializersAndNodeArgs] Removing initializer 'onnx::Conv_1276_zero_point'. It is no longer used by any node.
2026-09-05 18:06:27.7403038 [I:onnxruntime:, graph.cc:4888 onnxruntime::Graph::CleanUnusedInitializersAndNodeArgs] Removing initializer 'onnx::Conv_1060_quantized'. It is no longer used by any node.
2026-09-05 18:06:27.7406049 [I:onnxruntime:, graph.cc:4888 onnxruntime::Graph::CleanUnusedInitializersAndNodeArgs] Removing initializer 'onnx::Conv_1132_zero_point'. It is no longer used by any node.
2026-09-05 18:06:27.7408904 [I:onnxruntime:, graph.cc:4888 onnxruntime::Graph::CleanUnusedInitializersAndNodeArgs] Removing initializer '/layer3/layer3.15/act2/Relu_output_0_zero_point'. It is no longer used by any node.
2026-09-05 18:06:27.7412015 [I:onnxruntime:, graph.cc:4888 onnxruntime::Graph::CleanUnusedInitializersAndNodeArgs] Removing initializer 'onnx::Conv_1150_quantized'. It is no longer used by any node.
2026-09-05 18:06:27.7414934 [I:onnxruntime:, graph.cc:4888 onnxruntime::Graph::CleanUnusedInitializersAndNodeArgs] Removing initializer '/layer3/layer3.1/act2/Relu_output_0_zero_point'. It is no longer used by any node.
2026-09-05 18:06:27.7418081 [I:onnxruntime:, graph.cc:4888 onnxruntime::Graph::CleanUnusedInitializersAndNodeArgs] Removing initializer 'onnx::Conv_1192_zero_point'. It is no longer used by any node.
2026-09-05 18:06:27.7421531 [I:onnxruntime:, graph.cc:4888 onnxruntime::Graph::CleanUnusedInitializersAndNodeArgs] Removing initializer 'onnx::Conv_1181_quantized'. It is no longer used by any node.
2026-09-05 18:06:27.7424540 [I:onnxruntime:, graph.cc:4888 onnxruntime::Graph::CleanUnusedInitializersAndNodeArgs] Removing initializer '/layer3/layer3.1/conv3/Conv_output_0_zero_point'. It is no longer used by any node.
2026-09-05 18:06:27.7427606 [I:onnxruntime:, graph.cc:4888 onnxruntime::Graph::CleanUnusedInitializersAndNodeArgs] Removing initializer 'onnx::Conv_1234_zero_point'. It is no longer used by any node.
2026-09-05 18:06:27.7430565 [I:onnxruntime:, graph.cc:4888 onnxruntime::Graph::CleanUnusedInitializersAndNodeArgs] Removing initializer 'onnx::Conv_1214_quantized'. It is no longer used by any node.
2026-09-05 18:06:27.7433394 [I:onnxruntime:, graph.cc:4888 onnxruntime::Graph::CleanUnusedInitializersAndNodeArgs] Removing initializer 'onnx::Conv_1081_quantized'. It is no longer used by any node.
2026-09-05 18:06:27.7436204 [I:onnxruntime:, graph.cc:4888 onnxruntime::Graph::CleanUnusedInitializersAndNodeArgs] Removing initializer 'onnx::Conv_1201_quantized'. It is no longer used by any node.
2026-09-05 18:06:27.7439012 [I:onnxruntime:, graph.cc:4888 onnxruntime::Graph::CleanUnusedInitializersAndNodeArgs] Removing initializer 'onnx::Conv_1063_zero_point'. It is no longer used by any node.
2026-09-05 18:06:27.7442219 [I:onnxruntime:, graph.cc:4888 onnxruntime::Graph::CleanUnusedInitializersAndNodeArgs] Removing initializer 'onnx::Conv_1063_quantized'. It is no longer used by any node.
2026-09-05 18:06:27.7445269 [I:onnxruntime:, graph.cc:4888 onnxruntime::Graph::CleanUnusedInitializersAndNodeArgs] Removing initializer 'onnx::Conv_1064_zero_point'. It is no longer used by any node.
2026-09-05 18:06:27.7448149 [I:onnxruntime:, graph.cc:4888 onnxruntime::Graph::CleanUnusedInitializersAndNodeArgs] Removing initializer 'onnx::Conv_1064_quantized'. It is no longer used by any node.
2026-09-05 18:06:27.7451236 [I:onnxruntime:, graph.cc:4888 onnxruntime::Graph::CleanUnusedInitializersAndNodeArgs] Removing initializer '/layer3/layer3.1/act3/Relu_output_0_zero_point'. It is no longer used by any node.
2026-09-05 18:06:27.7454554 [I:onnxruntime:, graph.cc:4888 onnxruntime::Graph::CleanUnusedInitializersAndNodeArgs] Removing initializer '/layer3/layer3.10/conv3/Conv_output_0_zero_point'. It is no longer used by any node.
2026-09-05 18:06:27.7458050 [I:onnxruntime:, graph.cc:4888 onnxruntime::Graph::CleanUnusedInitializersAndNodeArgs] Removing initializer 'onnx::Conv_1111_zero_point'. It is no longer used by any node.
2026-09-05 18:06:27.7460886 [I:onnxruntime:, graph.cc:4888 onnxruntime::Graph::CleanUnusedInitializersAndNodeArgs] Removing initializer 'onnx::Conv_1135_quantized'. It is no longer used by any node.
2026-09-05 18:06:27.7463911 [I:onnxruntime:, graph.cc:4888 onnxruntime::Graph::CleanUnusedInitializersAndNodeArgs] Removing initializer 'onnx::Conv_1067_zero_point'. It is no longer used by any node.
2026-09-05 18:06:27.7467229 [I:onnxruntime:, graph.cc:4888 onnxruntime::Graph::CleanUnusedInitializersAndNodeArgs] Removing initializer '/layer3/layer3.13/conv3/Conv_output_0_zero_point'. It is no longer used by any node.
2026-09-05 18:06:27.7470621 [I:onnxruntime:, graph.cc:4888 onnxruntime::Graph::CleanUnusedInitializersAndNodeArgs] Removing initializer 'onnx::Conv_1067_quantized'. It is no longer used by any node.
2026-09-05 18:06:27.7473774 [I:onnxruntime:, graph.cc:4888 onnxruntime::Graph::CleanUnusedInitializersAndNodeArgs] Removing initializer 'onnx::Conv_1124_zero_point'. It is no longer used by any node.
2026-09-05 18:06:27.7477245 [I:onnxruntime:, graph.cc:4888 onnxruntime::Graph::CleanUnusedInitializersAndNodeArgs] Removing initializer '/layer3/layer3.2/act1/Relu_output_0_zero_point'. It is no longer used by any node.
2026-09-05 18:06:27.7480352 [I:onnxruntime:, graph.cc:4888 onnxruntime::Graph::CleanUnusedInitializersAndNodeArgs] Removing initializer 'onnx::Conv_1121_quantized'. It is no longer used by any node.
2026-09-05 18:06:27.7482893 [I:onnxruntime:, graph.cc:4888 onnxruntime::Graph::CleanUnusedInitializersAndNodeArgs] Removing initializer 'onnx::Conv_1129_zero_point'. It is no longer used by any node.
2026-09-05 18:06:27.7485439 [I:onnxruntime:, graph.cc:4888 onnxruntime::Graph::CleanUnusedInitializersAndNodeArgs] Removing initializer 'onnx::Conv_1069_zero_point'. It is no longer used by any node.
2026-09-05 18:06:27.7488432 [I:onnxruntime:, graph.cc:4888 onnxruntime::Graph::CleanUnusedInitializersAndNodeArgs] Removing initializer 'onnx::Conv_1069_quantized'. It is no longer used by any node.
2026-09-05 18:06:27.7491718 [I:onnxruntime:, graph.cc:4888 onnxruntime::Graph::CleanUnusedInitializersAndNodeArgs] Removing initializer 'onnx::Conv_1123_zero_point'. It is no longer used by any node.
2026-09-05 18:06:27.7495041 [I:onnxruntime:, graph.cc:4888 onnxruntime::Graph::CleanUnusedInitializersAndNodeArgs] Removing initializer 'onnx::Conv_1070_quantized'. It is no longer used by any node.
2026-09-05 18:06:27.7498184 [I:onnxruntime:, graph.cc:4888 onnxruntime::Graph::CleanUnusedInitializersAndNodeArgs] Removing initializer '/layer3/layer3.2/act2/Relu_output_0_zero_point'. It is no longer used by any node.
2026-09-05 18:06:27.7501767 [I:onnxruntime:, graph.cc:4888 onnxruntime::Graph::CleanUnusedInitializersAndNodeArgs] Removing initializer 'fc.bias_zero_point'. It is no longer used by any node.
2026-09-05 18:06:27.7504945 [I:onnxruntime:, graph.cc:4888 onnxruntime::Graph::CleanUnusedInitializersAndNodeArgs] Removing initializer '/layer3/layer3.2/conv3/Conv_output_0_zero_point'. It is no longer used by any node.
2026-09-05 18:06:27.7508335 [I:onnxruntime:, graph.cc:4888 onnxruntime::Graph::CleanUnusedInitializersAndNodeArgs] Removing initializer '/layer3/layer3.16/act3/Relu_output_0_zero_point'. It is no longer used by any node.
2026-09-05 18:06:27.7511659 [I:onnxruntime:, graph.cc:4888 onnxruntime::Graph::CleanUnusedInitializersAndNodeArgs] Removing initializer '/layer3/layer3.16/conv3/Conv_output_0_zero_point'. It is no longer used by any node.
2026-09-05 18:06:27.7514981 [I:onnxruntime:, graph.cc:4888 onnxruntime::Graph::CleanUnusedInitializersAndNodeArgs] Removing initializer 'onnx::Conv_1072_quantized'. It is no longer used by any node.
2026-09-05 18:06:27.7518015 [I:onnxruntime:, graph.cc:4888 onnxruntime::Graph::CleanUnusedInitializersAndNodeArgs] Removing initializer 'onnx::Conv_1073_quantized'. It is no longer used by any node.
2026-09-05 18:06:27.7521480 [I:onnxruntime:, graph.cc:4888 onnxruntime::Graph::CleanUnusedInitializersAndNodeArgs] Removing initializer '/layer3/layer3.2/act3/Relu_output_0_zero_point'. It is no longer used by any node.
2026-09-05 18:06:27.7525713 [I:onnxruntime:, graph.cc:4888 onnxruntime::Graph::CleanUnusedInitializersAndNodeArgs] Removing initializer '/layer3/layer3.9/act3/Relu_output_0_zero_point'. It is no longer used by any node.
2026-09-05 18:06:27.7529157 [I:onnxruntime:, graph.cc:4888 onnxruntime::Graph::CleanUnusedInitializersAndNodeArgs] Removing initializer 'onnx::Conv_1075_quantized'. It is no longer used by any node.
2026-09-05 18:06:27.7532275 [I:onnxruntime:, graph.cc:4888 onnxruntime::Graph::CleanUnusedInitializersAndNodeArgs] Removing initializer 'onnx::Conv_1076_quantized'. It is no longer used by any node.
2026-09-05 18:06:27.7535673 [I:onnxruntime:, graph.cc:4888 onnxruntime::Graph::CleanUnusedInitializersAndNodeArgs] Removing initializer 'onnx::Conv_1139_zero_point'. It is no longer used by any node.
2026-09-05 18:06:27.7538991 [I:onnxruntime:, graph.cc:4888 onnxruntime::Graph::CleanUnusedInitializersAndNodeArgs] Removing initializer '/layer3/layer3.3/act1/Relu_output_0_zero_point'. It is no longer used by any node.
2026-09-05 18:06:27.7542287 [I:onnxruntime:, graph.cc:4888 onnxruntime::Graph::CleanUnusedInitializersAndNodeArgs] Removing initializer 'onnx::Conv_1078_zero_point'. It is no longer used by any node.
2026-09-05 18:06:27.7545431 [I:onnxruntime:, graph.cc:4888 onnxruntime::Graph::CleanUnusedInitializersAndNodeArgs] Removing initializer 'onnx::Conv_1078_quantized'. It is no longer used by any node.
2026-09-05 18:06:27.7549800 [I:onnxruntime:, graph.cc:4888 onnxruntime::Graph::CleanUnusedInitializersAndNodeArgs] Removing initializer 'onnx::Conv_1079_zero_point'. It is no longer used by any node.
2026-09-05 18:06:27.7552763 [I:onnxruntime:, graph.cc:4888 onnxruntime::Graph::CleanUnusedInitializersAndNodeArgs] Removing initializer 'onnx::Conv_1237_zero_point'. It is no longer used by any node.
2026-09-05 18:06:27.7555661 [I:onnxruntime:, graph.cc:4888 onnxruntime::Graph::CleanUnusedInitializersAndNodeArgs] Removing initializer 'onnx::Conv_1079_quantized'. It is no longer used by any node.
2026-09-05 18:06:27.7558633 [I:onnxruntime:, graph.cc:4888 onnxruntime::Graph::CleanUnusedInitializersAndNodeArgs] Removing initializer '/layer3/layer3.3/act2/Relu_output_0_zero_point'. It is no longer used by any node.
2026-09-05 18:06:27.7562083 [I:onnxruntime:, graph.cc:4888 onnxruntime::Graph::CleanUnusedInitializersAndNodeArgs] Removing initializer 'onnx::Conv_1129_quantized'. It is no longer used by any node.
2026-09-05 18:06:27.7564906 [I:onnxruntime:, graph.cc:4888 onnxruntime::Graph::CleanUnusedInitializersAndNodeArgs] Removing initializer 'onnx::Conv_1169_zero_point'. It is no longer used by any node.
2026-09-05 18:06:27.7568110 [I:onnxruntime:, graph.cc:4888 onnxruntime::Graph::CleanUnusedInitializersAndNodeArgs] Removing initializer '/layer3/layer3.3/conv3/Conv_output_0_zero_point'. It is no longer used by any node.
2026-09-05 18:06:27.7571549 [I:onnxruntime:, graph.cc:4888 onnxruntime::Graph::CleanUnusedInitializersAndNodeArgs] Removing initializer '/layer3/layer3.3/act3/Relu_output_0_zero_point'. It is no longer used by any node.
2026-09-05 18:06:27.7574931 [I:onnxruntime:, graph.cc:4888 onnxruntime::Graph::CleanUnusedInitializersAndNodeArgs] Removing initializer 'onnx::Conv_1267_quantized'. It is no longer used by any node.
2026-09-05 18:06:27.7578226 [I:onnxruntime:, graph.cc:4888 onnxruntime::Graph::CleanUnusedInitializersAndNodeArgs] Removing initializer 'onnx::Conv_1094_quantized'. It is no longer used by any node.
2026-09-05 18:06:27.7581214 [I:onnxruntime:, graph.cc:4888 onnxruntime::Graph::CleanUnusedInitializersAndNodeArgs] Removing initializer 'onnx::Conv_1217_zero_point'. It is no longer used by any node.
2026-09-05 18:06:27.7584212 [I:onnxruntime:, graph.cc:4888 onnxruntime::Graph::CleanUnusedInitializersAndNodeArgs] Removing initializer 'onnx::Conv_1082_zero_point'. It is no longer used by any node.
2026-09-05 18:06:27.7587084 [I:onnxruntime:, graph.cc:4888 onnxruntime::Graph::CleanUnusedInitializersAndNodeArgs] Removing initializer 'onnx::Conv_1238_zero_point'. It is no longer used by any node.
2026-09-05 18:06:27.7590044 [I:onnxruntime:, graph.cc:4888 onnxruntime::Graph::CleanUnusedInitializersAndNodeArgs] Removing initializer 'onnx::Conv_1211_zero_point'. It is no longer used by any node.
2026-09-05 18:06:27.7593046 [I:onnxruntime:, graph.cc:4888 onnxruntime::Graph::CleanUnusedInitializersAndNodeArgs] Removing initializer 'onnx::Conv_1084_zero_point'. It is no longer used by any node.
2026-09-05 18:06:27.7595918 [I:onnxruntime:, graph.cc:4888 onnxruntime::Graph::CleanUnusedInitializersAndNodeArgs] Removing initializer 'onnx::Conv_1211_quantized'. It is no longer used by any node.
2026-09-05 18:06:27.7598856 [I:onnxruntime:, graph.cc:4888 onnxruntime::Graph::CleanUnusedInitializersAndNodeArgs] Removing initializer 'onnx::Conv_1084_quantized'. It is no longer used by any node.
2026-09-05 18:06:27.7601743 [I:onnxruntime:, graph.cc:4888 onnxruntime::Graph::CleanUnusedInitializersAndNodeArgs] Removing initializer 'onnx::Conv_1210_zero_point'. It is no longer used by any node.
2026-09-05 18:06:27.7604854 [I:onnxruntime:, graph.cc:4888 onnxruntime::Graph::CleanUnusedInitializersAndNodeArgs] Removing initializer 'onnx::Conv_1085_zero_point'. It is no longer used by any node.
2026-09-05 18:06:27.7607890 [I:onnxruntime:, graph.cc:4888 onnxruntime::Graph::CleanUnusedInitializersAndNodeArgs] Removing initializer '/layer3/layer3.10/act2/Relu_output_0_zero_point'. It is no longer used by any node.
2026-09-05 18:06:27.7611055 [I:onnxruntime:, graph.cc:4888 onnxruntime::Graph::CleanUnusedInitializersAndNodeArgs] Removing initializer 'onnx::Conv_1210_quantized'. It is no longer used by any node.
2026-09-05 18:06:27.7613921 [I:onnxruntime:, graph.cc:4888 onnxruntime::Graph::CleanUnusedInitializersAndNodeArgs] Removing initializer 'onnx::Conv_1085_quantized'. It is no longer used by any node.
2026-09-05 18:06:27.7616832 [I:onnxruntime:, graph.cc:4888 onnxruntime::Graph::CleanUnusedInitializersAndNodeArgs] Removing initializer '/layer3/layer3.4/act1/Relu_output_0_zero_point'. It is no longer used by any node.
2026-09-05 18:06:27.7620132 [I:onnxruntime:, graph.cc:4888 onnxruntime::Graph::CleanUnusedInitializersAndNodeArgs] Removing initializer 'onnx::Conv_1087_zero_point'. It is no longer used by any node.
2026-09-05 18:06:27.7623037 [I:onnxruntime:, graph.cc:4888 onnxruntime::Graph::CleanUnusedInitializersAndNodeArgs] Removing initializer 'onnx::Conv_1087_quantized'. It is no longer used by any node.
2026-09-05 18:06:27.7625878 [I:onnxruntime:, graph.cc:4888 onnxruntime::Graph::CleanUnusedInitializersAndNodeArgs] Removing initializer 'onnx::Conv_1088_zero_point'. It is no longer used by any node.
2026-09-05 18:06:27.7628859 [I:onnxruntime:, graph.cc:4888 onnxruntime::Graph::CleanUnusedInitializersAndNodeArgs] Removing initializer 'onnx::Conv_1088_quantized'. It is no longer used by any node.
2026-09-05 18:06:27.7631699 [I:onnxruntime:, graph.cc:4888 onnxruntime::Graph::CleanUnusedInitializersAndNodeArgs] Removing initializer '/layer3/layer3.4/act2/Relu_output_0_zero_point'. It is no longer used by any node.
2026-09-05 18:06:27.7635349 [I:onnxruntime:, graph.cc:4888 onnxruntime::Graph::CleanUnusedInitializersAndNodeArgs] Removing initializer 'onnx::Conv_1118_quantized'. It is no longer used by any node.
2026-09-05 18:06:27.7638332 [I:onnxruntime:, graph.cc:4888 onnxruntime::Graph::CleanUnusedInitializersAndNodeArgs] Removing initializer 'onnx::Conv_1090_zero_point'. It is no longer used by any node.
2026-09-05 18:06:27.7641225 [I:onnxruntime:, graph.cc:4888 onnxruntime::Graph::CleanUnusedInitializersAndNodeArgs] Removing initializer 'onnx::Conv_1090_quantized'. It is no longer used by any node.
2026-09-05 18:06:27.7644091 [I:onnxruntime:, graph.cc:4888 onnxruntime::Graph::CleanUnusedInitializersAndNodeArgs] Removing initializer 'onnx::Conv_1279_zero_point'. It is no longer used by any node.
2026-09-05 18:06:27.7647045 [I:onnxruntime:, graph.cc:4888 onnxruntime::Graph::CleanUnusedInitializersAndNodeArgs] Removing initializer 'onnx::Conv_1262_quantized'. It is no longer used by any node.
2026-09-05 18:06:27.7650051 [I:onnxruntime:, graph.cc:4888 onnxruntime::Graph::CleanUnusedInitializersAndNodeArgs] Removing initializer '/layer3/layer3.12/act3/Relu_output_0_zero_point'. It is no longer used by any node.
2026-09-05 18:06:27.7653256 [I:onnxruntime:, graph.cc:4888 onnxruntime::Graph::CleanUnusedInitializersAndNodeArgs] Removing initializer 'onnx::Conv_1091_quantized'. It is no longer used by any node.
2026-09-05 18:06:27.7656295 [I:onnxruntime:, graph.cc:4888 onnxruntime::Graph::CleanUnusedInitializersAndNodeArgs] Removing initializer '/layer3/layer3.4/act3/Relu_output_0_zero_point'. It is no longer used by any node.
2026-09-05 18:06:27.7659460 [I:onnxruntime:, graph.cc:4888 onnxruntime::Graph::CleanUnusedInitializersAndNodeArgs] Removing initializer '/layer4/layer4.0/act1/Relu_output_0_zero_point'. It is no longer used by any node.
2026-09-05 18:06:27.7662742 [I:onnxruntime:, graph.cc:4888 onnxruntime::Graph::CleanUnusedInitializersAndNodeArgs] Removing initializer 'onnx::Conv_1093_zero_point'. It is no longer used by any node.
2026-09-05 18:06:27.7665702 [I:onnxruntime:, graph.cc:4888 onnxruntime::Graph::CleanUnusedInitializersAndNodeArgs] Removing initializer 'onnx::Conv_1093_quantized'. It is no longer used by any node.
2026-09-05 18:06:27.7668595 [I:onnxruntime:, graph.cc:4888 onnxruntime::Graph::CleanUnusedInitializersAndNodeArgs] Removing initializer 'onnx::Conv_1207_quantized'. It is no longer used by any node.
2026-09-05 18:06:27.7671473 [I:onnxruntime:, graph.cc:4888 onnxruntime::Graph::CleanUnusedInitializersAndNodeArgs] Removing initializer '/layer3/layer3.8/act3/Relu_output_0_zero_point'. It is no longer used by any node.
2026-09-05 18:06:27.7674643 [I:onnxruntime:, graph.cc:4888 onnxruntime::Graph::CleanUnusedInitializersAndNodeArgs] Removing initializer 'onnx::Conv_1267_zero_point'. It is no longer used by any node.
2026-09-05 18:06:27.7678002 [I:onnxruntime:, graph.cc:4888 onnxruntime::Graph::CleanUnusedInitializersAndNodeArgs] Removing initializer 'onnx::Conv_1094_zero_point'. It is no longer used by any node.
2026-09-05 18:06:27.7681142 [I:onnxruntime:, graph.cc:4888 onnxruntime::Graph::CleanUnusedInitializersAndNodeArgs] Removing initializer 'onnx::Conv_1177_quantized'. It is no longer used by any node.
2026-09-05 18:06:27.7686443 [I:onnxruntime:, graph.cc:4888 onnxruntime::Graph::CleanUnusedInitializersAndNodeArgs] Removing initializer 'onnx::Conv_1265_quantized'. It is no longer used by any node.
2026-09-05 18:06:27.7702215 [I:onnxruntime:, graph.cc:4888 onnxruntime::Graph::CleanUnusedInitializersAndNodeArgs] Removing initializer 'onnx::Conv_1096_quantized'. It is no longer used by any node.
2026-09-05 18:06:27.7705437 [I:onnxruntime:, graph.cc:4888 onnxruntime::Graph::CleanUnusedInitializersAndNodeArgs] Removing initializer '/layer4/layer4.0/act2/Relu_output_0_zero_point'. It is no longer used by any node.
2026-09-05 18:06:27.7709102 [I:onnxruntime:, graph.cc:4888 onnxruntime::Graph::CleanUnusedInitializersAndNodeArgs] Removing initializer 'onnx::Conv_1264_zero_point'. It is no longer used by any node.
2026-09-05 18:06:27.7712415 [I:onnxruntime:, graph.cc:4888 onnxruntime::Graph::CleanUnusedInitializersAndNodeArgs] Removing initializer 'onnx::Conv_1097_zero_point'. It is no longer used by any node.
2026-09-05 18:06:27.7715815 [I:onnxruntime:, graph.cc:4888 onnxruntime::Graph::CleanUnusedInitializersAndNodeArgs] Removing initializer 'onnx::Conv_1171_zero_point'. It is no longer used by any node.
2026-09-05 18:06:27.7719044 [I:onnxruntime:, graph.cc:4888 onnxruntime::Graph::CleanUnusedInitializersAndNodeArgs] Removing initializer '/layer3/layer3.5/act2/Relu_output_0_zero_point'. It is no longer used by any node.
2026-09-05 18:06:27.7722838 [I:onnxruntime:, graph.cc:4888 onnxruntime::Graph::CleanUnusedInitializersAndNodeArgs] Removing initializer 'onnx::Conv_1099_quantized'. It is no longer used by any node.
2026-09-05 18:06:27.7726155 [I:onnxruntime:, graph.cc:4888 onnxruntime::Graph::CleanUnusedInitializersAndNodeArgs] Removing initializer 'onnx::Conv_1100_quantized'. It is no longer used by any node.
2026-09-05 18:06:27.7729364 [I:onnxruntime:, graph.cc:4888 onnxruntime::Graph::CleanUnusedInitializersAndNodeArgs] Removing initializer '/layer3/layer3.14/conv3/Conv_output_0_zero_point'. It is no longer used by any node.
2026-09-05 18:06:27.7733010 [I:onnxruntime:, graph.cc:4888 onnxruntime::Graph::CleanUnusedInitializersAndNodeArgs] Removing initializer '/layer3/layer3.5/act3/Relu_output_0_zero_point'. It is no longer used by any node.
2026-09-05 18:06:27.7736801 [I:onnxruntime:, graph.cc:4888 onnxruntime::Graph::CleanUnusedInitializersAndNodeArgs] Removing initializer 'onnx::Conv_1180_quantized'. It is no longer used by any node.
2026-09-05 18:06:27.7740539 [I:onnxruntime:, graph.cc:4888 onnxruntime::Graph::CleanUnusedInitializersAndNodeArgs] Removing initializer 'onnx::Conv_1102_zero_point'. It is no longer used by any node.
2026-09-05 18:06:27.7743906 [I:onnxruntime:, graph.cc:4888 onnxruntime::Graph::CleanUnusedInitializersAndNodeArgs] Removing initializer 'onnx::Conv_1183_zero_point'. It is no longer used by any node.
2026-09-05 18:06:27.7747364 [I:onnxruntime:, graph.cc:4888 onnxruntime::Graph::CleanUnusedInitializersAndNodeArgs] Removing initializer 'onnx::Conv_1103_quantized'. It is no longer used by any node.
2026-09-05 18:06:27.7750661 [I:onnxruntime:, graph.cc:4888 onnxruntime::Graph::CleanUnusedInitializersAndNodeArgs] Removing initializer 'onnx::Conv_1106_zero_point'. It is no longer used by any node.
2026-09-05 18:06:27.7753860 [I:onnxruntime:, graph.cc:4888 onnxruntime::Graph::CleanUnusedInitializersAndNodeArgs] Removing initializer '/layer3/layer3.6/conv3/Conv_output_0_zero_point'. It is no longer used by any node.
2026-09-05 18:06:27.7757654 [I:onnxruntime:, graph.cc:4888 onnxruntime::Graph::CleanUnusedInitializersAndNodeArgs] Removing initializer 'onnx::Conv_1220_zero_point'. It is no longer used by any node.
2026-09-05 18:06:27.7760902 [I:onnxruntime:, graph.cc:4888 onnxruntime::Graph::CleanUnusedInitializersAndNodeArgs] Removing initializer 'onnx::Conv_1109_quantized'. It is no longer used by any node.
2026-09-05 18:06:27.7764097 [I:onnxruntime:, graph.cc:4888 onnxruntime::Graph::CleanUnusedInitializersAndNodeArgs] Removing initializer 'onnx::Conv_1246_quantized'. It is no longer used by any node.
2026-09-05 18:06:27.7767372 [I:onnxruntime:, graph.cc:4888 onnxruntime::Graph::CleanUnusedInitializersAndNodeArgs] Removing initializer '/layer3/layer3.17/act2/Relu_output_0_zero_point'. It is no longer used by any node.
2026-09-05 18:06:27.7771002 [I:onnxruntime:, graph.cc:4888 onnxruntime::Graph::CleanUnusedInitializersAndNodeArgs] Removing initializer 'onnx::Conv_1246_zero_point'. It is no longer used by any node.
2026-09-05 18:06:27.7774005 [I:onnxruntime:, graph.cc:4888 onnxruntime::Graph::CleanUnusedInitializersAndNodeArgs] Removing initializer 'onnx::Conv_1112_quantized'. It is no longer used by any node.
2026-09-05 18:06:27.7777081 [I:onnxruntime:, graph.cc:4888 onnxruntime::Graph::CleanUnusedInitializersAndNodeArgs] Removing initializer 'onnx::Conv_1109_zero_point'. It is no longer used by any node.
2026-09-05 18:06:27.7779966 [I:onnxruntime:, graph.cc:4888 onnxruntime::Graph::CleanUnusedInitializersAndNodeArgs] Removing initializer 'onnx::Conv_1193_zero_point'. It is no longer used by any node.
2026-09-05 18:06:27.7782832 [I:onnxruntime:, graph.cc:4888 onnxruntime::Graph::CleanUnusedInitializersAndNodeArgs] Removing initializer '/layer3/layer3.6/act3/Relu_output_0_zero_point'. It is no longer used by any node.
2026-09-05 18:06:27.7786186 [I:onnxruntime:, graph.cc:4888 onnxruntime::Graph::CleanUnusedInitializersAndNodeArgs] Removing initializer 'onnx::Conv_1111_quantized'. It is no longer used by any node.
2026-09-05 18:06:27.7789037 [I:onnxruntime:, graph.cc:4888 onnxruntime::Graph::CleanUnusedInitializersAndNodeArgs] Removing initializer 'onnx::Conv_1156_quantized'. It is no longer used by any node.
2026-09-05 18:06:27.7791918 [I:onnxruntime:, graph.cc:4888 onnxruntime::Graph::CleanUnusedInitializersAndNodeArgs] Removing initializer '/layer3/layer3.7/act1/Relu_output_0_zero_point'. It is no longer used by any node.
2026-09-05 18:06:27.7795096 [I:onnxruntime:, graph.cc:4888 onnxruntime::Graph::CleanUnusedInitializersAndNodeArgs] Removing initializer 'onnx::Conv_1114_zero_point'. It is no longer used by any node.
2026-09-05 18:06:27.7798130 [I:onnxruntime:, graph.cc:4888 onnxruntime::Graph::CleanUnusedInitializersAndNodeArgs] Removing initializer 'onnx::Conv_1115_zero_point'. It is no longer used by any node.
2026-09-05 18:06:27.7801140 [I:onnxruntime:, graph.cc:4888 onnxruntime::Graph::CleanUnusedInitializersAndNodeArgs] Removing initializer 'onnx::Conv_1115_quantized'. It is no longer used by any node.
2026-09-05 18:06:27.7804004 [I:onnxruntime:, graph.cc:4888 onnxruntime::Graph::CleanUnusedInitializersAndNodeArgs] Removing initializer '/layer3/layer3.7/act2/Relu_output_0_zero_point'. It is no longer used by any node.
2026-09-05 18:06:27.7807262 [I:onnxruntime:, graph.cc:4888 onnxruntime::Graph::CleanUnusedInitializersAndNodeArgs] Removing initializer 'onnx::Conv_1117_zero_point'. It is no longer used by any node.
2026-09-05 18:06:27.7810172 [I:onnxruntime:, graph.cc:4888 onnxruntime::Graph::CleanUnusedInitializersAndNodeArgs] Removing initializer 'onnx::Conv_1252_zero_point'. It is no longer used by any node.
2026-09-05 18:06:27.7813185 [I:onnxruntime:, graph.cc:4888 onnxruntime::Graph::CleanUnusedInitializersAndNodeArgs] Removing initializer 'onnx::Conv_1117_quantized'. It is no longer used by any node.
2026-09-05 18:06:27.7816254 [I:onnxruntime:, graph.cc:4888 onnxruntime::Graph::CleanUnusedInitializersAndNodeArgs] Removing initializer 'onnx::Conv_1118_zero_point'. It is no longer used by any node.
2026-09-05 18:06:27.7819136 [I:onnxruntime:, graph.cc:4888 onnxruntime::Graph::CleanUnusedInitializersAndNodeArgs] Removing initializer 'onnx::Conv_1235_zero_point'. It is no longer used by any node.
2026-09-05 18:06:27.7822035 [I:onnxruntime:, graph.cc:4888 onnxruntime::Graph::CleanUnusedInitializersAndNodeArgs] Removing initializer '/layer3/layer3.7/act3/Relu_output_0_zero_point'. It is no longer used by any node.
2026-09-05 18:06:27.7825454 [I:onnxruntime:, graph.cc:4888 onnxruntime::Graph::CleanUnusedInitializersAndNodeArgs] Removing initializer 'onnx::Conv_1120_zero_point'. It is no longer used by any node.
2026-09-05 18:06:27.7828491 [I:onnxruntime:, graph.cc:4888 onnxruntime::Graph::CleanUnusedInitializersAndNodeArgs] Removing initializer 'onnx::Conv_1120_quantized'. It is no longer used by any node.
2026-09-05 18:06:27.7831414 [I:onnxruntime:, graph.cc:4888 onnxruntime::Graph::CleanUnusedInitializersAndNodeArgs] Removing initializer 'onnx::Conv_1121_zero_point'. It is no longer used by any node.
2026-09-05 18:06:27.7834309 [I:onnxruntime:, graph.cc:4888 onnxruntime::Graph::CleanUnusedInitializersAndNodeArgs] Removing initializer '/layer3/layer3.8/act1/Relu_output_0_zero_point'. It is no longer used by any node.
2026-09-05 18:06:27.7837519 [I:onnxruntime:, graph.cc:4888 onnxruntime::Graph::CleanUnusedInitializersAndNodeArgs] Removing initializer 'onnx::Conv_1172_quantized'. It is no longer used by any node.
2026-09-05 18:06:27.7840371 [I:onnxruntime:, graph.cc:4888 onnxruntime::Graph::CleanUnusedInitializersAndNodeArgs] Removing initializer 'onnx::Conv_1126_zero_point'. It is no longer used by any node.
2026-09-05 18:06:27.7843419 [I:onnxruntime:, graph.cc:4888 onnxruntime::Graph::CleanUnusedInitializersAndNodeArgs] Removing initializer 'onnx::Conv_1127_quantized'. It is no longer used by any node.
2026-09-05 18:06:27.7846385 [I:onnxruntime:, graph.cc:4888 onnxruntime::Graph::CleanUnusedInitializersAndNodeArgs] Removing initializer 'onnx::Conv_1144_quantized'. It is no longer used by any node.
2026-09-05 18:06:27.7849263 [I:onnxruntime:, graph.cc:4888 onnxruntime::Graph::CleanUnusedInitializersAndNodeArgs] Removing initializer 'onnx::Conv_1130_zero_point'. It is no longer used by any node.
2026-09-05 18:06:27.7852160 [I:onnxruntime:, graph.cc:4888 onnxruntime::Graph::CleanUnusedInitializersAndNodeArgs] Removing initializer '/layer3/layer3.22/act2/Relu_output_0_zero_point'. It is no longer used by any node.
2026-09-05 18:06:27.7855568 [I:onnxruntime:, graph.cc:4888 onnxruntime::Graph::CleanUnusedInitializersAndNodeArgs] Removing initializer 'onnx::Conv_1130_quantized'. It is no longer used by any node.
2026-09-05 18:06:27.7858447 [I:onnxruntime:, graph.cc:4888 onnxruntime::Graph::CleanUnusedInitializersAndNodeArgs] Removing initializer 'onnx::Conv_1132_quantized'. It is no longer used by any node.
2026-09-05 18:06:27.7861330 [I:onnxruntime:, graph.cc:4888 onnxruntime::Graph::CleanUnusedInitializersAndNodeArgs] Removing initializer 'onnx::Conv_1261_quantized'. It is no longer used by any node.
2026-09-05 18:06:27.7864390 [I:onnxruntime:, graph.cc:4888 onnxruntime::Graph::CleanUnusedInitializersAndNodeArgs] Removing initializer 'onnx::Conv_1133_zero_point'. It is no longer used by any node.
2026-09-05 18:06:27.7867293 [I:onnxruntime:, graph.cc:4888 onnxruntime::Graph::CleanUnusedInitializersAndNodeArgs] Removing initializer '/layer3/layer3.9/conv3/Conv_output_0_zero_point'. It is no longer used by any node.
2026-09-05 18:06:27.7870639 [I:onnxruntime:, graph.cc:4888 onnxruntime::Graph::CleanUnusedInitializersAndNodeArgs] Removing initializer 'onnx::Conv_1135_zero_point'. It is no longer used by any node.
2026-09-05 18:06:27.7873625 [I:onnxruntime:, graph.cc:4888 onnxruntime::Graph::CleanUnusedInitializersAndNodeArgs] Removing initializer 'onnx::Conv_1136_quantized'. It is no longer used by any node.
2026-09-05 18:06:27.7876502 [I:onnxruntime:, graph.cc:4888 onnxruntime::Graph::CleanUnusedInitializersAndNodeArgs] Removing initializer 'onnx::Conv_1139_quantized'. It is no longer used by any node.
2026-09-05 18:06:27.7879374 [I:onnxruntime:, graph.cc:4888 onnxruntime::Graph::CleanUnusedInitializersAndNodeArgs] Removing initializer '/layer3/layer3.10/act1/Relu_output_0_zero_point'. It is no longer used by any node.
2026-09-05 18:06:27.7882595 [I:onnxruntime:, graph.cc:4888 onnxruntime::Graph::CleanUnusedInitializersAndNodeArgs] Removing initializer 'onnx::Conv_1141_quantized'. It is no longer used by any node.
2026-09-05 18:06:27.7885682 [I:onnxruntime:, graph.cc:4888 onnxruntime::Graph::CleanUnusedInitializersAndNodeArgs] Removing initializer 'onnx::Conv_1142_zero_point'. It is no longer used by any node.
2026-09-05 18:06:27.7888569 [I:onnxruntime:, graph.cc:4888 onnxruntime::Graph::CleanUnusedInitializersAndNodeArgs] Removing initializer 'onnx::Conv_1142_quantized'. It is no longer used by any node.
2026-09-05 18:06:27.7891417 [I:onnxruntime:, graph.cc:4888 onnxruntime::Graph::CleanUnusedInitializersAndNodeArgs] Removing initializer 'onnx::Conv_1145_quantized'. It is no longer used by any node.
2026-09-05 18:06:27.7894355 [I:onnxruntime:, graph.cc:4888 onnxruntime::Graph::CleanUnusedInitializersAndNodeArgs] Removing initializer 'onnx::Conv_1144_zero_point'. It is no longer used by any node.
2026-09-05 18:06:27.7897237 [I:onnxruntime:, graph.cc:4888 onnxruntime::Graph::CleanUnusedInitializersAndNodeArgs] Removing initializer 'onnx::Conv_1147_quantized'. It is no longer used by any node.
2026-09-05 18:06:27.7900225 [I:onnxruntime:, graph.cc:4888 onnxruntime::Graph::CleanUnusedInitializersAndNodeArgs] Removing initializer 'onnx::Conv_1150_zero_point'. It is no longer used by any node.
2026-09-05 18:06:27.7903334 [I:onnxruntime:, graph.cc:4888 onnxruntime::Graph::CleanUnusedInitializersAndNodeArgs] Removing initializer 'onnx::Conv_1168_zero_point'. It is no longer used by any node.
2026-09-05 18:06:27.7906216 [I:onnxruntime:, graph.cc:4888 onnxruntime::Graph::CleanUnusedInitializersAndNodeArgs] Removing initializer 'onnx::Conv_1148_quantized'. It is no longer used by any node.
2026-09-05 18:06:27.7909065 [I:onnxruntime:, graph.cc:4888 onnxruntime::Graph::CleanUnusedInitializersAndNodeArgs] Removing initializer 'onnx::Conv_1151_zero_point'. It is no longer used by any node.
2026-09-05 18:06:27.7912100 [I:onnxruntime:, graph.cc:4888 onnxruntime::Graph::CleanUnusedInitializersAndNodeArgs] Removing initializer '/layer3/layer3.11/conv3/Conv_output_0_zero_point'. It is no longer used by any node.
2026-09-05 18:06:27.7915301 [I:onnxruntime:, graph.cc:4888 onnxruntime::Graph::CleanUnusedInitializersAndNodeArgs] Removing initializer 'onnx::Conv_1153_zero_point'. It is no longer used by any node.
2026-09-05 18:06:27.7918232 [I:onnxruntime:, graph.cc:4888 onnxruntime::Graph::CleanUnusedInitializersAndNodeArgs] Removing initializer 'onnx::Conv_1153_quantized'. It is no longer used by any node.
2026-09-05 18:06:27.7921113 [I:onnxruntime:, graph.cc:4888 onnxruntime::Graph::CleanUnusedInitializersAndNodeArgs] Removing initializer 'onnx::Conv_1154_zero_point'. It is no longer used by any node.
2026-09-05 18:06:27.7924092 [I:onnxruntime:, graph.cc:4888 onnxruntime::Graph::CleanUnusedInitializersAndNodeArgs] Removing initializer 'onnx::Conv_1154_quantized'. It is no longer used by any node.
2026-09-05 18:06:27.7927097 [I:onnxruntime:, graph.cc:4888 onnxruntime::Graph::CleanUnusedInitializersAndNodeArgs] Removing initializer '/layer3/layer3.11/act3/Relu_output_0_zero_point'. It is no longer used by any node.
2026-09-05 18:06:27.7930277 [I:onnxruntime:, graph.cc:4888 onnxruntime::Graph::CleanUnusedInitializersAndNodeArgs] Removing initializer 'onnx::Conv_1156_zero_point'. It is no longer used by any node.
2026-09-05 18:06:27.7933241 [I:onnxruntime:, graph.cc:4888 onnxruntime::Graph::CleanUnusedInitializersAndNodeArgs] Removing initializer 'onnx::Conv_1220_quantized'. It is no longer used by any node.
2026-09-05 18:06:27.7936123 [I:onnxruntime:, graph.cc:4888 onnxruntime::Graph::CleanUnusedInitializersAndNodeArgs] Removing initializer 'onnx::Conv_1157_zero_point'. It is no longer used by any node.
2026-09-05 18:06:27.7938984 [I:onnxruntime:, graph.cc:4888 onnxruntime::Graph::CleanUnusedInitializersAndNodeArgs] Removing initializer 'onnx::Conv_1157_quantized'. It is no longer used by any node.
2026-09-05 18:06:27.7942166 [I:onnxruntime:, graph.cc:4888 onnxruntime::Graph::CleanUnusedInitializersAndNodeArgs] Removing initializer 'onnx::Conv_1159_zero_point'. It is no longer used by any node.
2026-09-05 18:06:27.7945054 [I:onnxruntime:, graph.cc:4888 onnxruntime::Graph::CleanUnusedInitializersAndNodeArgs] Removing initializer '/layer3/layer3.17/act3/Relu_output_0_zero_point'. It is no longer used by any node.
2026-09-05 18:06:27.7948214 [I:onnxruntime:, graph.cc:4888 onnxruntime::Graph::CleanUnusedInitializersAndNodeArgs] Removing initializer 'onnx::Conv_1159_quantized'. It is no longer used by any node.
2026-09-05 18:06:27.7951148 [I:onnxruntime:, graph.cc:4888 onnxruntime::Graph::CleanUnusedInitializersAndNodeArgs] Removing initializer 'onnx::Conv_1160_zero_point'. It is no longer used by any node.
2026-09-05 18:06:27.7954120 [I:onnxruntime:, graph.cc:4888 onnxruntime::Graph::CleanUnusedInitializersAndNodeArgs] Removing initializer 'onnx::Conv_1160_quantized'. It is no longer used by any node.
2026-09-05 18:06:27.7956974 [I:onnxruntime:, graph.cc:4888 onnxruntime::Graph::CleanUnusedInitializersAndNodeArgs] Removing initializer 'onnx::Conv_1183_quantized'. It is no longer used by any node.
2026-09-05 18:06:27.7959920 [I:onnxruntime:, graph.cc:4888 onnxruntime::Graph::CleanUnusedInitializersAndNodeArgs] Removing initializer '/layer3/layer3.12/conv3/Conv_output_0_zero_point'. It is no longer used by any node.
2026-09-05 18:06:27.7963163 [I:onnxruntime:, graph.cc:4888 onnxruntime::Graph::CleanUnusedInitializersAndNodeArgs] Removing initializer 'onnx::Conv_1174_zero_point'. It is no longer used by any node.
2026-09-05 18:06:27.7966015 [I:onnxruntime:, graph.cc:4888 onnxruntime::Graph::CleanUnusedInitializersAndNodeArgs] Removing initializer 'onnx::Conv_1162_zero_point'. It is no longer used by any node.
2026-09-05 18:06:27.7969002 [I:onnxruntime:, graph.cc:4888 onnxruntime::Graph::CleanUnusedInitializersAndNodeArgs] Removing initializer 'onnx::Conv_1162_quantized'. It is no longer used by any node.
2026-09-05 18:06:27.7971964 [I:onnxruntime:, graph.cc:4888 onnxruntime::Graph::CleanUnusedInitializersAndNodeArgs] Removing initializer 'onnx::Conv_1163_quantized'. It is no longer used by any node.
2026-09-05 18:06:27.7974850 [I:onnxruntime:, graph.cc:4888 onnxruntime::Graph::CleanUnusedInitializersAndNodeArgs] Removing initializer 'onnx::Conv_1165_zero_point'. It is no longer used by any node.
2026-09-05 18:06:27.7977726 [I:onnxruntime:, graph.cc:4888 onnxruntime::Graph::CleanUnusedInitializersAndNodeArgs] Removing initializer 'onnx::Conv_1166_zero_point'. It is no longer used by any node.
2026-09-05 18:06:27.7980656 [I:onnxruntime:, graph.cc:4888 onnxruntime::Graph::CleanUnusedInitializersAndNodeArgs] Removing initializer 'onnx::Conv_1166_quantized'. It is no longer used by any node.
2026-09-05 18:06:27.7983708 [I:onnxruntime:, graph.cc:4888 onnxruntime::Graph::CleanUnusedInitializersAndNodeArgs] Removing initializer 'onnx::Conv_1168_quantized'. It is no longer used by any node.
2026-09-05 18:06:27.7986600 [I:onnxruntime:, graph.cc:4888 onnxruntime::Graph::CleanUnusedInitializersAndNodeArgs] Removing initializer 'onnx::Conv_1169_quantized'. It is no longer used by any node.
2026-09-05 18:06:27.7989595 [I:onnxruntime:, graph.cc:4888 onnxruntime::Graph::CleanUnusedInitializersAndNodeArgs] Removing initializer 'onnx::Conv_1202_zero_point'. It is no longer used by any node.
2026-09-05 18:06:27.7992466 [I:onnxruntime:, graph.cc:4888 onnxruntime::Graph::CleanUnusedInitializersAndNodeArgs] Removing initializer '/layer3/layer3.13/act2/Relu_output_0_zero_point'. It is no longer used by any node.
2026-09-05 18:06:27.7995635 [I:onnxruntime:, graph.cc:4888 onnxruntime::Graph::CleanUnusedInitializersAndNodeArgs] Removing initializer 'onnx::Conv_1171_quantized'. It is no longer used by any node.
2026-09-05 18:06:27.7998667 [I:onnxruntime:, graph.cc:4888 onnxruntime::Graph::CleanUnusedInitializersAndNodeArgs] Removing initializer 'onnx::Conv_1204_quantized'. It is no longer used by any node.
2026-09-05 18:06:27.8001530 [I:onnxruntime:, graph.cc:4888 onnxruntime::Graph::CleanUnusedInitializersAndNodeArgs] Removing initializer 'onnx::Conv_1172_zero_point'. It is no longer used by any node.
2026-09-05 18:06:27.8004470 [I:onnxruntime:, graph.cc:4888 onnxruntime::Graph::CleanUnusedInitializersAndNodeArgs] Removing initializer '/layer3/layer3.13/act3/Relu_output_0_zero_point'. It is no longer used by any node.
2026-09-05 18:06:27.8007638 [I:onnxruntime:, graph.cc:4888 onnxruntime::Graph::CleanUnusedInitializersAndNodeArgs] Removing initializer 'onnx::Conv_1175_zero_point'. It is no longer used by any node.
2026-09-05 18:06:27.8010696 [I:onnxruntime:, graph.cc:4888 onnxruntime::Graph::CleanUnusedInitializersAndNodeArgs] Removing initializer 'onnx::Conv_1195_zero_point'. It is no longer used by any node.
2026-09-05 18:06:27.8013591 [I:onnxruntime:, graph.cc:4888 onnxruntime::Graph::CleanUnusedInitializersAndNodeArgs] Removing initializer 'onnx::Conv_1175_quantized'. It is no longer used by any node.
2026-09-05 18:06:27.8016507 [I:onnxruntime:, graph.cc:4888 onnxruntime::Graph::CleanUnusedInitializersAndNodeArgs] Removing initializer '/layer4/layer4.1/act3/Relu_output_0_zero_point'. It is no longer used by any node.
2026-09-05 18:06:27.8019748 [I:onnxruntime:, graph.cc:4888 onnxruntime::Graph::CleanUnusedInitializersAndNodeArgs] Removing initializer '/layer3/layer3.14/act1/Relu_output_0_zero_point'. It is no longer used by any node.
2026-09-05 18:06:27.8023005 [I:onnxruntime:, graph.cc:4888 onnxruntime::Graph::CleanUnusedInitializersAndNodeArgs] Removing initializer 'onnx::Conv_1177_zero_point'. It is no longer used by any node.
2026-09-05 18:06:27.8026004 [I:onnxruntime:, graph.cc:4888 onnxruntime::Graph::CleanUnusedInitializersAndNodeArgs] Removing initializer 'onnx::Conv_1178_quantized'. It is no longer used by any node.
2026-09-05 18:06:27.8028949 [I:onnxruntime:, graph.cc:4888 onnxruntime::Graph::CleanUnusedInitializersAndNodeArgs] Removing initializer '/layer3/layer3.14/act2/Relu_output_0_zero_point'. It is no longer used by any node.
2026-09-05 18:06:27.8032114 [I:onnxruntime:, graph.cc:4888 onnxruntime::Graph::CleanUnusedInitializersAndNodeArgs] Removing initializer 'onnx::Conv_1180_zero_point'. It is no longer used by any node.
2026-09-05 18:06:27.8034970 [I:onnxruntime:, graph.cc:4888 onnxruntime::Graph::CleanUnusedInitializersAndNodeArgs] Removing initializer '/layer4/layer4.1/act1/Relu_output_0_zero_point'. It is no longer used by any node.
2026-09-05 18:06:27.8038213 [I:onnxruntime:, graph.cc:4888 onnxruntime::Graph::CleanUnusedInitializersAndNodeArgs] Removing initializer '/layer3/layer3.14/act3/Relu_output_0_zero_point'. It is no longer used by any node.
2026-09-05 18:06:27.8041716 [I:onnxruntime:, graph.cc:4888 onnxruntime::Graph::CleanUnusedInitializersAndNodeArgs] Removing initializer 'onnx::Conv_1184_quantized'. It is no longer used by any node.
2026-09-05 18:06:27.8044690 [I:onnxruntime:, graph.cc:4888 onnxruntime::Graph::CleanUnusedInitializersAndNodeArgs] Removing initializer '/layer3/layer3.15/act1/Relu_output_0_zero_point'. It is no longer used by any node.
2026-09-05 18:06:27.8047961 [I:onnxruntime:, graph.cc:4888 onnxruntime::Graph::CleanUnusedInitializersAndNodeArgs] Removing initializer 'onnx::Conv_1186_zero_point'. It is no longer used by any node.
2026-09-05 18:06:27.8051369 [I:onnxruntime:, graph.cc:4888 onnxruntime::Graph::CleanUnusedInitializersAndNodeArgs] Removing initializer 'onnx::Conv_1187_zero_point'. It is no longer used by any node.
2026-09-05 18:06:27.8054375 [I:onnxruntime:, graph.cc:4888 onnxruntime::Graph::CleanUnusedInitializersAndNodeArgs] Removing initializer 'onnx::Conv_1187_quantized'. It is no longer used by any node.
2026-09-05 18:06:27.8057467 [I:onnxruntime:, graph.cc:4888 onnxruntime::Graph::CleanUnusedInitializersAndNodeArgs] Removing initializer '/layer3/layer3.15/conv3/Conv_output_0_zero_point'. It is no longer used by any node.
2026-09-05 18:06:27.8060666 [I:onnxruntime:, graph.cc:4888 onnxruntime::Graph::CleanUnusedInitializersAndNodeArgs] Removing initializer 'onnx::Conv_1189_zero_point'. It is no longer used by any node.
2026-09-05 18:06:27.8063564 [I:onnxruntime:, graph.cc:4888 onnxruntime::Graph::CleanUnusedInitializersAndNodeArgs] Removing initializer 'onnx::Conv_1189_quantized'. It is no longer used by any node.
2026-09-05 18:06:27.8066522 [I:onnxruntime:, graph.cc:4888 onnxruntime::Graph::CleanUnusedInitializersAndNodeArgs] Removing initializer 'onnx::Conv_1190_zero_point'. It is no longer used by any node.
2026-09-05 18:06:27.8069490 [I:onnxruntime:, graph.cc:4888 onnxruntime::Graph::CleanUnusedInitializersAndNodeArgs] Removing initializer 'onnx::Conv_1190_quantized'. It is no longer used by any node.
2026-09-05 18:06:27.8072399 [I:onnxruntime:, graph.cc:4888 onnxruntime::Graph::CleanUnusedInitializersAndNodeArgs] Removing initializer '/layer3/layer3.15/act3/Relu_output_0_zero_point'. It is no longer used by any node.
2026-09-05 18:06:27.8075590 [I:onnxruntime:, graph.cc:4888 onnxruntime::Graph::CleanUnusedInitializersAndNodeArgs] Removing initializer 'onnx::Conv_1192_quantized'. It is no longer used by any node.
2026-09-05 18:06:27.8078715 [I:onnxruntime:, graph.cc:4888 onnxruntime::Graph::CleanUnusedInitializersAndNodeArgs] Removing initializer 'onnx::Conv_1193_quantized'. It is no longer used by any node.
2026-09-05 18:06:27.8081593 [I:onnxruntime:, graph.cc:4888 onnxruntime::Graph::CleanUnusedInitializersAndNodeArgs] Removing initializer 'onnx::Conv_1195_quantized'. It is no longer used by any node.
2026-09-05 18:06:27.8084563 [I:onnxruntime:, graph.cc:4888 onnxruntime::Graph::CleanUnusedInitializersAndNodeArgs] Removing initializer 'onnx::Conv_1196_quantized'. It is no longer used by any node.
2026-09-05 18:06:27.8087522 [I:onnxruntime:, graph.cc:4888 onnxruntime::Graph::CleanUnusedInitializersAndNodeArgs] Removing initializer 'onnx::Conv_1198_zero_point'. It is no longer used by any node.
2026-09-05 18:06:27.8090397 [I:onnxruntime:, graph.cc:4888 onnxruntime::Graph::CleanUnusedInitializersAndNodeArgs] Removing initializer 'onnx::Conv_1198_quantized'. It is no longer used by any node.
2026-09-05 18:06:27.8093343 [I:onnxruntime:, graph.cc:4888 onnxruntime::Graph::CleanUnusedInitializersAndNodeArgs] Removing initializer 'onnx::Conv_1199_zero_point'. It is no longer used by any node.
2026-09-05 18:06:27.8096480 [I:onnxruntime:, graph.cc:4888 onnxruntime::Graph::CleanUnusedInitializersAndNodeArgs] Removing initializer 'onnx::Conv_1201_zero_point'. It is no longer used by any node.
2026-09-05 18:06:27.8099439 [I:onnxruntime:, graph.cc:4888 onnxruntime::Graph::CleanUnusedInitializersAndNodeArgs] Removing initializer '/layer3/layer3.17/act1/Relu_output_0_zero_point'. It is no longer used by any node.
2026-09-05 18:06:27.8102567 [I:onnxruntime:, graph.cc:4888 onnxruntime::Graph::CleanUnusedInitializersAndNodeArgs] Removing initializer 'onnx::Conv_1204_zero_point'. It is no longer used by any node.
2026-09-05 18:06:27.8105556 [I:onnxruntime:, graph.cc:4888 onnxruntime::Graph::CleanUnusedInitializersAndNodeArgs] Removing initializer 'onnx::Conv_1205_zero_point'. It is no longer used by any node.
2026-09-05 18:06:27.8108429 [I:onnxruntime:, graph.cc:4888 onnxruntime::Graph::CleanUnusedInitializersAndNodeArgs] Removing initializer 'onnx::Conv_1205_quantized'. It is no longer used by any node.
2026-09-05 18:06:27.8111430 [I:onnxruntime:, graph.cc:4888 onnxruntime::Graph::CleanUnusedInitializersAndNodeArgs] Removing initializer '/layer3/layer3.17/conv3/Conv_output_0_zero_point'. It is no longer used by any node.
2026-09-05 18:06:27.8114570 [I:onnxruntime:, graph.cc:4888 onnxruntime::Graph::CleanUnusedInitializersAndNodeArgs] Removing initializer 'onnx::Conv_1207_zero_point'. It is no longer used by any node.
2026-09-05 18:06:27.8117665 [I:onnxruntime:, graph.cc:4888 onnxruntime::Graph::CleanUnusedInitializersAndNodeArgs] Removing initializer 'onnx::Conv_1208_zero_point'. It is no longer used by any node.
2026-09-05 18:06:27.8120536 [I:onnxruntime:, graph.cc:4888 onnxruntime::Graph::CleanUnusedInitializersAndNodeArgs] Removing initializer 'onnx::Conv_1208_quantized'. It is no longer used by any node.
2026-09-05 18:06:27.8123413 [I:onnxruntime:, graph.cc:4888 onnxruntime::Graph::CleanUnusedInitializersAndNodeArgs] Removing initializer '/layer3/layer3.18/act1/Relu_output_0_zero_point'. It is no longer used by any node.
2026-09-05 18:06:27.8126773 [I:onnxruntime:, graph.cc:4888 onnxruntime::Graph::CleanUnusedInitializersAndNodeArgs] Removing initializer 'onnx::Conv_1213_zero_point'. It is no longer used by any node.
2026-09-05 18:06:27.8129662 [I:onnxruntime:, graph.cc:4888 onnxruntime::Graph::CleanUnusedInitializersAndNodeArgs] Removing initializer 'onnx::Conv_1213_quantized'. It is no longer used by any node.
2026-09-05 18:06:27.8132507 [I:onnxruntime:, graph.cc:4888 onnxruntime::Graph::CleanUnusedInitializersAndNodeArgs] Removing initializer '/layer3/layer3.20/act2/Relu_output_0_zero_point'. It is no longer used by any node.
2026-09-05 18:06:27.8135755 [I:onnxruntime:, graph.cc:4888 onnxruntime::Graph::CleanUnusedInitializersAndNodeArgs] Removing initializer 'onnx::Conv_1216_zero_point'. It is no longer used by any node.
2026-09-05 18:06:27.8138807 [I:onnxruntime:, graph.cc:4888 onnxruntime::Graph::CleanUnusedInitializersAndNodeArgs] Removing initializer 'onnx::Conv_1216_quantized'. It is no longer used by any node.
2026-09-05 18:06:27.8141644 [I:onnxruntime:, graph.cc:4888 onnxruntime::Graph::CleanUnusedInitializersAndNodeArgs] Removing initializer 'onnx::Conv_1219_zero_point'. It is no longer used by any node.
2026-09-05 18:06:27.8144597 [I:onnxruntime:, graph.cc:4888 onnxruntime::Graph::CleanUnusedInitializersAndNodeArgs] Removing initializer 'onnx::Conv_1219_quantized'. It is no longer used by any node.
2026-09-05 18:06:27.8147433 [I:onnxruntime:, graph.cc:4888 onnxruntime::Graph::CleanUnusedInitializersAndNodeArgs] Removing initializer '/layer3/layer3.19/act1/Relu_output_0_zero_point'. It is no longer used by any node.
2026-09-05 18:06:27.8150605 [I:onnxruntime:, graph.cc:4888 onnxruntime::Graph::CleanUnusedInitializersAndNodeArgs] Removing initializer 'onnx::Conv_1222_zero_point'. It is no longer used by any node.
2026-09-05 18:06:27.8153740 [I:onnxruntime:, graph.cc:4888 onnxruntime::Graph::CleanUnusedInitializersAndNodeArgs] Removing initializer 'onnx::Conv_1222_quantized'. It is no longer used by any node.
2026-09-05 18:06:27.8156595 [I:onnxruntime:, graph.cc:4888 onnxruntime::Graph::CleanUnusedInitializersAndNodeArgs] Removing initializer 'onnx::Conv_1223_zero_point'. It is no longer used by any node.
2026-09-05 18:06:27.8159527 [I:onnxruntime:, graph.cc:4888 onnxruntime::Graph::CleanUnusedInitializersAndNodeArgs] Removing initializer 'onnx::Conv_1223_quantized'. It is no longer used by any node.
2026-09-05 18:06:27.8162384 [I:onnxruntime:, graph.cc:4888 onnxruntime::Graph::CleanUnusedInitializersAndNodeArgs] Removing initializer 'onnx::Conv_1237_quantized'. It is no longer used by any node.
2026-09-05 18:06:27.8165446 [I:onnxruntime:, graph.cc:4888 onnxruntime::Graph::CleanUnusedInitializersAndNodeArgs] Removing initializer 'onnx::Conv_1225_quantized'. It is no longer used by any node.
2026-09-05 18:06:27.8168435 [I:onnxruntime:, graph.cc:4888 onnxruntime::Graph::CleanUnusedInitializersAndNodeArgs] Removing initializer 'onnx::Conv_1226_quantized'. It is no longer used by any node.
2026-09-05 18:06:27.8171319 [I:onnxruntime:, graph.cc:4888 onnxruntime::Graph::CleanUnusedInitializersAndNodeArgs] Removing initializer '/layer3/layer3.19/act3/Relu_output_0_zero_point'. It is no longer used by any node.
2026-09-05 18:06:27.8174518 [I:onnxruntime:, graph.cc:4888 onnxruntime::Graph::CleanUnusedInitializersAndNodeArgs] Removing initializer 'onnx::Conv_1228_zero_point'. It is no longer used by any node.
2026-09-05 18:06:27.8177534 [I:onnxruntime:, graph.cc:4888 onnxruntime::Graph::CleanUnusedInitializersAndNodeArgs] Removing initializer 'onnx::Conv_1229_zero_point'. It is no longer used by any node.
2026-09-05 18:06:27.8180419 [I:onnxruntime:, graph.cc:4888 onnxruntime::Graph::CleanUnusedInitializersAndNodeArgs] Removing initializer '/layer3/layer3.20/act1/Relu_output_0_zero_point'. It is no longer used by any node.
2026-09-05 18:06:27.8183844 [I:onnxruntime:, graph.cc:4888 onnxruntime::Graph::CleanUnusedInitializersAndNodeArgs] Removing initializer 'onnx::Conv_1231_zero_point'. It is no longer used by any node.
2026-09-05 18:06:27.8186747 [I:onnxruntime:, graph.cc:4888 onnxruntime::Graph::CleanUnusedInitializersAndNodeArgs] Removing initializer 'onnx::Conv_1232_zero_point'. It is no longer used by any node.
2026-09-05 18:06:27.8189632 [I:onnxruntime:, graph.cc:4888 onnxruntime::Graph::CleanUnusedInitializersAndNodeArgs] Removing initializer 'onnx::Conv_1232_quantized'. It is no longer used by any node.
2026-09-05 18:06:27.8192598 [I:onnxruntime:, graph.cc:4888 onnxruntime::Graph::CleanUnusedInitializersAndNodeArgs] Removing initializer '/layer3/layer3.20/conv3/Conv_output_0_zero_point'. It is no longer used by any node.
2026-09-05 18:06:27.8196270 [I:onnxruntime:, graph.cc:4888 onnxruntime::Graph::CleanUnusedInitializersAndNodeArgs] Removing initializer 'onnx::Conv_1234_quantized'. It is no longer used by any node.
2026-09-05 18:06:27.8199522 [I:onnxruntime:, graph.cc:4888 onnxruntime::Graph::CleanUnusedInitializersAndNodeArgs] Removing initializer 'onnx::Conv_1280_zero_point'. It is no longer used by any node.
2026-09-05 18:06:27.8202771 [I:onnxruntime:, graph.cc:4888 onnxruntime::Graph::CleanUnusedInitializersAndNodeArgs] Removing initializer 'onnx::Conv_1235_quantized'. It is no longer used by any node.
2026-09-05 18:06:27.8205809 [I:onnxruntime:, graph.cc:4888 onnxruntime::Graph::CleanUnusedInitializersAndNodeArgs] Removing initializer '/layer3/layer3.20/act3/Relu_output_0_zero_point'. It is no longer used by any node.
2026-09-05 18:06:27.8208983 [I:onnxruntime:, graph.cc:4888 onnxruntime::Graph::CleanUnusedInitializersAndNodeArgs] Removing initializer '/layer3/layer3.21/act1/Relu_output_0_zero_point'. It is no longer used by any node.
2026-09-05 18:06:27.8212353 [I:onnxruntime:, graph.cc:4888 onnxruntime::Graph::CleanUnusedInitializersAndNodeArgs] Removing initializer 'onnx::Conv_1240_zero_point'. It is no longer used by any node.
2026-09-05 18:06:27.8215335 [I:onnxruntime:, graph.cc:4888 onnxruntime::Graph::CleanUnusedInitializersAndNodeArgs] Removing initializer 'onnx::Conv_1241_zero_point'. It is no longer used by any node.
2026-09-05 18:06:27.8218335 [I:onnxruntime:, graph.cc:4888 onnxruntime::Graph::CleanUnusedInitializersAndNodeArgs] Removing initializer 'onnx::Conv_1241_quantized'. It is no longer used by any node.
2026-09-05 18:06:27.8221206 [I:onnxruntime:, graph.cc:4888 onnxruntime::Graph::CleanUnusedInitializersAndNodeArgs] Removing initializer 'onnx::Conv_1243_quantized'. It is no longer used by any node.
2026-09-05 18:06:27.8224137 [I:onnxruntime:, graph.cc:4888 onnxruntime::Graph::CleanUnusedInitializersAndNodeArgs] Removing initializer 'onnx::Conv_1244_zero_point'. It is no longer used by any node.
2026-09-05 18:06:27.8227171 [I:onnxruntime:, graph.cc:4888 onnxruntime::Graph::CleanUnusedInitializersAndNodeArgs] Removing initializer 'onnx::Conv_1244_quantized'. It is no longer used by any node.
2026-09-05 18:06:27.8230047 [I:onnxruntime:, graph.cc:4888 onnxruntime::Graph::CleanUnusedInitializersAndNodeArgs] Removing initializer 'onnx::Conv_1247_zero_point'. It is no longer used by any node.
2026-09-05 18:06:27.8233032 [I:onnxruntime:, graph.cc:4888 onnxruntime::Graph::CleanUnusedInitializersAndNodeArgs] Removing initializer 'onnx::Conv_1249_zero_point'. It is no longer used by any node.
2026-09-05 18:06:27.8235894 [I:onnxruntime:, graph.cc:4888 onnxruntime::Graph::CleanUnusedInitializersAndNodeArgs] Removing initializer 'onnx::Conv_1249_quantized'. It is no longer used by any node.
2026-09-05 18:06:27.8238921 [I:onnxruntime:, graph.cc:4888 onnxruntime::Graph::CleanUnusedInitializersAndNodeArgs] Removing initializer '/layer3/layer3.22/conv3/Conv_output_0_zero_point'. It is no longer used by any node.
2026-09-05 18:06:27.8242267 [I:onnxruntime:, graph.cc:4888 onnxruntime::Graph::CleanUnusedInitializersAndNodeArgs] Removing initializer 'onnx::Conv_1279_quantized'. It is no longer used by any node.
2026-09-05 18:06:27.8245162 [I:onnxruntime:, graph.cc:4888 onnxruntime::Graph::CleanUnusedInitializersAndNodeArgs] Removing initializer 'onnx::Conv_1252_quantized'. It is no longer used by any node.
2026-09-05 18:06:27.8248019 [I:onnxruntime:, graph.cc:4888 onnxruntime::Graph::CleanUnusedInitializersAndNodeArgs] Removing initializer 'onnx::Conv_1271_quantized'. It is no longer used by any node.
2026-09-05 18:06:27.8250868 [I:onnxruntime:, graph.cc:4888 onnxruntime::Graph::CleanUnusedInitializersAndNodeArgs] Removing initializer 'onnx::Conv_1253_zero_point'. It is no longer used by any node.
2026-09-05 18:06:27.8253936 [I:onnxruntime:, graph.cc:4888 onnxruntime::Graph::CleanUnusedInitializersAndNodeArgs] Removing initializer 'onnx::Conv_1256_quantized'. It is no longer used by any node.
2026-09-05 18:06:27.8256802 [I:onnxruntime:, graph.cc:4888 onnxruntime::Graph::CleanUnusedInitializersAndNodeArgs] Removing initializer '/layer4/layer4.0/downsample/downsample.0/Conv_output_0_zero_point'. It is no longer used by any node.
2026-09-05 18:06:27.8260349 [I:onnxruntime:, graph.cc:4888 onnxruntime::Graph::CleanUnusedInitializersAndNodeArgs] Removing initializer '/layer4/layer4.0/conv3/Conv_output_0_zero_point'. It is no longer used by any node.
2026-09-05 18:06:27.8263661 [I:onnxruntime:, graph.cc:4888 onnxruntime::Graph::CleanUnusedInitializersAndNodeArgs] Removing initializer 'onnx::Conv_1261_zero_point'. It is no longer used by any node.
2026-09-05 18:06:27.8266536 [I:onnxruntime:, graph.cc:4888 onnxruntime::Graph::CleanUnusedInitializersAndNodeArgs] Removing initializer '/layer4/layer4.0/act3/Relu_output_0_zero_point'. It is no longer used by any node.
2026-09-05 18:06:27.8269813 [I:onnxruntime:, graph.cc:4888 onnxruntime::Graph::CleanUnusedInitializersAndNodeArgs] Removing initializer 'onnx::Conv_1268_quantized'. It is no longer used by any node.
2026-09-05 18:06:27.8272746 [I:onnxruntime:, graph.cc:4888 onnxruntime::Graph::CleanUnusedInitializersAndNodeArgs] Removing initializer 'onnx::Conv_1270_zero_point'. It is no longer used by any node.
2026-09-05 18:06:27.8275615 [I:onnxruntime:, graph.cc:4888 onnxruntime::Graph::CleanUnusedInitializersAndNodeArgs] Removing initializer 'onnx::Conv_1270_quantized'. It is no longer used by any node.
2026-09-05 18:06:27.8278562 [I:onnxruntime:, graph.cc:4888 onnxruntime::Graph::CleanUnusedInitializersAndNodeArgs] Removing initializer 'onnx::Conv_1271_zero_point'. It is no longer used by any node.
2026-09-05 18:06:27.8281679 [I:onnxruntime:, graph.cc:4888 onnxruntime::Graph::CleanUnusedInitializersAndNodeArgs] Removing initializer '/layer4/layer4.1/act2/Relu_output_0_zero_point'. It is no longer used by any node.
2026-09-05 18:06:27.8284885 [I:onnxruntime:, graph.cc:4888 onnxruntime::Graph::CleanUnusedInitializersAndNodeArgs] Removing initializer 'onnx::Conv_1273_zero_point'. It is no longer used by any node.
2026-09-05 18:06:27.8287752 [I:onnxruntime:, graph.cc:4888 onnxruntime::Graph::CleanUnusedInitializersAndNodeArgs] Removing initializer 'onnx::Conv_1273_quantized'. It is no longer used by any node.
2026-09-05 18:06:27.8290708 [I:onnxruntime:, graph.cc:4888 onnxruntime::Graph::CleanUnusedInitializersAndNodeArgs] Removing initializer 'onnx::Conv_1274_zero_point'. It is no longer used by any node.
2026-09-05 18:06:27.8293581 [I:onnxruntime:, graph.cc:4888 onnxruntime::Graph::CleanUnusedInitializersAndNodeArgs] Removing initializer 'onnx::Conv_1274_quantized'. It is no longer used by any node.
2026-09-05 18:06:27.8296559 [I:onnxruntime:, graph.cc:4888 onnxruntime::Graph::CleanUnusedInitializersAndNodeArgs] Removing initializer 'onnx::Conv_1276_quantized'. It is no longer used by any node.
2026-09-05 18:06:27.8299514 [I:onnxruntime:, graph.cc:4888 onnxruntime::Graph::CleanUnusedInitializersAndNodeArgs] Removing initializer 'onnx::Conv_1277_zero_point'. It is no longer used by any node.
2026-09-05 18:06:27.8302498 [I:onnxruntime:, graph.cc:4888 onnxruntime::Graph::CleanUnusedInitializersAndNodeArgs] Removing initializer 'onnx::Conv_1277_quantized'. It is no longer used by any node.
2026-09-05 18:06:27.8305381 [I:onnxruntime:, graph.cc:4888 onnxruntime::Graph::CleanUnusedInitializersAndNodeArgs] Removing initializer '/layer4/layer4.2/act2/Relu_output_0_zero_point'. It is no longer used by any node.
2026-09-05 18:06:27.8308539 [I:onnxruntime:, graph.cc:4888 onnxruntime::Graph::CleanUnusedInitializersAndNodeArgs] Removing initializer 'onnx::Conv_1282_quantized'. It is no longer used by any node.
2026-09-05 18:06:27.8311611 [I:onnxruntime:, graph.cc:4888 onnxruntime::Graph::CleanUnusedInitializersAndNodeArgs] Removing initializer 'onnx::Conv_1283_zero_point'. It is no longer used by any node.
2026-09-05 18:06:27.8314496 [I:onnxruntime:, graph.cc:4888 onnxruntime::Graph::CleanUnusedInitializersAndNodeArgs] Removing initializer '/layer4/layer4.2/act3/Relu_output_0_zero_point'. It is no longer used by any node.
2026-09-05 18:06:27.8317870 [I:onnxruntime:, graph.cc:4888 onnxruntime::Graph::CleanUnusedInitializersAndNodeArgs] Removing initializer '/global_pool/flatten/Flatten_output_0_zero_point'. It is no longer used by any node.
2026-09-05 18:06:27.8321177 [I:onnxruntime:, graph.cc:4888 onnxruntime::Graph::CleanUnusedInitializersAndNodeArgs] Removing initializer 'fc.weight_zero_point'. It is no longer used by any node.
2026-09-05 18:06:27.8324096 [I:onnxruntime:, graph.cc:4888 onnxruntime::Graph::CleanUnusedInitializersAndNodeArgs] Removing initializer 'fc.weight_quantized'. It is no longer used by any node.
2026-09-05 18:06:27.8327210 [I:onnxruntime:, graph.cc:4888 onnxruntime::Graph::CleanUnusedInitializersAndNodeArgs] Removing initializer 'fc.bias_quantized'. It is no longer used by any node.
2026-09-05 18:06:27.8329523 [I:onnxruntime:, graph.cc:4888 onnxruntime::Graph::CleanUnusedInitializersAndNodeArgs] Removing initializer '/global_pool/pool/GlobalAveragePool_output_0_Scale'. It is no longer used by any node.
2026-09-05 18:06:27.8438941 [I:onnxruntime:, inference_session.cc:1465 onnxruntime::InferenceSession::TransformGraph] Running graph optimizations in loop 1 time/s (Graph Optimizations Loop Level : 1)
2026-09-05 18:06:27.8442672 [I:onnxruntime:, graph_transformer.cc:15 onnxruntime::GraphTransformer::Apply] GraphTransformer Level2_RuleBasedTransformer modified: 0 with status: OK
2026-09-05 18:06:27.8446944 [I:onnxruntime:, graph_transformer.cc:15 onnxruntime::GraphTransformer::Apply] GraphTransformer TransposeOptimizer_CPUExecutionProvider modified: 0 with status: OK
2026-09-05 18:06:27.8450831 [I:onnxruntime:, graph_transformer.cc:15 onnxruntime::GraphTransformer::Apply] GraphTransformer QDQS8ToU8Transformer modified: 0 with status: OK
2026-09-05 18:06:27.8453437 [I:onnxruntime:, graph_transformer.cc:15 onnxruntime::GraphTransformer::Apply] GraphTransformer QDQSelectorActionTransformer modified: 0 with status: OK
2026-09-05 18:06:27.8456455 [I:onnxruntime:, graph_transformer.cc:15 onnxruntime::GraphTransformer::Apply] GraphTransformer GemmActivationFusion modified: 0 with status: OK
2026-09-05 18:06:27.8459770 [I:onnxruntime:, graph_transformer.cc:15 onnxruntime::GraphTransformer::Apply] GraphTransformer MatMulIntegerToFloatFusion modified: 0 with status: OK
2026-09-05 18:06:27.8463069 [I:onnxruntime:, graph_transformer.cc:15 onnxruntime::GraphTransformer::Apply] GraphTransformer DynamicQuantizeMatMulFusion modified: 0 with status: OK
2026-09-05 18:06:27.8467291 [I:onnxruntime:, graph_transformer.cc:15 onnxruntime::GraphTransformer::Apply] GraphTransformer ConvActivationFusion modified: 0 with status: OK
2026-09-05 18:06:27.8470550 [I:onnxruntime:, graph_transformer.cc:15 onnxruntime::GraphTransformer::Apply] GraphTransformer GeluFusionL2 modified: 0 with status: OK
2026-09-05 18:06:27.8473427 [I:onnxruntime:, graph_transformer.cc:15 onnxruntime::GraphTransformer::Apply] GraphTransformer LayerNormFusionL2 modified: 0 with status: OK
2026-09-05 18:06:27.8476094 [I:onnxruntime:, graph_transformer.cc:15 onnxruntime::GraphTransformer::Apply] GraphTransformer SimplifiedLayerNormFusion modified: 0 with status: OK
2026-09-05 18:06:27.8478764 [I:onnxruntime:, graph_transformer.cc:15 onnxruntime::GraphTransformer::Apply] GraphTransformer AttentionFusion modified: 0 with status: OK
2026-09-05 18:06:27.8481485 [I:onnxruntime:, graph_transformer.cc:15 onnxruntime::GraphTransformer::Apply] GraphTransformer EmbedLayerNormFusion modified: 0 with status: OK
2026-09-05 18:06:27.8484303 [I:onnxruntime:, graph_transformer.cc:15 onnxruntime::GraphTransformer::Apply] GraphTransformer GatherSliceToSplitFusion modified: 0 with status: OK
2026-09-05 18:06:27.8486890 [I:onnxruntime:, graph_transformer.cc:15 onnxruntime::GraphTransformer::Apply] GraphTransformer GatherToSliceFusion modified: 0 with status: OK
2026-09-05 18:06:27.8491554 [I:onnxruntime:, graph_transformer.cc:15 onnxruntime::GraphTransformer::Apply] GraphTransformer MatmulTransposeFusion modified: 0 with status: OK
2026-09-05 18:06:27.8494295 [I:onnxruntime:, graph_transformer.cc:15 onnxruntime::GraphTransformer::Apply] GraphTransformer BiasGeluFusion modified: 0 with status: OK
2026-09-05 18:06:27.8496731 [I:onnxruntime:, graph_transformer.cc:15 onnxruntime::GraphTransformer::Apply] GraphTransformer GroupQueryAttentionFusion modified: 0 with status: OK
2026-09-05 18:06:27.8499304 [I:onnxruntime:, graph_transformer.cc:15 onnxruntime::GraphTransformer::Apply] GraphTransformer MatMulAddFusion modified: 0 with status: OK
2026-09-05 18:06:27.8501739 [I:onnxruntime:, graph_transformer.cc:15 onnxruntime::GraphTransformer::Apply] GraphTransformer SkipLayerNormFusion modified: 0 with status: OK
2026-09-05 18:06:27.8504526 [I:onnxruntime:, graph_transformer.cc:15 onnxruntime::GraphTransformer::Apply] GraphTransformer FastGeluFusion modified: 0 with status: OK
2026-09-05 18:06:27.8506962 [I:onnxruntime:, graph_transformer.cc:15 onnxruntime::GraphTransformer::Apply] GraphTransformer QuickGeluFusion modified: 0 with status: OK
2026-09-05 18:06:27.8509557 [I:onnxruntime:, graph_transformer.cc:15 onnxruntime::GraphTransformer::Apply] GraphTransformer BiasSoftmaxFusion modified: 0 with status: OK
2026-09-05 18:06:27.8512048 [I:onnxruntime:, graph_transformer.cc:15 onnxruntime::GraphTransformer::Apply] GraphTransformer BiasDropoutFusion modified: 0 with status: OK
2026-09-05 18:06:27.8514604 [I:onnxruntime:, graph_transformer.cc:15 onnxruntime::GraphTransformer::Apply] GraphTransformer MatMulScaleFusion modified: 0 with status: OK
2026-09-05 18:06:27.8517073 [I:onnxruntime:, graph_transformer.cc:15 onnxruntime::GraphTransformer::Apply] GraphTransformer MatMulActivationFusion modified: 0 with status: OK
2026-09-05 18:06:27.8519583 [I:onnxruntime:, graph_transformer.cc:15 onnxruntime::GraphTransformer::Apply] GraphTransformer MatMulNBitsFusion modified: 0 with status: OK
2026-09-05 18:06:27.8522009 [I:onnxruntime:, graph_transformer.cc:15 onnxruntime::GraphTransformer::Apply] GraphTransformer QDQFinalCleanupTransformer modified: 0 with status: OK
2026-09-05 18:06:27.8524900 [I:onnxruntime:, graph_transformer.cc:15 onnxruntime::GraphTransformer::Apply] GraphTransformer NchwcTransformer modified: 0 with status: OK
2026-09-05 18:06:27.8527411 [I:onnxruntime:, graph_transformer.cc:15 onnxruntime::GraphTransformer::Apply] GraphTransformer NhwcTransformer modified: 0 with status: OK
2026-09-05 18:06:27.8529956 [I:onnxruntime:, graph_transformer.cc:15 onnxruntime::GraphTransformer::Apply] GraphTransformer ConvAddActivationFusion modified: 0 with status: OK
2026-09-05 18:06:27.8532621 [I:onnxruntime:, graph_transformer.cc:15 onnxruntime::GraphTransformer::Apply] GraphTransformer RemoveDuplicateCastTransformer modified: 0 with status: OK
2026-09-05 18:06:27.8535286 [I:onnxruntime:, graph_transformer.cc:15 onnxruntime::GraphTransformer::Apply] GraphTransformer CastFloat16Transformer modified: 0 with status: OK
2026-09-05 18:06:27.8537800 [I:onnxruntime:, graph_transformer.cc:15 onnxruntime::GraphTransformer::Apply] GraphTransformer FuseFp16InitializerToFp32NodeTransformer modified: 0 with status: OK
2026-09-05 18:06:27.8540622 [I:onnxruntime:, graph_transformer.cc:15 onnxruntime::GraphTransformer::Apply] GraphTransformer MemcpyTransformer modified: 0 with status: OK
2026-09-05 18:06:27.8547262 [I:onnxruntime:, allocation_planner.cc:2659 onnxruntime::IGraphPartitioner::CreateGraphPartitioner] Use DeviceBasedPartition as default
2026-09-05 18:06:27.8556559 [I:onnxruntime:, session_state_utils.cc:243 onnxruntime::session_state_utils::SaveInitializedTensors] Saving initialized tensors.
2026-09-05 18:06:27.8560974 [I:onnxruntime:, session_state_utils.cc:438 onnxruntime::session_state_utils::SaveInitializedTensors] Done saving initialized tensors
2026-09-05 18:06:28.3570839 [I:onnxruntime:, inference_session.cc:2532 onnxruntime::InferenceSession::Initialize] Session successfully initialized.
deleted stale cache C:\Users\<user>\src\timm-resnet50.a1_in1k-RyzenAI\modelcachekey
RYZEN_AI_INSTALLATION_PATH = C:\Program Files\RyzenAI\1.7.1
xclbin: C:\Program Files\RyzenAI\1.7.1\voe-4.0-win_amd64\xclbins\phoenix\4x4.xclbin
onnxruntime 1.23.3.dev20260320  providers: ['VitisAIExecutionProvider', 'DmlExecutionProvider', 'CPUExecutionProvider']
cache:  C:\Users\<user>\src\timm-resnet50.a1_in1k-RyzenAI\modelcachekey
First run compiles the model. It takes a while and looks frozen. It isn't.
  100/1000
  200/1000
  300/1000
  400/1000
  500/1000
  600/1000
  700/1000
  800/1000
  900/1000
  1000/1000

=== NPU | 1000 images | models/wide_resnet101_2_xint8_c64.onnx ===
top-1: 80.20%    top-5: 92.90%
latency  mean 17.90 ms   median 17.78 ms   p95 18.65 ms
throughput ~55.9 img/s
