[32m
[QUARK-INFO]: Checking custom ops library ...[0m
[33m
[QUARK-WARNING]: The custom ops library C:\Users\<user>\miniforge3\envs\resnet_env\Lib\site-packages\quark\onnx\operators\custom_ops\lib\custom_ops.dll does NOT exist.[0m
[32m
[QUARK-INFO]: Start compiling CPU version of custom ops library.[0m
C:\Users\<user>\miniforge3\envs\resnet_env\Lib\site-packages\torch\utils\cpp_extension.py:380: UserWarning: Error checking compiler version for cl: [WinError 2] The system cannot find the file specified
  warnings.warn(f'Error checking compiler version for {compiler}: {error}')
INFO: Could not find files for the given pattern(s).
[31m
[QUARK-ERROR]: CPU version of custom ops library compilation failed:Command '['where', 'cl']' returned non-zero exit status 1.[0m
[33m
[QUARK-WARNING]: Custom ops library compilation failed: CPU version of custom ops library compilation failed:Command '['where', 'cl']' returned non-zero exit status 1..[0m
[32m
[QUARK-INFO]: Checked custom ops library.[0m
[33m
[QUARK-WARNING]: The api `activation` has been replaced with `input_tensors` and will be removed in the next release.[0m
[33m
[QUARK-WARNING]: The custom ops library C:\Users\<user>\miniforge3\envs\resnet_env\Lib\site-packages\quark\onnx\operators\custom_ops\lib\custom_ops.dll does NOT exist.[0m
[33m
[QUARK-WARNING]: Config has been replaced by QConfig. The old API will be removed in the next release.[0m
[33m
[QUARK-WARNING]: The algorithm API is algo_config in QConfig. The old API will be removed in the next release.[0m
[32m
[QUARK-INFO]: The input ONNX model can create InferenceSession successfully[0m
[32m
[QUARK-INFO]: Folding or fusing operators for better accuracy and performance.[0m
[33m
[QUARK-WARNING]: The opset version is 17 < 20. Skipping fusing Gelu.[0m
[32m
[QUARK-INFO]: Start applying CLE algorithm on the float model...[0m
[32m
[QUARK-INFO]: CrossLayerEqualization pattern num: 33[0m
C:\Users\<user>\miniforge3\envs\resnet_env\Lib\site-packages\quark\onnx\algorithm\cle\equalization.py:232: RuntimeWarning: divide by zero encountered in divide
  scale_12 = max_0 / np.power(max_0 * max_1 * max_2, 1.0 / 3)
[32m
[QUARK-INFO]: Total CrossLayerEqualization steps: 1[0m
[32m
[QUARK-INFO]: The CLE algorithm has been applied. It took 0.4s to complete.[0m
[32m
[QUARK-INFO]: Optimizing the model for a better hardware compatibility.[0m
[32m
[QUARK-INFO]: The input ONNX model can run inference successfully[0m
[32m
[QUARK-INFO]: Start running calibration on 300 samples with extra options {}...[0m
[32m
[QUARK-INFO]: Data collection of PowerOfTwoMethod.MinMSE in progress. Runtime will depend on your model and data size.[0m
Pinned process affinity mask to 0x5555 (8 real cores, no SMT)
CPU threads: 8
Using 300 calibration images (300 batches of 1)
config: XINT8_ADAROUND  ->  models/resnext50_32x4d_xint8_adaround.onnx
FastFinetune device: cpu, iters: 1000
[QUARK_INFO]: Time information:
2026-09-07 22:16:33.471564
[QUARK_INFO]: OS and CPU information:
                                        system --- Windows
                                          node --- DESKTOP-CBL5NUA
                                       release --- 11
                                       version --- 10.0.26200
                                       machine --- AMD64
                                     processor --- AMD64 Family 25 Model 117 Stepping 2, AuthenticAMD
[QUARK_INFO]: Tools version information:
                                        python --- 3.12.11
                                          onnx --- 1.19.0
                                   onnxruntime --- 1.22.1
                                    quark.onnx --- 0.11rc1
[QUARK_INFO]: Quantized Configuration information:
                                   model_input --- models/resnext50_32x4d_fp32.onnx
                                  model_output --- models/resnext50_32x4d_xint8_adaround.onnx
                       calibration_data_reader --- <__main__.ImageCalibReader object at 0x00000188C18CE000>
                         calibration_data_path --- None
                                  quant_format --- QDQ
                                   input_nodes --- []
                                  output_nodes --- []
                          op_types_to_quantize --- []
                    extra_op_types_to_quantize --- []
                                   per_channel --- False
                                  reduce_range --- False
                               activation_type --- QUInt8
                                   weight_type --- QInt8
                             nodes_to_quantize --- []
                              nodes_to_exclude --- []
                          subgraphs_to_exclude --- []
                                optimize_model --- True
                      use_external_data_format --- False
                              calibrate_method --- PowerOfTwoMethod.MinMSE
                           execution_providers --- ['CPUExecutionProvider']
                                enable_npu_cnn --- True
                        enable_npu_transformer --- False
                     specific_tensor_precision --- False
                                    debug_mode --- False
                          convert_fp16_to_fp32 --- False
                          convert_nchw_to_nhwc --- False
                                   include_cle --- True
                                    include_sq --- False
                              include_rotation --- False
                               include_fast_ft --- True
                                 extra_options --- {'ActivationSymmetric': True, 'FastFinetune': {'DataSize': 1000, 'FixedSeed': 1705472343, 'BatchSize': 2, 'NumIterations': 1000, 'LearningRate': 0.1, 'OptimAlgorithm': 'adaround', 'OptimDevice': 'cpu', 'InferDevice': 'cpu', 'EarlyStop': True}, 'AddQDQPairToWeight': False}

  0%|          | 0/300 [00:00<?, ?it/s]C:\Users\<user>\miniforge3\envs\resnet_env\Lib\site-packages\quark\onnx\calibration\calibrators.py:688: RuntimeWarning: overflow encountered in cast
  output = output.astype(np.float16)  # To reduce memory consumption

Cached 0.06GB:   0%|          | 0/300 [00:00<?, ?it/s]
Cached 0.06GB:   0%|          | 1/300 [00:00<01:08,  4.35it/s]
Cached 0.12GB:   0%|          | 1/300 [00:00<01:08,  4.35it/s]
Cached 0.12GB:   1%|          | 2/300 [00:00<01:04,  4.64it/s]
Cached 0.19GB:   1%|          | 2/300 [00:00<01:04,  4.64it/s]
Cached 0.19GB:   1%|1         | 3/300 [00:00<01:05,  4.54it/s]
Cached 0.25GB:   1%|1         | 3/300 [00:00<01:05,  4.54it/s]
Cached 0.25GB:   1%|1         | 4/300 [00:00<01:05,  4.51it/s]
Cached 0.31GB:   1%|1         | 4/300 [00:01<01:05,  4.51it/s]
Cached 0.31GB:   2%|1         | 5/300 [00:01<01:03,  4.67it/s]
Cached 0.37GB:   2%|1         | 5/300 [00:01<01:03,  4.67it/s]
Cached 0.37GB:   2%|2         | 6/300 [00:01<00:58,  5.07it/s]
Cached 0.43GB:   2%|2         | 6/300 [00:01<00:58,  5.07it/s]
Cached 0.43GB:   2%|2         | 7/300 [00:01<00:53,  5.47it/s]
Cached 0.49GB:   2%|2         | 7/300 [00:01<00:53,  5.47it/s]
Cached 0.49GB:   3%|2         | 8/300 [00:01<00:51,  5.68it/s]
Cached 0.56GB:   3%|2         | 8/300 [00:01<00:51,  5.68it/s]
Cached 0.56GB:   3%|3         | 9/300 [00:01<00:49,  5.88it/s]
Cached 0.62GB:   3%|3         | 9/300 [00:01<00:49,  5.88it/s]
Cached 0.62GB:   3%|3         | 10/300 [00:01<00:48,  6.04it/s]
Cached 0.68GB:   3%|3         | 10/300 [00:02<00:48,  6.04it/s]
Cached 0.68GB:   4%|3         | 11/300 [00:02<00:46,  6.17it/s]
Cached 0.74GB:   4%|3         | 11/300 [00:02<00:46,  6.17it/s]
Cached 0.74GB:   4%|4         | 12/300 [00:02<00:46,  6.15it/s]
Cached 0.80GB:   4%|4         | 12/300 [00:02<00:46,  6.15it/s]
Cached 0.80GB:   4%|4         | 13/300 [00:02<00:46,  6.17it/s]
Cached 0.87GB:   4%|4         | 13/300 [00:02<00:46,  6.17it/s]
Cached 0.87GB:   5%|4         | 14/300 [00:02<00:45,  6.22it/s]
Cached 0.93GB:   5%|4         | 14/300 [00:02<00:45,  6.22it/s]
Cached 0.93GB:   5%|5         | 15/300 [00:02<00:46,  6.18it/s]
Cached 0.99GB:   5%|5         | 15/300 [00:02<00:46,  6.18it/s]
Cached 0.99GB:   5%|5         | 16/300 [00:02<00:47,  5.98it/s]
Cached 1.05GB:   5%|5         | 16/300 [00:03<00:47,  5.98it/s]
Cached 1.05GB:   6%|5         | 17/300 [00:03<00:47,  5.91it/s]
Cached 1.11GB:   6%|5         | 17/300 [00:03<00:47,  5.91it/s]
Cached 1.11GB:   6%|6         | 18/300 [00:03<00:46,  6.02it/s]
Cached 1.17GB:   6%|6         | 18/300 [00:03<00:46,  6.02it/s]
Cached 1.17GB:   6%|6         | 19/300 [00:03<00:46,  6.03it/s]
Cached 1.24GB:   6%|6         | 19/300 [00:03<00:46,  6.03it/s]
Cached 1.24GB:   7%|6         | 20/300 [00:03<00:44,  6.24it/s]
Cached 1.30GB:   7%|6         | 20/300 [00:03<00:44,  6.24it/s]
Cached 1.30GB:   7%|7         | 21/300 [00:03<00:44,  6.20it/s]
Cached 1.36GB:   7%|7         | 21/300 [00:03<00:44,  6.20it/s]
Cached 1.36GB:   7%|7         | 22/300 [00:03<00:44,  6.28it/s]
Cached 1.42GB:   7%|7         | 22/300 [00:03<00:44,  6.28it/s]
Cached 1.42GB:   8%|7         | 23/300 [00:03<00:44,  6.19it/s]
Cached 1.48GB:   8%|7         | 23/300 [00:04<00:44,  6.19it/s]
Cached 1.48GB:   8%|8         | 24/300 [00:04<00:44,  6.14it/s]
Cached 1.54GB:   8%|8         | 24/300 [00:04<00:44,  6.14it/s]
Cached 1.54GB:   8%|8         | 25/300 [00:04<00:44,  6.18it/s]
Cached 1.61GB:   8%|8         | 25/300 [00:04<00:44,  6.18it/s]
Cached 1.61GB:   9%|8         | 26/300 [00:04<00:46,  5.94it/s]
Cached 1.67GB:   9%|8         | 26/300 [00:04<00:46,  5.94it/s]
Cached 1.67GB:   9%|9         | 27/300 [00:04<00:46,  5.86it/s]
Cached 1.73GB:   9%|9         | 27/300 [00:04<00:46,  5.86it/s]
Cached 1.73GB:   9%|9         | 28/300 [00:04<00:44,  6.05it/s]
Cached 1.79GB:   9%|9         | 28/300 [00:04<00:44,  6.05it/s]
Cached 1.79GB:  10%|9         | 29/300 [00:04<00:44,  6.15it/s]
Cached 1.85GB:  10%|9         | 29/300 [00:05<00:44,  6.15it/s]
Cached 1.85GB:  10%|#         | 30/300 [00:05<00:45,  5.93it/s]
Cached 1.92GB:  10%|#         | 30/300 [00:05<00:45,  5.93it/s]
Cached 1.92GB:  10%|#         | 31/300 [00:05<00:43,  6.15it/s]
Cached 1.98GB:  10%|#         | 31/300 [00:05<00:43,  6.15it/s]
Cached 1.98GB:  11%|#         | 32/300 [00:05<00:43,  6.17it/s]
Cached 2.04GB:  11%|#         | 32/300 [00:05<00:43,  6.17it/s]
Cached 2.04GB:  11%|#1        | 33/300 [00:05<00:44,  6.00it/s]
Cached 2.10GB:  11%|#1        | 33/300 [00:05<00:44,  6.00it/s]
Cached 2.10GB:  11%|#1        | 34/300 [00:05<00:44,  6.02it/s]
Cached 2.16GB:  11%|#1        | 34/300 [00:05<00:44,  6.02it/s]
Cached 2.16GB:  12%|#1        | 35/300 [00:05<00:43,  6.12it/s]
Cached 2.22GB:  12%|#1        | 35/300 [00:06<00:43,  6.12it/s]
Cached 2.22GB:  12%|#2        | 36/300 [00:06<00:43,  6.06it/s]
Cached 2.29GB:  12%|#2        | 36/300 [00:06<00:43,  6.06it/s]
Cached 2.29GB:  12%|#2        | 37/300 [00:06<00:44,  5.85it/s]
Cached 2.35GB:  12%|#2        | 37/300 [00:06<00:44,  5.85it/s]
Cached 2.35GB:  13%|#2        | 38/300 [00:06<00:45,  5.74it/s]
Cached 2.41GB:  13%|#2        | 38/300 [00:06<00:45,  5.74it/s]
Cached 2.41GB:  13%|#3        | 39/300 [00:06<00:52,  4.98it/s]
Cached 2.47GB:  13%|#3        | 39/300 [00:06<00:52,  4.98it/s]
Cached 2.47GB:  13%|#3        | 40/300 [00:06<00:50,  5.13it/s]
Cached 2.53GB:  13%|#3        | 40/300 [00:07<00:50,  5.13it/s]
Cached 2.53GB:  14%|#3        | 41/300 [00:07<00:50,  5.10it/s]
Cached 2.60GB:  14%|#3        | 41/300 [00:07<00:50,  5.10it/s]
Cached 2.60GB:  14%|#4        | 42/300 [00:07<00:53,  4.79it/s]
Cached 2.66GB:  14%|#4        | 42/300 [00:07<00:53,  4.79it/s]
Cached 2.66GB:  14%|#4        | 43/300 [00:07<00:52,  4.86it/s]
Cached 2.72GB:  14%|#4        | 43/300 [00:07<00:52,  4.86it/s]
Cached 2.72GB:  15%|#4        | 44/300 [00:07<00:51,  4.93it/s]
Cached 2.78GB:  15%|#4        | 44/300 [00:07<00:51,  4.93it/s]
Cached 2.78GB:  15%|#5        | 45/300 [00:07<00:50,  5.01it/s]
Cached 2.84GB:  15%|#5        | 45/300 [00:08<00:50,  5.01it/s]
Cached 2.84GB:  15%|#5        | 46/300 [00:08<00:49,  5.17it/s]
Cached 2.90GB:  15%|#5        | 46/300 [00:08<00:49,  5.17it/s]
Cached 2.90GB:  16%|#5        | 47/300 [00:08<00:47,  5.31it/s]
Cached 2.97GB:  16%|#5        | 47/300 [00:08<00:47,  5.31it/s]
Cached 2.97GB:  16%|#6        | 48/300 [00:08<00:46,  5.42it/s]
Cached 3.03GB:  16%|#6        | 48/300 [00:08<00:46,  5.42it/s]
Cached 3.03GB:  16%|#6        | 49/300 [00:08<00:49,  5.11it/s]
Cached 3.09GB:  16%|#6        | 49/300 [00:08<00:49,  5.11it/s]
Cached 3.09GB:  17%|#6        | 50/300 [00:08<00:47,  5.30it/s]
Cached 3.15GB:  17%|#6        | 50/300 [00:09<00:47,  5.30it/s]
Cached 3.15GB:  17%|#7        | 51/300 [00:09<00:45,  5.50it/s]
Cached 3.21GB:  17%|#7        | 51/300 [00:09<00:45,  5.50it/s]
Cached 3.21GB:  17%|#7        | 52/300 [00:09<00:42,  5.77it/s]
Cached 3.27GB:  17%|#7        | 52/300 [00:09<00:42,  5.77it/s]
Cached 3.27GB:  18%|#7        | 53/300 [00:09<00:42,  5.82it/s]
Cached 3.34GB:  18%|#7        | 53/300 [00:09<00:42,  5.82it/s]
Cached 3.34GB:  18%|#8        | 54/300 [00:09<00:41,  5.95it/s]
Cached 3.40GB:  18%|#8        | 54/300 [00:09<00:41,  5.95it/s]
Cached 3.40GB:  18%|#8        | 55/300 [00:09<00:40,  6.04it/s]
Cached 3.46GB:  18%|#8        | 55/300 [00:09<00:40,  6.04it/s]
Cached 3.46GB:  19%|#8        | 56/300 [00:09<00:40,  5.96it/s]
Cached 3.52GB:  19%|#8        | 56/300 [00:10<00:40,  5.96it/s]
Cached 3.52GB:  19%|#9        | 57/300 [00:10<00:41,  5.88it/s]
Cached 3.58GB:  19%|#9        | 57/300 [00:10<00:41,  5.88it/s]
Cached 3.58GB:  19%|#9        | 58/300 [00:10<00:40,  5.96it/s]
Cached 3.65GB:  19%|#9        | 58/300 [00:10<00:40,  5.96it/s]
Cached 3.65GB:  20%|#9        | 59/300 [00:10<00:40,  5.95it/s]
Cached 3.71GB:  20%|#9        | 59/300 [00:10<00:40,  5.95it/s]
Cached 3.71GB:  20%|##        | 60/300 [00:10<00:41,  5.80it/s]
Cached 3.77GB:  20%|##        | 60/300 [00:10<00:41,  5.80it/s]
Cached 3.77GB:  20%|##        | 61/300 [00:10<00:41,  5.80it/s]
Cached 3.83GB:  20%|##        | 61/300 [00:10<00:41,  5.80it/s]
Cached 3.83GB:  21%|##        | 62/300 [00:10<00:41,  5.78it/s]
Cached 3.89GB:  21%|##        | 62/300 [00:11<00:41,  5.78it/s]
Cached 3.89GB:  21%|##1       | 63/300 [00:11<00:40,  5.78it/s]
Cached 3.95GB:  21%|##1       | 63/300 [00:11<00:40,  5.78it/s]
Cached 3.95GB:  21%|##1       | 64/300 [00:11<00:41,  5.75it/s]
Cached 4.02GB:  21%|##1       | 64/300 [00:11<00:41,  5.75it/s]
Cached 4.02GB:  22%|##1       | 65/300 [00:11<00:41,  5.66it/s]
Cached 4.08GB:  22%|##1       | 65/300 [00:11<00:41,  5.66it/s]
Cached 4.08GB:  22%|##2       | 66/300 [00:11<00:41,  5.66it/s]
Cached 4.14GB:  22%|##2       | 66/300 [00:11<00:41,  5.66it/s]
Cached 4.14GB:  22%|##2       | 67/300 [00:11<00:39,  5.85it/s]
Cached 4.20GB:  22%|##2       | 67/300 [00:11<00:39,  5.85it/s]
Cached 4.20GB:  23%|##2       | 68/300 [00:11<00:39,  5.87it/s]
Cached 4.26GB:  23%|##2       | 68/300 [00:12<00:39,  5.87it/s]
Cached 4.26GB:  23%|##3       | 69/300 [00:12<00:40,  5.66it/s]
Cached 4.33GB:  23%|##3       | 69/300 [00:12<00:40,  5.66it/s]
Cached 4.33GB:  23%|##3       | 70/300 [00:12<00:39,  5.78it/s]
Cached 4.39GB:  23%|##3       | 70/300 [00:12<00:39,  5.78it/s]
Cached 4.39GB:  24%|##3       | 71/300 [00:12<00:38,  6.00it/s]
Cached 4.45GB:  24%|##3       | 71/300 [00:12<00:38,  6.00it/s]
Cached 4.45GB:  24%|##4       | 72/300 [00:12<00:38,  5.88it/s]
Cached 4.51GB:  24%|##4       | 72/300 [00:12<00:38,  5.88it/s]
Cached 4.51GB:  24%|##4       | 73/300 [00:12<00:37,  6.01it/s]
Cached 4.57GB:  24%|##4       | 73/300 [00:12<00:37,  6.01it/s]
Cached 4.57GB:  25%|##4       | 74/300 [00:12<00:37,  5.95it/s]
Cached 4.63GB:  25%|##4       | 74/300 [00:13<00:37,  5.95it/s]
Cached 4.63GB:  25%|##5       | 75/300 [00:13<00:37,  6.00it/s]
Cached 4.70GB:  25%|##5       | 75/300 [00:13<00:37,  6.00it/s]
Cached 4.70GB:  25%|##5       | 76/300 [00:13<00:38,  5.76it/s]
Cached 4.76GB:  25%|##5       | 76/300 [00:13<00:38,  5.76it/s]
Cached 4.76GB:  26%|##5       | 77/300 [00:13<00:37,  5.95it/s]
Cached 4.82GB:  26%|##5       | 77/300 [00:13<00:37,  5.95it/s]
Cached 4.82GB:  26%|##6       | 78/300 [00:13<00:36,  6.02it/s]
Cached 4.88GB:  26%|##6       | 78/300 [00:13<00:36,  6.02it/s]
Cached 4.88GB:  26%|##6       | 79/300 [00:13<00:39,  5.58it/s]
Cached 4.94GB:  26%|##6       | 79/300 [00:14<00:39,  5.58it/s]
Cached 4.94GB:  27%|##6       | 80/300 [00:14<00:38,  5.75it/s]
Cached 5.00GB:  27%|##6       | 80/300 [00:14<00:38,  5.75it/s]
Cached 5.00GB:  27%|##7       | 81/300 [00:14<00:38,  5.76it/s]
Cached 5.07GB:  27%|##7       | 81/300 [00:14<00:38,  5.76it/s]
Cached 5.07GB:  27%|##7       | 82/300 [00:14<00:37,  5.77it/s]
Cached 5.13GB:  27%|##7       | 82/300 [00:14<00:37,  5.77it/s]
Cached 5.13GB:  28%|##7       | 83/300 [00:14<00:36,  5.87it/s]
Cached 5.19GB:  28%|##7       | 83/300 [00:14<00:36,  5.87it/s]
Cached 5.19GB:  28%|##8       | 84/300 [00:14<00:36,  5.92it/s]
Cached 5.25GB:  28%|##8       | 84/300 [00:14<00:36,  5.92it/s]
Cached 5.25GB:  28%|##8       | 85/300 [00:14<00:36,  5.92it/s]
Cached 5.31GB:  28%|##8       | 85/300 [00:15<00:36,  5.92it/s]
Cached 5.31GB:  29%|##8       | 86/300 [00:15<00:36,  5.90it/s]
Cached 5.38GB:  29%|##8       | 86/300 [00:15<00:36,  5.90it/s]
Cached 5.38GB:  29%|##9       | 87/300 [00:15<00:35,  6.06it/s]
Cached 5.44GB:  29%|##9       | 87/300 [00:15<00:35,  6.06it/s]
Cached 5.44GB:  29%|##9       | 88/300 [00:15<00:35,  5.90it/s]
Cached 5.50GB:  29%|##9       | 88/300 [00:15<00:35,  5.90it/s]
Cached 5.50GB:  30%|##9       | 89/300 [00:15<00:35,  5.99it/s]
Cached 5.56GB:  30%|##9       | 89/300 [00:15<00:35,  5.99it/s]
Cached 5.56GB:  30%|###       | 90/300 [00:15<00:36,  5.79it/s]
Cached 5.62GB:  30%|###       | 90/300 [00:15<00:36,  5.79it/s]
Cached 5.62GB:  30%|###       | 91/300 [00:15<00:36,  5.75it/s]
Cached 5.68GB:  30%|###       | 91/300 [00:16<00:36,  5.75it/s]
Cached 5.68GB:  31%|###       | 92/300 [00:16<00:35,  5.84it/s]
Cached 5.75GB:  31%|###       | 92/300 [00:16<00:35,  5.84it/s]
Cached 5.75GB:  31%|###1      | 93/300 [00:16<00:34,  5.97it/s]
Cached 5.81GB:  31%|###1      | 93/300 [00:16<00:34,  5.97it/s]
Cached 5.81GB:  31%|###1      | 94/300 [00:16<00:34,  5.98it/s]
Cached 5.87GB:  31%|###1      | 94/300 [00:16<00:34,  5.98it/s]
Cached 5.87GB:  32%|###1      | 95/300 [00:16<00:34,  5.89it/s]
Cached 5.93GB:  32%|###1      | 95/300 [00:16<00:34,  5.89it/s]
Cached 5.93GB:  32%|###2      | 96/300 [00:16<00:34,  5.93it/s]
Cached 5.99GB:  32%|###2      | 96/300 [00:16<00:34,  5.93it/s]
Cached 5.99GB:  32%|###2      | 97/300 [00:16<00:35,  5.77it/s]
Cached 6.06GB:  32%|###2      | 97/300 [00:17<00:35,  5.77it/s]
Cached 6.06GB:  33%|###2      | 98/300 [00:17<00:35,  5.62it/s]
Cached 6.12GB:  33%|###2      | 98/300 [00:17<00:35,  5.62it/s]
Cached 6.12GB:  33%|###3      | 99/300 [00:17<00:34,  5.77it/s]
Cached 6.18GB:  33%|###3      | 99/300 [00:17<00:34,  5.77it/s]
Cached 6.18GB:  33%|###3      | 100/300 [00:17<00:34,  5.84it/s]
Cached 6.24GB:  33%|###3      | 100/300 [00:17<00:34,  5.84it/s]
Cached 6.24GB:  34%|###3      | 101/300 [00:17<00:33,  5.88it/s]
Cached 6.30GB:  34%|###3      | 101/300 [00:17<00:33,  5.88it/s]
Cached 6.30GB:  34%|###4      | 102/300 [00:17<00:33,  5.90it/s]
Cached 6.36GB:  34%|###4      | 102/300 [00:17<00:33,  5.90it/s]
Cached 6.36GB:  34%|###4      | 103/300 [00:17<00:33,  5.92it/s]
Cached 6.43GB:  34%|###4      | 103/300 [00:18<00:33,  5.92it/s]
Cached 6.43GB:  35%|###4      | 104/300 [00:18<00:33,  5.81it/s]
Cached 6.49GB:  35%|###4      | 104/300 [00:18<00:33,  5.81it/s]
Cached 6.49GB:  35%|###5      | 105/300 [00:18<00:32,  5.97it/s]
Cached 6.55GB:  35%|###5      | 105/300 [00:18<00:32,  5.97it/s]
Cached 6.55GB:  35%|###5      | 106/300 [00:18<00:32,  5.89it/s]
Cached 6.61GB:  35%|###5      | 106/300 [00:18<00:32,  5.89it/s]
Cached 6.61GB:  36%|###5      | 107/300 [00:18<00:32,  6.01it/s]
Cached 6.67GB:  36%|###5      | 107/300 [00:18<00:32,  6.01it/s]
Cached 6.67GB:  36%|###6      | 108/300 [00:18<00:33,  5.77it/s]
Cached 6.73GB:  36%|###6      | 108/300 [00:18<00:33,  5.77it/s]
Cached 6.73GB:  36%|###6      | 109/300 [00:18<00:33,  5.70it/s]
Cached 6.80GB:  36%|###6      | 109/300 [00:19<00:33,  5.70it/s]
Cached 6.80GB:  37%|###6      | 110/300 [00:19<00:32,  5.85it/s]
Cached 6.86GB:  37%|###6      | 110/300 [00:19<00:32,  5.85it/s]
Cached 6.86GB:  37%|###7      | 111/300 [00:19<00:33,  5.57it/s]
Cached 6.92GB:  37%|###7      | 111/300 [00:19<00:33,  5.57it/s]
Cached 6.92GB:  37%|###7      | 112/300 [00:19<00:32,  5.72it/s]
Cached 6.98GB:  37%|###7      | 112/300 [00:19<00:32,  5.72it/s]
Cached 6.98GB:  38%|###7      | 113/300 [00:19<00:32,  5.79it/s]
Cached 7.04GB:  38%|###7      | 113/300 [00:19<00:32,  5.79it/s]
Cached 7.04GB:  38%|###8      | 114/300 [00:19<00:32,  5.69it/s]
Cached 7.11GB:  38%|###8      | 114/300 [00:19<00:32,  5.69it/s]
Cached 7.11GB:  38%|###8      | 115/300 [00:19<00:31,  5.84it/s]
Cached 7.17GB:  38%|###8      | 115/300 [00:20<00:31,  5.84it/s]
Cached 7.17GB:  39%|###8      | 116/300 [00:20<00:30,  5.96it/s]
Cached 7.23GB:  39%|###8      | 116/300 [00:20<00:30,  5.96it/s]
Cached 7.23GB:  39%|###9      | 117/300 [00:20<00:31,  5.80it/s]
Cached 7.29GB:  39%|###9      | 117/300 [00:20<00:31,  5.80it/s]
Cached 7.29GB:  39%|###9      | 118/300 [00:20<00:30,  5.90it/s]
Cached 7.35GB:  39%|###9      | 118/300 [00:20<00:30,  5.90it/s]
Cached 7.35GB:  40%|###9      | 119/300 [00:20<00:29,  6.05it/s]
Cached 7.41GB:  40%|###9      | 119/300 [00:20<00:29,  6.05it/s]
Cached 7.41GB:  40%|####      | 120/300 [00:20<00:29,  6.05it/s]
Cached 7.48GB:  40%|####      | 120/300 [00:20<00:29,  6.05it/s]
Cached 7.48GB:  40%|####      | 121/300 [00:20<00:29,  6.02it/s]
Cached 7.54GB:  40%|####      | 121/300 [00:21<00:29,  6.02it/s]
Cached 7.54GB:  41%|####      | 122/300 [00:21<00:29,  5.98it/s]
Cached 7.60GB:  41%|####      | 122/300 [00:21<00:29,  5.98it/s]
Cached 7.60GB:  41%|####1     | 123/300 [00:21<00:29,  5.95it/s]
Cached 7.66GB:  41%|####1     | 123/300 [00:21<00:29,  5.95it/s]
Cached 7.66GB:  41%|####1     | 124/300 [00:21<00:29,  6.04it/s]
Cached 7.72GB:  41%|####1     | 124/300 [00:21<00:29,  6.04it/s]
Cached 7.72GB:  42%|####1     | 125/300 [00:21<00:30,  5.82it/s]
Cached 7.79GB:  42%|####1     | 125/300 [00:21<00:30,  5.82it/s]
Cached 7.79GB:  42%|####2     | 126/300 [00:21<00:29,  5.82it/s]
Cached 7.85GB:  42%|####2     | 126/300 [00:22<00:29,  5.82it/s]
Cached 7.85GB:  42%|####2     | 127/300 [00:22<00:29,  5.81it/s]
Cached 7.91GB:  42%|####2     | 127/300 [00:22<00:29,  5.81it/s]
Cached 7.91GB:  43%|####2     | 128/300 [00:22<00:30,  5.72it/s]
Cached 7.97GB:  43%|####2     | 128/300 [00:22<00:30,  5.72it/s]
Cached 7.97GB:  43%|####3     | 129/300 [00:22<00:31,  5.43it/s]
Cached 8.03GB:  43%|####3     | 129/300 [00:22<00:31,  5.43it/s]
Cached 8.03GB:  43%|####3     | 130/300 [00:22<00:32,  5.22it/s]
Cached 8.09GB:  43%|####3     | 130/300 [00:22<00:32,  5.22it/s]
Cached 8.09GB:  44%|####3     | 131/300 [00:22<00:31,  5.42it/s]
Cached 8.16GB:  44%|####3     | 131/300 [00:22<00:31,  5.42it/s]
Cached 8.16GB:  44%|####4     | 132/300 [00:22<00:31,  5.34it/s]
Cached 8.22GB:  44%|####4     | 132/300 [00:23<00:31,  5.34it/s]
Cached 8.22GB:  44%|####4     | 133/300 [00:23<00:30,  5.51it/s]
Cached 8.28GB:  44%|####4     | 133/300 [00:23<00:30,  5.51it/s]
Cached 8.28GB:  45%|####4     | 134/300 [00:23<00:28,  5.73it/s]
Cached 8.34GB:  45%|####4     | 134/300 [00:23<00:28,  5.73it/s]
Cached 8.34GB:  45%|####5     | 135/300 [00:23<00:27,  5.92it/s]
Cached 8.40GB:  45%|####5     | 135/300 [00:23<00:27,  5.92it/s]
Cached 8.40GB:  45%|####5     | 136/300 [00:23<00:27,  6.07it/s]
Cached 8.46GB:  45%|####5     | 136/300 [00:23<00:27,  6.07it/s]
Cached 8.46GB:  46%|####5     | 137/300 [00:23<00:26,  6.10it/s]
Cached 8.53GB:  46%|####5     | 137/300 [00:23<00:26,  6.10it/s]
Cached 8.53GB:  46%|####6     | 138/300 [00:23<00:27,  5.96it/s]
Cached 8.59GB:  46%|####6     | 138/300 [00:24<00:27,  5.96it/s]
Cached 8.59GB:  46%|####6     | 139/300 [00:24<00:27,  5.91it/s]
Cached 8.65GB:  46%|####6     | 139/300 [00:24<00:27,  5.91it/s]
Cached 8.65GB:  47%|####6     | 140/300 [00:24<00:26,  6.12it/s]
Cached 8.71GB:  47%|####6     | 140/300 [00:24<00:26,  6.12it/s]
Cached 8.71GB:  47%|####6     | 141/300 [00:24<00:26,  6.03it/s]
Cached 8.77GB:  47%|####6     | 141/300 [00:24<00:26,  6.03it/s]
Cached 8.77GB:  47%|####7     | 142/300 [00:24<00:27,  5.80it/s]
Cached 8.84GB:  47%|####7     | 142/300 [00:24<00:27,  5.80it/s]
Cached 8.84GB:  48%|####7     | 143/300 [00:24<00:26,  5.94it/s]
Cached 8.90GB:  48%|####7     | 143/300 [00:24<00:26,  5.94it/s]
Cached 8.90GB:  48%|####8     | 144/300 [00:24<00:25,  6.00it/s]
Cached 8.96GB:  48%|####8     | 144/300 [00:25<00:25,  6.00it/s]
Cached 8.96GB:  48%|####8     | 145/300 [00:25<00:27,  5.67it/s]
Cached 9.02GB:  48%|####8     | 145/300 [00:25<00:27,  5.67it/s]
Cached 9.02GB:  49%|####8     | 146/300 [00:25<00:26,  5.73it/s]
Cached 9.08GB:  49%|####8     | 146/300 [00:25<00:26,  5.73it/s]
Cached 9.08GB:  49%|####9     | 147/300 [00:25<00:26,  5.85it/s]
Cached 9.14GB:  49%|####9     | 147/300 [00:25<00:26,  5.85it/s]
Cached 9.14GB:  49%|####9     | 148/300 [00:25<00:25,  5.88it/s]
Cached 9.21GB:  49%|####9     | 148/300 [00:25<00:25,  5.88it/s]
Cached 9.21GB:  50%|####9     | 149/300 [00:25<00:25,  5.90it/s]
Cached 9.27GB:  50%|####9     | 149/300 [00:25<00:25,  5.90it/s]
Cached 9.27GB:  50%|#####     | 150/300 [00:25<00:24,  6.09it/s]
Cached 9.33GB:  50%|#####     | 150/300 [00:26<00:24,  6.09it/s]
Cached 9.33GB:  50%|#####     | 151/300 [00:26<00:24,  6.05it/s]
Cached 9.39GB:  50%|#####     | 151/300 [00:26<00:24,  6.05it/s]
Cached 9.39GB:  51%|#####     | 152/300 [00:26<00:24,  5.97it/s]
Cached 9.45GB:  51%|#####     | 152/300 [00:26<00:24,  5.97it/s]
Cached 9.45GB:  51%|#####1    | 153/300 [00:26<00:24,  6.00it/s]
Cached 9.52GB:  51%|#####1    | 153/300 [00:26<00:24,  6.00it/s]
Cached 9.52GB:  51%|#####1    | 154/300 [00:26<00:23,  6.18it/s]
Cached 9.58GB:  51%|#####1    | 154/300 [00:26<00:23,  6.18it/s]
Cached 9.58GB:  52%|#####1    | 155/300 [00:26<00:24,  5.92it/s]
Cached 9.64GB:  52%|#####1    | 155/300 [00:26<00:24,  5.92it/s]
Cached 9.64GB:  52%|#####2    | 156/300 [00:26<00:24,  5.95it/s]
Cached 9.70GB:  52%|#####2    | 156/300 [00:27<00:24,  5.95it/s]
Cached 9.70GB:  52%|#####2    | 157/300 [00:27<00:24,  5.91it/s]
Cached 9.76GB:  52%|#####2    | 157/300 [00:27<00:24,  5.91it/s]
Cached 9.76GB:  53%|#####2    | 158/300 [00:27<00:23,  6.04it/s]
Cached 9.82GB:  53%|#####2    | 158/300 [00:27<00:23,  6.04it/s]
Cached 9.82GB:  53%|#####3    | 159/300 [00:27<00:23,  6.01it/s]
Cached 9.89GB:  53%|#####3    | 159/300 [00:27<00:23,  6.01it/s]
Cached 9.89GB:  53%|#####3    | 160/300 [00:27<00:23,  6.01it/s]
Cached 9.95GB:  53%|#####3    | 160/300 [00:27<00:23,  6.01it/s]
Cached 9.95GB:  54%|#####3    | 161/300 [00:27<00:23,  6.04it/s]
Cached 10.01GB:  54%|#####3    | 161/300 [00:27<00:23,  6.04it/s]
Cached 10.01GB:  54%|#####4    | 162/300 [00:27<00:23,  5.94it/s]
Cached 10.07GB:  54%|#####4    | 162/300 [00:28<00:23,  5.94it/s]
Cached 10.07GB:  54%|#####4    | 163/300 [00:28<00:22,  6.00it/s]
Cached 10.13GB:  54%|#####4    | 163/300 [00:28<00:22,  6.00it/s]
Cached 10.13GB:  55%|#####4    | 164/300 [00:28<00:22,  6.09it/s]
Cached 10.19GB:  55%|#####4    | 164/300 [00:28<00:22,  6.09it/s]
Cached 10.19GB:  55%|#####5    | 165/300 [00:28<00:22,  6.08it/s]
Cached 10.26GB:  55%|#####5    | 165/300 [00:28<00:22,  6.08it/s]
Cached 10.26GB:  55%|#####5    | 166/300 [00:28<00:22,  6.01it/s]
Cached 10.32GB:  55%|#####5    | 166/300 [00:28<00:22,  6.01it/s]
Cached 10.32GB:  56%|#####5    | 167/300 [00:28<00:22,  6.01it/s]
Cached 10.38GB:  56%|#####5    | 167/300 [00:28<00:22,  6.01it/s]
Cached 10.38GB:  56%|#####6    | 168/300 [00:28<00:22,  5.95it/s]
Cached 10.44GB:  56%|#####6    | 168/300 [00:29<00:22,  5.95it/s]
Cached 10.44GB:  56%|#####6    | 169/300 [00:29<00:23,  5.68it/s]
Cached 10.50GB:  56%|#####6    | 169/300 [00:29<00:23,  5.68it/s]
Cached 10.50GB:  57%|#####6    | 170/300 [00:29<00:22,  5.74it/s]
Cached 10.57GB:  57%|#####6    | 170/300 [00:29<00:22,  5.74it/s]
Cached 10.57GB:  57%|#####6    | 171/300 [00:29<00:21,  5.90it/s]
Cached 10.63GB:  57%|#####6    | 171/300 [00:29<00:21,  5.90it/s]
Cached 10.63GB:  57%|#####7    | 172/300 [00:29<00:22,  5.70it/s]
Cached 10.69GB:  57%|#####7    | 172/300 [00:29<00:22,  5.70it/s]
Cached 10.69GB:  58%|#####7    | 173/300 [00:29<00:21,  5.79it/s]
Cached 10.75GB:  58%|#####7    | 173/300 [00:30<00:21,  5.79it/s]
Cached 10.75GB:  58%|#####8    | 174/300 [00:30<00:21,  5.87it/s]
Cached 10.81GB:  58%|#####8    | 174/300 [00:30<00:21,  5.87it/s]
Cached 10.81GB:  58%|#####8    | 175/300 [00:30<00:21,  5.93it/s]
Cached 10.87GB:  58%|#####8    | 175/300 [00:30<00:21,  5.93it/s]
Cached 10.87GB:  59%|#####8    | 176/300 [00:30<00:21,  5.76it/s]
Cached 10.94GB:  59%|#####8    | 176/300 [00:30<00:21,  5.76it/s]
Cached 10.94GB:  59%|#####8    | 177/300 [00:30<00:20,  5.89it/s]
Cached 11.00GB:  59%|#####8    | 177/300 [00:30<00:20,  5.89it/s]
Cached 11.00GB:  59%|#####9    | 178/300 [00:30<00:20,  6.06it/s]
Cached 11.06GB:  59%|#####9    | 178/300 [00:30<00:20,  6.06it/s]
Cached 11.06GB:  60%|#####9    | 179/300 [00:30<00:21,  5.62it/s]
Cached 11.12GB:  60%|#####9    | 179/300 [00:31<00:21,  5.62it/s]
Cached 11.12GB:  60%|######    | 180/300 [00:31<00:21,  5.51it/s]
Cached 11.18GB:  60%|######    | 180/300 [00:31<00:21,  5.51it/s]
Cached 11.18GB:  60%|######    | 181/300 [00:31<00:21,  5.66it/s]
Cached 11.25GB:  60%|######    | 181/300 [00:31<00:21,  5.66it/s]
Cached 11.25GB:  61%|######    | 182/300 [00:31<00:20,  5.81it/s]
Cached 11.31GB:  61%|######    | 182/300 [00:31<00:20,  5.81it/s]
Cached 11.31GB:  61%|######1   | 183/300 [00:31<00:21,  5.52it/s]
Cached 11.37GB:  61%|######1   | 183/300 [00:31<00:21,  5.52it/s]
Cached 11.37GB:  61%|######1   | 184/300 [00:31<00:20,  5.58it/s]
Cached 11.43GB:  61%|######1   | 184/300 [00:31<00:20,  5.58it/s]
Cached 11.43GB:  62%|######1   | 185/300 [00:31<00:20,  5.68it/s]
Cached 11.49GB:  62%|######1   | 185/300 [00:32<00:20,  5.68it/s]
Cached 11.49GB:  62%|######2   | 186/300 [00:32<00:19,  5.75it/s]
Cached 11.55GB:  62%|######2   | 186/300 [00:32<00:19,  5.75it/s]
Cached 11.55GB:  62%|######2   | 187/300 [00:32<00:20,  5.55it/s]
Cached 11.62GB:  62%|######2   | 187/300 [00:32<00:20,  5.55it/s]
Cached 11.62GB:  63%|######2   | 188/300 [00:32<00:19,  5.70it/s]
Cached 11.68GB:  63%|######2   | 188/300 [00:32<00:19,  5.70it/s]
Cached 11.68GB:  63%|######3   | 189/300 [00:32<00:19,  5.74it/s]
Cached 11.74GB:  63%|######3   | 189/300 [00:32<00:19,  5.74it/s]
Cached 11.74GB:  63%|######3   | 190/300 [00:32<00:20,  5.42it/s]
Cached 11.80GB:  63%|######3   | 190/300 [00:33<00:20,  5.42it/s]
Cached 11.80GB:  64%|######3   | 191/300 [00:33<00:20,  5.21it/s]
Cached 11.86GB:  64%|######3   | 191/300 [00:33<00:20,  5.21it/s]
Cached 11.86GB:  64%|######4   | 192/300 [00:33<00:22,  4.76it/s]
Cached 11.92GB:  64%|######4   | 192/300 [00:33<00:22,  4.76it/s]
Cached 11.92GB:  64%|######4   | 193/300 [00:33<00:22,  4.79it/s]
Cached 11.99GB:  64%|######4   | 193/300 [00:33<00:22,  4.79it/s]
Cached 11.99GB:  65%|######4   | 194/300 [00:33<00:21,  4.82it/s]
Cached 12.05GB:  65%|######4   | 194/300 [00:33<00:21,  4.82it/s]
Cached 12.05GB:  65%|######5   | 195/300 [00:33<00:22,  4.74it/s]
Cached 12.11GB:  65%|######5   | 195/300 [00:34<00:22,  4.74it/s]
Cached 12.11GB:  65%|######5   | 196/300 [00:34<00:22,  4.71it/s]
Cached 12.17GB:  65%|######5   | 196/300 [00:34<00:22,  4.71it/s]
Cached 12.17GB:  66%|######5   | 197/300 [00:34<00:21,  4.70it/s]
Cached 12.23GB:  66%|######5   | 197/300 [00:34<00:21,  4.70it/s]
Cached 12.23GB:  66%|######6   | 198/300 [00:34<00:21,  4.67it/s]
Cached 12.30GB:  66%|######6   | 198/300 [00:34<00:21,  4.67it/s]
Cached 12.30GB:  66%|######6   | 199/300 [00:34<00:21,  4.72it/s]
Cached 12.36GB:  66%|######6   | 199/300 [00:35<00:21,  4.72it/s]
Cached 12.36GB:  67%|######6   | 200/300 [00:35<00:20,  4.81it/s]
Cached 12.42GB:  67%|######6   | 200/300 [00:35<00:20,  4.81it/s]
Cached 12.42GB:  67%|######7   | 201/300 [00:35<00:19,  5.09it/s]
Cached 12.48GB:  67%|######7   | 201/300 [00:35<00:19,  5.09it/s]
Cached 12.48GB:  67%|######7   | 202/300 [00:35<00:18,  5.20it/s]
Cached 12.54GB:  67%|######7   | 202/300 [00:35<00:18,  5.20it/s]
Cached 12.54GB:  68%|######7   | 203/300 [00:35<00:18,  5.17it/s]
Cached 12.60GB:  68%|######7   | 203/300 [00:35<00:18,  5.17it/s]
Cached 12.60GB:  68%|######8   | 204/300 [00:35<00:17,  5.34it/s]
Cached 12.67GB:  68%|######8   | 204/300 [00:35<00:17,  5.34it/s]
Cached 12.67GB:  68%|######8   | 205/300 [00:35<00:18,  5.24it/s]
Cached 12.73GB:  68%|######8   | 205/300 [00:36<00:18,  5.24it/s]
Cached 12.73GB:  69%|######8   | 206/300 [00:36<00:17,  5.30it/s]
Cached 12.79GB:  69%|######8   | 206/300 [00:36<00:17,  5.30it/s]
Cached 12.79GB:  69%|######9   | 207/300 [00:36<00:17,  5.26it/s]
Cached 12.85GB:  69%|######9   | 207/300 [00:36<00:17,  5.26it/s]
Cached 12.85GB:  69%|######9   | 208/300 [00:36<00:17,  5.18it/s]
Cached 12.91GB:  69%|######9   | 208/300 [00:36<00:17,  5.18it/s]
Cached 12.91GB:  70%|######9   | 209/300 [00:36<00:16,  5.42it/s]
Cached 12.98GB:  70%|######9   | 209/300 [00:36<00:16,  5.42it/s]
Cached 12.98GB:  70%|#######   | 210/300 [00:36<00:16,  5.54it/s]
Cached 13.04GB:  70%|#######   | 210/300 [00:37<00:16,  5.54it/s]
Cached 13.04GB:  70%|#######   | 211/300 [00:37<00:15,  5.66it/s]
Cached 13.10GB:  70%|#######   | 211/300 [00:37<00:15,  5.66it/s]
Cached 13.10GB:  71%|#######   | 212/300 [00:37<00:15,  5.71it/s]
Cached 13.16GB:  71%|#######   | 212/300 [00:37<00:15,  5.71it/s]
Cached 13.16GB:  71%|#######1  | 213/300 [00:37<00:15,  5.75it/s]
Cached 13.22GB:  71%|#######1  | 213/300 [00:37<00:15,  5.75it/s]
Cached 13.22GB:  71%|#######1  | 214/300 [00:37<00:15,  5.73it/s]
Cached 13.28GB:  71%|#######1  | 214/300 [00:37<00:15,  5.73it/s]
Cached 13.28GB:  72%|#######1  | 215/300 [00:37<00:15,  5.60it/s]
Cached 13.35GB:  72%|#######1  | 215/300 [00:37<00:15,  5.60it/s]
Cached 13.35GB:  72%|#######2  | 216/300 [00:37<00:14,  5.67it/s]
Cached 13.41GB:  72%|#######2  | 216/300 [00:38<00:14,  5.67it/s]
Cached 13.41GB:  72%|#######2  | 217/300 [00:38<00:14,  5.62it/s]
Cached 13.47GB:  72%|#######2  | 217/300 [00:38<00:14,  5.62it/s]
Cached 13.47GB:  73%|#######2  | 218/300 [00:38<00:15,  5.41it/s]
Cached 13.53GB:  73%|#######2  | 218/300 [00:38<00:15,  5.41it/s]
Cached 13.53GB:  73%|#######3  | 219/300 [00:38<00:14,  5.58it/s]
Cached 13.59GB:  73%|#######3  | 219/300 [00:38<00:14,  5.58it/s]
Cached 13.59GB:  73%|#######3  | 220/300 [00:38<00:13,  5.86it/s]
Cached 13.65GB:  73%|#######3  | 220/300 [00:38<00:13,  5.86it/s]
Cached 13.65GB:  74%|#######3  | 221/300 [00:38<00:13,  5.95it/s]
Cached 13.72GB:  74%|#######3  | 221/300 [00:38<00:13,  5.95it/s]
Cached 13.72GB:  74%|#######4  | 222/300 [00:38<00:13,  5.69it/s]
Cached 13.78GB:  74%|#######4  | 222/300 [00:39<00:13,  5.69it/s]
Cached 13.78GB:  74%|#######4  | 223/300 [00:39<00:13,  5.72it/s]
Cached 13.84GB:  74%|#######4  | 223/300 [00:39<00:13,  5.72it/s]
Cached 13.84GB:  75%|#######4  | 224/300 [00:39<00:12,  5.90it/s]
Cached 13.90GB:  75%|#######4  | 224/300 [00:39<00:12,  5.90it/s]
Cached 13.90GB:  75%|#######5  | 225/300 [00:39<00:12,  5.93it/s]
Cached 13.96GB:  75%|#######5  | 225/300 [00:39<00:12,  5.93it/s]
Cached 13.96GB:  75%|#######5  | 226/300 [00:39<00:12,  6.02it/s]
Cached 14.03GB:  75%|#######5  | 226/300 [00:39<00:12,  6.02it/s]
Cached 14.03GB:  76%|#######5  | 227/300 [00:39<00:12,  6.03it/s]
Cached 14.09GB:  76%|#######5  | 227/300 [00:39<00:12,  6.03it/s]
Cached 14.09GB:  76%|#######6  | 228/300 [00:39<00:12,  5.90it/s]
Cached 14.15GB:  76%|#######6  | 228/300 [00:40<00:12,  5.90it/s]
Cached 14.15GB:  76%|#######6  | 229/300 [00:40<00:11,  6.03it/s]
Cached 14.21GB:  76%|#######6  | 229/300 [00:40<00:11,  6.03it/s]
Cached 14.21GB:  77%|#######6  | 230/300 [00:40<00:11,  6.18it/s]
Cached 14.27GB:  77%|#######6  | 230/300 [00:40<00:11,  6.18it/s]
Cached 14.27GB:  77%|#######7  | 231/300 [00:40<00:11,  6.04it/s]
Cached 14.33GB:  77%|#######7  | 231/300 [00:40<00:11,  6.04it/s]
Cached 14.33GB:  77%|#######7  | 232/300 [00:40<00:12,  5.64it/s]
Cached 14.40GB:  77%|#######7  | 232/300 [00:40<00:12,  5.64it/s]
Cached 14.40GB:  78%|#######7  | 233/300 [00:40<00:11,  5.64it/s]
Cached 14.46GB:  78%|#######7  | 233/300 [00:40<00:11,  5.64it/s]
Cached 14.46GB:  78%|#######8  | 234/300 [00:40<00:11,  5.70it/s]
Cached 14.52GB:  78%|#######8  | 234/300 [00:41<00:11,  5.70it/s]
Cached 14.52GB:  78%|#######8  | 235/300 [00:41<00:11,  5.71it/s]
Cached 14.58GB:  78%|#######8  | 235/300 [00:41<00:11,  5.71it/s]
Cached 14.58GB:  79%|#######8  | 236/300 [00:41<00:11,  5.52it/s]
Cached 14.64GB:  79%|#######8  | 236/300 [00:41<00:11,  5.52it/s]
Cached 14.64GB:  79%|#######9  | 237/300 [00:41<00:11,  5.56it/s]
Cached 14.71GB:  79%|#######9  | 237/300 [00:41<00:11,  5.56it/s]
Cached 14.71GB:  79%|#######9  | 238/300 [00:41<00:11,  5.59it/s]
Cached 14.77GB:  79%|#######9  | 238/300 [00:41<00:11,  5.59it/s]
Cached 14.77GB:  80%|#######9  | 239/300 [00:41<00:10,  5.56it/s]
Cached 14.83GB:  80%|#######9  | 239/300 [00:42<00:10,  5.56it/s]
Cached 14.83GB:  80%|########  | 240/300 [00:42<00:10,  5.54it/s]
Cached 14.89GB:  80%|########  | 240/300 [00:42<00:10,  5.54it/s]
Cached 14.89GB:  80%|########  | 241/300 [00:42<00:10,  5.58it/s]
Cached 14.95GB:  80%|########  | 241/300 [00:42<00:10,  5.58it/s]
Cached 14.95GB:  81%|########  | 242/300 [00:42<00:10,  5.66it/s]
Cached 15.01GB:  81%|########  | 242/300 [00:42<00:10,  5.66it/s]
Cached 15.01GB:  81%|########1 | 243/300 [00:42<00:10,  5.67it/s]
Cached 15.08GB:  81%|########1 | 243/300 [00:42<00:10,  5.67it/s]
Cached 15.08GB:  81%|########1 | 244/300 [00:42<00:10,  5.53it/s]
Cached 15.14GB:  81%|########1 | 244/300 [00:42<00:10,  5.53it/s]
Cached 15.14GB:  82%|########1 | 245/300 [00:42<00:09,  5.65it/s]
Cached 15.20GB:  82%|########1 | 245/300 [00:43<00:09,  5.65it/s]
Cached 15.20GB:  82%|########2 | 246/300 [00:43<00:09,  5.78it/s]
Cached 15.26GB:  82%|########2 | 246/300 [00:43<00:09,  5.78it/s]
Cached 15.26GB:  82%|########2 | 247/300 [00:43<00:09,  5.49it/s]
Cached 15.32GB:  82%|########2 | 247/300 [00:43<00:09,  5.49it/s]
Cached 15.32GB:  83%|########2 | 248/300 [00:43<00:09,  5.45it/s]
Cached 15.38GB:  83%|########2 | 248/300 [00:43<00:09,  5.45it/s]
Cached 15.38GB:  83%|########2 | 249/300 [00:43<00:09,  5.34it/s]
Cached 15.45GB:  83%|########2 | 249/300 [00:43<00:09,  5.34it/s]
Cached 15.45GB:  83%|########3 | 250/300 [00:43<00:10,  4.99it/s]
Cached 15.51GB:  83%|########3 | 250/300 [00:44<00:10,  4.99it/s]
Cached 15.51GB:  84%|########3 | 251/300 [00:44<00:09,  4.95it/s]
Cached 15.57GB:  84%|########3 | 251/300 [00:44<00:09,  4.95it/s]
Cached 15.57GB:  84%|########4 | 252/300 [00:44<00:09,  5.12it/s]
Cached 15.63GB:  84%|########4 | 252/300 [00:44<00:09,  5.12it/s]
Cached 15.63GB:  84%|########4 | 253/300 [00:44<00:09,  5.13it/s]
Cached 15.69GB:  84%|########4 | 253/300 [00:44<00:09,  5.13it/s]
Cached 15.69GB:  85%|########4 | 254/300 [00:44<00:09,  4.63it/s]
Cached 15.76GB:  85%|########4 | 254/300 [00:44<00:09,  4.63it/s]
Cached 15.76GB:  85%|########5 | 255/300 [00:44<00:09,  4.82it/s]
Cached 15.82GB:  85%|########5 | 255/300 [00:45<00:09,  4.82it/s]
Cached 15.82GB:  85%|########5 | 256/300 [00:45<00:09,  4.76it/s]
Cached 15.88GB:  85%|########5 | 256/300 [00:45<00:09,  4.76it/s]
Cached 15.88GB:  86%|########5 | 257/300 [00:45<00:09,  4.78it/s]
Cached 15.94GB:  86%|########5 | 257/300 [00:45<00:09,  4.78it/s]
Cached 15.94GB:  86%|########6 | 258/300 [00:45<00:08,  4.76it/s]
Cached 16.00GB:  86%|########6 | 258/300 [00:45<00:08,  4.76it/s]
Cached 16.00GB:  86%|########6 | 259/300 [00:45<00:08,  4.71it/s]
Cached 16.06GB:  86%|########6 | 259/300 [00:46<00:08,  4.71it/s]
Cached 16.06GB:  87%|########6 | 260/300 [00:46<00:08,  4.90it/s]
Cached 16.13GB:  87%|########6 | 260/300 [00:46<00:08,  4.90it/s]
Cached 16.13GB:  87%|########7 | 261/300 [00:46<00:07,  4.89it/s]
Cached 16.19GB:  87%|########7 | 261/300 [00:46<00:07,  4.89it/s]
Cached 16.19GB:  87%|########7 | 262/300 [00:46<00:08,  4.32it/s]
Cached 16.25GB:  87%|########7 | 262/300 [00:46<00:08,  4.32it/s]
Cached 16.25GB:  88%|########7 | 263/300 [00:46<00:08,  4.50it/s]
Cached 16.31GB:  88%|########7 | 263/300 [00:46<00:08,  4.50it/s]
Cached 16.31GB:  88%|########8 | 264/300 [00:46<00:07,  4.69it/s]
Cached 16.37GB:  88%|########8 | 264/300 [00:47<00:07,  4.69it/s]
Cached 16.37GB:  88%|########8 | 265/300 [00:47<00:07,  4.83it/s]
Cached 16.44GB:  88%|########8 | 265/300 [00:47<00:07,  4.83it/s]
Cached 16.44GB:  89%|########8 | 266/300 [00:47<00:06,  4.99it/s]
Cached 16.50GB:  89%|########8 | 266/300 [00:47<00:06,  4.99it/s]
Cached 16.50GB:  89%|########9 | 267/300 [00:47<00:06,  5.22it/s]
Cached 16.56GB:  89%|########9 | 267/300 [00:47<00:06,  5.22it/s]
Cached 16.56GB:  89%|########9 | 268/300 [00:47<00:05,  5.35it/s]
Cached 16.62GB:  89%|########9 | 268/300 [00:47<00:05,  5.35it/s]
Cached 16.62GB:  90%|########9 | 269/300 [00:47<00:05,  5.43it/s]
Cached 16.68GB:  90%|########9 | 269/300 [00:47<00:05,  5.43it/s]
Cached 16.68GB:  90%|######### | 270/300 [00:47<00:05,  5.39it/s]
Cached 16.74GB:  90%|######### | 270/300 [00:48<00:05,  5.39it/s]
Cached 16.74GB:  90%|######### | 271/300 [00:48<00:05,  5.28it/s]
Cached 16.81GB:  90%|######### | 271/300 [00:48<00:05,  5.28it/s]
Cached 16.81GB:  91%|######### | 272/300 [00:48<00:05,  5.03it/s]
Cached 16.87GB:  91%|######### | 272/300 [00:48<00:05,  5.03it/s]
Cached 16.87GB:  91%|#########1| 273/300 [00:48<00:05,  4.97it/s]
Cached 16.93GB:  91%|#########1| 273/300 [00:48<00:05,  4.97it/s]
Cached 16.93GB:  91%|#########1| 274/300 [00:48<00:05,  5.13it/s]
Cached 16.99GB:  91%|#########1| 274/300 [00:49<00:05,  5.13it/s]
Cached 16.99GB:  92%|#########1| 275/300 [00:49<00:05,  4.82it/s]
Cached 17.05GB:  92%|#########1| 275/300 [00:49<00:05,  4.82it/s]
Cached 17.05GB:  92%|#########2| 276/300 [00:49<00:05,  4.63it/s]
Cached 17.11GB:  92%|#########2| 276/300 [00:49<00:05,  4.63it/s]
Cached 17.11GB:  92%|#########2| 277/300 [00:49<00:04,  4.91it/s]
Cached 17.18GB:  92%|#########2| 277/300 [00:49<00:04,  4.91it/s]
Cached 17.18GB:  93%|#########2| 278/300 [00:49<00:04,  4.81it/s]
Cached 17.24GB:  93%|#########2| 278/300 [00:49<00:04,  4.81it/s]
Cached 17.24GB:  93%|#########3| 279/300 [00:49<00:04,  5.01it/s]
Cached 17.30GB:  93%|#########3| 279/300 [00:50<00:04,  5.01it/s]
Cached 17.30GB:  93%|#########3| 280/300 [00:50<00:03,  5.18it/s]
Cached 17.36GB:  93%|#########3| 280/300 [00:50<00:03,  5.18it/s]
Cached 17.36GB:  94%|#########3| 281/300 [00:50<00:03,  5.09it/s]
Cached 17.42GB:  94%|#########3| 281/300 [00:50<00:03,  5.09it/s]
Cached 17.42GB:  94%|#########3| 282/300 [00:50<00:03,  5.14it/s]
Cached 17.49GB:  94%|#########3| 282/300 [00:50<00:03,  5.14it/s]
Cached 17.49GB:  94%|#########4| 283/300 [00:50<00:03,  5.22it/s]
Cached 17.55GB:  94%|#########4| 283/300 [00:50<00:03,  5.22it/s]
Cached 17.55GB:  95%|#########4| 284/300 [00:50<00:03,  5.30it/s]
Cached 17.61GB:  95%|#########4| 284/300 [00:50<00:03,  5.30it/s]
Cached 17.61GB:  95%|#########5| 285/300 [00:50<00:02,  5.29it/s]
Cached 17.67GB:  95%|#########5| 285/300 [00:51<00:02,  5.29it/s]
Cached 17.67GB:  95%|#########5| 286/300 [00:51<00:02,  5.34it/s]
Cached 17.73GB:  95%|#########5| 286/300 [00:51<00:02,  5.34it/s]
Cached 17.73GB:  96%|#########5| 287/300 [00:51<00:02,  5.40it/s]
Cached 17.79GB:  96%|#########5| 287/300 [00:51<00:02,  5.40it/s]
Cached 17.79GB:  96%|#########6| 288/300 [00:51<00:02,  5.39it/s]
Cached 17.86GB:  96%|#########6| 288/300 [00:51<00:02,  5.39it/s]
Cached 17.86GB:  96%|#########6| 289/300 [00:51<00:02,  5.20it/s]
Cached 17.92GB:  96%|#########6| 289/300 [00:51<00:02,  5.20it/s]
Cached 17.92GB:  97%|#########6| 290/300 [00:51<00:01,  5.28it/s]
Cached 17.98GB:  97%|#########6| 290/300 [00:52<00:01,  5.28it/s]
Cached 17.98GB:  97%|#########7| 291/300 [00:52<00:01,  5.41it/s]
Cached 18.04GB:  97%|#########7| 291/300 [00:52<00:01,  5.41it/s]
Cached 18.04GB:  97%|#########7| 292/300 [00:52<00:01,  5.46it/s]
Cached 18.10GB:  97%|#########7| 292/300 [00:52<00:01,  5.46it/s]
Cached 18.10GB:  98%|#########7| 293/300 [00:52<00:01,  5.27it/s]
Cached 18.17GB:  98%|#########7| 293/300 [00:52<00:01,  5.27it/s]
Cached 18.17GB:  98%|#########8| 294/300 [00:52<00:01,  5.44it/s]
Cached 18.23GB:  98%|#########8| 294/300 [00:52<00:01,  5.44it/s]
Cached 18.23GB:  98%|#########8| 295/300 [00:52<00:00,  5.54it/s]
Cached 18.29GB:  98%|#########8| 295/300 [00:53<00:00,  5.54it/s]
Cached 18.29GB:  99%|#########8| 296/300 [00:53<00:00,  5.34it/s]
Cached 18.35GB:  99%|#########8| 296/300 [00:53<00:00,  5.34it/s]
Cached 18.35GB:  99%|#########9| 297/300 [00:53<00:00,  5.36it/s]
Cached 18.41GB:  99%|#########9| 297/300 [00:53<00:00,  5.36it/s]
Cached 18.41GB:  99%|#########9| 298/300 [00:53<00:00,  5.44it/s]
Cached 18.47GB:  99%|#########9| 298/300 [00:53<00:00,  5.44it/s]
Cached 18.47GB: 100%|#########9| 299/300 [00:53<00:00,  5.31it/s]
Cached 18.54GB: 100%|#########9| 299/300 [00:53<00:00,  5.31it/s]
Cached 18.54GB: 100%|##########| 300/300 [00:53<00:00,  5.36it/s]
Cached 18.54GB: 100%|##########| 300/300 [00:53<00:00,  5.58it/s]
[32m
[QUARK-INFO]: Finding optimal threshold for each tensor using PowerOfTwoMethod.MinMSE algorithm in 'All' mode ...[0m

  0%|          | 0/123 [00:00<?, ?it/s]
  2%|1         | 2/123 [00:13<13:51,  6.87s/it]
  2%|2         | 3/123 [00:19<13:06,  6.55s/it]
  3%|3         | 4/123 [00:23<10:28,  5.29s/it][33m
[QUARK-WARNING]: rmin is set to -inf, replacing with a very small value.[0m
[33m
[QUARK-WARNING]: rmax is set to inf, replacing with a very large value.[0m
C:\Users\<user>\miniforge3\envs\resnet_env\Lib\site-packages\quark\onnx\quantization\quant_utils.py:1106: RuntimeWarning: overflow encountered in multiply
  rmin = (qmin.astype(np.float32) - zero_point.astype(np.float32)) * new_scale
C:\Users\<user>\miniforge3\envs\resnet_env\Lib\site-packages\quark\onnx\quantization\quant_utils.py:1010: RuntimeWarning: overflow encountered in multiply
  deq_arr = (data - zero_point.astype(np.float32)) * scale
C:\Users\<user>\miniforge3\envs\resnet_env\Lib\site-packages\quark\onnx\quantization\quant_utils.py:1109: RuntimeWarning: invalid value encountered in subtract
  diff = np.sum((dequantize_data(new_quantized_data, new_scale, zp_mse) - np.asarray(data)) ** 2)

  4%|4         | 5/123 [00:29<11:14,  5.71s/it]
  5%|4         | 6/123 [00:43<16:14,  8.33s/it]
  6%|5         | 7/123 [00:49<14:41,  7.60s/it]
  7%|6         | 8/123 [00:52<11:51,  6.19s/it]
  7%|7         | 9/123 [00:53<09:02,  4.76s/it]
  8%|8         | 10/123 [01:00<09:54,  5.26s/it]
  9%|8         | 11/123 [01:03<08:33,  4.59s/it]
 10%|9         | 12/123 [01:04<06:23,  3.45s/it][33m
[QUARK-WARNING]: rmin is set to -inf, replacing with a very small value.[0m

 11%|#         | 13/123 [01:10<07:49,  4.27s/it]
 11%|#1        | 14/123 [01:16<08:45,  4.82s/it]
 12%|#2        | 15/123 [01:28<12:31,  6.96s/it]
 13%|#3        | 16/123 [01:29<09:09,  5.13s/it]
 14%|#3        | 17/123 [01:35<09:35,  5.43s/it]
 15%|#4        | 18/123 [01:38<08:19,  4.76s/it]
 15%|#5        | 19/123 [01:40<06:35,  3.80s/it]
 16%|#6        | 20/123 [01:41<05:22,  3.13s/it]
 17%|#7        | 21/123 [01:43<04:31,  2.66s/it]
 18%|#7        | 22/123 [01:44<03:33,  2.11s/it]
 19%|#8        | 23/123 [01:56<08:31,  5.12s/it]
 20%|#9        | 24/123 [01:59<07:26,  4.51s/it][33m
[QUARK-WARNING]: rmin is set to -inf, replacing with a very small value.[0m

 20%|##        | 25/123 [02:05<08:10,  5.01s/it]
 21%|##1       | 26/123 [02:08<07:10,  4.44s/it][33m
[QUARK-WARNING]: rmin is set to -inf, replacing with a very small value.[0m
[33m
[QUARK-WARNING]: rmax is set to inf, replacing with a very large value.[0m

 22%|##1       | 27/123 [02:11<06:30,  4.07s/it]
 23%|##2       | 28/123 [02:26<11:25,  7.22s/it]
 24%|##3       | 29/123 [02:27<08:41,  5.55s/it]
 25%|##5       | 31/123 [02:31<05:42,  3.72s/it]
 26%|##6       | 32/123 [02:32<04:50,  3.19s/it]
 27%|##6       | 33/123 [02:45<08:22,  5.59s/it]
 28%|##7       | 34/123 [02:48<07:15,  4.89s/it]
 28%|##8       | 35/123 [02:59<09:58,  6.81s/it]
 29%|##9       | 36/123 [03:02<08:19,  5.74s/it]
 30%|###       | 37/123 [03:05<07:05,  4.95s/it]
 31%|###       | 38/123 [03:07<05:35,  3.95s/it]
 32%|###1      | 39/123 [03:10<05:08,  3.67s/it]
 33%|###3      | 41/123 [03:13<03:41,  2.70s/it]
 34%|###4      | 42/123 [03:15<03:17,  2.44s/it]
 35%|###4      | 43/123 [03:16<02:56,  2.21s/it]
 36%|###5      | 44/123 [03:18<02:38,  2.00s/it]
 37%|###6      | 45/123 [03:21<03:01,  2.32s/it][33m
[QUARK-WARNING]: rmax is set to inf, replacing with a very large value.[0m

 37%|###7      | 46/123 [03:22<02:43,  2.12s/it]
 38%|###8      | 47/123 [03:26<03:01,  2.39s/it]
 39%|###9      | 48/123 [03:32<04:21,  3.49s/it]
 40%|###9      | 49/123 [03:43<07:18,  5.92s/it]
 41%|####      | 50/123 [03:55<09:22,  7.71s/it]
 41%|####1     | 51/123 [04:02<08:42,  7.25s/it]
 42%|####2     | 52/123 [04:03<06:36,  5.59s/it]
 43%|####3     | 53/123 [04:06<05:23,  4.62s/it]
 44%|####3     | 54/123 [04:09<04:46,  4.16s/it]
 45%|####4     | 55/123 [04:10<03:35,  3.17s/it]
 46%|####5     | 56/123 [04:13<03:30,  3.14s/it]
 46%|####6     | 57/123 [04:16<03:22,  3.07s/it]
 47%|####7     | 58/123 [04:18<03:16,  3.03s/it]
 48%|####7     | 59/123 [04:19<02:31,  2.36s/it]
 49%|####8     | 60/123 [04:21<02:13,  2.11s/it]
 50%|####9     | 61/123 [04:35<05:51,  5.68s/it]
 50%|#####     | 62/123 [04:47<07:48,  7.68s/it]
 51%|#####1    | 63/123 [04:53<07:10,  7.18s/it]
 52%|#####2    | 64/123 [04:56<05:48,  5.91s/it]
 53%|#####2    | 65/123 [05:02<05:48,  6.01s/it]
 54%|#####3    | 66/123 [05:05<04:52,  5.13s/it]
 54%|#####4    | 67/123 [05:08<04:13,  4.52s/it]
 55%|#####5    | 68/123 [05:09<03:08,  3.43s/it]
 56%|#####6    | 69/123 [05:12<02:59,  3.32s/it]
 57%|#####6    | 70/123 [05:24<05:09,  5.84s/it]
 58%|#####7    | 71/123 [05:27<04:19,  4.99s/it]
 59%|#####8    | 72/123 [05:29<03:21,  3.94s/it]
 59%|#####9    | 73/123 [05:36<04:10,  5.01s/it][33m
[QUARK-WARNING]: rmax is set to inf, replacing with a very large value.[0m

 60%|######    | 74/123 [05:43<04:33,  5.58s/it]
 61%|######    | 75/123 [05:49<04:32,  5.67s/it]
 62%|######1   | 76/123 [05:51<03:29,  4.45s/it]
 63%|######2   | 77/123 [05:54<03:05,  4.04s/it]
 63%|######3   | 78/123 [05:57<02:48,  3.75s/it]
 64%|######4   | 79/123 [06:03<03:12,  4.37s/it][33m
[QUARK-WARNING]: rmin is set to -inf, replacing with a very small value.[0m

 65%|######5   | 80/123 [06:07<03:04,  4.28s/it]
 66%|######5   | 81/123 [06:09<02:33,  3.66s/it]
 67%|######6   | 82/123 [06:13<02:33,  3.75s/it]
 67%|######7   | 83/123 [06:16<02:28,  3.71s/it]
 68%|######8   | 84/123 [06:23<02:57,  4.56s/it][33m
[QUARK-WARNING]: rmin is set to -inf, replacing with a very small value.[0m
[33m
[QUARK-WARNING]: rmax is set to inf, replacing with a very large value.[0m

 69%|######9   | 85/123 [06:30<03:26,  5.43s/it]
 70%|######9   | 86/123 [06:35<03:07,  5.06s/it]
 71%|#######   | 87/123 [06:38<02:42,  4.51s/it][33m
[QUARK-WARNING]: rmin is set to -inf, replacing with a very small value.[0m

 72%|#######1  | 88/123 [06:39<02:07,  3.65s/it]
 72%|#######2  | 89/123 [06:46<02:30,  4.43s/it][33m
[QUARK-WARNING]: rmax is set to inf, replacing with a very large value.[0m

 73%|#######3  | 90/123 [06:52<02:43,  4.95s/it]
 74%|#######3  | 91/123 [06:53<02:06,  3.95s/it]
 75%|#######4  | 92/123 [06:54<01:33,  3.03s/it]
 76%|#######5  | 93/123 [06:56<01:18,  2.60s/it]
 76%|#######6  | 94/123 [06:58<01:06,  2.30s/it]
 77%|#######7  | 95/123 [07:04<01:38,  3.52s/it]
 78%|#######8  | 96/123 [07:06<01:19,  2.94s/it][33m
[QUARK-WARNING]: rmin is set to -inf, replacing with a very small value.[0m
[33m
[QUARK-WARNING]: rmax is set to inf, replacing with a very large value.[0m

 79%|#######8  | 97/123 [07:07<01:05,  2.53s/it]
 80%|#######9  | 98/123 [07:09<00:56,  2.25s/it]
 80%|########  | 99/123 [07:15<01:22,  3.43s/it]
 81%|########1 | 100/123 [07:16<01:06,  2.88s/it]
 82%|########2 | 101/123 [07:18<00:54,  2.49s/it]
 83%|########2 | 102/123 [07:24<01:15,  3.59s/it][33m
[QUARK-WARNING]: rmax is set to inf, replacing with a very large value.[0m

 84%|########3 | 103/123 [07:28<01:11,  3.57s/it]
 85%|########4 | 104/123 [07:29<00:56,  2.97s/it]
 85%|########5 | 105/123 [07:36<01:11,  3.97s/it]
 86%|########6 | 106/123 [07:37<00:55,  3.26s/it]
 87%|########6 | 107/123 [07:38<00:40,  2.54s/it]
 88%|########7 | 108/123 [07:41<00:40,  2.71s/it]
 89%|########8 | 109/123 [07:44<00:39,  2.83s/it]
 89%|########9 | 110/123 [07:46<00:31,  2.46s/it]
 90%|######### | 111/123 [07:47<00:23,  1.98s/it]
 91%|#########1| 112/123 [07:59<00:55,  5.00s/it]
 92%|#########1| 113/123 [08:00<00:39,  3.97s/it]
 93%|#########2| 114/123 [08:07<00:43,  4.81s/it][33m
[QUARK-WARNING]: rmin is set to -inf, replacing with a very small value.[0m

 93%|#########3| 115/123 [08:14<00:43,  5.42s/it]
 94%|#########4| 116/123 [08:16<00:30,  4.34s/it]
 95%|#########5| 117/123 [08:18<00:21,  3.59s/it]
 96%|#########5| 118/123 [08:21<00:17,  3.57s/it]
 97%|#########6| 119/123 [08:35<00:26,  6.58s/it][33m
[QUARK-WARNING]: rmin is set to -inf, replacing with a very small value.[0m

 98%|#########7| 120/123 [08:42<00:20,  6.68s/it]
 98%|#########8| 121/123 [08:44<00:10,  5.24s/it]
 99%|#########9| 122/123 [08:47<00:04,  4.75s/it]
100%|##########| 123/123 [08:48<00:00,  3.63s/it]
100%|##########| 123/123 [08:48<00:00,  4.30s/it]
[32m
[QUARK-INFO]: The calibration has been finished. It took 583.5s to complete.[0m
[33m
[QUARK-WARNING]: rmin is set to -inf, replacing with a very small value.[0m
[33m
[QUARK-WARNING]: rmin is set to -inf, replacing with a very small value.[0m
[33m
[QUARK-WARNING]: rmin is set to -inf, replacing with a very small value.[0m
[33m
[QUARK-WARNING]: rmin is set to -inf, replacing with a very small value.[0m
[33m
[QUARK-WARNING]: rmin is set to -inf, replacing with a very small value.[0m
[33m
[QUARK-WARNING]: rmin is set to -inf, replacing with a very small value.[0m
[33m
[QUARK-WARNING]: rmin is set to -inf, replacing with a very small value.[0m
[33m
[QUARK-WARNING]: rmin is set to -inf, replacing with a very small value.[0m
[33m
[QUARK-WARNING]: rmin is set to -inf, replacing with a very small value.[0m
[33m
[QUARK-WARNING]: rmin is set to -inf, replacing with a very small value.[0m
[33m
[QUARK-WARNING]: rmin is set to -inf, replacing with a very small value.[0m
[33m
[QUARK-WARNING]: rmin is set to -inf, replacing with a very small value.[0m
[33m
[QUARK-WARNING]: rmin is set to -inf, replacing with a very small value.[0m
[33m
[QUARK-WARNING]: rmin is set to -inf, replacing with a very small value.[0m
[33m
[QUARK-WARNING]: rmin is set to -inf, replacing with a very small value.[0m
[33m
[QUARK-WARNING]: rmin is set to -inf, replacing with a very small value.[0m
C:\Users\<user>\miniforge3\envs\resnet_env\Lib\site-packages\numpy\core\fromnumeric.py:88: RuntimeWarning: overflow encountered in reduce
  return ufunc.reduce(obj, axis, dtype, out, **passkwargs)
C:\Users\<user>\miniforge3\envs\resnet_env\Lib\site-packages\quark\onnx\quantization\quant_utils.py:1109: RuntimeWarning: overflow encountered in square
  diff = np.sum((dequantize_data(new_quantized_data, new_scale, zp_mse) - np.asarray(data)) ** 2)
[32m
[QUARK-INFO]: Remove QuantizeLinear & DequantizeLinear on certain operations(such as conv-relu).[0m
[32m
[QUARK-INFO]: Rescale GlobalAveragePool /global_pool/pool/GlobalAveragePool with factor 1.0048828125 to simulate DPU behavior.[0m
[32m
[QUARK-INFO]: Adjust the quantize info to meet the compiler constraints[0m
[32m
[QUARK-INFO]: Input pos of pooling layer /global_pool/pool/GlobalAveragePool is 3. Output pos of pooling layer /global_pool/pool/GlobalAveragePool is 6.Modify opos from 6 to 3.[0m
[32m
[QUARK-INFO]: Shift cut of layer onnx::Conv_503_DequantizeLinear_Output is 127. It exceeds range [0, 16]. Modify wpos from 6 to -105.[0m
[32m
[QUARK-INFO]: Shift cut of layer onnx::Conv_506_DequantizeLinear_Output is -115. It exceeds range [0, 16]. Modify wpos from 7 to 122.[0m
[32m
[QUARK-INFO]: Shift cut of layer onnx::Conv_515_DequantizeLinear_Output is 128. It exceeds range [0, 16]. Modify wpos from 6 to -106.[0m
[32m
[QUARK-INFO]: Shift cut of layer onnx::Conv_518_DequantizeLinear_Output is -115. It exceeds range [0, 16]. Modify wpos from 6 to 121.[0m
[32m
[QUARK-INFO]: Shift cut of layer onnx::Conv_545_DequantizeLinear_Output is 128. It exceeds range [0, 16]. Modify wpos from 7 to -105.[0m
[32m
[QUARK-INFO]: Shift cut of layer onnx::Conv_548_DequantizeLinear_Output is -114. It exceeds range [0, 16]. Modify wpos from 7 to 121.[0m
[32m
[QUARK-INFO]: Shift cut of layer onnx::Conv_584_DequantizeLinear_Output is 128. It exceeds range [0, 16]. Modify wpos from 7 to -105.[0m
[32m
[QUARK-INFO]: Shift cut of layer onnx::Conv_587_DequantizeLinear_Output is -113. It exceeds range [0, 16]. Modify wpos from 8 to 121.[0m
[32m
[QUARK-INFO]: Shift bias of layer onnx::Conv_501_DequantizeLinear_Output is 71. It exceeds range [-10, 15]. Modify bpos from -64 to -8.[0m
[32m
[QUARK-INFO]: Shift bias of layer onnx::Conv_504_DequantizeLinear_Output is -74. It exceeds range [0, 15]. Modify bpos from -30 to -104.[0m
[32m
[QUARK-INFO]: Shift bias of layer onnx::Conv_513_DequantizeLinear_Output is 44. It exceeds range [-10, 15]. Modify bpos from -36 to -7.[0m
[32m
[QUARK-INFO]: Shift bias of layer onnx::Conv_516_DequantizeLinear_Output is -90. It exceeds range [0, 15]. Modify bpos from -14 to -104.[0m
[32m
[QUARK-INFO]: Shift bias of layer onnx::Conv_522_DequantizeLinear_Output is 36. It exceeds range [-9, 15]. Modify bpos from -27 to -6.[0m
[32m
[QUARK-INFO]: Shift bias of layer onnx::Conv_525_DequantizeLinear_Output is 18. It exceeds range [-10, 15]. Modify bpos from -10 to -7.[0m
[32m
[QUARK-INFO]: Shift bias of layer onnx::Conv_543_DequantizeLinear_Output is 46. It exceeds range [-8, 15]. Modify bpos from -37 to -6.[0m
[32m
[QUARK-INFO]: Shift bias of layer onnx::Conv_546_DequantizeLinear_Output is -86. It exceeds range [0, 15]. Modify bpos from -18 to -104.[0m
[32m
[QUARK-INFO]: Shift bias of layer onnx::Conv_582_DequantizeLinear_Output is 44. It exceeds range [-7, 15]. Modify bpos from -34 to -5.[0m
[32m
[QUARK-INFO]: Shift bias of layer onnx::Conv_585_DequantizeLinear_Output is -91. It exceeds range [0, 15]. Modify bpos from -13 to -104.[0m
[32m
[QUARK-INFO]: Adjust the quantize info to meet the compiler constraints[0m
[32m
[QUARK-INFO]: Start applying FastFinetune algorithm on the quant model...[0m

  0%|          | 0/54 [00:00<?, ?it/s][33m
[QUARK-WARNING]: The custom ops library C:\Users\<user>\miniforge3\envs\resnet_env\Lib\site-packages\quark\onnx\operators\custom_ops\lib\custom_ops.dll does NOT exist.[0m
[33m
[QUARK-WARNING]: The custom ops library C:\Users\<user>\miniforge3\envs\resnet_env\Lib\site-packages\quark\onnx\operators\custom_ops\lib\custom_ops.dll does NOT exist.[0m
[33m
[QUARK-WARNING]: Failed to register custom op library C:\Users\<user>\miniforge3\envs\resnet_env\Lib\site-packages\quark\onnx\operators\custom_ops\lib\custom_ops.dll to ORT with [ONNXRuntimeError] : 1 : FAIL : Error loading "C:\Users\<user>\miniforge3\envs\resnet_env\Lib\site-packages\quark\onnx\operators\custom_ops\lib\custom_ops.dll" which is missing. (Error 126: "The specified module could not be found."),please check if the library has been compiled successfully.[0m
[32m
[QUARK-INFO]: Quark_latency_profiler: finetuning layer 0, onnx inference (quantized model + float model) time consumed 13.050392s[0m
[32m
[QUARK-INFO]: Module (input)->(/act1/Relu_output_0) will be optimized by adaround on cpu[0m
[32m
[QUARK-INFO]: adaround iterations=0, lr=0.100000, loss=0.346474 (Recons loss=0.346474, Rounding loss=0.000000)[0m
[32m
[QUARK-INFO]: adaround iterations=100, lr=0.100000, loss=0.267620 (Recons loss=0.267620, Rounding loss=0.000000)[0m
[32m
[QUARK-INFO]: adaround iterations=200, lr=0.100000, loss=78.923637 (Recons loss=0.274938, Rounding loss=78.648697)[0m
[32m
[QUARK-INFO]: adaround iterations=300, lr=0.100000, loss=39.182011 (Recons loss=0.279412, Rounding loss=38.902599)[0m
[32m
[QUARK-INFO]: adaround iterations=400, lr=0.100000, loss=32.571201 (Recons loss=0.394623, Rounding loss=32.176579)[0m
[32m
[QUARK-INFO]: adaround iterations=500, lr=0.100000, loss=25.078030 (Recons loss=0.299446, Rounding loss=24.778584)[0m
[32m
[QUARK-INFO]: adaround iterations=600, lr=0.100000, loss=17.712698 (Recons loss=0.302016, Rounding loss=17.410683)[0m
[32m
[QUARK-INFO]: adaround iterations=700, lr=0.100000, loss=9.378231 (Recons loss=0.282692, Rounding loss=9.095539)[0m
[32m
[QUARK-INFO]: adaround iterations=800, lr=0.100000, loss=1.253161 (Recons loss=0.300436, Rounding loss=0.952725)[0m
[32m
[QUARK-INFO]: adaround iterations=900, lr=0.100000, loss=0.255092 (Recons loss=0.255092, Rounding loss=0.000000)[0m
[32m
[QUARK-INFO]: adaround iterations=999, lr=0.100000, loss=0.298364 (Recons loss=0.298364, Rounding loss=0.000000)[0m
[32m
[QUARK-INFO]: Module (input)->(/act1/Relu_output_0) recons metrics was optimized from 0.009641 to 0.004495 (diff=-0.005146)[0m
[32m
[QUARK-INFO]: Quark_latency_profiler: finetuning layer 0, torch training time consumed 13.149738s[0m

  2%|1         | 1/54 [00:26<23:08, 26.20s/it][33m
[QUARK-WARNING]: The custom ops library C:\Users\<user>\miniforge3\envs\resnet_env\Lib\site-packages\quark\onnx\operators\custom_ops\lib\custom_ops.dll does NOT exist.[0m
[33m
[QUARK-WARNING]: The custom ops library C:\Users\<user>\miniforge3\envs\resnet_env\Lib\site-packages\quark\onnx\operators\custom_ops\lib\custom_ops.dll does NOT exist.[0m
[33m
[QUARK-WARNING]: Failed to register custom op library C:\Users\<user>\miniforge3\envs\resnet_env\Lib\site-packages\quark\onnx\operators\custom_ops\lib\custom_ops.dll to ORT with [ONNXRuntimeError] : 1 : FAIL : Error loading "C:\Users\<user>\miniforge3\envs\resnet_env\Lib\site-packages\quark\onnx\operators\custom_ops\lib\custom_ops.dll" which is missing. (Error 126: "The specified module could not be found."),please check if the library has been compiled successfully.[0m
[32m
[QUARK-INFO]: Quark_latency_profiler: finetuning layer 1, onnx inference (quantized model + float model) time consumed 1.033784s[0m
[32m
[QUARK-INFO]: Module (/maxpool/MaxPool_output_0)->(/layer1/layer1.0/act1/Relu_output_0) will be optimized by adaround on cpu[0m
[32m
[QUARK-INFO]: adaround iterations=0, lr=0.100000, loss=5819.439453 (Recons loss=5819.439453, Rounding loss=0.000000)[0m
[32m
[QUARK-INFO]: adaround iterations=100, lr=0.100000, loss=4842.343750 (Recons loss=4842.343750, Rounding loss=0.000000)[0m
[32m
[QUARK-INFO]: adaround iterations=200, lr=0.100000, loss=4754.149902 (Recons loss=4734.024902, Rounding loss=20.124825)[0m
[32m
[QUARK-INFO]: adaround iterations=300, lr=0.100000, loss=4533.578125 (Recons loss=4525.227539, Rounding loss=8.350729)[0m
[32m
[QUARK-INFO]: adaround iterations=400, lr=0.100000, loss=4683.523926 (Recons loss=4676.272461, Rounding loss=7.251360)[0m
[32m
[QUARK-INFO]: adaround iterations=500, lr=0.100000, loss=4929.186523 (Recons loss=4923.439453, Rounding loss=5.746958)[0m
[32m
[QUARK-INFO]: adaround iterations=600, lr=0.100000, loss=4654.520996 (Recons loss=4650.711426, Rounding loss=3.809327)[0m
[32m
[QUARK-INFO]: adaround iterations=700, lr=0.100000, loss=4340.261719 (Recons loss=4338.251465, Rounding loss=2.010024)[0m
[32m
[QUARK-INFO]: adaround iterations=800, lr=0.100000, loss=3983.019531 (Recons loss=3982.527100, Rounding loss=0.492453)[0m
[32m
[QUARK-INFO]: adaround iterations=900, lr=0.100000, loss=4573.502441 (Recons loss=4573.400879, Rounding loss=0.101607)[0m
[32m
[QUARK-INFO]: adaround iterations=999, lr=0.100000, loss=4429.180664 (Recons loss=4429.097168, Rounding loss=0.083269)[0m
[32m
[QUARK-INFO]: Module (/maxpool/MaxPool_output_0)->(/layer1/layer1.0/act1/Relu_output_0) recons metrics was optimized from 41.651417 to 35.975204 (diff=-5.676212)[0m
[32m
[QUARK-INFO]: Quark_latency_profiler: finetuning layer 1, torch training time consumed 7.197242s[0m

  4%|3         | 2/54 [00:34<13:32, 15.63s/it][33m
[QUARK-WARNING]: The custom ops library C:\Users\<user>\miniforge3\envs\resnet_env\Lib\site-packages\quark\onnx\operators\custom_ops\lib\custom_ops.dll does NOT exist.[0m
[33m
[QUARK-WARNING]: The custom ops library C:\Users\<user>\miniforge3\envs\resnet_env\Lib\site-packages\quark\onnx\operators\custom_ops\lib\custom_ops.dll does NOT exist.[0m
[33m
[QUARK-WARNING]: Failed to register custom op library C:\Users\<user>\miniforge3\envs\resnet_env\Lib\site-packages\quark\onnx\operators\custom_ops\lib\custom_ops.dll to ORT with [ONNXRuntimeError] : 1 : FAIL : Error loading "C:\Users\<user>\miniforge3\envs\resnet_env\Lib\site-packages\quark\onnx\operators\custom_ops\lib\custom_ops.dll" which is missing. (Error 126: "The specified module could not be found."),please check if the library has been compiled successfully.[0m
[32m
[QUARK-INFO]: Quark_latency_profiler: finetuning layer 2, onnx inference (quantized model + float model) time consumed 1.068071s[0m
[32m
[QUARK-INFO]: Module (/maxpool/MaxPool_output_0)->(/layer1/layer1.0/downsample/downsample.0/Conv_output_0) will be optimized by adaround on cpu[0m
[32m
[QUARK-INFO]: adaround iterations=0, lr=0.100000, loss=10.520178 (Recons loss=10.520178, Rounding loss=0.000000)[0m
[32m
[QUARK-INFO]: adaround iterations=100, lr=0.100000, loss=4.909236 (Recons loss=4.909236, Rounding loss=0.000000)[0m
[32m
[QUARK-INFO]: adaround iterations=200, lr=0.100000, loss=133.952347 (Recons loss=5.224015, Rounding loss=128.728333)[0m
[32m
[QUARK-INFO]: adaround iterations=300, lr=0.100000, loss=77.961121 (Recons loss=4.743437, Rounding loss=73.217682)[0m
[32m
[QUARK-INFO]: adaround iterations=400, lr=0.100000, loss=67.878983 (Recons loss=4.565586, Rounding loss=63.313400)[0m
[32m
[QUARK-INFO]: adaround iterations=500, lr=0.100000, loss=59.487484 (Recons loss=5.217652, Rounding loss=54.269833)[0m
[32m
[QUARK-INFO]: adaround iterations=600, lr=0.100000, loss=47.718277 (Recons loss=5.464457, Rounding loss=42.253819)[0m
[32m
[QUARK-INFO]: adaround iterations=700, lr=0.100000, loss=31.312054 (Recons loss=5.076438, Rounding loss=26.235617)[0m
[32m
[QUARK-INFO]: adaround iterations=800, lr=0.100000, loss=12.115068 (Recons loss=4.948134, Rounding loss=7.166934)[0m
[32m
[QUARK-INFO]: adaround iterations=900, lr=0.100000, loss=6.591758 (Recons loss=5.265937, Rounding loss=1.325821)[0m
[32m
[QUARK-INFO]: adaround iterations=999, lr=0.100000, loss=6.548594 (Recons loss=5.549105, Rounding loss=0.999489)[0m
[32m
[QUARK-INFO]: Module (/maxpool/MaxPool_output_0)->(/layer1/layer1.0/downsample/downsample.0/Conv_output_0) recons metrics was optimized from 0.099017 to 0.038175 (diff=-0.060842)[0m
[32m
[QUARK-INFO]: Quark_latency_profiler: finetuning layer 2, torch training time consumed 10.285529s[0m

  6%|5         | 3/54 [00:45<11:37, 13.68s/it][33m
[QUARK-WARNING]: The custom ops library C:\Users\<user>\miniforge3\envs\resnet_env\Lib\site-packages\quark\onnx\operators\custom_ops\lib\custom_ops.dll does NOT exist.[0m
[33m
[QUARK-WARNING]: The custom ops library C:\Users\<user>\miniforge3\envs\resnet_env\Lib\site-packages\quark\onnx\operators\custom_ops\lib\custom_ops.dll does NOT exist.[0m
[33m
[QUARK-WARNING]: Failed to register custom op library C:\Users\<user>\miniforge3\envs\resnet_env\Lib\site-packages\quark\onnx\operators\custom_ops\lib\custom_ops.dll to ORT with [ONNXRuntimeError] : 1 : FAIL : Error loading "C:\Users\<user>\miniforge3\envs\resnet_env\Lib\site-packages\quark\onnx\operators\custom_ops\lib\custom_ops.dll" which is missing. (Error 126: "The specified module could not be found."),please check if the library has been compiled successfully.[0m
[32m
[QUARK-INFO]: Quark_latency_profiler: finetuning layer 3, onnx inference (quantized model + float model) time consumed 1.442702s[0m
[32m
[QUARK-INFO]: Module (/layer1/layer1.0/act1/Relu_output_0)->(/layer1/layer1.0/act2/Relu_output_0) will be optimized by adaround on cpu[0m
[32m
[QUARK-INFO]: adaround iterations=0, lr=0.100000, loss=12959557161821432446976.000000 (Recons loss=12959557161821432446976.000000, Rounding loss=0.000000)[0m
[32m
[QUARK-INFO]: adaround iterations=100, lr=0.100000, loss=12959557161821432446976.000000 (Recons loss=12959557161821432446976.000000, Rounding loss=0.000000)[0m
[32m
[QUARK-INFO]: adaround iterations=200, lr=0.100000, loss=12959557161821432446976.000000 (Recons loss=12959557161821432446976.000000, Rounding loss=0.000000)[0m
[32m
[QUARK-INFO]: adaround iterations=300, lr=0.100000, loss=12959557161821432446976.000000 (Recons loss=12959557161821432446976.000000, Rounding loss=0.000000)[0m
[32m
[QUARK-INFO]: adaround Iterations=399, mean loss 0.000000 (in 100 batches) is not better than best loss 0.000000, early stop[0m
[32m
[QUARK-INFO]: Module (/layer1/layer1.0/act1/Relu_output_0)->(/layer1/layer1.0/act2/Relu_output_0) recons metrics was optimized from 101246478754078785536.000000 to 101246478754078785536.000000 (diff=0.000000)[0m
[32m
[QUARK-INFO]: Quark_latency_profiler: finetuning layer 3, torch training time consumed 5.288587s[0m

  7%|7         | 4/54 [00:52<09:06, 10.94s/it][33m
[QUARK-WARNING]: The custom ops library C:\Users\<user>\miniforge3\envs\resnet_env\Lib\site-packages\quark\onnx\operators\custom_ops\lib\custom_ops.dll does NOT exist.[0m
[33m
[QUARK-WARNING]: The custom ops library C:\Users\<user>\miniforge3\envs\resnet_env\Lib\site-packages\quark\onnx\operators\custom_ops\lib\custom_ops.dll does NOT exist.[0m
[33m
[QUARK-WARNING]: Failed to register custom op library C:\Users\<user>\miniforge3\envs\resnet_env\Lib\site-packages\quark\onnx\operators\custom_ops\lib\custom_ops.dll to ORT with [ONNXRuntimeError] : 1 : FAIL : Error loading "C:\Users\<user>\miniforge3\envs\resnet_env\Lib\site-packages\quark\onnx\operators\custom_ops\lib\custom_ops.dll" which is missing. (Error 126: "The specified module could not be found."),please check if the library has been compiled successfully.[0m
[32m
[QUARK-INFO]: Quark_latency_profiler: finetuning layer 4, onnx inference (quantized model + float model) time consumed 1.845094s[0m
[32m
[QUARK-INFO]: Module (/layer1/layer1.0/act2/Relu_output_0)->(/layer1/layer1.0/conv3/Conv_output_0) will be optimized by adaround on cpu[0m
[32m
[QUARK-INFO]: adaround iterations=0, lr=0.100000, loss=4760.720215 (Recons loss=4760.720215, Rounding loss=0.000000)[0m
[32m
[QUARK-INFO]: adaround iterations=100, lr=0.100000, loss=3401.491699 (Recons loss=3401.491699, Rounding loss=0.000000)[0m
[32m
[QUARK-INFO]: adaround iterations=200, lr=0.100000, loss=3368.114014 (Recons loss=3367.955566, Rounding loss=0.158560)[0m
[32m
[QUARK-INFO]: adaround iterations=300, lr=0.100000, loss=2957.264404 (Recons loss=2957.184326, Rounding loss=0.080000)[0m
[32m
[QUARK-INFO]: adaround iterations=400, lr=0.100000, loss=4765.665527 (Recons loss=4765.595703, Rounding loss=0.070000)[0m
[32m
[QUARK-INFO]: adaround iterations=500, lr=0.100000, loss=3665.479248 (Recons loss=3665.439209, Rounding loss=0.040000)[0m
[32m
[QUARK-INFO]: adaround iterations=600, lr=0.100000, loss=4116.061523 (Recons loss=4116.031738, Rounding loss=0.030000)[0m
[32m
[QUARK-INFO]: adaround iterations=700, lr=0.100000, loss=4127.025879 (Recons loss=4126.996094, Rounding loss=0.030000)[0m
[32m
[QUARK-INFO]: adaround Iterations=799, mean loss 0.029700 (in 100 batches) is not better than best loss 0.029700, early stop[0m
[32m
[QUARK-INFO]: Module (/layer1/layer1.0/act2/Relu_output_0)->(/layer1/layer1.0/conv3/Conv_output_0) recons metrics was optimized from 17.004210 to 17.004210 (diff=0.000000)[0m
[32m
[QUARK-INFO]: Quark_latency_profiler: finetuning layer 4, torch training time consumed 11.378426s[0m

  9%|9         | 5/54 [01:05<09:36, 11.76s/it][33m
[QUARK-WARNING]: The custom ops library C:\Users\<user>\miniforge3\envs\resnet_env\Lib\site-packages\quark\onnx\operators\custom_ops\lib\custom_ops.dll does NOT exist.[0m
[33m
[QUARK-WARNING]: The custom ops library C:\Users\<user>\miniforge3\envs\resnet_env\Lib\site-packages\quark\onnx\operators\custom_ops\lib\custom_ops.dll does NOT exist.[0m
[33m
[QUARK-WARNING]: Failed to register custom op library C:\Users\<user>\miniforge3\envs\resnet_env\Lib\site-packages\quark\onnx\operators\custom_ops\lib\custom_ops.dll to ORT with [ONNXRuntimeError] : 1 : FAIL : Error loading "C:\Users\<user>\miniforge3\envs\resnet_env\Lib\site-packages\quark\onnx\operators\custom_ops\lib\custom_ops.dll" which is missing. (Error 126: "The specified module could not be found."),please check if the library has been compiled successfully.[0m
[32m
[QUARK-INFO]: Quark_latency_profiler: finetuning layer 5, onnx inference (quantized model + float model) time consumed 2.691814s[0m
[32m
[QUARK-INFO]: Module (/layer1/layer1.0/act3/Relu_output_0)->(/layer1/layer1.1/act1/Relu_output_0) will be optimized by adaround on cpu[0m
[32m
[QUARK-INFO]: adaround iterations=0, lr=0.100000, loss=11136.386719 (Recons loss=11136.386719, Rounding loss=0.000000)[0m
[32m
[QUARK-INFO]: adaround iterations=100, lr=0.100000, loss=6822.791016 (Recons loss=6822.791016, Rounding loss=0.000000)[0m
[32m
[QUARK-INFO]: adaround iterations=200, lr=0.100000, loss=7085.974609 (Recons loss=6977.678711, Rounding loss=108.295898)[0m
[32m
[QUARK-INFO]: adaround iterations=300, lr=0.100000, loss=5805.174805 (Recons loss=5771.000488, Rounding loss=34.174149)[0m
[32m
[QUARK-INFO]: adaround iterations=400, lr=0.100000, loss=4892.598633 (Recons loss=4864.952637, Rounding loss=27.645895)[0m
[32m
[QUARK-INFO]: adaround iterations=500, lr=0.100000, loss=6187.246094 (Recons loss=6165.472168, Rounding loss=21.773756)[0m
[32m
[QUARK-INFO]: adaround iterations=600, lr=0.100000, loss=5832.178711 (Recons loss=5817.964355, Rounding loss=14.214478)[0m
[32m
[QUARK-INFO]: adaround iterations=700, lr=0.100000, loss=5773.154297 (Recons loss=5766.680664, Rounding loss=6.473706)[0m
[32m
[QUARK-INFO]: adaround iterations=800, lr=0.100000, loss=4254.012695 (Recons loss=4252.853027, Rounding loss=1.159791)[0m
[32m
[QUARK-INFO]: adaround iterations=900, lr=0.100000, loss=7670.380859 (Recons loss=7670.230469, Rounding loss=0.150302)[0m
[32m
[QUARK-INFO]: adaround iterations=999, lr=0.100000, loss=5399.295898 (Recons loss=5399.252441, Rounding loss=0.043410)[0m
[32m
[QUARK-INFO]: Module (/layer1/layer1.0/act3/Relu_output_0)->(/layer1/layer1.1/act1/Relu_output_0) recons metrics was optimized from 62.587067 to 45.162254 (diff=-17.424812)[0m
[32m
[QUARK-INFO]: Quark_latency_profiler: finetuning layer 5, torch training time consumed 13.929731s[0m

 11%|#1        | 6/54 [01:22<10:43, 13.41s/it][33m
[QUARK-WARNING]: The custom ops library C:\Users\<user>\miniforge3\envs\resnet_env\Lib\site-packages\quark\onnx\operators\custom_ops\lib\custom_ops.dll does NOT exist.[0m
[33m
[QUARK-WARNING]: The custom ops library C:\Users\<user>\miniforge3\envs\resnet_env\Lib\site-packages\quark\onnx\operators\custom_ops\lib\custom_ops.dll does NOT exist.[0m
[33m
[QUARK-WARNING]: Failed to register custom op library C:\Users\<user>\miniforge3\envs\resnet_env\Lib\site-packages\quark\onnx\operators\custom_ops\lib\custom_ops.dll to ORT with [ONNXRuntimeError] : 1 : FAIL : Error loading "C:\Users\<user>\miniforge3\envs\resnet_env\Lib\site-packages\quark\onnx\operators\custom_ops\lib\custom_ops.dll" which is missing. (Error 126: "The specified module could not be found."),please check if the library has been compiled successfully.[0m
[32m
[QUARK-INFO]: Quark_latency_profiler: finetuning layer 6, onnx inference (quantized model + float model) time consumed 2.384928s[0m
[32m
[QUARK-INFO]: Module (/layer1/layer1.1/act1/Relu_output_0)->(/layer1/layer1.1/act2/Relu_output_0) will be optimized by adaround on cpu[0m
[32m
[QUARK-INFO]: adaround iterations=0, lr=0.100000, loss=817659772928.000000 (Recons loss=817659772928.000000, Rounding loss=0.000000)[0m
[32m
[QUARK-INFO]: adaround iterations=100, lr=0.100000, loss=817659772928.000000 (Recons loss=817659772928.000000, Rounding loss=0.000000)[0m
[32m
[QUARK-INFO]: adaround iterations=200, lr=0.100000, loss=817659772928.000000 (Recons loss=817659772928.000000, Rounding loss=0.000000)[0m
[32m
[QUARK-INFO]: adaround iterations=300, lr=0.100000, loss=817659772928.000000 (Recons loss=817659772928.000000, Rounding loss=0.000000)[0m
[32m
[QUARK-INFO]: adaround Iterations=399, mean loss 0.000000 (in 100 batches) is not better than best loss 0.000000, early stop[0m
[32m
[QUARK-INFO]: Module (/layer1/layer1.1/act1/Relu_output_0)->(/layer1/layer1.1/act2/Relu_output_0) recons metrics was optimized from 6387968000.000000 to 6387968000.000000 (diff=0.000000)[0m
[32m
[QUARK-INFO]: Quark_latency_profiler: finetuning layer 6, torch training time consumed 5.356145s[0m

 13%|#2        | 7/54 [01:30<09:03, 11.56s/it][33m
[QUARK-WARNING]: The custom ops library C:\Users\<user>\miniforge3\envs\resnet_env\Lib\site-packages\quark\onnx\operators\custom_ops\lib\custom_ops.dll does NOT exist.[0m
[33m
[QUARK-WARNING]: The custom ops library C:\Users\<user>\miniforge3\envs\resnet_env\Lib\site-packages\quark\onnx\operators\custom_ops\lib\custom_ops.dll does NOT exist.[0m
[33m
[QUARK-WARNING]: Failed to register custom op library C:\Users\<user>\miniforge3\envs\resnet_env\Lib\site-packages\quark\onnx\operators\custom_ops\lib\custom_ops.dll to ORT with [ONNXRuntimeError] : 1 : FAIL : Error loading "C:\Users\<user>\miniforge3\envs\resnet_env\Lib\site-packages\quark\onnx\operators\custom_ops\lib\custom_ops.dll" which is missing. (Error 126: "The specified module could not be found."),please check if the library has been compiled successfully.[0m
[32m
[QUARK-INFO]: Quark_latency_profiler: finetuning layer 7, onnx inference (quantized model + float model) time consumed 3.421604s[0m
[32m
[QUARK-INFO]: Module (/layer1/layer1.1/act2/Relu_output_0)->(/layer1/layer1.1/conv3/Conv_output_0) will be optimized by adaround on cpu[0m
[32m
[QUARK-INFO]: adaround iterations=0, lr=0.100000, loss=4067.288818 (Recons loss=4067.288818, Rounding loss=0.000000)[0m
[32m
[QUARK-INFO]: adaround iterations=100, lr=0.100000, loss=3539.192871 (Recons loss=3539.192871, Rounding loss=0.000000)[0m
[32m
[QUARK-INFO]: adaround iterations=200, lr=0.100000, loss=3816.761230 (Recons loss=3816.761230, Rounding loss=0.000000)[0m
[32m
[QUARK-INFO]: adaround iterations=300, lr=0.100000, loss=4598.145996 (Recons loss=4598.145996, Rounding loss=0.000000)[0m
[32m
[QUARK-INFO]: adaround Iterations=399, mean loss 0.000000 (in 100 batches) is not better than best loss 0.000000, early stop[0m
[32m
[QUARK-INFO]: Module (/layer1/layer1.1/act2/Relu_output_0)->(/layer1/layer1.1/conv3/Conv_output_0) recons metrics was optimized from 15.435209 to 15.435209 (diff=0.000000)[0m
[32m
[QUARK-INFO]: Quark_latency_profiler: finetuning layer 7, torch training time consumed 6.159511s[0m

 15%|#4        | 8/54 [01:39<08:22, 10.93s/it][33m
[QUARK-WARNING]: The custom ops library C:\Users\<user>\miniforge3\envs\resnet_env\Lib\site-packages\quark\onnx\operators\custom_ops\lib\custom_ops.dll does NOT exist.[0m
[33m
[QUARK-WARNING]: The custom ops library C:\Users\<user>\miniforge3\envs\resnet_env\Lib\site-packages\quark\onnx\operators\custom_ops\lib\custom_ops.dll does NOT exist.[0m
[33m
[QUARK-WARNING]: Failed to register custom op library C:\Users\<user>\miniforge3\envs\resnet_env\Lib\site-packages\quark\onnx\operators\custom_ops\lib\custom_ops.dll to ORT with [ONNXRuntimeError] : 1 : FAIL : Error loading "C:\Users\<user>\miniforge3\envs\resnet_env\Lib\site-packages\quark\onnx\operators\custom_ops\lib\custom_ops.dll" which is missing. (Error 126: "The specified module could not be found."),please check if the library has been compiled successfully.[0m
[32m
[QUARK-INFO]: Quark_latency_profiler: finetuning layer 8, onnx inference (quantized model + float model) time consumed 3.022327s[0m
[32m
[QUARK-INFO]: Module (/layer1/layer1.1/act3/Relu_output_0)->(/layer1/layer1.2/act1/Relu_output_0) will be optimized by adaround on cpu[0m
[32m
[QUARK-INFO]: adaround iterations=0, lr=0.100000, loss=1603.666626 (Recons loss=1603.666626, Rounding loss=0.000000)[0m
[32m
[QUARK-INFO]: adaround iterations=100, lr=0.100000, loss=1156.751953 (Recons loss=1156.751953, Rounding loss=0.000000)[0m
[32m
[QUARK-INFO]: adaround iterations=200, lr=0.100000, loss=1274.127197 (Recons loss=1136.176514, Rounding loss=137.950684)[0m
[32m
[QUARK-INFO]: adaround iterations=300, lr=0.100000, loss=1250.740967 (Recons loss=1206.856689, Rounding loss=43.884293)[0m
[32m
[QUARK-INFO]: adaround iterations=400, lr=0.100000, loss=1284.915894 (Recons loss=1247.957275, Rounding loss=36.958675)[0m
[32m
[QUARK-INFO]: adaround iterations=500, lr=0.100000, loss=1052.945435 (Recons loss=1023.487976, Rounding loss=29.457458)[0m
[32m
[QUARK-INFO]: adaround iterations=600, lr=0.100000, loss=1356.733887 (Recons loss=1337.672729, Rounding loss=19.061134)[0m
[32m
[QUARK-INFO]: adaround iterations=700, lr=0.100000, loss=1184.311523 (Recons loss=1176.128052, Rounding loss=8.183450)[0m
[32m
[QUARK-INFO]: adaround iterations=800, lr=0.100000, loss=1066.956665 (Recons loss=1065.887207, Rounding loss=1.069513)[0m
[32m
[QUARK-INFO]: adaround iterations=900, lr=0.100000, loss=1071.804077 (Recons loss=1071.760864, Rounding loss=0.043224)[0m
[32m
[QUARK-INFO]: adaround iterations=999, lr=0.100000, loss=1238.416260 (Recons loss=1238.416260, Rounding loss=0.000000)[0m
[32m
[QUARK-INFO]: Module (/layer1/layer1.1/act3/Relu_output_0)->(/layer1/layer1.2/act1/Relu_output_0) recons metrics was optimized from 13.373831 to 9.080105 (diff=-4.293726)[0m
[32m
[QUARK-INFO]: Quark_latency_profiler: finetuning layer 8, torch training time consumed 9.851008s[0m

 17%|#6        | 9/54 [01:52<08:39, 11.54s/it][33m
[QUARK-WARNING]: The custom ops library C:\Users\<user>\miniforge3\envs\resnet_env\Lib\site-packages\quark\onnx\operators\custom_ops\lib\custom_ops.dll does NOT exist.[0m
[33m
[QUARK-WARNING]: The custom ops library C:\Users\<user>\miniforge3\envs\resnet_env\Lib\site-packages\quark\onnx\operators\custom_ops\lib\custom_ops.dll does NOT exist.[0m
[33m
[QUARK-WARNING]: Failed to register custom op library C:\Users\<user>\miniforge3\envs\resnet_env\Lib\site-packages\quark\onnx\operators\custom_ops\lib\custom_ops.dll to ORT with [ONNXRuntimeError] : 1 : FAIL : Error loading "C:\Users\<user>\miniforge3\envs\resnet_env\Lib\site-packages\quark\onnx\operators\custom_ops\lib\custom_ops.dll" which is missing. (Error 126: "The specified module could not be found."),please check if the library has been compiled successfully.[0m
[32m
[QUARK-INFO]: Quark_latency_profiler: finetuning layer 9, onnx inference (quantized model + float model) time consumed 2.678392s[0m
[32m
[QUARK-INFO]: Module (/layer1/layer1.2/act1/Relu_output_0)->(/layer1/layer1.2/act2/Relu_output_0) will be optimized by adaround on cpu[0m
[32m
[QUARK-INFO]: adaround iterations=0, lr=0.100000, loss=2622.667236 (Recons loss=2622.667236, Rounding loss=0.000000)[0m
[32m
[QUARK-INFO]: adaround iterations=100, lr=0.100000, loss=2699.064941 (Recons loss=2699.064941, Rounding loss=0.000000)[0m
[32m
[QUARK-INFO]: adaround iterations=200, lr=0.100000, loss=2605.085205 (Recons loss=2592.090576, Rounding loss=12.994629)[0m
[32m
[QUARK-INFO]: adaround iterations=300, lr=0.100000, loss=2659.524170 (Recons loss=2655.663818, Rounding loss=3.860281)[0m
[32m
[QUARK-INFO]: adaround iterations=400, lr=0.100000, loss=2565.225342 (Recons loss=2561.926270, Rounding loss=3.299148)[0m
[32m
[QUARK-INFO]: adaround iterations=500, lr=0.100000, loss=2649.818115 (Recons loss=2647.200195, Rounding loss=2.617835)[0m
[32m
[QUARK-INFO]: adaround iterations=600, lr=0.100000, loss=2689.822754 (Recons loss=2688.289795, Rounding loss=1.532935)[0m
[32m
[QUARK-INFO]: adaround iterations=700, lr=0.100000, loss=2676.056396 (Recons loss=2675.419434, Rounding loss=0.636844)[0m
[32m
[QUARK-INFO]: adaround iterations=800, lr=0.100000, loss=2652.618896 (Recons loss=2652.529053, Rounding loss=0.089935)[0m
[32m
[QUARK-INFO]: adaround iterations=900, lr=0.100000, loss=2709.679932 (Recons loss=2709.660400, Rounding loss=0.019471)[0m
[32m
[QUARK-INFO]: adaround iterations=999, lr=0.100000, loss=2606.174072 (Recons loss=2606.173584, Rounding loss=0.000509)[0m
[32m
[QUARK-INFO]: Module (/layer1/layer1.2/act1/Relu_output_0)->(/layer1/layer1.2/act2/Relu_output_0) recons metrics was optimized from 21.366074 to 20.560396 (diff=-0.805677)[0m
[32m
[QUARK-INFO]: Quark_latency_profiler: finetuning layer 9, torch training time consumed 9.039306s[0m

 19%|#8        | 10/54 [02:04<08:30, 11.59s/it][33m
[QUARK-WARNING]: The custom ops library C:\Users\<user>\miniforge3\envs\resnet_env\Lib\site-packages\quark\onnx\operators\custom_ops\lib\custom_ops.dll does NOT exist.[0m
[33m
[QUARK-WARNING]: The custom ops library C:\Users\<user>\miniforge3\envs\resnet_env\Lib\site-packages\quark\onnx\operators\custom_ops\lib\custom_ops.dll does NOT exist.[0m
[33m
[QUARK-WARNING]: Failed to register custom op library C:\Users\<user>\miniforge3\envs\resnet_env\Lib\site-packages\quark\onnx\operators\custom_ops\lib\custom_ops.dll to ORT with [ONNXRuntimeError] : 1 : FAIL : Error loading "C:\Users\<user>\miniforge3\envs\resnet_env\Lib\site-packages\quark\onnx\operators\custom_ops\lib\custom_ops.dll" which is missing. (Error 126: "The specified module could not be found."),please check if the library has been compiled successfully.[0m
[32m
[QUARK-INFO]: Quark_latency_profiler: finetuning layer 10, onnx inference (quantized model + float model) time consumed 3.045511s[0m
[32m
[QUARK-INFO]: Module (/layer1/layer1.2/act2/Relu_output_0)->(/layer1/layer1.2/conv3/Conv_output_0) will be optimized by adaround on cpu[0m
[32m
[QUARK-INFO]: adaround iterations=0, lr=0.100000, loss=4565.090820 (Recons loss=4565.090820, Rounding loss=0.000000)[0m
[32m
[QUARK-INFO]: adaround iterations=100, lr=0.100000, loss=5146.292969 (Recons loss=5146.292969, Rounding loss=0.000000)[0m
[32m
[QUARK-INFO]: adaround iterations=200, lr=0.100000, loss=4536.283691 (Recons loss=4507.791992, Rounding loss=28.491751)[0m
[32m
[QUARK-INFO]: adaround iterations=300, lr=0.100000, loss=5172.448730 (Recons loss=5165.092285, Rounding loss=7.356532)[0m
[32m
[QUARK-INFO]: adaround iterations=400, lr=0.100000, loss=4112.384766 (Recons loss=4107.078613, Rounding loss=5.306054)[0m
[32m
[QUARK-INFO]: adaround iterations=500, lr=0.100000, loss=5054.687012 (Recons loss=5050.856445, Rounding loss=3.830383)[0m
[32m
[QUARK-INFO]: adaround iterations=600, lr=0.100000, loss=4728.621582 (Recons loss=4726.093262, Rounding loss=2.528281)[0m
[32m
[QUARK-INFO]: adaround iterations=700, lr=0.100000, loss=4524.604492 (Recons loss=4523.591797, Rounding loss=1.012553)[0m
[32m
[QUARK-INFO]: adaround iterations=800, lr=0.100000, loss=4887.126465 (Recons loss=4886.996582, Rounding loss=0.129850)[0m
[32m
[QUARK-INFO]: adaround iterations=900, lr=0.100000, loss=4882.024414 (Recons loss=4882.014648, Rounding loss=0.009955)[0m
[32m
[QUARK-INFO]: adaround iterations=999, lr=0.100000, loss=5040.311035 (Recons loss=5040.310547, Rounding loss=0.000527)[0m
[32m
[QUARK-INFO]: Module (/layer1/layer1.2/act2/Relu_output_0)->(/layer1/layer1.2/conv3/Conv_output_0) recons metrics was optimized from 19.742027 to 18.337223 (diff=-1.404804)[0m
[32m
[QUARK-INFO]: Quark_latency_profiler: finetuning layer 10, torch training time consumed 10.483507s[0m

 20%|##        | 11/54 [02:17<08:44, 12.19s/it][33m
[QUARK-WARNING]: The custom ops library C:\Users\<user>\miniforge3\envs\resnet_env\Lib\site-packages\quark\onnx\operators\custom_ops\lib\custom_ops.dll does NOT exist.[0m
[33m
[QUARK-WARNING]: The custom ops library C:\Users\<user>\miniforge3\envs\resnet_env\Lib\site-packages\quark\onnx\operators\custom_ops\lib\custom_ops.dll does NOT exist.[0m
[33m
[QUARK-WARNING]: Failed to register custom op library C:\Users\<user>\miniforge3\envs\resnet_env\Lib\site-packages\quark\onnx\operators\custom_ops\lib\custom_ops.dll to ORT with [ONNXRuntimeError] : 1 : FAIL : Error loading "C:\Users\<user>\miniforge3\envs\resnet_env\Lib\site-packages\quark\onnx\operators\custom_ops\lib\custom_ops.dll" which is missing. (Error 126: "The specified module could not be found."),please check if the library has been compiled successfully.[0m
[32m
[QUARK-INFO]: Quark_latency_profiler: finetuning layer 11, onnx inference (quantized model + float model) time consumed 4.962106s[0m
[32m
[QUARK-INFO]: Module (/layer1/layer1.2/act3/Relu_output_0)->(/layer2/layer2.0/act1/Relu_output_0) will be optimized by adaround on cpu[0m
[32m
[QUARK-INFO]: adaround iterations=0, lr=0.100000, loss=2070.861084 (Recons loss=2070.861084, Rounding loss=0.000000)[0m
[32m
[QUARK-INFO]: adaround iterations=100, lr=0.100000, loss=1190.945435 (Recons loss=1190.945435, Rounding loss=0.000000)[0m
[32m
[QUARK-INFO]: adaround iterations=200, lr=0.100000, loss=1492.349976 (Recons loss=1126.234009, Rounding loss=366.115936)[0m
[32m
[QUARK-INFO]: adaround iterations=300, lr=0.100000, loss=1209.272217 (Recons loss=1095.125854, Rounding loss=114.146385)[0m
[32m
[QUARK-INFO]: adaround iterations=400, lr=0.100000, loss=1087.567139 (Recons loss=989.949768, Rounding loss=97.617409)[0m
[32m
[QUARK-INFO]: adaround iterations=500, lr=0.100000, loss=1217.713501 (Recons loss=1139.727783, Rounding loss=77.985703)[0m
[32m
[QUARK-INFO]: adaround iterations=600, lr=0.100000, loss=1501.652344 (Recons loss=1450.661133, Rounding loss=50.991192)[0m
[32m
[QUARK-INFO]: adaround iterations=700, lr=0.100000, loss=1046.532104 (Recons loss=1024.963013, Rounding loss=21.569130)[0m
[32m
[QUARK-INFO]: adaround iterations=800, lr=0.100000, loss=1152.641724 (Recons loss=1149.931152, Rounding loss=2.710564)[0m
[32m
[QUARK-INFO]: adaround iterations=900, lr=0.100000, loss=1159.780762 (Recons loss=1159.710815, Rounding loss=0.070006)[0m
[32m
[QUARK-INFO]: adaround iterations=999, lr=0.100000, loss=1173.004028 (Recons loss=1173.004028, Rounding loss=0.000000)[0m
[32m
[QUARK-INFO]: Module (/layer1/layer1.2/act3/Relu_output_0)->(/layer2/layer2.0/act1/Relu_output_0) recons metrics was optimized from 7.324358 to 4.693086 (diff=-2.631272)[0m
[32m
[QUARK-INFO]: Quark_latency_profiler: finetuning layer 11, torch training time consumed 19.042796s[0m

 22%|##2       | 12/54 [02:41<11:02, 15.78s/it][33m
[QUARK-WARNING]: The custom ops library C:\Users\<user>\miniforge3\envs\resnet_env\Lib\site-packages\quark\onnx\operators\custom_ops\lib\custom_ops.dll does NOT exist.[0m
[33m
[QUARK-WARNING]: The custom ops library C:\Users\<user>\miniforge3\envs\resnet_env\Lib\site-packages\quark\onnx\operators\custom_ops\lib\custom_ops.dll does NOT exist.[0m
[33m
[QUARK-WARNING]: Failed to register custom op library C:\Users\<user>\miniforge3\envs\resnet_env\Lib\site-packages\quark\onnx\operators\custom_ops\lib\custom_ops.dll to ORT with [ONNXRuntimeError] : 1 : FAIL : Error loading "C:\Users\<user>\miniforge3\envs\resnet_env\Lib\site-packages\quark\onnx\operators\custom_ops\lib\custom_ops.dll" which is missing. (Error 126: "The specified module could not be found."),please check if the library has been compiled successfully.[0m
[32m
[QUARK-INFO]: Quark_latency_profiler: finetuning layer 12, onnx inference (quantized model + float model) time consumed 4.379449s[0m
[32m
[QUARK-INFO]: Module (/layer1/layer1.2/act3/Relu_output_0)->(/layer2/layer2.0/downsample/downsample.0/Conv_output_0) will be optimized by adaround on cpu[0m
[32m
[QUARK-INFO]: adaround iterations=0, lr=0.100000, loss=28263.181641 (Recons loss=28263.181641, Rounding loss=0.000000)[0m
[32m
[QUARK-INFO]: adaround iterations=100, lr=0.100000, loss=10524.850586 (Recons loss=10524.850586, Rounding loss=0.000000)[0m
[32m
[QUARK-INFO]: adaround iterations=200, lr=0.100000, loss=13901.278320 (Recons loss=13465.322266, Rounding loss=435.955688)[0m
[32m
[QUARK-INFO]: adaround iterations=300, lr=0.100000, loss=11477.409180 (Recons loss=11298.684570, Rounding loss=178.724548)[0m
[32m
[QUARK-INFO]: adaround iterations=400, lr=0.100000, loss=12123.712891 (Recons loss=11993.390625, Rounding loss=130.322296)[0m
[32m
[QUARK-INFO]: adaround iterations=500, lr=0.100000, loss=10585.769531 (Recons loss=10490.182617, Rounding loss=95.586899)[0m
[32m
[QUARK-INFO]: adaround iterations=600, lr=0.100000, loss=8370.976562 (Recons loss=8305.827148, Rounding loss=65.149834)[0m
[32m
[QUARK-INFO]: adaround iterations=700, lr=0.100000, loss=11423.288086 (Recons loss=11385.754883, Rounding loss=37.532719)[0m
[32m
[QUARK-INFO]: adaround iterations=800, lr=0.100000, loss=10442.661133 (Recons loss=10424.815430, Rounding loss=17.845785)[0m
[32m
[QUARK-INFO]: adaround iterations=900, lr=0.100000, loss=10166.787109 (Recons loss=10160.667969, Rounding loss=6.118932)[0m
[32m
[QUARK-INFO]: adaround iterations=999, lr=0.100000, loss=10057.299805 (Recons loss=10055.727539, Rounding loss=1.572288)[0m
[32m
[QUARK-INFO]: Module (/layer1/layer1.2/act3/Relu_output_0)->(/layer2/layer2.0/downsample/downsample.0/Conv_output_0) recons metrics was optimized from 46.872059 to 21.982235 (diff=-24.889824)[0m
[32m
[QUARK-INFO]: Quark_latency_profiler: finetuning layer 12, torch training time consumed 14.219624s[0m

 24%|##4       | 13/54 [03:00<11:22, 16.64s/it][33m
[QUARK-WARNING]: The custom ops library C:\Users\<user>\miniforge3\envs\resnet_env\Lib\site-packages\quark\onnx\operators\custom_ops\lib\custom_ops.dll does NOT exist.[0m
[33m
[QUARK-WARNING]: The custom ops library C:\Users\<user>\miniforge3\envs\resnet_env\Lib\site-packages\quark\onnx\operators\custom_ops\lib\custom_ops.dll does NOT exist.[0m
[33m
[QUARK-WARNING]: Failed to register custom op library C:\Users\<user>\miniforge3\envs\resnet_env\Lib\site-packages\quark\onnx\operators\custom_ops\lib\custom_ops.dll to ORT with [ONNXRuntimeError] : 1 : FAIL : Error loading "C:\Users\<user>\miniforge3\envs\resnet_env\Lib\site-packages\quark\onnx\operators\custom_ops\lib\custom_ops.dll" which is missing. (Error 126: "The specified module could not be found."),please check if the library has been compiled successfully.[0m
[32m
[QUARK-INFO]: Quark_latency_profiler: finetuning layer 13, onnx inference (quantized model + float model) time consumed 5.142521s[0m
[32m
[QUARK-INFO]: Module (/layer2/layer2.0/act1/Relu_output_0)->(/layer2/layer2.0/act2/Relu_output_0) will be optimized by adaround on cpu[0m
[32m
[QUARK-INFO]: adaround iterations=0, lr=0.100000, loss=5455.177734 (Recons loss=5455.177734, Rounding loss=0.000000)[0m
[32m
[QUARK-INFO]: adaround iterations=100, lr=0.100000, loss=4855.209473 (Recons loss=4855.209473, Rounding loss=0.000000)[0m
[32m
[QUARK-INFO]: adaround iterations=200, lr=0.100000, loss=4405.218750 (Recons loss=4313.256836, Rounding loss=91.962067)[0m
[32m
[QUARK-INFO]: adaround iterations=300, lr=0.100000, loss=4513.098633 (Recons loss=4484.544922, Rounding loss=28.553558)[0m
[32m
[QUARK-INFO]: adaround iterations=400, lr=0.100000, loss=4658.339844 (Recons loss=4634.126953, Rounding loss=24.212809)[0m
[32m
[QUARK-INFO]: adaround iterations=500, lr=0.100000, loss=4158.586914 (Recons loss=4139.165039, Rounding loss=19.421974)[0m
[32m
[QUARK-INFO]: adaround iterations=600, lr=0.100000, loss=4265.593750 (Recons loss=4252.771484, Rounding loss=12.822161)[0m
[32m
[QUARK-INFO]: adaround iterations=700, lr=0.100000, loss=4521.038086 (Recons loss=4515.575684, Rounding loss=5.462588)[0m
[32m
[QUARK-INFO]: adaround iterations=800, lr=0.100000, loss=5538.499023 (Recons loss=5537.888184, Rounding loss=0.610665)[0m
[32m
[QUARK-INFO]: adaround iterations=900, lr=0.100000, loss=4222.521484 (Recons loss=4222.446289, Rounding loss=0.075431)[0m
[32m
[QUARK-INFO]: adaround iterations=999, lr=0.100000, loss=5202.254395 (Recons loss=5202.217285, Rounding loss=0.037123)[0m
[32m
[QUARK-INFO]: Module (/layer2/layer2.0/act1/Relu_output_0)->(/layer2/layer2.0/act2/Relu_output_0) recons metrics was optimized from 19.826139 to 18.401051 (diff=-1.425089)[0m
[32m
[QUARK-INFO]: Quark_latency_profiler: finetuning layer 13, torch training time consumed 9.858548s[0m

 26%|##5       | 14/54 [03:15<10:45, 16.14s/it][33m
[QUARK-WARNING]: The custom ops library C:\Users\<user>\miniforge3\envs\resnet_env\Lib\site-packages\quark\onnx\operators\custom_ops\lib\custom_ops.dll does NOT exist.[0m
[33m
[QUARK-WARNING]: The custom ops library C:\Users\<user>\miniforge3\envs\resnet_env\Lib\site-packages\quark\onnx\operators\custom_ops\lib\custom_ops.dll does NOT exist.[0m
[33m
[QUARK-WARNING]: Failed to register custom op library C:\Users\<user>\miniforge3\envs\resnet_env\Lib\site-packages\quark\onnx\operators\custom_ops\lib\custom_ops.dll to ORT with [ONNXRuntimeError] : 1 : FAIL : Error loading "C:\Users\<user>\miniforge3\envs\resnet_env\Lib\site-packages\quark\onnx\operators\custom_ops\lib\custom_ops.dll" which is missing. (Error 126: "The specified module could not be found."),please check if the library has been compiled successfully.[0m
[32m
[QUARK-INFO]: Quark_latency_profiler: finetuning layer 14, onnx inference (quantized model + float model) time consumed 5.318610s[0m
[32m
[QUARK-INFO]: Module (/layer2/layer2.0/act2/Relu_output_0)->(/layer2/layer2.0/conv3/Conv_output_0) will be optimized by adaround on cpu[0m
[32m
[QUARK-INFO]: adaround iterations=0, lr=0.100000, loss=21006.847656 (Recons loss=21006.847656, Rounding loss=0.000000)[0m
[32m
[QUARK-INFO]: adaround iterations=100, lr=0.100000, loss=17332.373047 (Recons loss=17332.373047, Rounding loss=0.000000)[0m
[32m
[QUARK-INFO]: adaround iterations=200, lr=0.100000, loss=17846.371094 (Recons loss=17648.759766, Rounding loss=197.612183)[0m
[32m
[QUARK-INFO]: adaround iterations=300, lr=0.100000, loss=17368.427734 (Recons loss=17301.328125, Rounding loss=67.099403)[0m
[32m
[QUARK-INFO]: adaround iterations=400, lr=0.100000, loss=19714.312500 (Recons loss=19670.470703, Rounding loss=43.842640)[0m
[32m
[QUARK-INFO]: adaround iterations=500, lr=0.100000, loss=16790.960938 (Recons loss=16761.714844, Rounding loss=29.246008)[0m
[32m
[QUARK-INFO]: adaround iterations=600, lr=0.100000, loss=19333.964844 (Recons loss=19315.818359, Rounding loss=18.145885)[0m
[32m
[QUARK-INFO]: adaround iterations=700, lr=0.100000, loss=17772.808594 (Recons loss=17763.853516, Rounding loss=8.954332)[0m
[32m
[QUARK-INFO]: adaround iterations=800, lr=0.100000, loss=14902.475586 (Recons loss=14898.951172, Rounding loss=3.524776)[0m
[32m
[QUARK-INFO]: adaround iterations=900, lr=0.100000, loss=14805.213867 (Recons loss=14803.982422, Rounding loss=1.231645)[0m
[32m
[QUARK-INFO]: adaround iterations=999, lr=0.100000, loss=15818.167969 (Recons loss=15817.648438, Rounding loss=0.519859)[0m
[32m
[QUARK-INFO]: Module (/layer2/layer2.0/act2/Relu_output_0)->(/layer2/layer2.0/conv3/Conv_output_0) recons metrics was optimized from 51.164963 to 35.410973 (diff=-15.753990)[0m
[32m
[QUARK-INFO]: Quark_latency_profiler: finetuning layer 14, torch training time consumed 9.308715s[0m

 28%|##7       | 15/54 [03:30<10:11, 15.69s/it][33m
[QUARK-WARNING]: The custom ops library C:\Users\<user>\miniforge3\envs\resnet_env\Lib\site-packages\quark\onnx\operators\custom_ops\lib\custom_ops.dll does NOT exist.[0m
[33m
[QUARK-WARNING]: The custom ops library C:\Users\<user>\miniforge3\envs\resnet_env\Lib\site-packages\quark\onnx\operators\custom_ops\lib\custom_ops.dll does NOT exist.[0m
[33m
[QUARK-WARNING]: Failed to register custom op library C:\Users\<user>\miniforge3\envs\resnet_env\Lib\site-packages\quark\onnx\operators\custom_ops\lib\custom_ops.dll to ORT with [ONNXRuntimeError] : 1 : FAIL : Error loading "C:\Users\<user>\miniforge3\envs\resnet_env\Lib\site-packages\quark\onnx\operators\custom_ops\lib\custom_ops.dll" which is missing. (Error 126: "The specified module could not be found."),please check if the library has been compiled successfully.[0m
[32m
[QUARK-INFO]: Quark_latency_profiler: finetuning layer 15, onnx inference (quantized model + float model) time consumed 5.970451s[0m
[32m
[QUARK-INFO]: Module (/layer2/layer2.0/act3/Relu_output_0)->(/layer2/layer2.1/act1/Relu_output_0) will be optimized by adaround on cpu[0m
[32m
[QUARK-INFO]: adaround iterations=0, lr=0.100000, loss=9272.312500 (Recons loss=9272.312500, Rounding loss=0.000000)[0m
[32m
[QUARK-INFO]: adaround iterations=100, lr=0.100000, loss=6962.883301 (Recons loss=6962.883301, Rounding loss=0.000000)[0m
[32m
[QUARK-INFO]: adaround iterations=200, lr=0.100000, loss=7126.116211 (Recons loss=6777.389160, Rounding loss=348.726990)[0m
[32m
[QUARK-INFO]: adaround iterations=300, lr=0.100000, loss=7950.745117 (Recons loss=7854.220215, Rounding loss=96.524979)[0m
[32m
[QUARK-INFO]: adaround iterations=400, lr=0.100000, loss=7038.455078 (Recons loss=6965.953613, Rounding loss=72.501671)[0m
[32m
[QUARK-INFO]: adaround iterations=500, lr=0.100000, loss=7535.007324 (Recons loss=7480.552246, Rounding loss=54.455086)[0m
[32m
[QUARK-INFO]: adaround iterations=600, lr=0.100000, loss=7813.600098 (Recons loss=7779.091797, Rounding loss=34.508133)[0m
[32m
[QUARK-INFO]: adaround iterations=700, lr=0.100000, loss=7481.262207 (Recons loss=7466.338867, Rounding loss=14.923362)[0m
[32m
[QUARK-INFO]: adaround iterations=800, lr=0.100000, loss=7433.650391 (Recons loss=7431.724609, Rounding loss=1.925578)[0m
[32m
[QUARK-INFO]: adaround iterations=900, lr=0.100000, loss=6759.123535 (Recons loss=6759.041992, Rounding loss=0.081748)[0m
[32m
[QUARK-INFO]: adaround iterations=999, lr=0.100000, loss=7384.547363 (Recons loss=7384.517090, Rounding loss=0.030302)[0m
[32m
[QUARK-INFO]: Module (/layer2/layer2.0/act3/Relu_output_0)->(/layer2/layer2.1/act1/Relu_output_0) recons metrics was optimized from 38.556812 to 28.537849 (diff=-10.018963)[0m
[32m
[QUARK-INFO]: Quark_latency_profiler: finetuning layer 15, torch training time consumed 8.882245s[0m

 30%|##9       | 16/54 [03:44<09:46, 15.44s/it][33m
[QUARK-WARNING]: The custom ops library C:\Users\<user>\miniforge3\envs\resnet_env\Lib\site-packages\quark\onnx\operators\custom_ops\lib\custom_ops.dll does NOT exist.[0m
[33m
[QUARK-WARNING]: The custom ops library C:\Users\<user>\miniforge3\envs\resnet_env\Lib\site-packages\quark\onnx\operators\custom_ops\lib\custom_ops.dll does NOT exist.[0m
[33m
[QUARK-WARNING]: Failed to register custom op library C:\Users\<user>\miniforge3\envs\resnet_env\Lib\site-packages\quark\onnx\operators\custom_ops\lib\custom_ops.dll to ORT with [ONNXRuntimeError] : 1 : FAIL : Error loading "C:\Users\<user>\miniforge3\envs\resnet_env\Lib\site-packages\quark\onnx\operators\custom_ops\lib\custom_ops.dll" which is missing. (Error 126: "The specified module could not be found."),please check if the library has been compiled successfully.[0m
[32m
[QUARK-INFO]: Quark_latency_profiler: finetuning layer 16, onnx inference (quantized model + float model) time consumed 5.549131s[0m
[32m
[QUARK-INFO]: Module (/layer2/layer2.1/act1/Relu_output_0)->(/layer2/layer2.1/act2/Relu_output_0) will be optimized by adaround on cpu[0m
[32m
[QUARK-INFO]: adaround iterations=0, lr=0.100000, loss=25879015063552.000000 (Recons loss=25879015063552.000000, Rounding loss=0.000000)[0m
[32m
[QUARK-INFO]: adaround iterations=100, lr=0.100000, loss=25879015063552.000000 (Recons loss=25879015063552.000000, Rounding loss=0.000000)[0m
[32m
[QUARK-INFO]: adaround iterations=200, lr=0.100000, loss=25879015063552.000000 (Recons loss=25879015063552.000000, Rounding loss=0.000000)[0m
[32m
[QUARK-INFO]: adaround iterations=300, lr=0.100000, loss=25879015063552.000000 (Recons loss=25879015063552.000000, Rounding loss=0.000000)[0m
[32m
[QUARK-INFO]: adaround Iterations=399, mean loss 0.000000 (in 100 batches) is not better than best loss 0.000000, early stop[0m
[32m
[QUARK-INFO]: Module (/layer2/layer2.1/act1/Relu_output_0)->(/layer2/layer2.1/act2/Relu_output_0) recons metrics was optimized from 101089910784.000000 to 101089910784.000000 (diff=0.000000)[0m
[32m
[QUARK-INFO]: Quark_latency_profiler: finetuning layer 16, torch training time consumed 2.281718s[0m

 31%|###1      | 17/54 [03:52<08:06, 13.15s/it][33m
[QUARK-WARNING]: The custom ops library C:\Users\<user>\miniforge3\envs\resnet_env\Lib\site-packages\quark\onnx\operators\custom_ops\lib\custom_ops.dll does NOT exist.[0m
[33m
[QUARK-WARNING]: The custom ops library C:\Users\<user>\miniforge3\envs\resnet_env\Lib\site-packages\quark\onnx\operators\custom_ops\lib\custom_ops.dll does NOT exist.[0m
[33m
[QUARK-WARNING]: Failed to register custom op library C:\Users\<user>\miniforge3\envs\resnet_env\Lib\site-packages\quark\onnx\operators\custom_ops\lib\custom_ops.dll to ORT with [ONNXRuntimeError] : 1 : FAIL : Error loading "C:\Users\<user>\miniforge3\envs\resnet_env\Lib\site-packages\quark\onnx\operators\custom_ops\lib\custom_ops.dll" which is missing. (Error 126: "The specified module could not be found."),please check if the library has been compiled successfully.[0m
[32m
[QUARK-INFO]: Quark_latency_profiler: finetuning layer 17, onnx inference (quantized model + float model) time consumed 5.672522s[0m
[32m
[QUARK-INFO]: Module (/layer2/layer2.1/act2/Relu_output_0)->(/layer2/layer2.1/conv3/Conv_output_0) will be optimized by adaround on cpu[0m
[32m
[QUARK-INFO]: adaround iterations=0, lr=0.100000, loss=15856.651367 (Recons loss=15856.651367, Rounding loss=0.000000)[0m
[32m
[QUARK-INFO]: adaround iterations=100, lr=0.100000, loss=29965.763672 (Recons loss=29965.763672, Rounding loss=0.000000)[0m
[32m
[QUARK-INFO]: adaround iterations=200, lr=0.100000, loss=19885.041016 (Recons loss=19885.041016, Rounding loss=0.000000)[0m
[32m
[QUARK-INFO]: adaround iterations=300, lr=0.100000, loss=21016.560547 (Recons loss=21016.560547, Rounding loss=0.000000)[0m
[32m
[QUARK-INFO]: adaround Iterations=399, mean loss 0.000000 (in 100 batches) is not better than best loss 0.000000, early stop[0m
[32m
[QUARK-INFO]: Module (/layer2/layer2.1/act2/Relu_output_0)->(/layer2/layer2.1/conv3/Conv_output_0) recons metrics was optimized from 36.098091 to 36.098091 (diff=0.000000)[0m
[32m
[QUARK-INFO]: Quark_latency_profiler: finetuning layer 17, torch training time consumed 4.126642s[0m

 33%|###3      | 18/54 [04:02<07:17, 12.14s/it][33m
[QUARK-WARNING]: The custom ops library C:\Users\<user>\miniforge3\envs\resnet_env\Lib\site-packages\quark\onnx\operators\custom_ops\lib\custom_ops.dll does NOT exist.[0m
[33m
[QUARK-WARNING]: The custom ops library C:\Users\<user>\miniforge3\envs\resnet_env\Lib\site-packages\quark\onnx\operators\custom_ops\lib\custom_ops.dll does NOT exist.[0m
[33m
[QUARK-WARNING]: Failed to register custom op library C:\Users\<user>\miniforge3\envs\resnet_env\Lib\site-packages\quark\onnx\operators\custom_ops\lib\custom_ops.dll to ORT with [ONNXRuntimeError] : 1 : FAIL : Error loading "C:\Users\<user>\miniforge3\envs\resnet_env\Lib\site-packages\quark\onnx\operators\custom_ops\lib\custom_ops.dll" which is missing. (Error 126: "The specified module could not be found."),please check if the library has been compiled successfully.[0m
[32m
[QUARK-INFO]: Quark_latency_profiler: finetuning layer 18, onnx inference (quantized model + float model) time consumed 6.243061s[0m
[32m
[QUARK-INFO]: Module (/layer2/layer2.1/act3/Relu_output_0)->(/layer2/layer2.2/act1/Relu_output_0) will be optimized by adaround on cpu[0m
[32m
[QUARK-INFO]: adaround iterations=0, lr=0.100000, loss=8880.935547 (Recons loss=8880.935547, Rounding loss=0.000000)[0m
[32m
[QUARK-INFO]: adaround iterations=100, lr=0.100000, loss=6270.303711 (Recons loss=6270.303711, Rounding loss=0.000000)[0m
[32m
[QUARK-INFO]: adaround iterations=200, lr=0.100000, loss=6480.338867 (Recons loss=5908.832031, Rounding loss=571.506958)[0m
[32m
[QUARK-INFO]: adaround iterations=300, lr=0.100000, loss=5469.734863 (Recons loss=5290.243164, Rounding loss=179.491562)[0m
[32m
[QUARK-INFO]: adaround iterations=400, lr=0.100000, loss=5804.556152 (Recons loss=5659.582031, Rounding loss=144.974213)[0m
[32m
[QUARK-INFO]: adaround iterations=500, lr=0.100000, loss=5564.634277 (Recons loss=5452.825195, Rounding loss=111.808960)[0m
[32m
[QUARK-INFO]: adaround iterations=600, lr=0.100000, loss=6079.731934 (Recons loss=6008.458008, Rounding loss=71.273849)[0m
[32m
[QUARK-INFO]: adaround iterations=700, lr=0.100000, loss=7012.830566 (Recons loss=6982.808594, Rounding loss=30.022085)[0m
[32m
[QUARK-INFO]: adaround iterations=800, lr=0.100000, loss=6040.749023 (Recons loss=6036.819336, Rounding loss=3.929464)[0m
[32m
[QUARK-INFO]: adaround iterations=900, lr=0.100000, loss=6334.886230 (Recons loss=6334.702637, Rounding loss=0.183781)[0m
[32m
[QUARK-INFO]: adaround iterations=999, lr=0.100000, loss=4807.670898 (Recons loss=4807.625000, Rounding loss=0.046074)[0m
[32m
[QUARK-INFO]: Module (/layer2/layer2.1/act3/Relu_output_0)->(/layer2/layer2.2/act1/Relu_output_0) recons metrics was optimized from 34.094398 to 23.015751 (diff=-11.078648)[0m
[32m
[QUARK-INFO]: Quark_latency_profiler: finetuning layer 18, torch training time consumed 9.316431s[0m

 35%|###5      | 19/54 [04:18<07:40, 13.17s/it][33m
[QUARK-WARNING]: The custom ops library C:\Users\<user>\miniforge3\envs\resnet_env\Lib\site-packages\quark\onnx\operators\custom_ops\lib\custom_ops.dll does NOT exist.[0m
[33m
[QUARK-WARNING]: The custom ops library C:\Users\<user>\miniforge3\envs\resnet_env\Lib\site-packages\quark\onnx\operators\custom_ops\lib\custom_ops.dll does NOT exist.[0m
[33m
[QUARK-WARNING]: Failed to register custom op library C:\Users\<user>\miniforge3\envs\resnet_env\Lib\site-packages\quark\onnx\operators\custom_ops\lib\custom_ops.dll to ORT with [ONNXRuntimeError] : 1 : FAIL : Error loading "C:\Users\<user>\miniforge3\envs\resnet_env\Lib\site-packages\quark\onnx\operators\custom_ops\lib\custom_ops.dll" which is missing. (Error 126: "The specified module could not be found."),please check if the library has been compiled successfully.[0m
[32m
[QUARK-INFO]: Quark_latency_profiler: finetuning layer 19, onnx inference (quantized model + float model) time consumed 6.454776s[0m
[32m
[QUARK-INFO]: Module (/layer2/layer2.2/act1/Relu_output_0)->(/layer2/layer2.2/act2/Relu_output_0) will be optimized by adaround on cpu[0m
[32m
[QUARK-INFO]: adaround iterations=0, lr=0.100000, loss=2578.328369 (Recons loss=2578.328369, Rounding loss=0.000000)[0m
[32m
[QUARK-INFO]: adaround iterations=100, lr=0.100000, loss=2255.052734 (Recons loss=2255.052734, Rounding loss=0.000000)[0m
[32m
[QUARK-INFO]: adaround iterations=200, lr=0.100000, loss=2497.325684 (Recons loss=2425.953857, Rounding loss=71.371819)[0m
[32m
[QUARK-INFO]: adaround iterations=300, lr=0.100000, loss=2278.678711 (Recons loss=2255.408691, Rounding loss=23.269924)[0m
[32m
[QUARK-INFO]: adaround iterations=400, lr=0.100000, loss=2132.551758 (Recons loss=2113.261475, Rounding loss=19.290161)[0m
[32m
[QUARK-INFO]: adaround iterations=500, lr=0.100000, loss=2206.459229 (Recons loss=2191.754883, Rounding loss=14.704311)[0m
[32m
[QUARK-INFO]: adaround iterations=600, lr=0.100000, loss=2538.559814 (Recons loss=2529.174316, Rounding loss=9.385613)[0m
[32m
[QUARK-INFO]: adaround iterations=700, lr=0.100000, loss=2461.812988 (Recons loss=2457.771484, Rounding loss=4.041573)[0m
[32m
[QUARK-INFO]: adaround iterations=800, lr=0.100000, loss=2482.334717 (Recons loss=2481.674316, Rounding loss=0.660459)[0m
[32m
[QUARK-INFO]: adaround iterations=900, lr=0.100000, loss=2332.207031 (Recons loss=2332.176758, Rounding loss=0.030185)[0m
[32m
[QUARK-INFO]: adaround iterations=999, lr=0.100000, loss=2159.032715 (Recons loss=2159.031494, Rounding loss=0.001234)[0m
[32m
[QUARK-INFO]: Module (/layer2/layer2.2/act1/Relu_output_0)->(/layer2/layer2.2/act2/Relu_output_0) recons metrics was optimized from 9.538216 to 8.883850 (diff=-0.654366)[0m
[32m
[QUARK-INFO]: Quark_latency_profiler: finetuning layer 19, torch training time consumed 5.082854s[0m

 37%|###7      | 20/54 [04:29<07:11, 12.68s/it][33m
[QUARK-WARNING]: The custom ops library C:\Users\<user>\miniforge3\envs\resnet_env\Lib\site-packages\quark\onnx\operators\custom_ops\lib\custom_ops.dll does NOT exist.[0m
[33m
[QUARK-WARNING]: The custom ops library C:\Users\<user>\miniforge3\envs\resnet_env\Lib\site-packages\quark\onnx\operators\custom_ops\lib\custom_ops.dll does NOT exist.[0m
[33m
[QUARK-WARNING]: Failed to register custom op library C:\Users\<user>\miniforge3\envs\resnet_env\Lib\site-packages\quark\onnx\operators\custom_ops\lib\custom_ops.dll to ORT with [ONNXRuntimeError] : 1 : FAIL : Error loading "C:\Users\<user>\miniforge3\envs\resnet_env\Lib\site-packages\quark\onnx\operators\custom_ops\lib\custom_ops.dll" which is missing. (Error 126: "The specified module could not be found."),please check if the library has been compiled successfully.[0m
[32m
[QUARK-INFO]: Quark_latency_profiler: finetuning layer 20, onnx inference (quantized model + float model) time consumed 6.557566s[0m
[32m
[QUARK-INFO]: Module (/layer2/layer2.2/act2/Relu_output_0)->(/layer2/layer2.2/conv3/Conv_output_0) will be optimized by adaround on cpu[0m
[32m
[QUARK-INFO]: adaround iterations=0, lr=0.100000, loss=4017.431396 (Recons loss=4017.431396, Rounding loss=0.000000)[0m
[32m
[QUARK-INFO]: adaround iterations=100, lr=0.100000, loss=3265.952148 (Recons loss=3265.952148, Rounding loss=0.000000)[0m
[32m
[QUARK-INFO]: adaround iterations=200, lr=0.100000, loss=4186.610840 (Recons loss=3823.095947, Rounding loss=363.514771)[0m
[32m
[QUARK-INFO]: adaround iterations=300, lr=0.100000, loss=3867.397705 (Recons loss=3733.459717, Rounding loss=133.937912)[0m
[32m
[QUARK-INFO]: adaround iterations=400, lr=0.100000, loss=4280.698730 (Recons loss=4192.038574, Rounding loss=88.660095)[0m
[32m
[QUARK-INFO]: adaround iterations=500, lr=0.100000, loss=4188.925781 (Recons loss=4130.384766, Rounding loss=58.540806)[0m
[32m
[QUARK-INFO]: adaround iterations=600, lr=0.100000, loss=4499.420410 (Recons loss=4461.977051, Rounding loss=37.443428)[0m
[32m
[QUARK-INFO]: adaround iterations=700, lr=0.100000, loss=3303.600098 (Recons loss=3284.064941, Rounding loss=19.535120)[0m
[32m
[QUARK-INFO]: adaround iterations=800, lr=0.100000, loss=4175.535156 (Recons loss=4167.441406, Rounding loss=8.093615)[0m
[32m
[QUARK-INFO]: adaround iterations=900, lr=0.100000, loss=3465.263672 (Recons loss=3462.651123, Rounding loss=2.612526)[0m
[32m
[QUARK-INFO]: adaround iterations=999, lr=0.100000, loss=3720.586670 (Recons loss=3719.678467, Rounding loss=0.908101)[0m
[32m
[QUARK-INFO]: Module (/layer2/layer2.2/act2/Relu_output_0)->(/layer2/layer2.2/conv3/Conv_output_0) recons metrics was optimized from 9.555533 to 7.605449 (diff=-1.950084)[0m
[32m
[QUARK-INFO]: Quark_latency_profiler: finetuning layer 20, torch training time consumed 7.726479s[0m

 39%|###8      | 21/54 [04:43<07:14, 13.16s/it][33m
[QUARK-WARNING]: The custom ops library C:\Users\<user>\miniforge3\envs\resnet_env\Lib\site-packages\quark\onnx\operators\custom_ops\lib\custom_ops.dll does NOT exist.[0m
[33m
[QUARK-WARNING]: The custom ops library C:\Users\<user>\miniforge3\envs\resnet_env\Lib\site-packages\quark\onnx\operators\custom_ops\lib\custom_ops.dll does NOT exist.[0m
[33m
[QUARK-WARNING]: Failed to register custom op library C:\Users\<user>\miniforge3\envs\resnet_env\Lib\site-packages\quark\onnx\operators\custom_ops\lib\custom_ops.dll to ORT with [ONNXRuntimeError] : 1 : FAIL : Error loading "C:\Users\<user>\miniforge3\envs\resnet_env\Lib\site-packages\quark\onnx\operators\custom_ops\lib\custom_ops.dll" which is missing. (Error 126: "The specified module could not be found."),please check if the library has been compiled successfully.[0m
[32m
[QUARK-INFO]: Quark_latency_profiler: finetuning layer 21, onnx inference (quantized model + float model) time consumed 5.391613s[0m
[32m
[QUARK-INFO]: Module (/layer2/layer2.2/act3/Relu_output_0)->(/layer2/layer2.3/act1/Relu_output_0) will be optimized by adaround on cpu[0m
[32m
[QUARK-INFO]: adaround iterations=0, lr=0.100000, loss=3752.836426 (Recons loss=3752.836426, Rounding loss=0.000000)[0m
[32m
[QUARK-INFO]: adaround iterations=100, lr=0.100000, loss=3082.376221 (Recons loss=3082.376221, Rounding loss=0.000000)[0m
[32m
[QUARK-INFO]: adaround iterations=200, lr=0.100000, loss=2474.842529 (Recons loss=2089.405029, Rounding loss=385.437408)[0m
[32m
[QUARK-INFO]: adaround iterations=300, lr=0.100000, loss=3255.646484 (Recons loss=3150.947266, Rounding loss=104.699181)[0m
[32m
[QUARK-INFO]: adaround iterations=400, lr=0.100000, loss=2546.864746 (Recons loss=2476.220703, Rounding loss=70.644005)[0m
[32m
[QUARK-INFO]: adaround iterations=500, lr=0.100000, loss=2826.900391 (Recons loss=2779.034424, Rounding loss=47.866035)[0m
[32m
[QUARK-INFO]: adaround iterations=600, lr=0.100000, loss=3184.368896 (Recons loss=3155.876221, Rounding loss=28.492685)[0m
[32m
[QUARK-INFO]: adaround iterations=700, lr=0.100000, loss=2608.017822 (Recons loss=2595.692871, Rounding loss=12.324984)[0m
[32m
[QUARK-INFO]: adaround iterations=800, lr=0.100000, loss=2976.096924 (Recons loss=2973.946045, Rounding loss=2.150959)[0m
[32m
[QUARK-INFO]: adaround iterations=900, lr=0.100000, loss=2840.076904 (Recons loss=2839.895020, Rounding loss=0.181878)[0m
[32m
[QUARK-INFO]: adaround iterations=999, lr=0.100000, loss=3405.386475 (Recons loss=3405.331299, Rounding loss=0.055065)[0m
[32m
[QUARK-INFO]: Module (/layer2/layer2.2/act3/Relu_output_0)->(/layer2/layer2.3/act1/Relu_output_0) recons metrics was optimized from 15.934871 to 10.779839 (diff=-5.155032)[0m
[32m
[QUARK-INFO]: Quark_latency_profiler: finetuning layer 21, torch training time consumed 7.695440s[0m

 41%|####      | 22/54 [04:57<07:00, 13.14s/it][33m
[QUARK-WARNING]: The custom ops library C:\Users\<user>\miniforge3\envs\resnet_env\Lib\site-packages\quark\onnx\operators\custom_ops\lib\custom_ops.dll does NOT exist.[0m
[33m
[QUARK-WARNING]: The custom ops library C:\Users\<user>\miniforge3\envs\resnet_env\Lib\site-packages\quark\onnx\operators\custom_ops\lib\custom_ops.dll does NOT exist.[0m
[33m
[QUARK-WARNING]: Failed to register custom op library C:\Users\<user>\miniforge3\envs\resnet_env\Lib\site-packages\quark\onnx\operators\custom_ops\lib\custom_ops.dll to ORT with [ONNXRuntimeError] : 1 : FAIL : Error loading "C:\Users\<user>\miniforge3\envs\resnet_env\Lib\site-packages\quark\onnx\operators\custom_ops\lib\custom_ops.dll" which is missing. (Error 126: "The specified module could not be found."),please check if the library has been compiled successfully.[0m
[32m
[QUARK-INFO]: Quark_latency_profiler: finetuning layer 22, onnx inference (quantized model + float model) time consumed 5.657380s[0m
[32m
[QUARK-INFO]: Module (/layer2/layer2.3/act1/Relu_output_0)->(/layer2/layer2.3/act2/Relu_output_0) will be optimized by adaround on cpu[0m
[32m
[QUARK-INFO]: adaround iterations=0, lr=0.100000, loss=1654.424927 (Recons loss=1654.424927, Rounding loss=0.000000)[0m
[32m
[QUARK-INFO]: adaround iterations=100, lr=0.100000, loss=1887.206909 (Recons loss=1887.206909, Rounding loss=0.000000)[0m
[32m
[QUARK-INFO]: adaround iterations=200, lr=0.100000, loss=2535.805664 (Recons loss=2482.475342, Rounding loss=53.330296)[0m
[32m
[QUARK-INFO]: adaround iterations=300, lr=0.100000, loss=1752.342407 (Recons loss=1737.609985, Rounding loss=14.732376)[0m
[32m
[QUARK-INFO]: adaround iterations=400, lr=0.100000, loss=2278.197754 (Recons loss=2267.813232, Rounding loss=10.384495)[0m
[32m
[QUARK-INFO]: adaround iterations=500, lr=0.100000, loss=2381.817871 (Recons loss=2374.497559, Rounding loss=7.320287)[0m
[32m
[QUARK-INFO]: adaround iterations=600, lr=0.100000, loss=1857.035767 (Recons loss=1852.503784, Rounding loss=4.532007)[0m
[32m
[QUARK-INFO]: adaround iterations=700, lr=0.100000, loss=3166.598389 (Recons loss=3164.750244, Rounding loss=1.848249)[0m
[32m
[QUARK-INFO]: adaround iterations=800, lr=0.100000, loss=2369.251709 (Recons loss=2368.994141, Rounding loss=0.257554)[0m
[32m
[QUARK-INFO]: adaround iterations=900, lr=0.100000, loss=2227.769775 (Recons loss=2227.755859, Rounding loss=0.013841)[0m
[32m
[QUARK-INFO]: adaround iterations=999, lr=0.100000, loss=2545.606445 (Recons loss=2545.602783, Rounding loss=0.003711)[0m
[32m
[QUARK-INFO]: Module (/layer2/layer2.3/act1/Relu_output_0)->(/layer2/layer2.3/act2/Relu_output_0) recons metrics was optimized from 9.725552 to 9.114908 (diff=-0.610643)[0m
[32m
[QUARK-INFO]: Quark_latency_profiler: finetuning layer 22, torch training time consumed 4.404207s[0m

 43%|####2     | 23/54 [05:07<06:18, 12.22s/it][33m
[QUARK-WARNING]: The custom ops library C:\Users\<user>\miniforge3\envs\resnet_env\Lib\site-packages\quark\onnx\operators\custom_ops\lib\custom_ops.dll does NOT exist.[0m
[33m
[QUARK-WARNING]: The custom ops library C:\Users\<user>\miniforge3\envs\resnet_env\Lib\site-packages\quark\onnx\operators\custom_ops\lib\custom_ops.dll does NOT exist.[0m
[33m
[QUARK-WARNING]: Failed to register custom op library C:\Users\<user>\miniforge3\envs\resnet_env\Lib\site-packages\quark\onnx\operators\custom_ops\lib\custom_ops.dll to ORT with [ONNXRuntimeError] : 1 : FAIL : Error loading "C:\Users\<user>\miniforge3\envs\resnet_env\Lib\site-packages\quark\onnx\operators\custom_ops\lib\custom_ops.dll" which is missing. (Error 126: "The specified module could not be found."),please check if the library has been compiled successfully.[0m
[32m
[QUARK-INFO]: Quark_latency_profiler: finetuning layer 23, onnx inference (quantized model + float model) time consumed 8.918684s[0m
[32m
[QUARK-INFO]: Module (/layer2/layer2.3/act2/Relu_output_0)->(/layer2/layer2.3/conv3/Conv_output_0) will be optimized by adaround on cpu[0m
[32m
[QUARK-INFO]: adaround iterations=0, lr=0.100000, loss=4247.481934 (Recons loss=4247.481934, Rounding loss=0.000000)[0m
[32m
[QUARK-INFO]: adaround iterations=100, lr=0.100000, loss=3064.867920 (Recons loss=3064.867920, Rounding loss=0.000000)[0m
[32m
[QUARK-INFO]: adaround iterations=200, lr=0.100000, loss=3867.417236 (Recons loss=3352.564941, Rounding loss=514.852234)[0m
[32m
[QUARK-INFO]: adaround iterations=300, lr=0.100000, loss=3845.463379 (Recons loss=3636.000732, Rounding loss=209.462769)[0m
[32m
[QUARK-INFO]: adaround iterations=400, lr=0.100000, loss=3675.046387 (Recons loss=3528.087891, Rounding loss=146.958588)[0m
[32m
[QUARK-INFO]: adaround iterations=500, lr=0.100000, loss=5111.473145 (Recons loss=5007.626465, Rounding loss=103.846657)[0m
[32m
[QUARK-INFO]: adaround iterations=600, lr=0.100000, loss=4400.604004 (Recons loss=4331.986816, Rounding loss=68.617050)[0m
[32m
[QUARK-INFO]: adaround iterations=700, lr=0.100000, loss=4798.261230 (Recons loss=4758.480469, Rounding loss=39.780643)[0m
[32m
[QUARK-INFO]: adaround iterations=800, lr=0.100000, loss=3237.694824 (Recons loss=3220.164795, Rounding loss=17.530027)[0m
[32m
[QUARK-INFO]: adaround iterations=900, lr=0.100000, loss=3566.146240 (Recons loss=3561.006104, Rounding loss=5.140026)[0m
[32m
[QUARK-INFO]: adaround iterations=999, lr=0.100000, loss=3892.658447 (Recons loss=3891.212402, Rounding loss=1.445939)[0m
[32m
[QUARK-INFO]: Module (/layer2/layer2.3/act2/Relu_output_0)->(/layer2/layer2.3/conv3/Conv_output_0) recons metrics was optimized from 9.631456 to 7.460510 (diff=-2.170947)[0m
[32m
[QUARK-INFO]: Quark_latency_profiler: finetuning layer 23, torch training time consumed 9.272833s[0m

 44%|####4     | 24/54 [05:25<07:00, 14.01s/it][33m
[QUARK-WARNING]: The custom ops library C:\Users\<user>\miniforge3\envs\resnet_env\Lib\site-packages\quark\onnx\operators\custom_ops\lib\custom_ops.dll does NOT exist.[0m
[33m
[QUARK-WARNING]: The custom ops library C:\Users\<user>\miniforge3\envs\resnet_env\Lib\site-packages\quark\onnx\operators\custom_ops\lib\custom_ops.dll does NOT exist.[0m
[33m
[QUARK-WARNING]: Failed to register custom op library C:\Users\<user>\miniforge3\envs\resnet_env\Lib\site-packages\quark\onnx\operators\custom_ops\lib\custom_ops.dll to ORT with [ONNXRuntimeError] : 1 : FAIL : Error loading "C:\Users\<user>\miniforge3\envs\resnet_env\Lib\site-packages\quark\onnx\operators\custom_ops\lib\custom_ops.dll" which is missing. (Error 126: "The specified module could not be found."),please check if the library has been compiled successfully.[0m
[32m
[QUARK-INFO]: Quark_latency_profiler: finetuning layer 24, onnx inference (quantized model + float model) time consumed 9.182709s[0m
[32m
[QUARK-INFO]: Module (/layer2/layer2.3/act3/Relu_output_0)->(/layer3/layer3.0/act1/Relu_output_0) will be optimized by adaround on cpu[0m
[32m
[QUARK-INFO]: adaround iterations=0, lr=0.100000, loss=1997.001587 (Recons loss=1997.001587, Rounding loss=0.000000)[0m
[32m
[QUARK-INFO]: adaround iterations=100, lr=0.100000, loss=1166.741577 (Recons loss=1166.741577, Rounding loss=0.000000)[0m
[32m
[QUARK-INFO]: adaround iterations=200, lr=0.100000, loss=2478.198242 (Recons loss=1360.560425, Rounding loss=1117.637817)[0m
[32m
[QUARK-INFO]: adaround iterations=300, lr=0.100000, loss=1909.018921 (Recons loss=1639.699951, Rounding loss=269.319000)[0m
[32m
[QUARK-INFO]: adaround iterations=400, lr=0.100000, loss=1983.284424 (Recons loss=1795.146851, Rounding loss=188.137512)[0m
[32m
[QUARK-INFO]: adaround iterations=500, lr=0.100000, loss=1824.606689 (Recons loss=1689.726929, Rounding loss=134.879776)[0m
[32m
[QUARK-INFO]: adaround iterations=600, lr=0.100000, loss=1646.736450 (Recons loss=1563.302612, Rounding loss=83.433838)[0m
[32m
[QUARK-INFO]: adaround iterations=700, lr=0.100000, loss=1497.952881 (Recons loss=1463.359375, Rounding loss=34.593468)[0m
[32m
[QUARK-INFO]: adaround iterations=800, lr=0.100000, loss=1785.234985 (Recons loss=1781.425171, Rounding loss=3.809766)[0m
[32m
[QUARK-INFO]: adaround iterations=900, lr=0.100000, loss=1218.086914 (Recons loss=1218.062622, Rounding loss=0.024290)[0m
[32m
[QUARK-INFO]: adaround iterations=999, lr=0.100000, loss=1706.548096 (Recons loss=1706.548096, Rounding loss=0.000000)[0m
[32m
[QUARK-INFO]: Module (/layer2/layer2.3/act3/Relu_output_0)->(/layer3/layer3.0/act1/Relu_output_0) recons metrics was optimized from 3.722050 to 3.092929 (diff=-0.629121)[0m
[32m
[QUARK-INFO]: Quark_latency_profiler: finetuning layer 24, torch training time consumed 15.183488s[0m

 46%|####6     | 25/54 [05:49<08:16, 17.12s/it][33m
[QUARK-WARNING]: The custom ops library C:\Users\<user>\miniforge3\envs\resnet_env\Lib\site-packages\quark\onnx\operators\custom_ops\lib\custom_ops.dll does NOT exist.[0m
[33m
[QUARK-WARNING]: The custom ops library C:\Users\<user>\miniforge3\envs\resnet_env\Lib\site-packages\quark\onnx\operators\custom_ops\lib\custom_ops.dll does NOT exist.[0m
[33m
[QUARK-WARNING]: Failed to register custom op library C:\Users\<user>\miniforge3\envs\resnet_env\Lib\site-packages\quark\onnx\operators\custom_ops\lib\custom_ops.dll to ORT with [ONNXRuntimeError] : 1 : FAIL : Error loading "C:\Users\<user>\miniforge3\envs\resnet_env\Lib\site-packages\quark\onnx\operators\custom_ops\lib\custom_ops.dll" which is missing. (Error 126: "The specified module could not be found."),please check if the library has been compiled successfully.[0m
[32m
[QUARK-INFO]: Quark_latency_profiler: finetuning layer 25, onnx inference (quantized model + float model) time consumed 9.867323s[0m
[32m
[QUARK-INFO]: Module (/layer2/layer2.3/act3/Relu_output_0)->(/layer3/layer3.0/downsample/downsample.0/Conv_output_0) will be optimized by adaround on cpu[0m
[32m
[QUARK-INFO]: adaround iterations=0, lr=0.100000, loss=5024.803711 (Recons loss=5024.803711, Rounding loss=0.000000)[0m
[32m
[QUARK-INFO]: adaround iterations=100, lr=0.100000, loss=3468.347656 (Recons loss=3468.347656, Rounding loss=0.000000)[0m
[32m
[QUARK-INFO]: adaround iterations=200, lr=0.100000, loss=4192.061523 (Recons loss=2869.302002, Rounding loss=1322.759644)[0m
[32m
[QUARK-INFO]: adaround iterations=300, lr=0.100000, loss=3082.170166 (Recons loss=2721.914795, Rounding loss=360.255463)[0m
[32m
[QUARK-INFO]: adaround iterations=400, lr=0.100000, loss=3123.862549 (Recons loss=2929.456055, Rounding loss=194.406479)[0m
[32m
[QUARK-INFO]: adaround iterations=500, lr=0.100000, loss=2856.468750 (Recons loss=2745.402832, Rounding loss=111.065956)[0m
[32m
[QUARK-INFO]: adaround iterations=600, lr=0.100000, loss=3594.508545 (Recons loss=3535.137695, Rounding loss=59.370754)[0m
[32m
[QUARK-INFO]: adaround iterations=700, lr=0.100000, loss=3949.698975 (Recons loss=3926.747559, Rounding loss=22.951366)[0m
[32m
[QUARK-INFO]: adaround iterations=800, lr=0.100000, loss=3455.681641 (Recons loss=3449.384033, Rounding loss=6.297690)[0m
[32m
[QUARK-INFO]: adaround iterations=900, lr=0.100000, loss=4948.381836 (Recons loss=4947.680664, Rounding loss=0.701140)[0m
[32m
[QUARK-INFO]: adaround iterations=999, lr=0.100000, loss=3340.833740 (Recons loss=3340.756592, Rounding loss=0.077113)[0m
[32m
[QUARK-INFO]: Module (/layer2/layer2.3/act3/Relu_output_0)->(/layer3/layer3.0/downsample/downsample.0/Conv_output_0) recons metrics was optimized from 5.132409 to 3.143162 (diff=-1.989246)[0m
[32m
[QUARK-INFO]: Quark_latency_profiler: finetuning layer 25, torch training time consumed 13.418063s[0m

 48%|####8     | 26/54 [06:12<08:51, 18.97s/it][33m
[QUARK-WARNING]: The custom ops library C:\Users\<user>\miniforge3\envs\resnet_env\Lib\site-packages\quark\onnx\operators\custom_ops\lib\custom_ops.dll does NOT exist.[0m
[33m
[QUARK-WARNING]: The custom ops library C:\Users\<user>\miniforge3\envs\resnet_env\Lib\site-packages\quark\onnx\operators\custom_ops\lib\custom_ops.dll does NOT exist.[0m
[33m
[QUARK-WARNING]: Failed to register custom op library C:\Users\<user>\miniforge3\envs\resnet_env\Lib\site-packages\quark\onnx\operators\custom_ops\lib\custom_ops.dll to ORT with [ONNXRuntimeError] : 1 : FAIL : Error loading "C:\Users\<user>\miniforge3\envs\resnet_env\Lib\site-packages\quark\onnx\operators\custom_ops\lib\custom_ops.dll" which is missing. (Error 126: "The specified module could not be found."),please check if the library has been compiled successfully.[0m
[32m
[QUARK-INFO]: Quark_latency_profiler: finetuning layer 26, onnx inference (quantized model + float model) time consumed 11.040597s[0m
[32m
[QUARK-INFO]: Module (/layer3/layer3.0/act1/Relu_output_0)->(/layer3/layer3.0/act2/Relu_output_0) will be optimized by adaround on cpu[0m
[32m
[QUARK-INFO]: adaround iterations=0, lr=0.100000, loss=2463.456299 (Recons loss=2463.456299, Rounding loss=0.000000)[0m
[32m
[QUARK-INFO]: adaround iterations=100, lr=0.100000, loss=2278.652832 (Recons loss=2278.652832, Rounding loss=0.000000)[0m
[32m
[QUARK-INFO]: adaround iterations=200, lr=0.100000, loss=2472.709473 (Recons loss=2156.644775, Rounding loss=316.064728)[0m
[32m
[QUARK-INFO]: adaround iterations=300, lr=0.100000, loss=2372.860107 (Recons loss=2290.409668, Rounding loss=82.450447)[0m
[32m
[QUARK-INFO]: adaround iterations=400, lr=0.100000, loss=2879.861816 (Recons loss=2818.142334, Rounding loss=61.719563)[0m
[32m
[QUARK-INFO]: adaround iterations=500, lr=0.100000, loss=2583.876709 (Recons loss=2537.649658, Rounding loss=46.227016)[0m
[32m
[QUARK-INFO]: adaround iterations=600, lr=0.100000, loss=2196.878906 (Recons loss=2167.284912, Rounding loss=29.594032)[0m
[32m
[QUARK-INFO]: adaround iterations=700, lr=0.100000, loss=2091.662598 (Recons loss=2079.362061, Rounding loss=12.300637)[0m
[32m
[QUARK-INFO]: adaround iterations=800, lr=0.100000, loss=2352.042480 (Recons loss=2350.680664, Rounding loss=1.361709)[0m
[32m
[QUARK-INFO]: adaround iterations=900, lr=0.100000, loss=2636.227295 (Recons loss=2636.223877, Rounding loss=0.003447)[0m
[32m
[QUARK-INFO]: adaround iterations=999, lr=0.100000, loss=2312.830078 (Recons loss=2312.830078, Rounding loss=0.000000)[0m
[32m
[QUARK-INFO]: Module (/layer3/layer3.0/act1/Relu_output_0)->(/layer3/layer3.0/act2/Relu_output_0) recons metrics was optimized from 4.992423 to 4.853550 (diff=-0.138873)[0m
[32m
[QUARK-INFO]: Quark_latency_profiler: finetuning layer 26, torch training time consumed 7.575543s[0m

 50%|#####     | 27/54 [06:31<08:29, 18.86s/it][33m
[QUARK-WARNING]: The custom ops library C:\Users\<user>\miniforge3\envs\resnet_env\Lib\site-packages\quark\onnx\operators\custom_ops\lib\custom_ops.dll does NOT exist.[0m
[33m
[QUARK-WARNING]: The custom ops library C:\Users\<user>\miniforge3\envs\resnet_env\Lib\site-packages\quark\onnx\operators\custom_ops\lib\custom_ops.dll does NOT exist.[0m
[33m
[QUARK-WARNING]: Failed to register custom op library C:\Users\<user>\miniforge3\envs\resnet_env\Lib\site-packages\quark\onnx\operators\custom_ops\lib\custom_ops.dll to ORT with [ONNXRuntimeError] : 1 : FAIL : Error loading "C:\Users\<user>\miniforge3\envs\resnet_env\Lib\site-packages\quark\onnx\operators\custom_ops\lib\custom_ops.dll" which is missing. (Error 126: "The specified module could not be found."),please check if the library has been compiled successfully.[0m
[32m
[QUARK-INFO]: Quark_latency_profiler: finetuning layer 27, onnx inference (quantized model + float model) time consumed 11.628238s[0m
[32m
[QUARK-INFO]: Module (/layer3/layer3.0/act2/Relu_output_0)->(/layer3/layer3.0/conv3/Conv_output_0) will be optimized by adaround on cpu[0m
[32m
[QUARK-INFO]: adaround iterations=0, lr=0.100000, loss=8194.252930 (Recons loss=8194.252930, Rounding loss=0.000000)[0m
[32m
[QUARK-INFO]: adaround iterations=100, lr=0.100000, loss=7402.788086 (Recons loss=7402.788086, Rounding loss=0.000000)[0m
[32m
[QUARK-INFO]: adaround iterations=200, lr=0.100000, loss=8978.132812 (Recons loss=6518.621582, Rounding loss=2459.511230)[0m
[32m
[QUARK-INFO]: adaround iterations=300, lr=0.100000, loss=6448.592285 (Recons loss=5458.291504, Rounding loss=990.300903)[0m
[32m
[QUARK-INFO]: adaround iterations=400, lr=0.100000, loss=6677.668945 (Recons loss=6016.134766, Rounding loss=661.534180)[0m
[32m
[QUARK-INFO]: adaround iterations=500, lr=0.100000, loss=6522.754883 (Recons loss=6070.551758, Rounding loss=452.203003)[0m
[32m
[QUARK-INFO]: adaround iterations=600, lr=0.100000, loss=5788.389648 (Recons loss=5499.333008, Rounding loss=289.056427)[0m
[32m
[QUARK-INFO]: adaround iterations=700, lr=0.100000, loss=5232.126953 (Recons loss=5076.439941, Rounding loss=155.686829)[0m
[32m
[QUARK-INFO]: adaround iterations=800, lr=0.100000, loss=6649.512207 (Recons loss=6593.669434, Rounding loss=55.842937)[0m
[32m
[QUARK-INFO]: adaround iterations=900, lr=0.100000, loss=6009.814453 (Recons loss=6000.295410, Rounding loss=9.518842)[0m
[32m
[QUARK-INFO]: adaround iterations=999, lr=0.100000, loss=5398.797363 (Recons loss=5397.814453, Rounding loss=0.982729)[0m
[32m
[QUARK-INFO]: Module (/layer3/layer3.0/act2/Relu_output_0)->(/layer3/layer3.0/conv3/Conv_output_0) recons metrics was optimized from 7.681520 to 5.738662 (diff=-1.942858)[0m
[32m
[QUARK-INFO]: Quark_latency_profiler: finetuning layer 27, torch training time consumed 11.641089s[0m

 52%|#####1    | 28/54 [06:54<08:44, 20.19s/it][33m
[QUARK-WARNING]: The custom ops library C:\Users\<user>\miniforge3\envs\resnet_env\Lib\site-packages\quark\onnx\operators\custom_ops\lib\custom_ops.dll does NOT exist.[0m
[33m
[QUARK-WARNING]: The custom ops library C:\Users\<user>\miniforge3\envs\resnet_env\Lib\site-packages\quark\onnx\operators\custom_ops\lib\custom_ops.dll does NOT exist.[0m
[33m
[QUARK-WARNING]: Failed to register custom op library C:\Users\<user>\miniforge3\envs\resnet_env\Lib\site-packages\quark\onnx\operators\custom_ops\lib\custom_ops.dll to ORT with [ONNXRuntimeError] : 1 : FAIL : Error loading "C:\Users\<user>\miniforge3\envs\resnet_env\Lib\site-packages\quark\onnx\operators\custom_ops\lib\custom_ops.dll" which is missing. (Error 126: "The specified module could not be found."),please check if the library has been compiled successfully.[0m
[32m
[QUARK-INFO]: Quark_latency_profiler: finetuning layer 28, onnx inference (quantized model + float model) time consumed 11.530718s[0m
[32m
[QUARK-INFO]: Module (/layer3/layer3.0/act3/Relu_output_0)->(/layer3/layer3.1/act1/Relu_output_0) will be optimized by adaround on cpu[0m
[32m
[QUARK-INFO]: adaround iterations=0, lr=0.100000, loss=9154.555664 (Recons loss=9154.555664, Rounding loss=0.000000)[0m
[32m
[QUARK-INFO]: adaround iterations=100, lr=0.100000, loss=7336.886719 (Recons loss=7336.886719, Rounding loss=0.000000)[0m
[32m
[QUARK-INFO]: adaround iterations=200, lr=0.100000, loss=9575.249023 (Recons loss=7683.379883, Rounding loss=1891.869507)[0m
[32m
[QUARK-INFO]: adaround iterations=300, lr=0.100000, loss=8054.398438 (Recons loss=7552.873535, Rounding loss=501.524963)[0m
[32m
[QUARK-INFO]: adaround iterations=400, lr=0.100000, loss=7795.511230 (Recons loss=7407.051758, Rounding loss=388.459381)[0m
[32m
[QUARK-INFO]: adaround iterations=500, lr=0.100000, loss=6965.081055 (Recons loss=6669.732910, Rounding loss=295.348083)[0m
[32m
[QUARK-INFO]: adaround iterations=600, lr=0.100000, loss=7786.786133 (Recons loss=7596.829102, Rounding loss=189.957275)[0m
[32m
[QUARK-INFO]: adaround iterations=700, lr=0.100000, loss=7835.186035 (Recons loss=7756.362793, Rounding loss=78.823273)[0m
[32m
[QUARK-INFO]: adaround iterations=800, lr=0.100000, loss=7484.346680 (Recons loss=7475.333984, Rounding loss=9.012470)[0m
[32m
[QUARK-INFO]: adaround iterations=900, lr=0.100000, loss=7791.268555 (Recons loss=7791.196289, Rounding loss=0.072117)[0m
[32m
[QUARK-INFO]: adaround iterations=999, lr=0.100000, loss=7370.944336 (Recons loss=7370.927734, Rounding loss=0.016714)[0m
[32m
[QUARK-INFO]: Module (/layer3/layer3.0/act3/Relu_output_0)->(/layer3/layer3.1/act1/Relu_output_0) recons metrics was optimized from 17.474312 to 14.718359 (diff=-2.755953)[0m
[32m
[QUARK-INFO]: Quark_latency_profiler: finetuning layer 28, torch training time consumed 11.401365s[0m

 54%|#####3    | 29/54 [07:17<08:45, 21.01s/it][33m
[QUARK-WARNING]: The custom ops library C:\Users\<user>\miniforge3\envs\resnet_env\Lib\site-packages\quark\onnx\operators\custom_ops\lib\custom_ops.dll does NOT exist.[0m
[33m
[QUARK-WARNING]: The custom ops library C:\Users\<user>\miniforge3\envs\resnet_env\Lib\site-packages\quark\onnx\operators\custom_ops\lib\custom_ops.dll does NOT exist.[0m
[33m
[QUARK-WARNING]: Failed to register custom op library C:\Users\<user>\miniforge3\envs\resnet_env\Lib\site-packages\quark\onnx\operators\custom_ops\lib\custom_ops.dll to ORT with [ONNXRuntimeError] : 1 : FAIL : Error loading "C:\Users\<user>\miniforge3\envs\resnet_env\Lib\site-packages\quark\onnx\operators\custom_ops\lib\custom_ops.dll" which is missing. (Error 126: "The specified module could not be found."),please check if the library has been compiled successfully.[0m
[32m
[QUARK-INFO]: Quark_latency_profiler: finetuning layer 29, onnx inference (quantized model + float model) time consumed 11.412725s[0m
[32m
[QUARK-INFO]: Module (/layer3/layer3.1/act1/Relu_output_0)->(/layer3/layer3.1/act2/Relu_output_0) will be optimized by adaround on cpu[0m
[32m
[QUARK-INFO]: adaround iterations=0, lr=0.100000, loss=39530889216.000000 (Recons loss=39530889216.000000, Rounding loss=0.000000)[0m
[32m
[QUARK-INFO]: adaround iterations=100, lr=0.100000, loss=39530889216.000000 (Recons loss=39530889216.000000, Rounding loss=0.000000)[0m
[32m
[QUARK-INFO]: adaround iterations=200, lr=0.100000, loss=39530889216.000000 (Recons loss=39530889216.000000, Rounding loss=0.000000)[0m
[32m
[QUARK-INFO]: adaround iterations=300, lr=0.100000, loss=39530889216.000000 (Recons loss=39530889216.000000, Rounding loss=0.000000)[0m
[32m
[QUARK-INFO]: adaround Iterations=399, mean loss 0.000000 (in 100 batches) is not better than best loss 0.000000, early stop[0m
[32m
[QUARK-INFO]: Module (/layer3/layer3.1/act1/Relu_output_0)->(/layer3/layer3.1/act2/Relu_output_0) recons metrics was optimized from 77208776.000000 to 77208776.000000 (diff=0.000000)[0m
[32m
[QUARK-INFO]: Quark_latency_profiler: finetuning layer 29, torch training time consumed 2.233133s[0m

 56%|#####5    | 30/54 [07:31<07:31, 18.80s/it][33m
[QUARK-WARNING]: The custom ops library C:\Users\<user>\miniforge3\envs\resnet_env\Lib\site-packages\quark\onnx\operators\custom_ops\lib\custom_ops.dll does NOT exist.[0m
[33m
[QUARK-WARNING]: The custom ops library C:\Users\<user>\miniforge3\envs\resnet_env\Lib\site-packages\quark\onnx\operators\custom_ops\lib\custom_ops.dll does NOT exist.[0m
[33m
[QUARK-WARNING]: Failed to register custom op library C:\Users\<user>\miniforge3\envs\resnet_env\Lib\site-packages\quark\onnx\operators\custom_ops\lib\custom_ops.dll to ORT with [ONNXRuntimeError] : 1 : FAIL : Error loading "C:\Users\<user>\miniforge3\envs\resnet_env\Lib\site-packages\quark\onnx\operators\custom_ops\lib\custom_ops.dll" which is missing. (Error 126: "The specified module could not be found."),please check if the library has been compiled successfully.[0m
[32m
[QUARK-INFO]: Quark_latency_profiler: finetuning layer 30, onnx inference (quantized model + float model) time consumed 12.000714s[0m
[32m
[QUARK-INFO]: Module (/layer3/layer3.1/act2/Relu_output_0)->(/layer3/layer3.1/conv3/Conv_output_0) will be optimized by adaround on cpu[0m
[32m
[QUARK-INFO]: adaround iterations=0, lr=0.100000, loss=12927.020508 (Recons loss=12927.020508, Rounding loss=0.000000)[0m
[32m
[QUARK-INFO]: adaround iterations=100, lr=0.100000, loss=12823.592773 (Recons loss=12823.592773, Rounding loss=0.000000)[0m
[32m
[QUARK-INFO]: adaround iterations=200, lr=0.100000, loss=15918.210938 (Recons loss=15918.210938, Rounding loss=0.000000)[0m
[32m
[QUARK-INFO]: adaround iterations=300, lr=0.100000, loss=13068.007812 (Recons loss=13068.007812, Rounding loss=0.000000)[0m
[32m
[QUARK-INFO]: adaround Iterations=399, mean loss 0.000000 (in 100 batches) is not better than best loss 0.000000, early stop[0m
[32m
[QUARK-INFO]: Module (/layer3/layer3.1/act2/Relu_output_0)->(/layer3/layer3.1/conv3/Conv_output_0) recons metrics was optimized from 13.924754 to 13.924754 (diff=0.000000)[0m
[32m
[QUARK-INFO]: Quark_latency_profiler: finetuning layer 30, torch training time consumed 4.370590s[0m

 57%|#####7    | 31/54 [07:47<06:55, 18.07s/it][33m
[QUARK-WARNING]: The custom ops library C:\Users\<user>\miniforge3\envs\resnet_env\Lib\site-packages\quark\onnx\operators\custom_ops\lib\custom_ops.dll does NOT exist.[0m
[33m
[QUARK-WARNING]: The custom ops library C:\Users\<user>\miniforge3\envs\resnet_env\Lib\site-packages\quark\onnx\operators\custom_ops\lib\custom_ops.dll does NOT exist.[0m
[33m
[QUARK-WARNING]: Failed to register custom op library C:\Users\<user>\miniforge3\envs\resnet_env\Lib\site-packages\quark\onnx\operators\custom_ops\lib\custom_ops.dll to ORT with [ONNXRuntimeError] : 1 : FAIL : Error loading "C:\Users\<user>\miniforge3\envs\resnet_env\Lib\site-packages\quark\onnx\operators\custom_ops\lib\custom_ops.dll" which is missing. (Error 126: "The specified module could not be found."),please check if the library has been compiled successfully.[0m
[32m
[QUARK-INFO]: Quark_latency_profiler: finetuning layer 31, onnx inference (quantized model + float model) time consumed 12.622209s[0m
[32m
[QUARK-INFO]: Module (/layer3/layer3.1/act3/Relu_output_0)->(/layer3/layer3.2/act1/Relu_output_0) will be optimized by adaround on cpu[0m
[32m
[QUARK-INFO]: adaround iterations=0, lr=0.100000, loss=4939.472656 (Recons loss=4939.472656, Rounding loss=0.000000)[0m
[32m
[QUARK-INFO]: adaround iterations=100, lr=0.100000, loss=3790.001953 (Recons loss=3790.001953, Rounding loss=0.000000)[0m
[32m
[QUARK-INFO]: adaround iterations=200, lr=0.100000, loss=6317.418457 (Recons loss=3100.210449, Rounding loss=3217.208008)[0m
[32m
[QUARK-INFO]: adaround iterations=300, lr=0.100000, loss=3467.381348 (Recons loss=2380.500488, Rounding loss=1086.880859)[0m
[32m
[QUARK-INFO]: adaround iterations=400, lr=0.100000, loss=3761.422363 (Recons loss=2925.952881, Rounding loss=835.469421)[0m
[32m
[QUARK-INFO]: adaround iterations=500, lr=0.100000, loss=3564.113770 (Recons loss=2933.601074, Rounding loss=630.512695)[0m
[32m
[QUARK-INFO]: adaround iterations=600, lr=0.100000, loss=3456.669189 (Recons loss=3052.159668, Rounding loss=404.509552)[0m
[32m
[QUARK-INFO]: adaround iterations=700, lr=0.100000, loss=2561.497559 (Recons loss=2382.028809, Rounding loss=179.468842)[0m
[32m
[QUARK-INFO]: adaround iterations=800, lr=0.100000, loss=3047.122559 (Recons loss=3017.304932, Rounding loss=29.817526)[0m
[32m
[QUARK-INFO]: adaround iterations=900, lr=0.100000, loss=2518.076660 (Recons loss=2516.366943, Rounding loss=1.709694)[0m
[32m
[QUARK-INFO]: adaround iterations=999, lr=0.100000, loss=2941.114502 (Recons loss=2940.853271, Rounding loss=0.261206)[0m
[32m
[QUARK-INFO]: Module (/layer3/layer3.1/act3/Relu_output_0)->(/layer3/layer3.2/act1/Relu_output_0) recons metrics was optimized from 9.005992 to 5.760118 (diff=-3.245874)[0m
[32m
[QUARK-INFO]: Quark_latency_profiler: finetuning layer 31, torch training time consumed 13.279812s[0m

 59%|#####9    | 32/54 [08:13<07:29, 20.42s/it][33m
[QUARK-WARNING]: The custom ops library C:\Users\<user>\miniforge3\envs\resnet_env\Lib\site-packages\quark\onnx\operators\custom_ops\lib\custom_ops.dll does NOT exist.[0m
[33m
[QUARK-WARNING]: The custom ops library C:\Users\<user>\miniforge3\envs\resnet_env\Lib\site-packages\quark\onnx\operators\custom_ops\lib\custom_ops.dll does NOT exist.[0m
[33m
[QUARK-WARNING]: Failed to register custom op library C:\Users\<user>\miniforge3\envs\resnet_env\Lib\site-packages\quark\onnx\operators\custom_ops\lib\custom_ops.dll to ORT with [ONNXRuntimeError] : 1 : FAIL : Error loading "C:\Users\<user>\miniforge3\envs\resnet_env\Lib\site-packages\quark\onnx\operators\custom_ops\lib\custom_ops.dll" which is missing. (Error 126: "The specified module could not be found."),please check if the library has been compiled successfully.[0m
[32m
[QUARK-INFO]: Quark_latency_profiler: finetuning layer 32, onnx inference (quantized model + float model) time consumed 9.417094s[0m
[32m
[QUARK-INFO]: Module (/layer3/layer3.2/act1/Relu_output_0)->(/layer3/layer3.2/act2/Relu_output_0) will be optimized by adaround on cpu[0m
[32m
[QUARK-INFO]: adaround iterations=0, lr=0.100000, loss=2036.230225 (Recons loss=2036.230225, Rounding loss=0.000000)[0m
[32m
[QUARK-INFO]: adaround iterations=100, lr=0.100000, loss=1935.985962 (Recons loss=1935.985962, Rounding loss=0.000000)[0m
[32m
[QUARK-INFO]: adaround iterations=200, lr=0.100000, loss=2107.064453 (Recons loss=1733.426025, Rounding loss=373.638336)[0m
[32m
[QUARK-INFO]: adaround iterations=300, lr=0.100000, loss=1914.666138 (Recons loss=1793.207642, Rounding loss=121.458519)[0m
[32m
[QUARK-INFO]: adaround iterations=400, lr=0.100000, loss=1883.436157 (Recons loss=1790.467163, Rounding loss=92.969009)[0m
[32m
[QUARK-INFO]: adaround iterations=500, lr=0.100000, loss=1911.562256 (Recons loss=1842.421875, Rounding loss=69.140358)[0m
[32m
[QUARK-INFO]: adaround iterations=600, lr=0.100000, loss=1590.580322 (Recons loss=1546.568848, Rounding loss=44.011440)[0m
[32m
[QUARK-INFO]: adaround iterations=700, lr=0.100000, loss=2079.105225 (Recons loss=2059.937500, Rounding loss=19.167637)[0m
[32m
[QUARK-INFO]: adaround iterations=800, lr=0.100000, loss=1859.944580 (Recons loss=1856.288696, Rounding loss=3.655935)[0m
[32m
[QUARK-INFO]: adaround iterations=900, lr=0.100000, loss=1662.502686 (Recons loss=1661.813721, Rounding loss=0.689012)[0m
[32m
[QUARK-INFO]: adaround iterations=999, lr=0.100000, loss=2228.225586 (Recons loss=2228.044189, Rounding loss=0.181302)[0m
[32m
[QUARK-INFO]: Module (/layer3/layer3.2/act1/Relu_output_0)->(/layer3/layer3.2/act2/Relu_output_0) recons metrics was optimized from 3.878584 to 3.472294 (diff=-0.406290)[0m
[32m
[QUARK-INFO]: Quark_latency_profiler: finetuning layer 32, torch training time consumed 4.811900s[0m

 61%|######1   | 33/54 [08:27<06:29, 18.56s/it][33m
[QUARK-WARNING]: The custom ops library C:\Users\<user>\miniforge3\envs\resnet_env\Lib\site-packages\quark\onnx\operators\custom_ops\lib\custom_ops.dll does NOT exist.[0m
[33m
[QUARK-WARNING]: The custom ops library C:\Users\<user>\miniforge3\envs\resnet_env\Lib\site-packages\quark\onnx\operators\custom_ops\lib\custom_ops.dll does NOT exist.[0m
[33m
[QUARK-WARNING]: Failed to register custom op library C:\Users\<user>\miniforge3\envs\resnet_env\Lib\site-packages\quark\onnx\operators\custom_ops\lib\custom_ops.dll to ORT with [ONNXRuntimeError] : 1 : FAIL : Error loading "C:\Users\<user>\miniforge3\envs\resnet_env\Lib\site-packages\quark\onnx\operators\custom_ops\lib\custom_ops.dll" which is missing. (Error 126: "The specified module could not be found."),please check if the library has been compiled successfully.[0m
[32m
[QUARK-INFO]: Quark_latency_profiler: finetuning layer 33, onnx inference (quantized model + float model) time consumed 8.315529s[0m
[32m
[QUARK-INFO]: Module (/layer3/layer3.2/act2/Relu_output_0)->(/layer3/layer3.2/conv3/Conv_output_0) will be optimized by adaround on cpu[0m
[32m
[QUARK-INFO]: adaround iterations=0, lr=0.100000, loss=4498.687012 (Recons loss=4498.687012, Rounding loss=0.000000)[0m
[32m
[QUARK-INFO]: adaround iterations=100, lr=0.100000, loss=3712.617920 (Recons loss=3712.617920, Rounding loss=0.000000)[0m
[32m
[QUARK-INFO]: adaround iterations=200, lr=0.100000, loss=7129.272461 (Recons loss=4620.517090, Rounding loss=2508.755371)[0m
[32m
[QUARK-INFO]: adaround iterations=300, lr=0.100000, loss=4686.138672 (Recons loss=3789.116455, Rounding loss=897.022339)[0m
[32m
[QUARK-INFO]: adaround iterations=400, lr=0.100000, loss=5238.221680 (Recons loss=4647.433594, Rounding loss=590.788025)[0m
[32m
[QUARK-INFO]: adaround iterations=500, lr=0.100000, loss=4780.786133 (Recons loss=4383.993164, Rounding loss=396.792969)[0m
[32m
[QUARK-INFO]: adaround iterations=600, lr=0.100000, loss=4296.223145 (Recons loss=4047.867432, Rounding loss=248.355820)[0m
[32m
[QUARK-INFO]: adaround iterations=700, lr=0.100000, loss=4964.416992 (Recons loss=4837.661133, Rounding loss=126.755653)[0m
[32m
[QUARK-INFO]: adaround iterations=800, lr=0.100000, loss=4113.575195 (Recons loss=4074.076416, Rounding loss=39.498665)[0m
[32m
[QUARK-INFO]: adaround iterations=900, lr=0.100000, loss=4885.155762 (Recons loss=4879.360840, Rounding loss=5.795153)[0m
[32m
[QUARK-INFO]: adaround iterations=999, lr=0.100000, loss=4723.100586 (Recons loss=4722.382812, Rounding loss=0.717647)[0m
[32m
[QUARK-INFO]: Module (/layer3/layer3.2/act2/Relu_output_0)->(/layer3/layer3.2/conv3/Conv_output_0) recons metrics was optimized from 4.814951 to 4.127287 (diff=-0.687664)[0m
[32m
[QUARK-INFO]: Quark_latency_profiler: finetuning layer 33, torch training time consumed 9.471709s[0m

 63%|######2   | 34/54 [08:45<06:06, 18.33s/it][33m
[QUARK-WARNING]: The custom ops library C:\Users\<user>\miniforge3\envs\resnet_env\Lib\site-packages\quark\onnx\operators\custom_ops\lib\custom_ops.dll does NOT exist.[0m
[33m
[QUARK-WARNING]: The custom ops library C:\Users\<user>\miniforge3\envs\resnet_env\Lib\site-packages\quark\onnx\operators\custom_ops\lib\custom_ops.dll does NOT exist.[0m
[33m
[QUARK-WARNING]: Failed to register custom op library C:\Users\<user>\miniforge3\envs\resnet_env\Lib\site-packages\quark\onnx\operators\custom_ops\lib\custom_ops.dll to ORT with [ONNXRuntimeError] : 1 : FAIL : Error loading "C:\Users\<user>\miniforge3\envs\resnet_env\Lib\site-packages\quark\onnx\operators\custom_ops\lib\custom_ops.dll" which is missing. (Error 126: "The specified module could not be found."),please check if the library has been compiled successfully.[0m
[32m
[QUARK-INFO]: Quark_latency_profiler: finetuning layer 34, onnx inference (quantized model + float model) time consumed 11.042096s[0m
[32m
[QUARK-INFO]: Module (/layer3/layer3.2/act3/Relu_output_0)->(/layer3/layer3.3/act1/Relu_output_0) will be optimized by adaround on cpu[0m
[32m
[QUARK-INFO]: adaround iterations=0, lr=0.100000, loss=2513.849609 (Recons loss=2513.849609, Rounding loss=0.000000)[0m
[32m
[QUARK-INFO]: adaround iterations=100, lr=0.100000, loss=2346.234131 (Recons loss=2346.234131, Rounding loss=0.000000)[0m
[32m
[QUARK-INFO]: adaround iterations=200, lr=0.100000, loss=4457.238281 (Recons loss=1909.217529, Rounding loss=2548.020508)[0m
[32m
[QUARK-INFO]: adaround iterations=300, lr=0.100000, loss=2868.311035 (Recons loss=2184.454834, Rounding loss=683.856323)[0m
[32m
[QUARK-INFO]: adaround iterations=400, lr=0.100000, loss=2332.787109 (Recons loss=1843.825073, Rounding loss=488.962128)[0m
[32m
[QUARK-INFO]: adaround iterations=500, lr=0.100000, loss=2497.092529 (Recons loss=2137.599609, Rounding loss=359.492889)[0m
[32m
[QUARK-INFO]: adaround iterations=600, lr=0.100000, loss=2132.980957 (Recons loss=1909.219727, Rounding loss=223.761200)[0m
[32m
[QUARK-INFO]: adaround iterations=700, lr=0.100000, loss=2243.678711 (Recons loss=2151.216309, Rounding loss=92.462318)[0m
[32m
[QUARK-INFO]: adaround iterations=800, lr=0.100000, loss=2091.366211 (Recons loss=2080.438232, Rounding loss=10.927883)[0m
[32m
[QUARK-INFO]: adaround iterations=900, lr=0.100000, loss=1874.790527 (Recons loss=1874.698486, Rounding loss=0.092080)[0m
[32m
[QUARK-INFO]: adaround iterations=999, lr=0.100000, loss=2038.655518 (Recons loss=2038.610962, Rounding loss=0.044566)[0m
[32m
[QUARK-INFO]: Module (/layer3/layer3.2/act3/Relu_output_0)->(/layer3/layer3.3/act1/Relu_output_0) recons metrics was optimized from 4.957877 to 4.069630 (diff=-0.888247)[0m
[32m
[QUARK-INFO]: Quark_latency_profiler: finetuning layer 34, torch training time consumed 11.565169s[0m

 65%|######4   | 35/54 [09:08<06:12, 19.62s/it][33m
[QUARK-WARNING]: The custom ops library C:\Users\<user>\miniforge3\envs\resnet_env\Lib\site-packages\quark\onnx\operators\custom_ops\lib\custom_ops.dll does NOT exist.[0m
[33m
[QUARK-WARNING]: The custom ops library C:\Users\<user>\miniforge3\envs\resnet_env\Lib\site-packages\quark\onnx\operators\custom_ops\lib\custom_ops.dll does NOT exist.[0m
[33m
[QUARK-WARNING]: Failed to register custom op library C:\Users\<user>\miniforge3\envs\resnet_env\Lib\site-packages\quark\onnx\operators\custom_ops\lib\custom_ops.dll to ORT with [ONNXRuntimeError] : 1 : FAIL : Error loading "C:\Users\<user>\miniforge3\envs\resnet_env\Lib\site-packages\quark\onnx\operators\custom_ops\lib\custom_ops.dll" which is missing. (Error 126: "The specified module could not be found."),please check if the library has been compiled successfully.[0m
[32m
[QUARK-INFO]: Quark_latency_profiler: finetuning layer 35, onnx inference (quantized model + float model) time consumed 10.138114s[0m
[32m
[QUARK-INFO]: Module (/layer3/layer3.3/act1/Relu_output_0)->(/layer3/layer3.3/act2/Relu_output_0) will be optimized by adaround on cpu[0m
[32m
[QUARK-INFO]: adaround iterations=0, lr=0.100000, loss=1645.860962 (Recons loss=1645.860962, Rounding loss=0.000000)[0m
[32m
[QUARK-INFO]: adaround iterations=100, lr=0.100000, loss=1542.550903 (Recons loss=1542.550903, Rounding loss=0.000000)[0m
[32m
[QUARK-INFO]: adaround iterations=200, lr=0.100000, loss=1710.870483 (Recons loss=1356.262695, Rounding loss=354.607819)[0m
[32m
[QUARK-INFO]: adaround iterations=300, lr=0.100000, loss=1456.869629 (Recons loss=1354.938110, Rounding loss=101.931541)[0m
[32m
[QUARK-INFO]: adaround iterations=400, lr=0.100000, loss=1497.898193 (Recons loss=1425.004883, Rounding loss=72.893265)[0m
[32m
[QUARK-INFO]: adaround iterations=500, lr=0.100000, loss=1479.316650 (Recons loss=1425.466187, Rounding loss=53.850449)[0m
[32m
[QUARK-INFO]: adaround iterations=600, lr=0.100000, loss=1477.206787 (Recons loss=1443.480713, Rounding loss=33.726059)[0m
[32m
[QUARK-INFO]: adaround iterations=700, lr=0.100000, loss=1644.028564 (Recons loss=1630.931763, Rounding loss=13.096758)[0m
[32m
[QUARK-INFO]: adaround iterations=800, lr=0.100000, loss=1523.365723 (Recons loss=1521.812500, Rounding loss=1.553253)[0m
[32m
[QUARK-INFO]: adaround iterations=900, lr=0.100000, loss=1587.819336 (Recons loss=1587.755737, Rounding loss=0.063544)[0m
[32m
[QUARK-INFO]: adaround iterations=999, lr=0.100000, loss=1443.905029 (Recons loss=1443.889404, Rounding loss=0.015617)[0m
[32m
[QUARK-INFO]: Module (/layer3/layer3.3/act1/Relu_output_0)->(/layer3/layer3.3/act2/Relu_output_0) recons metrics was optimized from 3.144499 to 2.966839 (diff=-0.177660)[0m
[32m
[QUARK-INFO]: Quark_latency_profiler: finetuning layer 35, torch training time consumed 5.764736s[0m

 67%|######6   | 36/54 [09:24<05:33, 18.50s/it][33m
[QUARK-WARNING]: The custom ops library C:\Users\<user>\miniforge3\envs\resnet_env\Lib\site-packages\quark\onnx\operators\custom_ops\lib\custom_ops.dll does NOT exist.[0m
[33m
[QUARK-WARNING]: The custom ops library C:\Users\<user>\miniforge3\envs\resnet_env\Lib\site-packages\quark\onnx\operators\custom_ops\lib\custom_ops.dll does NOT exist.[0m
[33m
[QUARK-WARNING]: Failed to register custom op library C:\Users\<user>\miniforge3\envs\resnet_env\Lib\site-packages\quark\onnx\operators\custom_ops\lib\custom_ops.dll to ORT with [ONNXRuntimeError] : 1 : FAIL : Error loading "C:\Users\<user>\miniforge3\envs\resnet_env\Lib\site-packages\quark\onnx\operators\custom_ops\lib\custom_ops.dll" which is missing. (Error 126: "The specified module could not be found."),please check if the library has been compiled successfully.[0m
[32m
[QUARK-INFO]: Quark_latency_profiler: finetuning layer 36, onnx inference (quantized model + float model) time consumed 10.541440s[0m
[32m
[QUARK-INFO]: Module (/layer3/layer3.3/act2/Relu_output_0)->(/layer3/layer3.3/conv3/Conv_output_0) will be optimized by adaround on cpu[0m
[32m
[QUARK-INFO]: adaround iterations=0, lr=0.100000, loss=4925.659180 (Recons loss=4925.659180, Rounding loss=0.000000)[0m
[32m
[QUARK-INFO]: adaround iterations=100, lr=0.100000, loss=3703.477783 (Recons loss=3703.477783, Rounding loss=0.000000)[0m
[32m
[QUARK-INFO]: adaround iterations=200, lr=0.100000, loss=6834.229004 (Recons loss=4284.816895, Rounding loss=2549.412109)[0m
[32m
[QUARK-INFO]: adaround iterations=300, lr=0.100000, loss=4872.471680 (Recons loss=4014.105957, Rounding loss=858.365479)[0m
[32m
[QUARK-INFO]: adaround iterations=400, lr=0.100000, loss=5256.019043 (Recons loss=4672.746094, Rounding loss=583.273132)[0m
[32m
[QUARK-INFO]: adaround iterations=500, lr=0.100000, loss=4418.224121 (Recons loss=4024.263184, Rounding loss=393.960968)[0m
[32m
[QUARK-INFO]: adaround iterations=600, lr=0.100000, loss=4102.283203 (Recons loss=3871.338623, Rounding loss=230.944443)[0m
[32m
[QUARK-INFO]: adaround iterations=700, lr=0.100000, loss=4598.197266 (Recons loss=4494.932617, Rounding loss=103.264679)[0m
[32m
[QUARK-INFO]: adaround iterations=800, lr=0.100000, loss=4097.371582 (Recons loss=4074.825928, Rounding loss=22.545780)[0m
[32m
[QUARK-INFO]: adaround iterations=900, lr=0.100000, loss=3735.965332 (Recons loss=3734.289307, Rounding loss=1.676016)[0m
[32m
[QUARK-INFO]: adaround iterations=999, lr=0.100000, loss=4260.379395 (Recons loss=4260.303711, Rounding loss=0.075916)[0m
[32m
[QUARK-INFO]: Module (/layer3/layer3.3/act2/Relu_output_0)->(/layer3/layer3.3/conv3/Conv_output_0) recons metrics was optimized from 4.918581 to 4.160797 (diff=-0.757784)[0m
[32m
[QUARK-INFO]: Quark_latency_profiler: finetuning layer 36, torch training time consumed 11.145661s[0m

 69%|######8   | 37/54 [09:45<05:30, 19.46s/it][33m
[QUARK-WARNING]: The custom ops library C:\Users\<user>\miniforge3\envs\resnet_env\Lib\site-packages\quark\onnx\operators\custom_ops\lib\custom_ops.dll does NOT exist.[0m
[33m
[QUARK-WARNING]: The custom ops library C:\Users\<user>\miniforge3\envs\resnet_env\Lib\site-packages\quark\onnx\operators\custom_ops\lib\custom_ops.dll does NOT exist.[0m
[33m
[QUARK-WARNING]: Failed to register custom op library C:\Users\<user>\miniforge3\envs\resnet_env\Lib\site-packages\quark\onnx\operators\custom_ops\lib\custom_ops.dll to ORT with [ONNXRuntimeError] : 1 : FAIL : Error loading "C:\Users\<user>\miniforge3\envs\resnet_env\Lib\site-packages\quark\onnx\operators\custom_ops\lib\custom_ops.dll" which is missing. (Error 126: "The specified module could not be found."),please check if the library has been compiled successfully.[0m
[32m
[QUARK-INFO]: Quark_latency_profiler: finetuning layer 37, onnx inference (quantized model + float model) time consumed 12.279066s[0m
[32m
[QUARK-INFO]: Module (/layer3/layer3.3/act3/Relu_output_0)->(/layer3/layer3.4/act1/Relu_output_0) will be optimized by adaround on cpu[0m
[32m
[QUARK-INFO]: adaround iterations=0, lr=0.100000, loss=1743.622925 (Recons loss=1743.622925, Rounding loss=0.000000)[0m
[32m
[QUARK-INFO]: adaround iterations=100, lr=0.100000, loss=1406.361572 (Recons loss=1406.361572, Rounding loss=0.000000)[0m
[32m
[QUARK-INFO]: adaround iterations=200, lr=0.100000, loss=4086.181152 (Recons loss=1321.596313, Rounding loss=2764.584961)[0m
[32m
[QUARK-INFO]: adaround iterations=300, lr=0.100000, loss=2268.749512 (Recons loss=1564.426514, Rounding loss=704.322876)[0m
[32m
[QUARK-INFO]: adaround iterations=400, lr=0.100000, loss=1727.587158 (Recons loss=1228.530396, Rounding loss=499.056732)[0m
[32m
[QUARK-INFO]: adaround iterations=500, lr=0.100000, loss=1939.491821 (Recons loss=1574.919312, Rounding loss=364.572479)[0m
[32m
[QUARK-INFO]: adaround iterations=600, lr=0.100000, loss=1878.182129 (Recons loss=1652.798462, Rounding loss=225.383606)[0m
[32m
[QUARK-INFO]: adaround iterations=700, lr=0.100000, loss=1678.881104 (Recons loss=1587.522949, Rounding loss=91.358093)[0m
[32m
[QUARK-INFO]: adaround iterations=800, lr=0.100000, loss=1261.290405 (Recons loss=1250.905396, Rounding loss=10.384973)[0m
[32m
[QUARK-INFO]: adaround iterations=900, lr=0.100000, loss=1284.286255 (Recons loss=1284.222168, Rounding loss=0.064027)[0m
[32m
[QUARK-INFO]: adaround iterations=999, lr=0.100000, loss=1605.048706 (Recons loss=1605.039551, Rounding loss=0.009213)[0m
[32m
[QUARK-INFO]: Module (/layer3/layer3.3/act3/Relu_output_0)->(/layer3/layer3.4/act1/Relu_output_0) recons metrics was optimized from 3.337874 to 2.837762 (diff=-0.500112)[0m
[32m
[QUARK-INFO]: Quark_latency_profiler: finetuning layer 37, torch training time consumed 12.072796s[0m

 70%|#######   | 38/54 [10:10<05:34, 20.93s/it][33m
[QUARK-WARNING]: The custom ops library C:\Users\<user>\miniforge3\envs\resnet_env\Lib\site-packages\quark\onnx\operators\custom_ops\lib\custom_ops.dll does NOT exist.[0m
[33m
[QUARK-WARNING]: The custom ops library C:\Users\<user>\miniforge3\envs\resnet_env\Lib\site-packages\quark\onnx\operators\custom_ops\lib\custom_ops.dll does NOT exist.[0m
[33m
[QUARK-WARNING]: Failed to register custom op library C:\Users\<user>\miniforge3\envs\resnet_env\Lib\site-packages\quark\onnx\operators\custom_ops\lib\custom_ops.dll to ORT with [ONNXRuntimeError] : 1 : FAIL : Error loading "C:\Users\<user>\miniforge3\envs\resnet_env\Lib\site-packages\quark\onnx\operators\custom_ops\lib\custom_ops.dll" which is missing. (Error 126: "The specified module could not be found."),please check if the library has been compiled successfully.[0m
[32m
[QUARK-INFO]: Quark_latency_profiler: finetuning layer 38, onnx inference (quantized model + float model) time consumed 11.423111s[0m
[32m
[QUARK-INFO]: Module (/layer3/layer3.4/act1/Relu_output_0)->(/layer3/layer3.4/act2/Relu_output_0) will be optimized by adaround on cpu[0m
[32m
[QUARK-INFO]: adaround iterations=0, lr=0.100000, loss=1698.955322 (Recons loss=1698.955322, Rounding loss=0.000000)[0m
[32m
[QUARK-INFO]: adaround iterations=100, lr=0.100000, loss=1505.327026 (Recons loss=1505.327026, Rounding loss=0.000000)[0m
[32m
[QUARK-INFO]: adaround iterations=200, lr=0.100000, loss=1868.181519 (Recons loss=1482.680786, Rounding loss=385.500763)[0m
[32m
[QUARK-INFO]: adaround iterations=300, lr=0.100000, loss=1826.200195 (Recons loss=1716.748901, Rounding loss=109.451241)[0m
[32m
[QUARK-INFO]: adaround iterations=400, lr=0.100000, loss=1658.350464 (Recons loss=1578.582275, Rounding loss=79.768204)[0m
[32m
[QUARK-INFO]: adaround iterations=500, lr=0.100000, loss=1750.022339 (Recons loss=1691.815674, Rounding loss=58.206657)[0m
[32m
[QUARK-INFO]: adaround iterations=600, lr=0.100000, loss=1318.719849 (Recons loss=1281.891479, Rounding loss=36.828419)[0m
[32m
[QUARK-INFO]: adaround iterations=700, lr=0.100000, loss=1587.553345 (Recons loss=1572.338135, Rounding loss=15.215210)[0m
[32m
[QUARK-INFO]: adaround iterations=800, lr=0.100000, loss=1729.697388 (Recons loss=1727.807373, Rounding loss=1.889992)[0m
[32m
[QUARK-INFO]: adaround iterations=900, lr=0.100000, loss=1378.773804 (Recons loss=1378.694336, Rounding loss=0.079450)[0m
[32m
[QUARK-INFO]: adaround iterations=999, lr=0.100000, loss=1604.940186 (Recons loss=1604.922729, Rounding loss=0.017423)[0m
[32m
[QUARK-INFO]: Module (/layer3/layer3.4/act1/Relu_output_0)->(/layer3/layer3.4/act2/Relu_output_0) recons metrics was optimized from 3.205505 to 3.032675 (diff=-0.172829)[0m
[32m
[QUARK-INFO]: Quark_latency_profiler: finetuning layer 38, torch training time consumed 6.054824s[0m

 72%|#######2  | 39/54 [10:27<04:58, 19.89s/it][33m
[QUARK-WARNING]: The custom ops library C:\Users\<user>\miniforge3\envs\resnet_env\Lib\site-packages\quark\onnx\operators\custom_ops\lib\custom_ops.dll does NOT exist.[0m
[33m
[QUARK-WARNING]: The custom ops library C:\Users\<user>\miniforge3\envs\resnet_env\Lib\site-packages\quark\onnx\operators\custom_ops\lib\custom_ops.dll does NOT exist.[0m
[33m
[QUARK-WARNING]: Failed to register custom op library C:\Users\<user>\miniforge3\envs\resnet_env\Lib\site-packages\quark\onnx\operators\custom_ops\lib\custom_ops.dll to ORT with [ONNXRuntimeError] : 1 : FAIL : Error loading "C:\Users\<user>\miniforge3\envs\resnet_env\Lib\site-packages\quark\onnx\operators\custom_ops\lib\custom_ops.dll" which is missing. (Error 126: "The specified module could not be found."),please check if the library has been compiled successfully.[0m
[32m
[QUARK-INFO]: Quark_latency_profiler: finetuning layer 39, onnx inference (quantized model + float model) time consumed 11.321946s[0m
[32m
[QUARK-INFO]: Module (/layer3/layer3.4/act2/Relu_output_0)->(/layer3/layer3.4/conv3/Conv_output_0) will be optimized by adaround on cpu[0m
[32m
[QUARK-INFO]: adaround iterations=0, lr=0.100000, loss=6117.791504 (Recons loss=6117.791504, Rounding loss=0.000000)[0m
[32m
[QUARK-INFO]: adaround iterations=100, lr=0.100000, loss=4536.048340 (Recons loss=4536.048340, Rounding loss=0.000000)[0m
[32m
[QUARK-INFO]: adaround iterations=200, lr=0.100000, loss=7740.172363 (Recons loss=4804.555176, Rounding loss=2935.617188)[0m
[32m
[QUARK-INFO]: adaround iterations=300, lr=0.100000, loss=5783.036133 (Recons loss=4739.067383, Rounding loss=1043.968872)[0m
[32m
[QUARK-INFO]: adaround iterations=400, lr=0.100000, loss=5445.730469 (Recons loss=4710.916504, Rounding loss=734.814209)[0m
[32m
[QUARK-INFO]: adaround iterations=500, lr=0.100000, loss=5609.297852 (Recons loss=5105.019043, Rounding loss=504.278809)[0m
[32m
[QUARK-INFO]: adaround iterations=600, lr=0.100000, loss=4352.520996 (Recons loss=4036.638672, Rounding loss=315.882294)[0m
[32m
[QUARK-INFO]: adaround iterations=700, lr=0.100000, loss=5764.987305 (Recons loss=5607.185059, Rounding loss=157.802170)[0m
[32m
[QUARK-INFO]: adaround iterations=800, lr=0.100000, loss=4650.300293 (Recons loss=4605.262207, Rounding loss=45.038300)[0m
[32m
[QUARK-INFO]: adaround iterations=900, lr=0.100000, loss=3901.862549 (Recons loss=3896.166992, Rounding loss=5.695611)[0m
[32m
[QUARK-INFO]: adaround iterations=999, lr=0.100000, loss=6297.110352 (Recons loss=6296.723633, Rounding loss=0.386527)[0m
[32m
[QUARK-INFO]: Module (/layer3/layer3.4/act2/Relu_output_0)->(/layer3/layer3.4/conv3/Conv_output_0) recons metrics was optimized from 5.706521 to 4.788799 (diff=-0.917721)[0m
[32m
[QUARK-INFO]: Quark_latency_profiler: finetuning layer 39, torch training time consumed 11.229114s[0m

 74%|#######4  | 40/54 [10:50<04:49, 20.69s/it][33m
[QUARK-WARNING]: The custom ops library C:\Users\<user>\miniforge3\envs\resnet_env\Lib\site-packages\quark\onnx\operators\custom_ops\lib\custom_ops.dll does NOT exist.[0m
[33m
[QUARK-WARNING]: The custom ops library C:\Users\<user>\miniforge3\envs\resnet_env\Lib\site-packages\quark\onnx\operators\custom_ops\lib\custom_ops.dll does NOT exist.[0m
[33m
[QUARK-WARNING]: Failed to register custom op library C:\Users\<user>\miniforge3\envs\resnet_env\Lib\site-packages\quark\onnx\operators\custom_ops\lib\custom_ops.dll to ORT with [ONNXRuntimeError] : 1 : FAIL : Error loading "C:\Users\<user>\miniforge3\envs\resnet_env\Lib\site-packages\quark\onnx\operators\custom_ops\lib\custom_ops.dll" which is missing. (Error 126: "The specified module could not be found."),please check if the library has been compiled successfully.[0m
[32m
[QUARK-INFO]: Quark_latency_profiler: finetuning layer 40, onnx inference (quantized model + float model) time consumed 11.798512s[0m
[32m
[QUARK-INFO]: Module (/layer3/layer3.4/act3/Relu_output_0)->(/layer3/layer3.5/act1/Relu_output_0) will be optimized by adaround on cpu[0m
[32m
[QUARK-INFO]: adaround iterations=0, lr=0.100000, loss=1389.060303 (Recons loss=1389.060303, Rounding loss=0.000000)[0m
[32m
[QUARK-INFO]: adaround iterations=100, lr=0.100000, loss=1172.586548 (Recons loss=1172.586548, Rounding loss=0.000000)[0m
[32m
[QUARK-INFO]: adaround iterations=200, lr=0.100000, loss=4216.253906 (Recons loss=894.051758, Rounding loss=3322.202393)[0m
[32m
[QUARK-INFO]: adaround iterations=300, lr=0.100000, loss=1890.193359 (Recons loss=960.415405, Rounding loss=929.778015)[0m
[32m
[QUARK-INFO]: adaround iterations=400, lr=0.100000, loss=1657.279785 (Recons loss=957.639160, Rounding loss=699.640625)[0m
[32m
[QUARK-INFO]: adaround iterations=500, lr=0.100000, loss=1532.220093 (Recons loss=1007.426880, Rounding loss=524.793213)[0m
[32m
[QUARK-INFO]: adaround iterations=600, lr=0.100000, loss=1494.612915 (Recons loss=1162.565552, Rounding loss=332.047333)[0m
[32m
[QUARK-INFO]: adaround iterations=700, lr=0.100000, loss=1153.630005 (Recons loss=1015.864807, Rounding loss=137.765213)[0m
[32m
[QUARK-INFO]: adaround iterations=800, lr=0.100000, loss=1088.234009 (Recons loss=1072.177856, Rounding loss=16.056126)[0m
[32m
[QUARK-INFO]: adaround iterations=900, lr=0.100000, loss=931.514282 (Recons loss=931.422302, Rounding loss=0.091990)[0m
[32m
[QUARK-INFO]: adaround iterations=999, lr=0.100000, loss=966.339966 (Recons loss=966.330261, Rounding loss=0.009713)[0m
[32m
[QUARK-INFO]: Module (/layer3/layer3.4/act3/Relu_output_0)->(/layer3/layer3.5/act1/Relu_output_0) recons metrics was optimized from 2.455195 to 2.012066 (diff=-0.443129)[0m
[32m
[QUARK-INFO]: Quark_latency_profiler: finetuning layer 40, torch training time consumed 11.962664s[0m

 76%|#######5  | 41/54 [11:14<04:40, 21.61s/it][33m
[QUARK-WARNING]: The custom ops library C:\Users\<user>\miniforge3\envs\resnet_env\Lib\site-packages\quark\onnx\operators\custom_ops\lib\custom_ops.dll does NOT exist.[0m
[33m
[QUARK-WARNING]: The custom ops library C:\Users\<user>\miniforge3\envs\resnet_env\Lib\site-packages\quark\onnx\operators\custom_ops\lib\custom_ops.dll does NOT exist.[0m
[33m
[QUARK-WARNING]: Failed to register custom op library C:\Users\<user>\miniforge3\envs\resnet_env\Lib\site-packages\quark\onnx\operators\custom_ops\lib\custom_ops.dll to ORT with [ONNXRuntimeError] : 1 : FAIL : Error loading "C:\Users\<user>\miniforge3\envs\resnet_env\Lib\site-packages\quark\onnx\operators\custom_ops\lib\custom_ops.dll" which is missing. (Error 126: "The specified module could not be found."),please check if the library has been compiled successfully.[0m
[32m
[QUARK-INFO]: Quark_latency_profiler: finetuning layer 41, onnx inference (quantized model + float model) time consumed 12.120834s[0m
[32m
[QUARK-INFO]: Module (/layer3/layer3.5/act1/Relu_output_0)->(/layer3/layer3.5/act2/Relu_output_0) will be optimized by adaround on cpu[0m
[32m
[QUARK-INFO]: adaround iterations=0, lr=0.100000, loss=1007.674744 (Recons loss=1007.674744, Rounding loss=0.000000)[0m
[32m
[QUARK-INFO]: adaround iterations=100, lr=0.100000, loss=1016.111389 (Recons loss=1016.111389, Rounding loss=0.000000)[0m
[32m
[QUARK-INFO]: adaround iterations=200, lr=0.100000, loss=1431.404175 (Recons loss=1014.352417, Rounding loss=417.051788)[0m
[32m
[QUARK-INFO]: adaround iterations=300, lr=0.100000, loss=998.947449 (Recons loss=886.682617, Rounding loss=112.264809)[0m
[32m
[QUARK-INFO]: adaround iterations=400, lr=0.100000, loss=848.894592 (Recons loss=762.312805, Rounding loss=86.581772)[0m
[32m
[QUARK-INFO]: adaround iterations=500, lr=0.100000, loss=1055.133667 (Recons loss=988.649414, Rounding loss=66.484276)[0m
[32m
[QUARK-INFO]: adaround iterations=600, lr=0.100000, loss=949.446411 (Recons loss=906.953857, Rounding loss=42.492527)[0m
[32m
[QUARK-INFO]: adaround iterations=700, lr=0.100000, loss=1048.623047 (Recons loss=1031.354614, Rounding loss=17.268383)[0m
[32m
[QUARK-INFO]: adaround iterations=800, lr=0.100000, loss=1010.243958 (Recons loss=1008.353333, Rounding loss=1.890597)[0m
[32m
[QUARK-INFO]: adaround iterations=900, lr=0.100000, loss=1043.010864 (Recons loss=1043.010864, Rounding loss=0.000000)[0m
[32m
[QUARK-INFO]: adaround iterations=999, lr=0.100000, loss=1013.260437 (Recons loss=1013.260437, Rounding loss=0.000000)[0m
[32m
[QUARK-INFO]: Module (/layer3/layer3.5/act1/Relu_output_0)->(/layer3/layer3.5/act2/Relu_output_0) recons metrics was optimized from 1.953851 to 1.901057 (diff=-0.052794)[0m
[32m
[QUARK-INFO]: Quark_latency_profiler: finetuning layer 41, torch training time consumed 5.063589s[0m

 78%|#######7  | 42/54 [11:31<04:03, 20.29s/it][33m
[QUARK-WARNING]: The custom ops library C:\Users\<user>\miniforge3\envs\resnet_env\Lib\site-packages\quark\onnx\operators\custom_ops\lib\custom_ops.dll does NOT exist.[0m
[33m
[QUARK-WARNING]: The custom ops library C:\Users\<user>\miniforge3\envs\resnet_env\Lib\site-packages\quark\onnx\operators\custom_ops\lib\custom_ops.dll does NOT exist.[0m
[33m
[QUARK-WARNING]: Failed to register custom op library C:\Users\<user>\miniforge3\envs\resnet_env\Lib\site-packages\quark\onnx\operators\custom_ops\lib\custom_ops.dll to ORT with [ONNXRuntimeError] : 1 : FAIL : Error loading "C:\Users\<user>\miniforge3\envs\resnet_env\Lib\site-packages\quark\onnx\operators\custom_ops\lib\custom_ops.dll" which is missing. (Error 126: "The specified module could not be found."),please check if the library has been compiled successfully.[0m
[32m
[QUARK-INFO]: Quark_latency_profiler: finetuning layer 42, onnx inference (quantized model + float model) time consumed 9.284028s[0m
[32m
[QUARK-INFO]: Module (/layer3/layer3.5/act2/Relu_output_0)->(/layer3/layer3.5/conv3/Conv_output_0) will be optimized by adaround on cpu[0m
[32m
[QUARK-INFO]: adaround iterations=0, lr=0.100000, loss=3866.022705 (Recons loss=3866.022705, Rounding loss=0.000000)[0m
[32m
[QUARK-INFO]: adaround iterations=100, lr=0.100000, loss=2591.237305 (Recons loss=2591.237305, Rounding loss=0.000000)[0m
[32m
[QUARK-INFO]: adaround iterations=200, lr=0.100000, loss=5641.998047 (Recons loss=2685.460449, Rounding loss=2956.537842)[0m
[32m
[QUARK-INFO]: adaround iterations=300, lr=0.100000, loss=3986.693848 (Recons loss=2916.550781, Rounding loss=1070.143188)[0m
[32m
[QUARK-INFO]: adaround iterations=400, lr=0.100000, loss=3174.473877 (Recons loss=2427.380615, Rounding loss=747.093201)[0m
[32m
[QUARK-INFO]: adaround iterations=500, lr=0.100000, loss=2956.052734 (Recons loss=2423.722900, Rounding loss=532.329834)[0m
[32m
[QUARK-INFO]: adaround iterations=600, lr=0.100000, loss=2899.885742 (Recons loss=2565.015381, Rounding loss=334.870270)[0m
[32m
[QUARK-INFO]: adaround iterations=700, lr=0.100000, loss=2443.033203 (Recons loss=2278.083008, Rounding loss=164.950165)[0m
[32m
[QUARK-INFO]: adaround iterations=800, lr=0.100000, loss=2769.598389 (Recons loss=2722.904053, Rounding loss=46.694431)[0m
[32m
[QUARK-INFO]: adaround iterations=900, lr=0.100000, loss=3573.010986 (Recons loss=3567.469482, Rounding loss=5.541620)[0m
[32m
[QUARK-INFO]: adaround iterations=999, lr=0.100000, loss=3273.625000 (Recons loss=3273.266846, Rounding loss=0.358237)[0m
[32m
[QUARK-INFO]: Module (/layer3/layer3.5/act2/Relu_output_0)->(/layer3/layer3.5/conv3/Conv_output_0) recons metrics was optimized from 3.693907 to 2.948709 (diff=-0.745198)[0m
[32m
[QUARK-INFO]: Quark_latency_profiler: finetuning layer 42, torch training time consumed 8.864182s[0m

 80%|#######9  | 43/54 [11:49<03:36, 19.64s/it][33m
[QUARK-WARNING]: The custom ops library C:\Users\<user>\miniforge3\envs\resnet_env\Lib\site-packages\quark\onnx\operators\custom_ops\lib\custom_ops.dll does NOT exist.[0m
[33m
[QUARK-WARNING]: The custom ops library C:\Users\<user>\miniforge3\envs\resnet_env\Lib\site-packages\quark\onnx\operators\custom_ops\lib\custom_ops.dll does NOT exist.[0m
[33m
[QUARK-WARNING]: Failed to register custom op library C:\Users\<user>\miniforge3\envs\resnet_env\Lib\site-packages\quark\onnx\operators\custom_ops\lib\custom_ops.dll to ORT with [ONNXRuntimeError] : 1 : FAIL : Error loading "C:\Users\<user>\miniforge3\envs\resnet_env\Lib\site-packages\quark\onnx\operators\custom_ops\lib\custom_ops.dll" which is missing. (Error 126: "The specified module could not be found."),please check if the library has been compiled successfully.[0m
[32m
[QUARK-INFO]: Quark_latency_profiler: finetuning layer 43, onnx inference (quantized model + float model) time consumed 9.539809s[0m
[32m
[QUARK-INFO]: Module (/layer3/layer3.5/act3/Relu_output_0)->(/layer4/layer4.0/act1/Relu_output_0) will be optimized by adaround on cpu[0m
[32m
[QUARK-INFO]: adaround iterations=0, lr=0.100000, loss=495.942291 (Recons loss=495.942291, Rounding loss=0.000000)[0m
[32m
[QUARK-INFO]: adaround iterations=100, lr=0.100000, loss=519.383301 (Recons loss=519.383301, Rounding loss=0.000000)[0m
[32m
[QUARK-INFO]: adaround iterations=200, lr=0.100000, loss=8001.354980 (Recons loss=521.209290, Rounding loss=7480.145508)[0m
[32m
[QUARK-INFO]: adaround iterations=300, lr=0.100000, loss=2537.991699 (Recons loss=432.427643, Rounding loss=2105.563965)[0m
[32m
[QUARK-INFO]: adaround iterations=400, lr=0.100000, loss=2097.563965 (Recons loss=455.576294, Rounding loss=1641.987793)[0m
[32m
[QUARK-INFO]: adaround iterations=500, lr=0.100000, loss=1753.286987 (Recons loss=485.877319, Rounding loss=1267.409668)[0m
[32m
[QUARK-INFO]: adaround iterations=600, lr=0.100000, loss=1197.184448 (Recons loss=381.779572, Rounding loss=815.404907)[0m
[32m
[QUARK-INFO]: adaround iterations=700, lr=0.100000, loss=904.968811 (Recons loss=566.544800, Rounding loss=338.424011)[0m
[32m
[QUARK-INFO]: adaround iterations=800, lr=0.100000, loss=560.768127 (Recons loss=523.017761, Rounding loss=37.750389)[0m
[32m
[QUARK-INFO]: adaround iterations=900, lr=0.100000, loss=581.648682 (Recons loss=581.629883, Rounding loss=0.018796)[0m
[32m
[QUARK-INFO]: adaround iterations=999, lr=0.100000, loss=436.509705 (Recons loss=436.499695, Rounding loss=0.010000)[0m
[32m
[QUARK-INFO]: Module (/layer3/layer3.5/act3/Relu_output_0)->(/layer4/layer4.0/act1/Relu_output_0) recons metrics was optimized from 0.485026 to 0.443960 (diff=-0.041066)[0m
[32m
[QUARK-INFO]: Quark_latency_profiler: finetuning layer 43, torch training time consumed 17.488787s[0m

 81%|########1 | 44/54 [12:16<03:38, 21.86s/it][33m
[QUARK-WARNING]: The custom ops library C:\Users\<user>\miniforge3\envs\resnet_env\Lib\site-packages\quark\onnx\operators\custom_ops\lib\custom_ops.dll does NOT exist.[0m
[33m
[QUARK-WARNING]: The custom ops library C:\Users\<user>\miniforge3\envs\resnet_env\Lib\site-packages\quark\onnx\operators\custom_ops\lib\custom_ops.dll does NOT exist.[0m
[33m
[QUARK-WARNING]: Failed to register custom op library C:\Users\<user>\miniforge3\envs\resnet_env\Lib\site-packages\quark\onnx\operators\custom_ops\lib\custom_ops.dll to ORT with [ONNXRuntimeError] : 1 : FAIL : Error loading "C:\Users\<user>\miniforge3\envs\resnet_env\Lib\site-packages\quark\onnx\operators\custom_ops\lib\custom_ops.dll" which is missing. (Error 126: "The specified module could not be found."),please check if the library has been compiled successfully.[0m
[32m
[QUARK-INFO]: Quark_latency_profiler: finetuning layer 44, onnx inference (quantized model + float model) time consumed 17.379175s[0m
[32m
[QUARK-INFO]: Module (/layer3/layer3.5/act3/Relu_output_0)->(/layer4/layer4.0/downsample/downsample.0/Conv_output_0) will be optimized by adaround on cpu[0m
[32m
[QUARK-INFO]: adaround iterations=0, lr=0.100000, loss=2572.516357 (Recons loss=2572.516357, Rounding loss=0.000000)[0m
[32m
[QUARK-INFO]: adaround iterations=100, lr=0.100000, loss=1852.241089 (Recons loss=1852.241089, Rounding loss=0.000000)[0m
[32m
[QUARK-INFO]: adaround iterations=200, lr=0.100000, loss=9187.460938 (Recons loss=2020.858154, Rounding loss=7166.602539)[0m
[32m
[QUARK-INFO]: adaround iterations=300, lr=0.100000, loss=3573.227051 (Recons loss=1897.462402, Rounding loss=1675.764526)[0m
[32m
[QUARK-INFO]: adaround iterations=400, lr=0.100000, loss=3034.955078 (Recons loss=1910.958008, Rounding loss=1123.997192)[0m
[32m
[QUARK-INFO]: adaround iterations=500, lr=0.100000, loss=2619.704346 (Recons loss=1841.187378, Rounding loss=778.517029)[0m
[32m
[QUARK-INFO]: adaround iterations=600, lr=0.100000, loss=2116.165283 (Recons loss=1635.254517, Rounding loss=480.910858)[0m
[32m
[QUARK-INFO]: adaround iterations=700, lr=0.100000, loss=2546.042236 (Recons loss=2353.091797, Rounding loss=192.950333)[0m
[32m
[QUARK-INFO]: adaround iterations=800, lr=0.100000, loss=2068.965332 (Recons loss=2047.127197, Rounding loss=21.838102)[0m
[32m
[QUARK-INFO]: adaround iterations=900, lr=0.100000, loss=1513.326782 (Recons loss=1513.316772, Rounding loss=0.010000)[0m
[32m
[QUARK-INFO]: adaround iterations=999, lr=0.100000, loss=1757.983276 (Recons loss=1757.973267, Rounding loss=0.010000)[0m
[32m
[QUARK-INFO]: Module (/layer3/layer3.5/act3/Relu_output_0)->(/layer4/layer4.0/downsample/downsample.0/Conv_output_0) recons metrics was optimized from 1.369058 to 0.934754 (diff=-0.434305)[0m
[32m
[QUARK-INFO]: Quark_latency_profiler: finetuning layer 44, torch training time consumed 32.882005s[0m

 83%|########3 | 45/54 [13:06<04:33, 30.38s/it][33m
[QUARK-WARNING]: The custom ops library C:\Users\<user>\miniforge3\envs\resnet_env\Lib\site-packages\quark\onnx\operators\custom_ops\lib\custom_ops.dll does NOT exist.[0m
[33m
[QUARK-WARNING]: The custom ops library C:\Users\<user>\miniforge3\envs\resnet_env\Lib\site-packages\quark\onnx\operators\custom_ops\lib\custom_ops.dll does NOT exist.[0m
[33m
[QUARK-WARNING]: Failed to register custom op library C:\Users\<user>\miniforge3\envs\resnet_env\Lib\site-packages\quark\onnx\operators\custom_ops\lib\custom_ops.dll to ORT with [ONNXRuntimeError] : 1 : FAIL : Error loading "C:\Users\<user>\miniforge3\envs\resnet_env\Lib\site-packages\quark\onnx\operators\custom_ops\lib\custom_ops.dll" which is missing. (Error 126: "The specified module could not be found."),please check if the library has been compiled successfully.[0m
[32m
[QUARK-INFO]: Quark_latency_profiler: finetuning layer 45, onnx inference (quantized model + float model) time consumed 16.633900s[0m
[32m
[QUARK-INFO]: Module (/layer4/layer4.0/act1/Relu_output_0)->(/layer4/layer4.0/act2/Relu_output_0) will be optimized by adaround on cpu[0m
[32m
[QUARK-INFO]: adaround iterations=0, lr=0.100000, loss=521.898682 (Recons loss=521.898682, Rounding loss=0.000000)[0m
[32m
[QUARK-INFO]: adaround iterations=100, lr=0.100000, loss=355.932770 (Recons loss=355.932770, Rounding loss=0.000000)[0m
[32m
[QUARK-INFO]: adaround iterations=200, lr=0.100000, loss=2729.293945 (Recons loss=563.440552, Rounding loss=2165.853271)[0m
[32m
[QUARK-INFO]: adaround iterations=300, lr=0.100000, loss=1165.103516 (Recons loss=533.317993, Rounding loss=631.785583)[0m
[32m
[QUARK-INFO]: adaround iterations=400, lr=0.100000, loss=1045.357788 (Recons loss=531.032227, Rounding loss=514.325562)[0m
[32m
[QUARK-INFO]: adaround iterations=500, lr=0.100000, loss=929.290955 (Recons loss=519.857849, Rounding loss=409.433105)[0m
[32m
[QUARK-INFO]: adaround iterations=600, lr=0.100000, loss=677.358643 (Recons loss=411.937012, Rounding loss=265.421600)[0m
[32m
[QUARK-INFO]: adaround iterations=700, lr=0.100000, loss=640.507202 (Recons loss=529.919861, Rounding loss=110.587334)[0m
[32m
[QUARK-INFO]: adaround iterations=800, lr=0.100000, loss=638.673340 (Recons loss=626.830444, Rounding loss=11.842896)[0m
[32m
[QUARK-INFO]: adaround iterations=900, lr=0.100000, loss=415.724213 (Recons loss=415.720825, Rounding loss=0.003387)[0m
[32m
[QUARK-INFO]: adaround iterations=999, lr=0.100000, loss=412.480682 (Recons loss=412.480682, Rounding loss=0.000000)[0m
[32m
[QUARK-INFO]: Module (/layer4/layer4.0/act1/Relu_output_0)->(/layer4/layer4.0/act2/Relu_output_0) recons metrics was optimized from 0.482929 to 0.473705 (diff=-0.009223)[0m
[32m
[QUARK-INFO]: Quark_latency_profiler: finetuning layer 45, torch training time consumed 7.914800s[0m

 85%|########5 | 46/54 [13:31<03:49, 28.63s/it][33m
[QUARK-WARNING]: The custom ops library C:\Users\<user>\miniforge3\envs\resnet_env\Lib\site-packages\quark\onnx\operators\custom_ops\lib\custom_ops.dll does NOT exist.[0m
[33m
[QUARK-WARNING]: The custom ops library C:\Users\<user>\miniforge3\envs\resnet_env\Lib\site-packages\quark\onnx\operators\custom_ops\lib\custom_ops.dll does NOT exist.[0m
[33m
[QUARK-WARNING]: Failed to register custom op library C:\Users\<user>\miniforge3\envs\resnet_env\Lib\site-packages\quark\onnx\operators\custom_ops\lib\custom_ops.dll to ORT with [ONNXRuntimeError] : 1 : FAIL : Error loading "C:\Users\<user>\miniforge3\envs\resnet_env\Lib\site-packages\quark\onnx\operators\custom_ops\lib\custom_ops.dll" which is missing. (Error 126: "The specified module could not be found."),please check if the library has been compiled successfully.[0m
[32m
[QUARK-INFO]: Quark_latency_profiler: finetuning layer 46, onnx inference (quantized model + float model) time consumed 16.652109s[0m
[32m
[QUARK-INFO]: Module (/layer4/layer4.0/act2/Relu_output_0)->(/layer4/layer4.0/conv3/Conv_output_0) will be optimized by adaround on cpu[0m
[32m
[QUARK-INFO]: adaround iterations=0, lr=0.100000, loss=2380.976074 (Recons loss=2380.976074, Rounding loss=0.000000)[0m
[32m
[QUARK-INFO]: adaround iterations=100, lr=0.100000, loss=2565.437012 (Recons loss=2565.437012, Rounding loss=0.000000)[0m
[32m
[QUARK-INFO]: adaround iterations=200, lr=0.100000, loss=14909.130859 (Recons loss=1885.166626, Rounding loss=13023.963867)[0m
[32m
[QUARK-INFO]: adaround iterations=300, lr=0.100000, loss=5846.657715 (Recons loss=1793.437622, Rounding loss=4053.220215)[0m
[32m
[QUARK-INFO]: adaround iterations=400, lr=0.100000, loss=4516.982422 (Recons loss=1772.806763, Rounding loss=2744.175537)[0m
[32m
[QUARK-INFO]: adaround iterations=500, lr=0.100000, loss=4037.303467 (Recons loss=2205.075439, Rounding loss=1832.228027)[0m
[32m
[QUARK-INFO]: adaround iterations=600, lr=0.100000, loss=3046.405518 (Recons loss=1987.515015, Rounding loss=1058.890503)[0m
[32m
[QUARK-INFO]: adaround iterations=700, lr=0.100000, loss=2453.887207 (Recons loss=2044.346313, Rounding loss=409.540924)[0m
[32m
[QUARK-INFO]: adaround iterations=800, lr=0.100000, loss=2060.072021 (Recons loss=2017.311279, Rounding loss=42.760818)[0m
[32m
[QUARK-INFO]: adaround iterations=900, lr=0.100000, loss=1904.176025 (Recons loss=1904.069336, Rounding loss=0.106712)[0m
[32m
[QUARK-INFO]: adaround iterations=999, lr=0.100000, loss=1756.741699 (Recons loss=1756.731689, Rounding loss=0.010000)[0m
[32m
[QUARK-INFO]: Module (/layer4/layer4.0/act2/Relu_output_0)->(/layer4/layer4.0/conv3/Conv_output_0) recons metrics was optimized from 1.107779 to 0.912975 (diff=-0.194803)[0m
[32m
[QUARK-INFO]: Quark_latency_profiler: finetuning layer 46, torch training time consumed 25.114514s[0m

 87%|########7 | 47/54 [14:13<03:48, 32.57s/it][33m
[QUARK-WARNING]: The custom ops library C:\Users\<user>\miniforge3\envs\resnet_env\Lib\site-packages\quark\onnx\operators\custom_ops\lib\custom_ops.dll does NOT exist.[0m
[33m
[QUARK-WARNING]: The custom ops library C:\Users\<user>\miniforge3\envs\resnet_env\Lib\site-packages\quark\onnx\operators\custom_ops\lib\custom_ops.dll does NOT exist.[0m
[33m
[QUARK-WARNING]: Failed to register custom op library C:\Users\<user>\miniforge3\envs\resnet_env\Lib\site-packages\quark\onnx\operators\custom_ops\lib\custom_ops.dll to ORT with [ONNXRuntimeError] : 1 : FAIL : Error loading "C:\Users\<user>\miniforge3\envs\resnet_env\Lib\site-packages\quark\onnx\operators\custom_ops\lib\custom_ops.dll" which is missing. (Error 126: "The specified module could not be found."),please check if the library has been compiled successfully.[0m
[32m
[QUARK-INFO]: Quark_latency_profiler: finetuning layer 47, onnx inference (quantized model + float model) time consumed 14.476719s[0m
[32m
[QUARK-INFO]: Module (/layer4/layer4.0/act3/Relu_output_0)->(/layer4/layer4.1/act1/Relu_output_0) will be optimized by adaround on cpu[0m
[32m
[QUARK-INFO]: adaround iterations=0, lr=0.100000, loss=593.022522 (Recons loss=593.022522, Rounding loss=0.000000)[0m
[32m
[QUARK-INFO]: adaround iterations=100, lr=0.100000, loss=510.627960 (Recons loss=510.627960, Rounding loss=0.000000)[0m
[32m
[QUARK-INFO]: adaround iterations=200, lr=0.100000, loss=16236.437500 (Recons loss=577.769653, Rounding loss=15658.667969)[0m
[32m
[QUARK-INFO]: adaround iterations=300, lr=0.100000, loss=4962.746582 (Recons loss=388.062775, Rounding loss=4574.683594)[0m
[32m
[QUARK-INFO]: adaround iterations=400, lr=0.100000, loss=4427.578613 (Recons loss=620.848938, Rounding loss=3806.729492)[0m
[32m
[QUARK-INFO]: adaround iterations=500, lr=0.100000, loss=3536.369873 (Recons loss=527.335876, Rounding loss=3009.033936)[0m
[32m
[QUARK-INFO]: adaround iterations=600, lr=0.100000, loss=2424.533691 (Recons loss=460.525085, Rounding loss=1964.008545)[0m
[32m
[QUARK-INFO]: adaround iterations=700, lr=0.100000, loss=1275.263672 (Recons loss=460.590057, Rounding loss=814.673584)[0m
[32m
[QUARK-INFO]: adaround iterations=800, lr=0.100000, loss=692.301941 (Recons loss=604.364746, Rounding loss=87.937195)[0m
[32m
[QUARK-INFO]: adaround iterations=900, lr=0.100000, loss=427.518127 (Recons loss=427.518127, Rounding loss=0.000000)[0m
[32m
[QUARK-INFO]: adaround iterations=999, lr=0.100000, loss=384.332458 (Recons loss=384.332458, Rounding loss=0.000000)[0m
[32m
[QUARK-INFO]: Module (/layer4/layer4.0/act3/Relu_output_0)->(/layer4/layer4.1/act1/Relu_output_0) recons metrics was optimized from 0.524661 to 0.481665 (diff=-0.042996)[0m
[32m
[QUARK-INFO]: Quark_latency_profiler: finetuning layer 47, torch training time consumed 28.887665s[0m

 89%|########8 | 48/54 [14:56<03:34, 35.81s/it][33m
[QUARK-WARNING]: The custom ops library C:\Users\<user>\miniforge3\envs\resnet_env\Lib\site-packages\quark\onnx\operators\custom_ops\lib\custom_ops.dll does NOT exist.[0m
[33m
[QUARK-WARNING]: The custom ops library C:\Users\<user>\miniforge3\envs\resnet_env\Lib\site-packages\quark\onnx\operators\custom_ops\lib\custom_ops.dll does NOT exist.[0m
[33m
[QUARK-WARNING]: Failed to register custom op library C:\Users\<user>\miniforge3\envs\resnet_env\Lib\site-packages\quark\onnx\operators\custom_ops\lib\custom_ops.dll to ORT with [ONNXRuntimeError] : 1 : FAIL : Error loading "C:\Users\<user>\miniforge3\envs\resnet_env\Lib\site-packages\quark\onnx\operators\custom_ops\lib\custom_ops.dll" which is missing. (Error 126: "The specified module could not be found."),please check if the library has been compiled successfully.[0m
[32m
[QUARK-INFO]: Quark_latency_profiler: finetuning layer 48, onnx inference (quantized model + float model) time consumed 12.573626s[0m
[32m
[QUARK-INFO]: Module (/layer4/layer4.1/act1/Relu_output_0)->(/layer4/layer4.1/act2/Relu_output_0) will be optimized by adaround on cpu[0m
[32m
[QUARK-INFO]: adaround iterations=0, lr=0.100000, loss=293.867981 (Recons loss=293.867981, Rounding loss=0.000000)[0m
[32m
[QUARK-INFO]: adaround iterations=100, lr=0.100000, loss=283.303162 (Recons loss=283.303162, Rounding loss=0.000000)[0m
[32m
[QUARK-INFO]: adaround iterations=200, lr=0.100000, loss=2265.834473 (Recons loss=260.920746, Rounding loss=2004.913696)[0m
[32m
[QUARK-INFO]: adaround iterations=300, lr=0.100000, loss=858.962891 (Recons loss=283.746277, Rounding loss=575.216614)[0m
[32m
[QUARK-INFO]: adaround iterations=400, lr=0.100000, loss=690.566284 (Recons loss=242.435028, Rounding loss=448.131226)[0m
[32m
[QUARK-INFO]: adaround iterations=500, lr=0.100000, loss=591.122375 (Recons loss=248.778397, Rounding loss=342.343964)[0m
[32m
[QUARK-INFO]: adaround iterations=600, lr=0.100000, loss=506.001068 (Recons loss=286.119995, Rounding loss=219.881073)[0m
[32m
[QUARK-INFO]: adaround iterations=700, lr=0.100000, loss=388.700317 (Recons loss=298.112274, Rounding loss=90.588051)[0m
[32m
[QUARK-INFO]: adaround iterations=800, lr=0.100000, loss=257.872406 (Recons loss=247.695450, Rounding loss=10.176967)[0m
[32m
[QUARK-INFO]: adaround iterations=900, lr=0.100000, loss=229.233719 (Recons loss=229.233719, Rounding loss=0.000000)[0m
[32m
[QUARK-INFO]: adaround iterations=999, lr=0.100000, loss=251.365341 (Recons loss=251.365341, Rounding loss=0.000000)[0m
[32m
[QUARK-INFO]: Module (/layer4/layer4.1/act1/Relu_output_0)->(/layer4/layer4.1/act2/Relu_output_0) recons metrics was optimized from 0.302316 to 0.263759 (diff=-0.038556)[0m
[32m
[QUARK-INFO]: Quark_latency_profiler: finetuning layer 48, torch training time consumed 6.496459s[0m

 91%|######### | 49/54 [15:15<02:33, 30.79s/it][33m
[QUARK-WARNING]: The custom ops library C:\Users\<user>\miniforge3\envs\resnet_env\Lib\site-packages\quark\onnx\operators\custom_ops\lib\custom_ops.dll does NOT exist.[0m
[33m
[QUARK-WARNING]: The custom ops library C:\Users\<user>\miniforge3\envs\resnet_env\Lib\site-packages\quark\onnx\operators\custom_ops\lib\custom_ops.dll does NOT exist.[0m
[33m
[QUARK-WARNING]: Failed to register custom op library C:\Users\<user>\miniforge3\envs\resnet_env\Lib\site-packages\quark\onnx\operators\custom_ops\lib\custom_ops.dll to ORT with [ONNXRuntimeError] : 1 : FAIL : Error loading "C:\Users\<user>\miniforge3\envs\resnet_env\Lib\site-packages\quark\onnx\operators\custom_ops\lib\custom_ops.dll" which is missing. (Error 126: "The specified module could not be found."),please check if the library has been compiled successfully.[0m
[32m
[QUARK-INFO]: Quark_latency_profiler: finetuning layer 49, onnx inference (quantized model + float model) time consumed 12.796271s[0m
[32m
[QUARK-INFO]: Module (/layer4/layer4.1/act2/Relu_output_0)->(/layer4/layer4.1/conv3/Conv_output_0) will be optimized by adaround on cpu[0m
[32m
[QUARK-INFO]: adaround iterations=0, lr=0.100000, loss=3124.957520 (Recons loss=3124.957520, Rounding loss=0.000000)[0m
[32m
[QUARK-INFO]: adaround iterations=100, lr=0.100000, loss=2368.808594 (Recons loss=2368.808594, Rounding loss=0.000000)[0m
[32m
[QUARK-INFO]: adaround iterations=200, lr=0.100000, loss=15511.402344 (Recons loss=2339.191895, Rounding loss=13172.209961)[0m
[32m
[QUARK-INFO]: adaround iterations=300, lr=0.100000, loss=5915.448242 (Recons loss=2164.597656, Rounding loss=3750.850342)[0m
[32m
[QUARK-INFO]: adaround iterations=400, lr=0.100000, loss=4805.675293 (Recons loss=1988.467529, Rounding loss=2817.207764)[0m
[32m
[QUARK-INFO]: adaround iterations=500, lr=0.100000, loss=5298.933594 (Recons loss=3171.351807, Rounding loss=2127.581543)[0m
[32m
[QUARK-INFO]: adaround iterations=600, lr=0.100000, loss=3186.130859 (Recons loss=1849.803223, Rounding loss=1336.327515)[0m
[32m
[QUARK-INFO]: adaround iterations=700, lr=0.100000, loss=2454.816650 (Recons loss=1917.725098, Rounding loss=537.091553)[0m
[32m
[QUARK-INFO]: adaround iterations=800, lr=0.100000, loss=2634.885498 (Recons loss=2576.072021, Rounding loss=58.813564)[0m
[32m
[QUARK-INFO]: adaround iterations=900, lr=0.100000, loss=1728.738403 (Recons loss=1728.599609, Rounding loss=0.138832)[0m
[32m
[QUARK-INFO]: adaround iterations=999, lr=0.100000, loss=2386.984131 (Recons loss=2386.978760, Rounding loss=0.005374)[0m
[32m
[QUARK-INFO]: Module (/layer4/layer4.1/act2/Relu_output_0)->(/layer4/layer4.1/conv3/Conv_output_0) recons metrics was optimized from 1.396625 to 1.134518 (diff=-0.262107)[0m
[32m
[QUARK-INFO]: Quark_latency_profiler: finetuning layer 49, torch training time consumed 29.188104s[0m

 93%|#########2| 50/54 [15:57<02:16, 34.15s/it][33m
[QUARK-WARNING]: The custom ops library C:\Users\<user>\miniforge3\envs\resnet_env\Lib\site-packages\quark\onnx\operators\custom_ops\lib\custom_ops.dll does NOT exist.[0m
[33m
[QUARK-WARNING]: The custom ops library C:\Users\<user>\miniforge3\envs\resnet_env\Lib\site-packages\quark\onnx\operators\custom_ops\lib\custom_ops.dll does NOT exist.[0m
[33m
[QUARK-WARNING]: Failed to register custom op library C:\Users\<user>\miniforge3\envs\resnet_env\Lib\site-packages\quark\onnx\operators\custom_ops\lib\custom_ops.dll to ORT with [ONNXRuntimeError] : 1 : FAIL : Error loading "C:\Users\<user>\miniforge3\envs\resnet_env\Lib\site-packages\quark\onnx\operators\custom_ops\lib\custom_ops.dll" which is missing. (Error 126: "The specified module could not be found."),please check if the library has been compiled successfully.[0m
[32m
[QUARK-INFO]: Quark_latency_profiler: finetuning layer 50, onnx inference (quantized model + float model) time consumed 12.984669s[0m
[32m
[QUARK-INFO]: Module (/layer4/layer4.1/act3/Relu_output_0)->(/layer4/layer4.2/act1/Relu_output_0) will be optimized by adaround on cpu[0m
[32m
[QUARK-INFO]: adaround iterations=0, lr=0.100000, loss=162.589706 (Recons loss=162.589706, Rounding loss=0.000000)[0m
[32m
[QUARK-INFO]: adaround iterations=100, lr=0.100000, loss=131.164429 (Recons loss=131.164429, Rounding loss=0.000000)[0m
[32m
[QUARK-INFO]: adaround iterations=200, lr=0.100000, loss=19284.623047 (Recons loss=129.954239, Rounding loss=19154.667969)[0m
[32m
[QUARK-INFO]: adaround iterations=300, lr=0.100000, loss=6403.047363 (Recons loss=130.481949, Rounding loss=6272.565430)[0m
[32m
[QUARK-INFO]: adaround iterations=400, lr=0.100000, loss=5724.298340 (Recons loss=127.609886, Rounding loss=5596.688477)[0m
[32m
[QUARK-INFO]: adaround iterations=500, lr=0.100000, loss=4730.248047 (Recons loss=157.823380, Rounding loss=4572.424805)[0m
[32m
[QUARK-INFO]: adaround iterations=600, lr=0.100000, loss=3202.954834 (Recons loss=179.657379, Rounding loss=3023.297363)[0m
[32m
[QUARK-INFO]: adaround iterations=700, lr=0.100000, loss=1401.939697 (Recons loss=136.118286, Rounding loss=1265.821411)[0m
[32m
[QUARK-INFO]: adaround iterations=800, lr=0.100000, loss=338.300781 (Recons loss=202.597610, Rounding loss=135.703171)[0m
[32m
[QUARK-INFO]: adaround iterations=900, lr=0.100000, loss=171.977798 (Recons loss=171.954514, Rounding loss=0.023282)[0m
[32m
[QUARK-INFO]: adaround iterations=999, lr=0.100000, loss=120.236855 (Recons loss=120.236855, Rounding loss=0.000000)[0m
[32m
[QUARK-INFO]: Module (/layer4/layer4.1/act3/Relu_output_0)->(/layer4/layer4.2/act1/Relu_output_0) recons metrics was optimized from 0.166308 to 0.156214 (diff=-0.010094)[0m
[32m
[QUARK-INFO]: Quark_latency_profiler: finetuning layer 50, torch training time consumed 29.758136s[0m

 94%|#########4| 51/54 [16:40<01:50, 36.73s/it][33m
[QUARK-WARNING]: The custom ops library C:\Users\<user>\miniforge3\envs\resnet_env\Lib\site-packages\quark\onnx\operators\custom_ops\lib\custom_ops.dll does NOT exist.[0m
[33m
[QUARK-WARNING]: The custom ops library C:\Users\<user>\miniforge3\envs\resnet_env\Lib\site-packages\quark\onnx\operators\custom_ops\lib\custom_ops.dll does NOT exist.[0m
[33m
[QUARK-WARNING]: Failed to register custom op library C:\Users\<user>\miniforge3\envs\resnet_env\Lib\site-packages\quark\onnx\operators\custom_ops\lib\custom_ops.dll to ORT with [ONNXRuntimeError] : 1 : FAIL : Error loading "C:\Users\<user>\miniforge3\envs\resnet_env\Lib\site-packages\quark\onnx\operators\custom_ops\lib\custom_ops.dll" which is missing. (Error 126: "The specified module could not be found."),please check if the library has been compiled successfully.[0m
[32m
[QUARK-INFO]: Quark_latency_profiler: finetuning layer 51, onnx inference (quantized model + float model) time consumed 15.274661s[0m
[32m
[QUARK-INFO]: Module (/layer4/layer4.2/act1/Relu_output_0)->(/layer4/layer4.2/act2/Relu_output_0) will be optimized by adaround on cpu[0m
[32m
[QUARK-INFO]: adaround iterations=0, lr=0.100000, loss=349.015320 (Recons loss=349.015320, Rounding loss=0.000000)[0m
[32m
[QUARK-INFO]: adaround iterations=100, lr=0.100000, loss=191.548416 (Recons loss=191.548416, Rounding loss=0.000000)[0m
[32m
[QUARK-INFO]: adaround iterations=200, lr=0.100000, loss=2131.878418 (Recons loss=176.202591, Rounding loss=1955.675903)[0m
[32m
[QUARK-INFO]: adaround iterations=300, lr=0.100000, loss=789.953613 (Recons loss=226.932007, Rounding loss=563.021606)[0m
[32m
[QUARK-INFO]: adaround iterations=400, lr=0.100000, loss=658.973022 (Recons loss=210.215363, Rounding loss=448.757690)[0m
[32m
[QUARK-INFO]: adaround iterations=500, lr=0.100000, loss=580.494507 (Recons loss=235.090302, Rounding loss=345.404175)[0m
[32m
[QUARK-INFO]: adaround iterations=600, lr=0.100000, loss=483.171082 (Recons loss=261.943390, Rounding loss=221.227707)[0m
[32m
[QUARK-INFO]: adaround iterations=700, lr=0.100000, loss=318.463928 (Recons loss=227.003143, Rounding loss=91.460793)[0m
[32m
[QUARK-INFO]: adaround iterations=800, lr=0.100000, loss=190.324463 (Recons loss=180.120041, Rounding loss=10.204416)[0m
[32m
[QUARK-INFO]: adaround iterations=900, lr=0.100000, loss=281.718842 (Recons loss=281.708954, Rounding loss=0.009901)[0m
[32m
[QUARK-INFO]: adaround iterations=999, lr=0.100000, loss=196.427811 (Recons loss=196.427811, Rounding loss=0.000000)[0m
[32m
[QUARK-INFO]: Module (/layer4/layer4.2/act1/Relu_output_0)->(/layer4/layer4.2/act2/Relu_output_0) recons metrics was optimized from 0.293419 to 0.225546 (diff=-0.067874)[0m
[32m
[QUARK-INFO]: Quark_latency_profiler: finetuning layer 51, torch training time consumed 7.294517s[0m

 96%|#########6| 52/54 [17:02<01:04, 32.48s/it][33m
[QUARK-WARNING]: The custom ops library C:\Users\<user>\miniforge3\envs\resnet_env\Lib\site-packages\quark\onnx\operators\custom_ops\lib\custom_ops.dll does NOT exist.[0m
[33m
[QUARK-WARNING]: The custom ops library C:\Users\<user>\miniforge3\envs\resnet_env\Lib\site-packages\quark\onnx\operators\custom_ops\lib\custom_ops.dll does NOT exist.[0m
[33m
[QUARK-WARNING]: Failed to register custom op library C:\Users\<user>\miniforge3\envs\resnet_env\Lib\site-packages\quark\onnx\operators\custom_ops\lib\custom_ops.dll to ORT with [ONNXRuntimeError] : 1 : FAIL : Error loading "C:\Users\<user>\miniforge3\envs\resnet_env\Lib\site-packages\quark\onnx\operators\custom_ops\lib\custom_ops.dll" which is missing. (Error 126: "The specified module could not be found."),please check if the library has been compiled successfully.[0m
[32m
[QUARK-INFO]: Quark_latency_profiler: finetuning layer 52, onnx inference (quantized model + float model) time consumed 14.583429s[0m
[32m
[QUARK-INFO]: Module (/layer4/layer4.2/act2/Relu_output_0)->(/layer4/layer4.2/conv3/Conv_output_0) will be optimized by adaround on cpu[0m
[32m
[QUARK-INFO]: adaround iterations=0, lr=0.100000, loss=3201.290527 (Recons loss=3201.290527, Rounding loss=0.000000)[0m
[32m
[QUARK-INFO]: adaround iterations=100, lr=0.100000, loss=4394.187012 (Recons loss=4394.187012, Rounding loss=0.000000)[0m
[32m
[QUARK-INFO]: adaround iterations=200, lr=0.100000, loss=15410.594727 (Recons loss=2307.516357, Rounding loss=13103.078125)[0m
[32m
[QUARK-INFO]: adaround iterations=300, lr=0.100000, loss=7992.783203 (Recons loss=3289.686279, Rounding loss=4703.096680)[0m
[32m
[QUARK-INFO]: adaround iterations=400, lr=0.100000, loss=6115.019043 (Recons loss=2873.354004, Rounding loss=3241.665039)[0m
[32m
[QUARK-INFO]: adaround iterations=500, lr=0.100000, loss=5735.160645 (Recons loss=3499.158203, Rounding loss=2236.002441)[0m
[32m
[QUARK-INFO]: adaround iterations=600, lr=0.100000, loss=7009.541504 (Recons loss=5722.699219, Rounding loss=1286.842163)[0m
[32m
[QUARK-INFO]: adaround iterations=700, lr=0.100000, loss=2719.201660 (Recons loss=2184.377197, Rounding loss=534.824402)[0m
[32m
[QUARK-INFO]: adaround iterations=800, lr=0.100000, loss=3278.094971 (Recons loss=3196.545898, Rounding loss=81.549026)[0m
[32m
[QUARK-INFO]: adaround iterations=900, lr=0.100000, loss=3272.293945 (Recons loss=3270.546875, Rounding loss=1.746992)[0m
[32m
[QUARK-INFO]: adaround iterations=999, lr=0.100000, loss=2663.875000 (Recons loss=2663.786377, Rounding loss=0.088522)[0m
[32m
[QUARK-INFO]: Module (/layer4/layer4.2/act2/Relu_output_0)->(/layer4/layer4.2/conv3/Conv_output_0) recons metrics was optimized from 1.775023 to 1.517317 (diff=-0.257706)[0m
[32m
[QUARK-INFO]: Quark_latency_profiler: finetuning layer 52, torch training time consumed 28.917510s[0m

 98%|#########8| 53/54 [17:46<00:35, 35.79s/it][33m
[QUARK-WARNING]: The custom ops library C:\Users\<user>\miniforge3\envs\resnet_env\Lib\site-packages\quark\onnx\operators\custom_ops\lib\custom_ops.dll does NOT exist.[0m
[33m
[QUARK-WARNING]: The custom ops library C:\Users\<user>\miniforge3\envs\resnet_env\Lib\site-packages\quark\onnx\operators\custom_ops\lib\custom_ops.dll does NOT exist.[0m
[33m
[QUARK-WARNING]: Failed to register custom op library C:\Users\<user>\miniforge3\envs\resnet_env\Lib\site-packages\quark\onnx\operators\custom_ops\lib\custom_ops.dll to ORT with [ONNXRuntimeError] : 1 : FAIL : Error loading "C:\Users\<user>\miniforge3\envs\resnet_env\Lib\site-packages\quark\onnx\operators\custom_ops\lib\custom_ops.dll" which is missing. (Error 126: "The specified module could not be found."),please check if the library has been compiled successfully.[0m
[32m
[QUARK-INFO]: Quark_latency_profiler: finetuning layer 53, onnx inference (quantized model + float model) time consumed 14.875233s[0m
[32m
[QUARK-INFO]: Module (/global_pool/flatten/Flatten_output_0)->(output_QuantizeLinear_Input) will be optimized by adaround on cpu[0m
[32m
[QUARK-INFO]: adaround iterations=0, lr=0.100000, loss=2956.172119 (Recons loss=2956.172119, Rounding loss=0.000000)[0m
[32m
[QUARK-INFO]: adaround iterations=100, lr=0.100000, loss=11640.225586 (Recons loss=11640.225586, Rounding loss=0.000000)[0m
[32m
[QUARK-INFO]: adaround iterations=200, lr=0.100000, loss=23509.353516 (Recons loss=5330.281250, Rounding loss=18179.072266)[0m
[32m
[QUARK-INFO]: adaround iterations=300, lr=0.100000, loss=23578.347656 (Recons loss=17513.431641, Rounding loss=6064.915039)[0m
[32m
[QUARK-INFO]: adaround iterations=400, lr=0.100000, loss=15380.681641 (Recons loss=9933.861328, Rounding loss=5446.820312)[0m
[32m
[QUARK-INFO]: adaround iterations=500, lr=0.100000, loss=11556.531250 (Recons loss=7076.714355, Rounding loss=4479.816406)[0m
[32m
[QUARK-INFO]: adaround iterations=600, lr=0.100000, loss=12419.859375 (Recons loss=9446.660156, Rounding loss=2973.199707)[0m
[32m
[QUARK-INFO]: adaround iterations=700, lr=0.100000, loss=26937.162109 (Recons loss=25692.867188, Rounding loss=1244.295044)[0m
[32m
[QUARK-INFO]: adaround iterations=800, lr=0.100000, loss=7011.154297 (Recons loss=6874.047363, Rounding loss=137.107117)[0m
[32m
[QUARK-INFO]: adaround iterations=900, lr=0.100000, loss=2043.391235 (Recons loss=2043.321289, Rounding loss=0.070000)[0m
[32m
[QUARK-INFO]: adaround iterations=999, lr=0.100000, loss=10803.305664 (Recons loss=10803.235352, Rounding loss=0.070000)[0m
[32m
[QUARK-INFO]: Module (/global_pool/flatten/Flatten_output_0)->(output_QuantizeLinear_Input) recons metrics was optimized from 9.445518 to 9.281864 (diff=-0.163653)[0m
[32m
[QUARK-INFO]: Quark_latency_profiler: finetuning layer 53, torch training time consumed 25.365280s[0m

100%|##########| 54/54 [18:26<00:00, 37.13s/it]
100%|##########| 54/54 [18:26<00:00, 20.49s/it]
[32m
[QUARK-INFO]: ONNX inference costs 476.6s and Torch training costs 629.8s[0m
[32m
[QUARK-INFO]: The FastFinetune algorithm has been applied. It took 1119.8s to complete.[0m
[32m
[QUARK-INFO]: Quark_latency_profiler: e2e quantization time consumed:1710.948246[0m
[32m
[QUARK-INFO]: The operation types and their corresponding quantities of the input float model is shown in the table below.[0m
+-------------------------------------------------------------------+
| Op Type              | Float Model                                |
|----------------------+--------------------------------------------|
| Conv                 | 53                                         |
| Relu                 | 49                                         |
| MaxPool              | 1                                          |
| Add                  | 16                                         |
| GlobalAveragePool    | 1                                          |
| Flatten              | 1                                          |
| Gemm                 | 1                                          |
|----------------------+--------------------------------------------|
| Quantized model path | models/resnext50_32x4d_xint8_adaround.onnx |
+-------------------------------------------------------------------+
[32m
[QUARK-INFO]: The quantized information for all operation types is shown in the table below.[0m
[32m
[QUARK-INFO]: The discrepancy between the operation types in the quantized model and the float model is due to the application of graph optimization.[0m
+------------------------------------------------------+
| Op Type           | Activation | Weights  | Bias     |
|-------------------+------------+----------+----------|
| Conv              | UINT8(53)  | INT8(53) | INT8(53) |
| MaxPool           | UINT8(1)   |          |          |
| Add               | UINT8(16)  |          |          |
| GlobalAveragePool | UINT8(1)   |          |          |
| Flatten           | UINT8(1)   |          |          |
| Gemm              | UINT8(1)   | INT8(1)  | INT8(1)  |
+------------------------------------------------------+

Wrote models/resnext50_32x4d_xint8_adaround.onnx
