2026-09-07 22:06:39.3383600 [I:onnxruntime:, inference_session.cc:606 onnxruntime::InferenceSession::TraceSessionOptions] Session Options {  execution_mode:0 execution_order:DEFAULT enable_profiling:0 optimized_model_filepath: enable_mem_pattern:1 enable_mem_reuse:1 enable_cpu_mem_arena:1 profile_file_prefix:onnxruntime_profile_ session_logid: session_log_severity_level:1 session_log_verbosity_level:0 max_num_graph_transformation_steps:10 graph_optimization_level:4 intra_op_param:OrtThreadPoolParams { thread_pool_size: 0 auto_set_affinity: 0 allow_spinning: 1 dynamic_block_base_: 0 stack_size: 0 affinity_str:  set_denormal_as_zero: 0 } inter_op_param:OrtThreadPoolParams { thread_pool_size: 0 auto_set_affinity: 0 allow_spinning: 1 dynamic_block_base_: 0 stack_size: 0 affinity_str:  set_denormal_as_zero: 0 } use_per_session_threads:1 thread_pool_allow_spinning:1 use_deterministic_compute:0 ep_selection_policy:0 config_options: {  } }
2026-09-07 22:06:39.3392939 [I:onnxruntime:, inference_session.cc:414 onnxruntime::InferenceSession::ConstructorCommon::<lambda_cd5baf9f006fce338b072dac99354b33>::operator ()] Flush-to-zero and denormal-as-zero are off
2026-09-07 22:06:39.3395011 [I:onnxruntime:, inference_session.cc:422 onnxruntime::InferenceSession::ConstructorCommon] Creating and using per session threadpools since use_per_session_threads_ is true
2026-09-07 22:06:39.3396881 [I:onnxruntime:, inference_session.cc:446 onnxruntime::InferenceSession::ConstructorCommon] Dynamic block base set to 0
2026-09-07 22:06:39.5131856 [I:onnxruntime:, inference_session.cc:2042 onnxruntime::InferenceSession::Initialize] Initializing session.
2026-09-07 22:06:39.5133716 [I:onnxruntime:, inference_session.cc:2080 onnxruntime::InferenceSession::Initialize] Adding default CPU execution provider.
2026-09-07 22:06:39.5159667 [I:onnxruntime:, graph_partitioner.cc:1209 onnxruntime::GraphPartitioner::InlineFunctionsAOT] This model does not have any local functions defined. AOT Inlining is not performed
2026-09-07 22:06:39.5244148 [I:onnxruntime:, graph_transformer.cc:15 onnxruntime::GraphTransformer::Apply] GraphTransformer EnsureUniqueDQForNodeUnit modified: 1 with status: OK
2026-09-07 22:06:39.5581695 [I:onnxruntime:, graph_transformer.cc:15 onnxruntime::GraphTransformer::Apply] GraphTransformer Level1_RuleBasedTransformer modified: 1 with status: OK
2026-09-07 22:06:39.5833931 [I:onnxruntime:, graph.cc:4888 onnxruntime::Graph::CleanUnusedInitializersAndNodeArgs] Removing initializer '/features/denseblock2/denselayer1/Concat_output_0_Scale'. It is no longer used by any node.
2026-09-07 22:06:39.5844612 [I:onnxruntime:, graph.cc:4888 onnxruntime::Graph::CleanUnusedInitializersAndNodeArgs] Removing initializer '/features/denseblock3/denselayer1/Concat_output_0_Scale'. It is no longer used by any node.
2026-09-07 22:06:39.5849561 [I:onnxruntime:, graph.cc:4888 onnxruntime::Graph::CleanUnusedInitializersAndNodeArgs] Removing initializer '/features/denseblock4/denselayer1/Concat_output_0_Scale'. It is no longer used by any node.
2026-09-07 22:06:39.5881629 [I:onnxruntime:, graph_transformer.cc:15 onnxruntime::GraphTransformer::Apply] GraphTransformer DoubleQDQPairsRemover modified: 0 with status: OK
2026-09-07 22:06:39.5948193 [I:onnxruntime:, constant_sharing.cc:248 onnxruntime::ConstantSharing::ApplyImpl] Total shared scalar initializer count: 540
2026-09-07 22:06:39.5950386 [I:onnxruntime:, graph_transformer.cc:15 onnxruntime::GraphTransformer::Apply] GraphTransformer ConstantSharing modified: 1 with status: OK
2026-09-07 22:06:39.6209730 [I:onnxruntime:, graph_transformer.cc:15 onnxruntime::GraphTransformer::Apply] GraphTransformer CommonSubexpressionElimination modified: 0 with status: OK
2026-09-07 22:06:39.6232444 [I:onnxruntime:, graph_transformer.cc:15 onnxruntime::GraphTransformer::Apply] GraphTransformer ConstantFolding modified: 0 with status: OK
2026-09-07 22:06:39.6244501 [I:onnxruntime:, graph_transformer.cc:15 onnxruntime::GraphTransformer::Apply] GraphTransformer MatMulAddFusion modified: 0 with status: OK
2026-09-07 22:06:39.6250364 [I:onnxruntime:, graph_transformer.cc:15 onnxruntime::GraphTransformer::Apply] GraphTransformer ReshapeFusion modified: 0 with status: OK
2026-09-07 22:06:39.6252139 [I:onnxruntime:, graph_transformer.cc:15 onnxruntime::GraphTransformer::Apply] GraphTransformer FreeDimensionOverrideTransformer modified: 0 with status: OK
2026-09-07 22:06:39.6253904 [I:onnxruntime:, graph_transformer.cc:15 onnxruntime::GraphTransformer::Apply] GraphTransformer GeluFusionL1 modified: 0 with status: OK
2026-09-07 22:06:39.6259333 [I:onnxruntime:, graph_transformer.cc:15 onnxruntime::GraphTransformer::Apply] GraphTransformer LayerNormFusionL1 modified: 0 with status: OK
2026-09-07 22:06:39.6277594 [I:onnxruntime:, graph_transformer.cc:15 onnxruntime::GraphTransformer::Apply] GraphTransformer QDQPropagationTransformer modified: 0 with status: OK
2026-09-07 22:06:39.6287549 [I:onnxruntime:, graph_transformer.cc:15 onnxruntime::GraphTransformer::Apply] GraphTransformer WeightBiasQuantization modified: 0 with status: OK
2026-09-07 22:06:39.6295599 [I:onnxruntime:, graph_transformer.cc:15 onnxruntime::GraphTransformer::Apply] GraphTransformer EnsureUniqueDQForNodeUnit modified: 0 with status: OK
2026-09-07 22:06:39.6301481 [I:onnxruntime:, graph_transformer.cc:15 onnxruntime::GraphTransformer::Apply] GraphTransformer RocmBlasAltImpl modified: 0 with status: OK
2026-09-07 22:06:39.6359290 [I:onnxruntime:, graph_transformer.cc:15 onnxruntime::GraphTransformer::Apply] GraphTransformer TransposeOptimizer modified: 0 with status: OK
2026-09-07 22:06:39.6369845 [I:onnxruntime:, graph_transformer.cc:15 onnxruntime::GraphTransformer::Apply] GraphTransformer Level1_RuleBasedTransformer modified: 0 with status: OK
2026-09-07 22:06:39.6385224 [I:onnxruntime:, graph_transformer.cc:15 onnxruntime::GraphTransformer::Apply] GraphTransformer DoubleQDQPairsRemover modified: 0 with status: OK
2026-09-07 22:06:39.6424965 [I:onnxruntime:, graph_transformer.cc:15 onnxruntime::GraphTransformer::Apply] GraphTransformer CommonSubexpressionElimination modified: 0 with status: OK
2026-09-07 22:06:39.6451666 [I:onnxruntime:, graph_transformer.cc:15 onnxruntime::GraphTransformer::Apply] GraphTransformer ConstantFolding modified: 0 with status: OK
2026-09-07 22:06:39.6467808 [I:onnxruntime:, graph_transformer.cc:15 onnxruntime::GraphTransformer::Apply] GraphTransformer MatMulAddFusion modified: 0 with status: OK
2026-09-07 22:06:39.6487935 [I:onnxruntime:, graph_transformer.cc:15 onnxruntime::GraphTransformer::Apply] GraphTransformer ReshapeFusion modified: 0 with status: OK
2026-09-07 22:06:39.6490528 [I:onnxruntime:, graph_transformer.cc:15 onnxruntime::GraphTransformer::Apply] GraphTransformer FreeDimensionOverrideTransformer modified: 0 with status: OK
2026-09-07 22:06:39.6493645 [I:onnxruntime:, graph_transformer.cc:15 onnxruntime::GraphTransformer::Apply] GraphTransformer GeluFusionL1 modified: 0 with status: OK
2026-09-07 22:06:39.6525059 [I:onnxruntime:, graph_transformer.cc:15 onnxruntime::GraphTransformer::Apply] GraphTransformer LayerNormFusionL1 modified: 0 with status: OK
2026-09-07 22:06:39.6561101 [I:onnxruntime:, graph_transformer.cc:15 onnxruntime::GraphTransformer::Apply] GraphTransformer QDQPropagationTransformer modified: 0 with status: OK
2026-09-07 22:06:39.6579129 [I:onnxruntime:, graph_transformer.cc:15 onnxruntime::GraphTransformer::Apply] GraphTransformer WeightBiasQuantization modified: 0 with status: OK
2026-09-07 22:06:39.6600945 [I:onnxruntime:, graph_transformer.cc:15 onnxruntime::GraphTransformer::Apply] GraphTransformer EnsureUniqueDQForNodeUnit modified: 0 with status: OK
2026-09-07 22:06:39.6612384 [I:onnxruntime:, graph_transformer.cc:15 onnxruntime::GraphTransformer::Apply] GraphTransformer RocmBlasAltImpl modified: 0 with status: OK
2026-09-07 22:07:42.5707250 [I:onnxruntime:, graph.cc:4888 onnxruntime::Graph::CleanUnusedInitializersAndNodeArgs] Removing initializer 'features.denseblock2.denselayer5.conv2.weight_quantized'. It is no longer used by any node.
2026-09-07 22:07:42.5709486 [I:onnxruntime:, graph.cc:4888 onnxruntime::Graph::CleanUnusedInitializersAndNodeArgs] Removing initializer 'onnx::Conv_1161_scale'. It is no longer used by any node.
2026-09-07 22:07:42.5711326 [I:onnxruntime:, graph.cc:4888 onnxruntime::Graph::CleanUnusedInitializersAndNodeArgs] Removing initializer '/features/denseblock4/denselayer10/norm1/BatchNormalization_output_0bias_scale'. It is no longer used by any node.
2026-09-07 22:07:42.5713477 [I:onnxruntime:, graph.cc:4888 onnxruntime::Graph::CleanUnusedInitializersAndNodeArgs] Removing initializer 'features.denseblock1.denselayer2.conv2.weight_quantized'. It is no longer used by any node.
2026-09-07 22:07:42.5715570 [I:onnxruntime:, graph.cc:4888 onnxruntime::Graph::CleanUnusedInitializersAndNodeArgs] Removing initializer 'classifier.bias_zero_point'. It is no longer used by any node.
2026-09-07 22:07:42.5717497 [I:onnxruntime:, graph.cc:4888 onnxruntime::Graph::CleanUnusedInitializersAndNodeArgs] Removing initializer 'features.denseblock1.denselayer1.conv2.weight_scale'. It is no longer used by any node.
2026-09-07 22:07:42.5719641 [I:onnxruntime:, graph.cc:4888 onnxruntime::Graph::CleanUnusedInitializersAndNodeArgs] Removing initializer 'features.denseblock3.denselayer16.conv2.weight_scale'. It is no longer used by any node.
2026-09-07 22:07:42.5721822 [I:onnxruntime:, graph.cc:4888 onnxruntime::Graph::CleanUnusedInitializersAndNodeArgs] Removing initializer '/features/transition3/norm/BatchNormalization_output_0bias_zero_point'. It is no longer used by any node.
2026-09-07 22:07:42.5724389 [I:onnxruntime:, graph.cc:4888 onnxruntime::Graph::CleanUnusedInitializersAndNodeArgs] Removing initializer '/features/denseblock1/denselayer1/norm1/BatchNormalization_output_0weights_quantized'. It is no longer used by any node.
2026-09-07 22:07:42.5727493 [I:onnxruntime:, graph.cc:4888 onnxruntime::Graph::CleanUnusedInitializersAndNodeArgs] Removing initializer 'onnx::Conv_1160_quantized'. It is no longer used by any node.
2026-09-07 22:07:42.5729836 [I:onnxruntime:, graph.cc:4888 onnxruntime::Graph::CleanUnusedInitializersAndNodeArgs] Removing initializer 'features.denseblock2.denselayer4.conv2.weight_quantized'. It is no longer used by any node.
2026-09-07 22:07:42.5732532 [I:onnxruntime:, graph.cc:4888 onnxruntime::Graph::CleanUnusedInitializersAndNodeArgs] Removing initializer 'features.denseblock3.denselayer10.conv2.weight_zero_point'. It is no longer used by any node.
2026-09-07 22:07:42.5735301 [I:onnxruntime:, graph.cc:4888 onnxruntime::Graph::CleanUnusedInitializersAndNodeArgs] Removing initializer 'onnx::Conv_1167_zero_point'. It is no longer used by any node.
2026-09-07 22:07:42.5737657 [I:onnxruntime:, graph.cc:4888 onnxruntime::Graph::CleanUnusedInitializersAndNodeArgs] Removing initializer 'onnx::Conv_1206_quantized'. It is no longer used by any node.
2026-09-07 22:07:42.5740100 [I:onnxruntime:, graph.cc:4888 onnxruntime::Graph::CleanUnusedInitializersAndNodeArgs] Removing initializer '/features/denseblock1/denselayer1/conv2/Conv_output_0_zero_point'. It is no longer used by any node.
2026-09-07 22:07:42.5742852 [I:onnxruntime:, graph.cc:4888 onnxruntime::Graph::CleanUnusedInitializersAndNodeArgs] Removing initializer '/features/denseblock2/denselayer9/norm1/BatchNormalization_output_0bias_quantized'. It is no longer used by any node.
2026-09-07 22:07:42.5745779 [I:onnxruntime:, graph.cc:4888 onnxruntime::Graph::CleanUnusedInitializersAndNodeArgs] Removing initializer 'onnx::Conv_1161_quantized'. It is no longer used by any node.
2026-09-07 22:07:42.5748114 [I:onnxruntime:, graph.cc:4888 onnxruntime::Graph::CleanUnusedInitializersAndNodeArgs] Removing initializer '/features/denseblock2/denselayer6/norm1/act/Relu_output_0_zero_point'. It is no longer used by any node.
2026-09-07 22:07:42.5751043 [I:onnxruntime:, graph.cc:4888 onnxruntime::Graph::CleanUnusedInitializersAndNodeArgs] Removing initializer 'onnx::Conv_1160_scale'. It is no longer used by any node.
2026-09-07 22:07:42.5758319 [I:onnxruntime:, graph.cc:4888 onnxruntime::Graph::CleanUnusedInitializersAndNodeArgs] Removing initializer 'onnx::Conv_1161_zero_point'. It is no longer used by any node.
2026-09-07 22:07:42.5760896 [I:onnxruntime:, graph.cc:4888 onnxruntime::Graph::CleanUnusedInitializersAndNodeArgs] Removing initializer '/features/denseblock2/denselayer4/norm2/act/Relu_output_0_zero_point'. It is no longer used by any node.
2026-09-07 22:07:42.5763925 [I:onnxruntime:, graph.cc:4888 onnxruntime::Graph::CleanUnusedInitializersAndNodeArgs] Removing initializer 'onnx::Conv_1184_quantized'. It is no longer used by any node.
2026-09-07 22:07:42.5766413 [I:onnxruntime:, graph.cc:4888 onnxruntime::Graph::CleanUnusedInitializersAndNodeArgs] Removing initializer 'features.denseblock1.denselayer2.conv2.weight_zero_point'. It is no longer used by any node.
2026-09-07 22:07:42.5769358 [I:onnxruntime:, graph.cc:4888 onnxruntime::Graph::CleanUnusedInitializersAndNodeArgs] Removing initializer '/features/denseblock1/denselayer1/norm1/BatchNormalization_output_0weights_zero_point'. It is no longer used by any node.
2026-09-07 22:07:42.5772603 [I:onnxruntime:, graph.cc:4888 onnxruntime::Graph::CleanUnusedInitializersAndNodeArgs] Removing initializer 'onnx::Conv_1160_zero_point'. It is no longer used by any node.
2026-09-07 22:07:42.5774896 [I:onnxruntime:, graph.cc:4888 onnxruntime::Graph::CleanUnusedInitializersAndNodeArgs] Removing initializer '/features/denseblock1/denselayer6/Concat_output_0_scale'. It is no longer used by any node.
2026-09-07 22:07:42.5777676 [I:onnxruntime:, graph.cc:4888 onnxruntime::Graph::CleanUnusedInitializersAndNodeArgs] Removing initializer '/features/norm0/act/Relu_output_0_zero_point'. It is no longer used by any node.
2026-09-07 22:07:42.5780313 [I:onnxruntime:, graph.cc:4888 onnxruntime::Graph::CleanUnusedInitializersAndNodeArgs] Removing initializer '/features/denseblock4/denselayer5/norm1/BatchNormalization_output_0bias_quantized'. It is no longer used by any node.
2026-09-07 22:07:42.5783627 [I:onnxruntime:, graph.cc:4888 onnxruntime::Graph::CleanUnusedInitializersAndNodeArgs] Removing initializer 'features.denseblock1.denselayer1.conv2.weight_quantized'. It is no longer used by any node.
2026-09-07 22:07:42.5786843 [I:onnxruntime:, graph.cc:4888 onnxruntime::Graph::CleanUnusedInitializersAndNodeArgs] Removing initializer '/features/denseblock3/denselayer6/norm1/BatchNormalization_output_0bias_quantized'. It is no longer used by any node.
2026-09-07 22:07:42.5790492 [I:onnxruntime:, graph.cc:4888 onnxruntime::Graph::CleanUnusedInitializersAndNodeArgs] Removing initializer '/features/denseblock3/denselayer15/Concat_output_0_zero_point'. It is no longer used by any node.
2026-09-07 22:07:42.5794090 [I:onnxruntime:, graph.cc:4888 onnxruntime::Graph::CleanUnusedInitializersAndNodeArgs] Removing initializer '/features/denseblock1/denselayer1/norm1/act/Relu_output_0_zero_point'. It is no longer used by any node.
2026-09-07 22:07:42.5797268 [I:onnxruntime:, graph.cc:4888 onnxruntime::Graph::CleanUnusedInitializersAndNodeArgs] Removing initializer 'onnx::Conv_1275_zero_point'. It is no longer used by any node.
2026-09-07 22:07:42.5799844 [I:onnxruntime:, graph.cc:4888 onnxruntime::Graph::CleanUnusedInitializersAndNodeArgs] Removing initializer 'features.denseblock2.denselayer2.conv2.weight_quantized'. It is no longer used by any node.
2026-09-07 22:07:42.5802929 [I:onnxruntime:, graph.cc:4888 onnxruntime::Graph::CleanUnusedInitializersAndNodeArgs] Removing initializer 'features.transition2.conv.weight_zero_point'. It is no longer used by any node.
2026-09-07 22:07:42.5805658 [I:onnxruntime:, graph.cc:4888 onnxruntime::Graph::CleanUnusedInitializersAndNodeArgs] Removing initializer '/features/denseblock1/denselayer1/norm1/BatchNormalization_output_0bias_zero_point'. It is no longer used by any node.
2026-09-07 22:07:42.5809654 [I:onnxruntime:, graph.cc:4888 onnxruntime::Graph::CleanUnusedInitializersAndNodeArgs] Removing initializer 'features.transition2.conv.weight_quantized'. It is no longer used by any node.
2026-09-07 22:07:42.5814719 [I:onnxruntime:, graph.cc:4888 onnxruntime::Graph::CleanUnusedInitializersAndNodeArgs] Removing initializer '/features/denseblock1/denselayer1/norm1/BatchNormalization_output_0bias_quantized'. It is no longer used by any node.
2026-09-07 22:07:42.5826039 [I:onnxruntime:, graph.cc:4888 onnxruntime::Graph::CleanUnusedInitializersAndNodeArgs] Removing initializer '/features/denseblock1/denselayer2/norm1/BatchNormalization_output_0bias_quantized'. It is no longer used by any node.
2026-09-07 22:07:42.5831306 [I:onnxruntime:, graph.cc:4888 onnxruntime::Graph::CleanUnusedInitializersAndNodeArgs] Removing initializer '/features/denseblock2/denselayer1/Concat_output_0_zero_point'. It is no longer used by any node.
2026-09-07 22:07:42.5834888 [I:onnxruntime:, graph.cc:4888 onnxruntime::Graph::CleanUnusedInitializersAndNodeArgs] Removing initializer 'onnx::Conv_1163_zero_point'. It is no longer used by any node.
2026-09-07 22:07:42.5838062 [I:onnxruntime:, graph.cc:4888 onnxruntime::Graph::CleanUnusedInitializersAndNodeArgs] Removing initializer 'features.denseblock4.denselayer11.conv2.weight_zero_point'. It is no longer used by any node.
2026-09-07 22:07:42.5841700 [I:onnxruntime:, graph.cc:4888 onnxruntime::Graph::CleanUnusedInitializersAndNodeArgs] Removing initializer '/features/denseblock2/denselayer7/norm1/BatchNormalization_output_0weights_zero_point'. It is no longer used by any node.
2026-09-07 22:07:42.5845651 [I:onnxruntime:, graph.cc:4888 onnxruntime::Graph::CleanUnusedInitializersAndNodeArgs] Removing initializer '/features/denseblock1/denselayer3/norm1/act/Relu_output_0_zero_point'. It is no longer used by any node.
2026-09-07 22:07:42.5849302 [I:onnxruntime:, graph.cc:4888 onnxruntime::Graph::CleanUnusedInitializersAndNodeArgs] Removing initializer 'onnx::Conv_1163_quantized'. It is no longer used by any node.
2026-09-07 22:07:42.5853424 [I:onnxruntime:, graph.cc:4888 onnxruntime::Graph::CleanUnusedInitializersAndNodeArgs] Removing initializer '/features/denseblock4/denselayer12/norm2/act/Relu_output_0_zero_point'. It is no longer used by any node.
2026-09-07 22:07:42.5857254 [I:onnxruntime:, graph.cc:4888 onnxruntime::Graph::CleanUnusedInitializersAndNodeArgs] Removing initializer '/features/denseblock4/denselayer6/conv2/Conv_output_0_zero_point'. It is no longer used by any node.
2026-09-07 22:07:42.5861108 [I:onnxruntime:, graph.cc:4888 onnxruntime::Graph::CleanUnusedInitializersAndNodeArgs] Removing initializer '/features/denseblock3/denselayer5/conv2/Conv_output_0_zero_point'. It is no longer used by any node.
2026-09-07 22:07:42.5865051 [I:onnxruntime:, graph.cc:4888 onnxruntime::Graph::CleanUnusedInitializersAndNodeArgs] Removing initializer '/features/denseblock3/denselayer22/norm2/act/Relu_output_0_zero_point'. It is no longer used by any node.
2026-09-07 22:07:42.5868509 [I:onnxruntime:, graph.cc:4888 onnxruntime::Graph::CleanUnusedInitializersAndNodeArgs] Removing initializer '/features/denseblock1/denselayer3/norm1/BatchNormalization_output_0bias_quantized'. It is no longer used by any node.
2026-09-07 22:07:42.5872078 [I:onnxruntime:, graph.cc:4888 onnxruntime::Graph::CleanUnusedInitializersAndNodeArgs] Removing initializer '/features/denseblock1/denselayer5/norm1/BatchNormalization_output_0weights_zero_point'. It is no longer used by any node.
2026-09-07 22:07:42.5876662 [I:onnxruntime:, graph.cc:4888 onnxruntime::Graph::CleanUnusedInitializersAndNodeArgs] Removing initializer 'onnx::Conv_1164_zero_point'. It is no longer used by any node.
2026-09-07 22:07:42.5879672 [I:onnxruntime:, graph.cc:4888 onnxruntime::Graph::CleanUnusedInitializersAndNodeArgs] Removing initializer '/features/denseblock1/denselayer1/norm2/act/Relu_output_0_zero_point'. It is no longer used by any node.
2026-09-07 22:07:42.5883489 [I:onnxruntime:, graph.cc:4888 onnxruntime::Graph::CleanUnusedInitializersAndNodeArgs] Removing initializer '/features/denseblock1/denselayer5/norm1/BatchNormalization_output_0weights_quantized'. It is no longer used by any node.
2026-09-07 22:07:42.5887211 [I:onnxruntime:, graph.cc:4888 onnxruntime::Graph::CleanUnusedInitializersAndNodeArgs] Removing initializer 'onnx::Conv_1164_quantized'. It is no longer used by any node.
2026-09-07 22:07:42.5890083 [I:onnxruntime:, graph.cc:4888 onnxruntime::Graph::CleanUnusedInitializersAndNodeArgs] Removing initializer '/features/denseblock2/denselayer9/norm1/BatchNormalization_output_0bias_zero_point'. It is no longer used by any node.
2026-09-07 22:07:42.5893674 [I:onnxruntime:, graph.cc:4888 onnxruntime::Graph::CleanUnusedInitializersAndNodeArgs] Removing initializer 'features.denseblock3.denselayer21.conv2.weight_quantized'. It is no longer used by any node.
2026-09-07 22:07:42.5897052 [I:onnxruntime:, graph.cc:4888 onnxruntime::Graph::CleanUnusedInitializersAndNodeArgs] Removing initializer '/features/denseblock4/denselayer10/norm2/act/Relu_output_0_zero_point'. It is no longer used by any node.
2026-09-07 22:07:42.5900790 [I:onnxruntime:, graph.cc:4888 onnxruntime::Graph::CleanUnusedInitializersAndNodeArgs] Removing initializer '/features/denseblock2/denselayer8/norm1/act/Relu_output_0_zero_point'. It is no longer used by any node.
2026-09-07 22:07:42.5904579 [I:onnxruntime:, graph.cc:4888 onnxruntime::Graph::CleanUnusedInitializersAndNodeArgs] Removing initializer '/features/denseblock3/denselayer20/norm2/act/Relu_output_0_zero_point'. It is no longer used by any node.
2026-09-07 22:07:42.5908151 [I:onnxruntime:, graph.cc:4888 onnxruntime::Graph::CleanUnusedInitializersAndNodeArgs] Removing initializer '/features/denseblock4/denselayer8/norm1/act/Relu_output_0_zero_point'. It is no longer used by any node.
2026-09-07 22:07:42.5911634 [I:onnxruntime:, graph.cc:4888 onnxruntime::Graph::CleanUnusedInitializersAndNodeArgs] Removing initializer '/features/denseblock3/denselayer10/norm1/act/Relu_output_0_zero_point'. It is no longer used by any node.
2026-09-07 22:07:42.5915063 [I:onnxruntime:, graph.cc:4888 onnxruntime::Graph::CleanUnusedInitializersAndNodeArgs] Removing initializer 'features.denseblock2.denselayer6.conv2.weight_quantized'. It is no longer used by any node.
2026-09-07 22:07:42.5918566 [I:onnxruntime:, graph.cc:4888 onnxruntime::Graph::CleanUnusedInitializersAndNodeArgs] Removing initializer '/features/denseblock4/denselayer5/norm1/BatchNormalization_output_0bias_zero_point'. It is no longer used by any node.
2026-09-07 22:07:42.5922715 [I:onnxruntime:, graph.cc:4888 onnxruntime::Graph::CleanUnusedInitializersAndNodeArgs] Removing initializer 'features.denseblock1.denselayer1.conv2.weight_zero_point'. It is no longer used by any node.
2026-09-07 22:07:42.5926000 [I:onnxruntime:, graph.cc:4888 onnxruntime::Graph::CleanUnusedInitializersAndNodeArgs] Removing initializer '/features/denseblock3/denselayer6/norm1/BatchNormalization_output_0bias_zero_point'. It is no longer used by any node.
2026-09-07 22:07:42.5929850 [I:onnxruntime:, graph.cc:4888 onnxruntime::Graph::CleanUnusedInitializersAndNodeArgs] Removing initializer '/features/denseblock4/denselayer8/conv2/Conv_output_0_zero_point'. It is no longer used by any node.
2026-09-07 22:07:42.5933383 [I:onnxruntime:, graph.cc:4888 onnxruntime::Graph::CleanUnusedInitializersAndNodeArgs] Removing initializer 'onnx::Conv_1211_quantized'. It is no longer used by any node.
2026-09-07 22:07:42.5936409 [I:onnxruntime:, graph.cc:4888 onnxruntime::Graph::CleanUnusedInitializersAndNodeArgs] Removing initializer '/features/denseblock2/denselayer10/norm1/BatchNormalization_output_0bias_quantized'. It is no longer used by any node.
2026-09-07 22:07:42.5940078 [I:onnxruntime:, graph.cc:4888 onnxruntime::Graph::CleanUnusedInitializersAndNodeArgs] Removing initializer 'onnx::Conv_1224_zero_point'. It is no longer used by any node.
2026-09-07 22:07:42.5943252 [I:onnxruntime:, graph.cc:4888 onnxruntime::Graph::CleanUnusedInitializersAndNodeArgs] Removing initializer '/features/denseblock3/denselayer10/conv2/Conv_output_0_zero_point'. It is no longer used by any node.
2026-09-07 22:07:42.5946163 [I:onnxruntime:, graph.cc:4888 onnxruntime::Graph::CleanUnusedInitializersAndNodeArgs] Removing initializer '/features/denseblock1/denselayer2/Concat_output_0_zero_point'. It is no longer used by any node.
2026-09-07 22:07:42.5949948 [I:onnxruntime:, graph.cc:4888 onnxruntime::Graph::CleanUnusedInitializersAndNodeArgs] Removing initializer '/features/denseblock4/denselayer11/Concat_output_0_zero_point'. It is no longer used by any node.
2026-09-07 22:07:42.5952909 [I:onnxruntime:, graph.cc:4888 onnxruntime::Graph::CleanUnusedInitializersAndNodeArgs] Removing initializer '/features/denseblock3/denselayer21/Concat_output_0_zero_point'. It is no longer used by any node.
2026-09-07 22:07:42.5986163 [I:onnxruntime:, graph.cc:4888 onnxruntime::Graph::CleanUnusedInitializersAndNodeArgs] Removing initializer '/features/denseblock4/denselayer4/norm2/act/Relu_output_0_zero_point'. It is no longer used by any node.
2026-09-07 22:07:42.5990360 [I:onnxruntime:, graph.cc:4888 onnxruntime::Graph::CleanUnusedInitializersAndNodeArgs] Removing initializer '/features/denseblock3/denselayer7/norm2/act/Relu_output_0_zero_point'. It is no longer used by any node.
2026-09-07 22:07:42.5994661 [I:onnxruntime:, graph.cc:4888 onnxruntime::Graph::CleanUnusedInitializersAndNodeArgs] Removing initializer 'onnx::Conv_1187_quantized'. It is no longer used by any node.
2026-09-07 22:07:42.5997546 [I:onnxruntime:, graph.cc:4888 onnxruntime::Graph::CleanUnusedInitializersAndNodeArgs] Removing initializer 'features.transition3.conv.weight_quantized'. It is no longer used by any node.
2026-09-07 22:07:42.6001238 [I:onnxruntime:, graph.cc:4888 onnxruntime::Graph::CleanUnusedInitializersAndNodeArgs] Removing initializer '/features/denseblock1/denselayer2/norm1/BatchNormalization_output_0weights_zero_point'. It is no longer used by any node.
2026-09-07 22:07:42.6004929 [I:onnxruntime:, graph.cc:4888 onnxruntime::Graph::CleanUnusedInitializersAndNodeArgs] Removing initializer '/features/denseblock4/denselayer16/norm2/act/Relu_output_0_zero_point'. It is no longer used by any node.
2026-09-07 22:07:42.6008504 [I:onnxruntime:, graph.cc:4888 onnxruntime::Graph::CleanUnusedInitializersAndNodeArgs] Removing initializer '/features/denseblock1/denselayer2/norm1/BatchNormalization_output_0weights_quantized'. It is no longer used by any node.
2026-09-07 22:07:42.6012531 [I:onnxruntime:, graph.cc:4888 onnxruntime::Graph::CleanUnusedInitializersAndNodeArgs] Removing initializer 'features.denseblock3.denselayer19.conv2.weight_zero_point'. It is no longer used by any node.
2026-09-07 22:07:42.6016061 [I:onnxruntime:, graph.cc:4888 onnxruntime::Graph::CleanUnusedInitializersAndNodeArgs] Removing initializer '/features/denseblock1/denselayer2/norm1/BatchNormalization_output_0bias_zero_point'. It is no longer used by any node.
2026-09-07 22:07:42.6019980 [I:onnxruntime:, graph.cc:4888 onnxruntime::Graph::CleanUnusedInitializersAndNodeArgs] Removing initializer 'onnx::Conv_1166_zero_point'. It is no longer used by any node.
2026-09-07 22:07:42.6023444 [I:onnxruntime:, graph.cc:4888 onnxruntime::Graph::CleanUnusedInitializersAndNodeArgs] Removing initializer '/features/norm5/BatchNormalization_output_0bias_quantized'. It is no longer used by any node.
2026-09-07 22:07:42.6027190 [I:onnxruntime:, graph.cc:4888 onnxruntime::Graph::CleanUnusedInitializersAndNodeArgs] Removing initializer '/features/denseblock2/denselayer8/norm1/BatchNormalization_output_0weights_zero_point'. It is no longer used by any node.
2026-09-07 22:07:42.6030863 [I:onnxruntime:, graph.cc:4888 onnxruntime::Graph::CleanUnusedInitializersAndNodeArgs] Removing initializer '/features/denseblock1/denselayer2/norm1/act/Relu_output_0_zero_point'. It is no longer used by any node.
2026-09-07 22:07:42.6034151 [I:onnxruntime:, graph.cc:4888 onnxruntime::Graph::CleanUnusedInitializersAndNodeArgs] Removing initializer 'features.denseblock1.denselayer3.conv2.weight_zero_point'. It is no longer used by any node.
2026-09-07 22:07:42.6036735 [I:onnxruntime:, graph.cc:4888 onnxruntime::Graph::CleanUnusedInitializersAndNodeArgs] Removing initializer 'onnx::Conv_1170_zero_point'. It is no longer used by any node.
2026-09-07 22:07:42.6039311 [I:onnxruntime:, graph.cc:4888 onnxruntime::Graph::CleanUnusedInitializersAndNodeArgs] Removing initializer 'onnx::Conv_1166_quantized'. It is no longer used by any node.
2026-09-07 22:07:42.6042130 [I:onnxruntime:, graph.cc:4888 onnxruntime::Graph::CleanUnusedInitializersAndNodeArgs] Removing initializer 'onnx::Conv_1167_quantized'. It is no longer used by any node.
2026-09-07 22:07:42.6044415 [I:onnxruntime:, graph.cc:4888 onnxruntime::Graph::CleanUnusedInitializersAndNodeArgs] Removing initializer '/features/denseblock1/denselayer2/norm2/act/Relu_output_0_zero_point'. It is no longer used by any node.
2026-09-07 22:07:42.6048075 [I:onnxruntime:, graph.cc:4888 onnxruntime::Graph::CleanUnusedInitializersAndNodeArgs] Removing initializer '/features/denseblock1/denselayer2/conv2/Conv_output_0_zero_point'. It is no longer used by any node.
2026-09-07 22:07:42.6052446 [I:onnxruntime:, graph.cc:4888 onnxruntime::Graph::CleanUnusedInitializersAndNodeArgs] Removing initializer 'onnx::Conv_1203_quantized'. It is no longer used by any node.
2026-09-07 22:07:42.6055278 [I:onnxruntime:, graph.cc:4888 onnxruntime::Graph::CleanUnusedInitializersAndNodeArgs] Removing initializer 'features.denseblock2.denselayer11.conv2.weight_zero_point'. It is no longer used by any node.
2026-09-07 22:07:42.6059233 [I:onnxruntime:, graph.cc:4888 onnxruntime::Graph::CleanUnusedInitializersAndNodeArgs] Removing initializer '/features/denseblock1/denselayer3/norm1/BatchNormalization_output_0weights_zero_point'. It is no longer used by any node.
2026-09-07 22:07:42.6062264 [I:onnxruntime:, graph.cc:4888 onnxruntime::Graph::CleanUnusedInitializersAndNodeArgs] Removing initializer 'onnx::Conv_1221_zero_point'. It is no longer used by any node.
2026-09-07 22:07:42.6064868 [I:onnxruntime:, graph.cc:4888 onnxruntime::Graph::CleanUnusedInitializersAndNodeArgs] Removing initializer '/features/denseblock1/denselayer3/Concat_output_0_zero_point'. It is no longer used by any node.
2026-09-07 22:07:42.6068321 [I:onnxruntime:, graph.cc:4888 onnxruntime::Graph::CleanUnusedInitializersAndNodeArgs] Removing initializer 'onnx::Conv_1221_scale'. It is no longer used by any node.
2026-09-07 22:07:42.6071487 [I:onnxruntime:, graph.cc:4888 onnxruntime::Graph::CleanUnusedInitializersAndNodeArgs] Removing initializer 'features.denseblock3.denselayer21.conv2.weight_zero_point'. It is no longer used by any node.
2026-09-07 22:07:42.6074845 [I:onnxruntime:, graph.cc:4888 onnxruntime::Graph::CleanUnusedInitializersAndNodeArgs] Removing initializer '/features/denseblock1/denselayer3/norm1/BatchNormalization_output_0weights_quantized'. It is no longer used by any node.
2026-09-07 22:07:42.6078521 [I:onnxruntime:, graph.cc:4888 onnxruntime::Graph::CleanUnusedInitializersAndNodeArgs] Removing initializer 'onnx::Conv_1221_quantized'. It is no longer used by any node.
2026-09-07 22:07:42.6081322 [I:onnxruntime:, graph.cc:4888 onnxruntime::Graph::CleanUnusedInitializersAndNodeArgs] Removing initializer '/features/denseblock3/denselayer8/norm1/BatchNormalization_output_0bias_quantized'. It is no longer used by any node.
2026-09-07 22:07:42.6083904 [I:onnxruntime:, graph.cc:4888 onnxruntime::Graph::CleanUnusedInitializersAndNodeArgs] Removing initializer '/features/denseblock3/denselayer13/norm1/BatchNormalization_output_0bias_quantized'. It is no longer used by any node.
2026-09-07 22:07:42.6087422 [I:onnxruntime:, graph.cc:4888 onnxruntime::Graph::CleanUnusedInitializersAndNodeArgs] Removing initializer 'features.denseblock1.denselayer6.conv2.weight_quantized'. It is no longer used by any node.
2026-09-07 22:07:42.6090445 [I:onnxruntime:, graph.cc:4888 onnxruntime::Graph::CleanUnusedInitializersAndNodeArgs] Removing initializer '/features/denseblock1/denselayer3/norm1/BatchNormalization_output_0bias_zero_point'. It is no longer used by any node.
2026-09-07 22:07:42.6093778 [I:onnxruntime:, graph.cc:4888 onnxruntime::Graph::CleanUnusedInitializersAndNodeArgs] Removing initializer '/features/denseblock4/denselayer6/norm1/BatchNormalization_output_0bias_zero_point'. It is no longer used by any node.
2026-09-07 22:07:42.6097072 [I:onnxruntime:, graph.cc:4888 onnxruntime::Graph::CleanUnusedInitializersAndNodeArgs] Removing initializer '/features/denseblock2/denselayer4/norm1/BatchNormalization_output_0weights_zero_point'. It is no longer used by any node.
2026-09-07 22:07:42.6101324 [I:onnxruntime:, graph.cc:4888 onnxruntime::Graph::CleanUnusedInitializersAndNodeArgs] Removing initializer '/features/denseblock3/denselayer5/norm1/BatchNormalization_output_0bias_zero_point'. It is no longer used by any node.
2026-09-07 22:07:42.6105319 [I:onnxruntime:, graph.cc:4888 onnxruntime::Graph::CleanUnusedInitializersAndNodeArgs] Removing initializer '/features/denseblock2/denselayer3/Concat_output_0_zero_point'. It is no longer used by any node.
2026-09-07 22:07:42.6108590 [I:onnxruntime:, graph.cc:4888 onnxruntime::Graph::CleanUnusedInitializersAndNodeArgs] Removing initializer 'onnx::Conv_1169_zero_point'. It is no longer used by any node.
2026-09-07 22:07:42.6111794 [I:onnxruntime:, graph.cc:4888 onnxruntime::Graph::CleanUnusedInitializersAndNodeArgs] Removing initializer 'onnx::Conv_1169_quantized'. It is no longer used by any node.
2026-09-07 22:07:42.6114566 [I:onnxruntime:, graph.cc:4888 onnxruntime::Graph::CleanUnusedInitializersAndNodeArgs] Removing initializer 'onnx::Conv_1199_zero_point'. It is no longer used by any node.
2026-09-07 22:07:42.6117621 [I:onnxruntime:, graph.cc:4888 onnxruntime::Graph::CleanUnusedInitializersAndNodeArgs] Removing initializer 'features.denseblock1.denselayer3.conv2.weight_quantized'. It is no longer used by any node.
2026-09-07 22:07:42.6121231 [I:onnxruntime:, graph.cc:4888 onnxruntime::Graph::CleanUnusedInitializersAndNodeArgs] Removing initializer 'onnx::Conv_1170_quantized'. It is no longer used by any node.
2026-09-07 22:07:42.6124219 [I:onnxruntime:, graph.cc:4888 onnxruntime::Graph::CleanUnusedInitializersAndNodeArgs] Removing initializer '/features/denseblock1/denselayer3/norm2/act/Relu_output_0_zero_point'. It is no longer used by any node.
2026-09-07 22:07:42.6127428 [I:onnxruntime:, graph.cc:4888 onnxruntime::Graph::CleanUnusedInitializersAndNodeArgs] Removing initializer '/features/denseblock1/denselayer3/conv2/Conv_output_0_zero_point'. It is no longer used by any node.
2026-09-07 22:07:42.6130934 [I:onnxruntime:, graph.cc:4888 onnxruntime::Graph::CleanUnusedInitializersAndNodeArgs] Removing initializer '/features/denseblock2/denselayer2/norm1/BatchNormalization_output_0bias_quantized'. It is no longer used by any node.
2026-09-07 22:07:42.6134307 [I:onnxruntime:, graph.cc:4888 onnxruntime::Graph::CleanUnusedInitializersAndNodeArgs] Removing initializer '/features/denseblock1/denselayer4/Concat_output_0_zero_point'. It is no longer used by any node.
2026-09-07 22:07:42.6137808 [I:onnxruntime:, graph.cc:4888 onnxruntime::Graph::CleanUnusedInitializersAndNodeArgs] Removing initializer '/features/denseblock4/denselayer15/norm1/BatchNormalization_output_0weights_zero_point'. It is no longer used by any node.
2026-09-07 22:07:42.6141465 [I:onnxruntime:, graph.cc:4888 onnxruntime::Graph::CleanUnusedInitializersAndNodeArgs] Removing initializer '/features/denseblock4/denselayer13/norm1/act/Relu_output_0_zero_point'. It is no longer used by any node.
2026-09-07 22:07:42.6144854 [I:onnxruntime:, graph.cc:4888 onnxruntime::Graph::CleanUnusedInitializersAndNodeArgs] Removing initializer '/features/denseblock3/denselayer23/norm1/act/Relu_output_0_zero_point'. It is no longer used by any node.
2026-09-07 22:07:42.6148061 [I:onnxruntime:, graph.cc:4888 onnxruntime::Graph::CleanUnusedInitializersAndNodeArgs] Removing initializer '/features/denseblock2/denselayer1/norm1/BatchNormalization_output_0bias_zero_point'. It is no longer used by any node.
2026-09-07 22:07:42.6150984 [I:onnxruntime:, graph.cc:4888 onnxruntime::Graph::CleanUnusedInitializersAndNodeArgs] Removing initializer '/features/denseblock1/denselayer4/norm1/BatchNormalization_output_0weights_zero_point'. It is no longer used by any node.
2026-09-07 22:07:42.6155199 [I:onnxruntime:, graph.cc:4888 onnxruntime::Graph::CleanUnusedInitializersAndNodeArgs] Removing initializer '/features/denseblock1/denselayer4/norm1/BatchNormalization_output_0weights_quantized'. It is no longer used by any node.
2026-09-07 22:07:42.6160254 [I:onnxruntime:, graph.cc:4888 onnxruntime::Graph::CleanUnusedInitializersAndNodeArgs] Removing initializer '/features/denseblock4/denselayer2/norm1/act/Relu_output_0_zero_point'. It is no longer used by any node.
2026-09-07 22:07:42.6164379 [I:onnxruntime:, graph.cc:4888 onnxruntime::Graph::CleanUnusedInitializersAndNodeArgs] Removing initializer '/features/denseblock3/denselayer1/norm1/act/Relu_output_0_zero_point'. It is no longer used by any node.
2026-09-07 22:07:42.6168506 [I:onnxruntime:, graph.cc:4888 onnxruntime::Graph::CleanUnusedInitializersAndNodeArgs] Removing initializer '/features/denseblock2/denselayer1/norm1/BatchNormalization_output_0bias_quantized'. It is no longer used by any node.
2026-09-07 22:07:42.6172644 [I:onnxruntime:, graph.cc:4888 onnxruntime::Graph::CleanUnusedInitializersAndNodeArgs] Removing initializer '/features/denseblock1/denselayer4/norm1/BatchNormalization_output_0bias_zero_point'. It is no longer used by any node.
2026-09-07 22:07:42.6176744 [I:onnxruntime:, graph.cc:4888 onnxruntime::Graph::CleanUnusedInitializersAndNodeArgs] Removing initializer '/features/denseblock1/denselayer4/norm1/BatchNormalization_output_0bias_quantized'. It is no longer used by any node.
2026-09-07 22:07:42.6180827 [I:onnxruntime:, graph.cc:4888 onnxruntime::Graph::CleanUnusedInitializersAndNodeArgs] Removing initializer '/features/denseblock1/denselayer4/norm1/act/Relu_output_0_zero_point'. It is no longer used by any node.
2026-09-07 22:07:42.6184611 [I:onnxruntime:, graph.cc:4888 onnxruntime::Graph::CleanUnusedInitializersAndNodeArgs] Removing initializer 'onnx::Conv_1172_zero_point'. It is no longer used by any node.
2026-09-07 22:07:42.6187237 [I:onnxruntime:, graph.cc:4888 onnxruntime::Graph::CleanUnusedInitializersAndNodeArgs] Removing initializer 'onnx::Conv_1172_quantized'. It is no longer used by any node.
2026-09-07 22:07:42.6190079 [I:onnxruntime:, graph.cc:4888 onnxruntime::Graph::CleanUnusedInitializersAndNodeArgs] Removing initializer '/features/denseblock4/denselayer11/norm1/BatchNormalization_output_0bias_zero_point'. It is no longer used by any node.
2026-09-07 22:07:42.6193507 [I:onnxruntime:, graph.cc:4888 onnxruntime::Graph::CleanUnusedInitializersAndNodeArgs] Removing initializer 'onnx::Conv_1173_zero_point'. It is no longer used by any node.
2026-09-07 22:07:42.6196166 [I:onnxruntime:, graph.cc:4888 onnxruntime::Graph::CleanUnusedInitializersAndNodeArgs] Removing initializer '/features/denseblock3/denselayer21/norm1/BatchNormalization_output_0bias_zero_point'. It is no longer used by any node.
2026-09-07 22:07:42.6199319 [I:onnxruntime:, graph.cc:4888 onnxruntime::Graph::CleanUnusedInitializersAndNodeArgs] Removing initializer '/features/denseblock4/denselayer11/norm1/BatchNormalization_output_0bias_quantized'. It is no longer used by any node.
2026-09-07 22:07:42.6202305 [I:onnxruntime:, graph.cc:4888 onnxruntime::Graph::CleanUnusedInitializersAndNodeArgs] Removing initializer 'onnx::Conv_1173_quantized'. It is no longer used by any node.
2026-09-07 22:07:42.6205367 [I:onnxruntime:, graph.cc:4888 onnxruntime::Graph::CleanUnusedInitializersAndNodeArgs] Removing initializer '/features/denseblock3/denselayer21/norm1/BatchNormalization_output_0bias_quantized'. It is no longer used by any node.
2026-09-07 22:07:42.6208538 [I:onnxruntime:, graph.cc:4888 onnxruntime::Graph::CleanUnusedInitializersAndNodeArgs] Removing initializer '/features/denseblock1/denselayer6/norm1/act/Relu_output_0_zero_point'. It is no longer used by any node.
2026-09-07 22:07:42.6212109 [I:onnxruntime:, graph.cc:4888 onnxruntime::Graph::CleanUnusedInitializersAndNodeArgs] Removing initializer 'features.denseblock4.denselayer15.conv2.weight_zero_point'. It is no longer used by any node.
2026-09-07 22:07:42.6214943 [I:onnxruntime:, graph.cc:4888 onnxruntime::Graph::CleanUnusedInitializersAndNodeArgs] Removing initializer '/features/denseblock1/denselayer4/norm2/act/Relu_output_0_zero_point'. It is no longer used by any node.
2026-09-07 22:07:42.6225533 [I:onnxruntime:, graph.cc:4888 onnxruntime::Graph::CleanUnusedInitializersAndNodeArgs] Removing initializer '/features/denseblock2/denselayer7/norm1/act/Relu_output_0_zero_point'. It is no longer used by any node.
2026-09-07 22:07:42.6228663 [I:onnxruntime:, graph.cc:4888 onnxruntime::Graph::CleanUnusedInitializersAndNodeArgs] Removing initializer 'features.denseblock4.denselayer15.conv2.weight_scale'. It is no longer used by any node.
2026-09-07 22:07:42.6232356 [I:onnxruntime:, graph.cc:4888 onnxruntime::Graph::CleanUnusedInitializersAndNodeArgs] Removing initializer 'onnx::Conv_1175_zero_point'. It is no longer used by any node.
2026-09-07 22:07:42.6235697 [I:onnxruntime:, graph.cc:4888 onnxruntime::Graph::CleanUnusedInitializersAndNodeArgs] Removing initializer '/features/denseblock1/denselayer4/conv2/Conv_output_0_zero_point'. It is no longer used by any node.
2026-09-07 22:07:42.6239206 [I:onnxruntime:, graph.cc:4888 onnxruntime::Graph::CleanUnusedInitializersAndNodeArgs] Removing initializer '/features/denseblock4/denselayer9/norm1/BatchNormalization_output_0weights_quantized'. It is no longer used by any node.
2026-09-07 22:07:42.6242752 [I:onnxruntime:, graph.cc:4888 onnxruntime::Graph::CleanUnusedInitializersAndNodeArgs] Removing initializer '/features/denseblock2/denselayer11/norm1/act/Relu_output_0_zero_point'. It is no longer used by any node.
2026-09-07 22:07:42.6246906 [I:onnxruntime:, graph.cc:4888 onnxruntime::Graph::CleanUnusedInitializersAndNodeArgs] Removing initializer '/features/denseblock3/denselayer11/norm1/BatchNormalization_output_0weights_quantized'. It is no longer used by any node.
2026-09-07 22:07:42.6250435 [I:onnxruntime:, graph.cc:4888 onnxruntime::Graph::CleanUnusedInitializersAndNodeArgs] Removing initializer 'features.denseblock1.denselayer4.conv2.weight_zero_point'. It is no longer used by any node.
2026-09-07 22:07:42.6253479 [I:onnxruntime:, graph.cc:4888 onnxruntime::Graph::CleanUnusedInitializersAndNodeArgs] Removing initializer 'features.denseblock1.denselayer4.conv2.weight_quantized'. It is no longer used by any node.
2026-09-07 22:07:42.6256601 [I:onnxruntime:, graph.cc:4888 onnxruntime::Graph::CleanUnusedInitializersAndNodeArgs] Removing initializer '/features/denseblock1/denselayer5/Concat_output_0_zero_point'. It is no longer used by any node.
2026-09-07 22:07:42.6260037 [I:onnxruntime:, graph.cc:4888 onnxruntime::Graph::CleanUnusedInitializersAndNodeArgs] Removing initializer 'onnx::Conv_1200_zero_point'. It is no longer used by any node.
2026-09-07 22:07:42.6263610 [I:onnxruntime:, graph.cc:4888 onnxruntime::Graph::CleanUnusedInitializersAndNodeArgs] Removing initializer '/features/denseblock3/denselayer17/norm1/BatchNormalization_output_0weights_zero_point'. It is no longer used by any node.
2026-09-07 22:07:42.6268824 [I:onnxruntime:, graph.cc:4888 onnxruntime::Graph::CleanUnusedInitializersAndNodeArgs] Removing initializer 'onnx::Conv_1280_quantized'. It is no longer used by any node.
2026-09-07 22:07:42.6272069 [I:onnxruntime:, graph.cc:4888 onnxruntime::Graph::CleanUnusedInitializersAndNodeArgs] Removing initializer '/features/denseblock3/denselayer3/norm1/act/Relu_output_0_zero_point'. It is no longer used by any node.
2026-09-07 22:07:42.6275682 [I:onnxruntime:, graph.cc:4888 onnxruntime::Graph::CleanUnusedInitializersAndNodeArgs] Removing initializer '/features/denseblock2/denselayer12/norm1/BatchNormalization_output_0bias_quantized'. It is no longer used by any node.
2026-09-07 22:07:42.6279900 [I:onnxruntime:, graph.cc:4888 onnxruntime::Graph::CleanUnusedInitializersAndNodeArgs] Removing initializer '/features/denseblock3/denselayer15/norm1/BatchNormalization_output_0bias_zero_point'. It is no longer used by any node.
2026-09-07 22:07:42.6283744 [I:onnxruntime:, graph.cc:4888 onnxruntime::Graph::CleanUnusedInitializersAndNodeArgs] Removing initializer '/features/denseblock3/denselayer18/norm1/act/Relu_output_0_zero_point'. It is no longer used by any node.
2026-09-07 22:07:42.6287428 [I:onnxruntime:, graph.cc:4888 onnxruntime::Graph::CleanUnusedInitializersAndNodeArgs] Removing initializer '/features/denseblock2/denselayer6/norm1/BatchNormalization_output_0weights_zero_point'. It is no longer used by any node.
2026-09-07 22:07:42.6291600 [I:onnxruntime:, graph.cc:4888 onnxruntime::Graph::CleanUnusedInitializersAndNodeArgs] Removing initializer '/features/denseblock1/denselayer5/norm1/BatchNormalization_output_0bias_zero_point'. It is no longer used by any node.
2026-09-07 22:07:42.6296267 [I:onnxruntime:, graph.cc:4888 onnxruntime::Graph::CleanUnusedInitializersAndNodeArgs] Removing initializer 'onnx::Conv_1274_zero_point'. It is no longer used by any node.
2026-09-07 22:07:42.6300059 [I:onnxruntime:, graph.cc:4888 onnxruntime::Graph::CleanUnusedInitializersAndNodeArgs] Removing initializer 'features.denseblock2.denselayer3.conv2.weight_quantized'. It is no longer used by any node.
2026-09-07 22:07:42.6303414 [I:onnxruntime:, graph.cc:4888 onnxruntime::Graph::CleanUnusedInitializersAndNodeArgs] Removing initializer '/features/denseblock2/denselayer6/norm1/BatchNormalization_output_0weights_quantized'. It is no longer used by any node.
2026-09-07 22:07:42.6307648 [I:onnxruntime:, graph.cc:4888 onnxruntime::Graph::CleanUnusedInitializersAndNodeArgs] Removing initializer '/features/denseblock1/denselayer5/norm1/BatchNormalization_output_0bias_quantized'. It is no longer used by any node.
2026-09-07 22:07:42.6312206 [I:onnxruntime:, graph.cc:4888 onnxruntime::Graph::CleanUnusedInitializersAndNodeArgs] Removing initializer 'onnx::Conv_1274_quantized'. It is no longer used by any node.
2026-09-07 22:07:42.6315356 [I:onnxruntime:, graph.cc:4888 onnxruntime::Graph::CleanUnusedInitializersAndNodeArgs] Removing initializer '/features/denseblock4/denselayer2/norm1/BatchNormalization_output_0weights_zero_point'. It is no longer used by any node.
2026-09-07 22:07:42.6319305 [I:onnxruntime:, graph.cc:4888 onnxruntime::Graph::CleanUnusedInitializersAndNodeArgs] Removing initializer '/features/denseblock3/denselayer1/norm1/BatchNormalization_output_0weights_zero_point'. It is no longer used by any node.
2026-09-07 22:07:42.6323755 [I:onnxruntime:, graph.cc:4888 onnxruntime::Graph::CleanUnusedInitializersAndNodeArgs] Removing initializer '/features/denseblock1/denselayer5/norm1/act/Relu_output_0_zero_point'. It is no longer used by any node.
2026-09-07 22:07:42.6327572 [I:onnxruntime:, graph.cc:4888 onnxruntime::Graph::CleanUnusedInitializersAndNodeArgs] Removing initializer '/features/transition1/norm/BatchNormalization_output_0weights_quantized'. It is no longer used by any node.
2026-09-07 22:07:42.6331557 [I:onnxruntime:, graph.cc:4888 onnxruntime::Graph::CleanUnusedInitializersAndNodeArgs] Removing initializer 'onnx::Conv_1289_zero_point'. It is no longer used by any node.
2026-09-07 22:07:42.6335343 [I:onnxruntime:, graph.cc:4888 onnxruntime::Graph::CleanUnusedInitializersAndNodeArgs] Removing initializer 'onnx::Conv_1175_quantized'. It is no longer used by any node.
2026-09-07 22:07:42.6338689 [I:onnxruntime:, graph.cc:4888 onnxruntime::Graph::CleanUnusedInitializersAndNodeArgs] Removing initializer '/features/denseblock4/denselayer15/norm1/BatchNormalization_output_0bias_quantized'. It is no longer used by any node.
2026-09-07 22:07:42.6342426 [I:onnxruntime:, graph.cc:4888 onnxruntime::Graph::CleanUnusedInitializersAndNodeArgs] Removing initializer 'onnx::Conv_1176_zero_point'. It is no longer used by any node.
2026-09-07 22:07:42.6345270 [I:onnxruntime:, graph.cc:4888 onnxruntime::Graph::CleanUnusedInitializersAndNodeArgs] Removing initializer 'onnx::Conv_1176_quantized'. It is no longer used by any node.
2026-09-07 22:07:42.6347594 [I:onnxruntime:, graph.cc:4888 onnxruntime::Graph::CleanUnusedInitializersAndNodeArgs] Removing initializer '/features/denseblock1/denselayer5/norm2/act/Relu_output_0_zero_point'. It is no longer used by any node.
2026-09-07 22:07:42.6350315 [I:onnxruntime:, graph.cc:4888 onnxruntime::Graph::CleanUnusedInitializersAndNodeArgs] Removing initializer 'onnx::Conv_1242_zero_point'. It is no longer used by any node.
2026-09-07 22:07:42.6352749 [I:onnxruntime:, graph.cc:4888 onnxruntime::Graph::CleanUnusedInitializersAndNodeArgs] Removing initializer '/features/denseblock1/denselayer5/conv2/Conv_output_0_zero_point'. It is no longer used by any node.
2026-09-07 22:07:42.6355819 [I:onnxruntime:, graph.cc:4888 onnxruntime::Graph::CleanUnusedInitializersAndNodeArgs] Removing initializer 'onnx::Conv_1191_zero_point'. It is no longer used by any node.
2026-09-07 22:07:42.6358819 [I:onnxruntime:, graph.cc:4888 onnxruntime::Graph::CleanUnusedInitializersAndNodeArgs] Removing initializer 'features.denseblock4.denselayer14.conv2.weight_zero_point'. It is no longer used by any node.
2026-09-07 22:07:42.6361908 [I:onnxruntime:, graph.cc:4888 onnxruntime::Graph::CleanUnusedInitializersAndNodeArgs] Removing initializer '/features/norm5/BatchNormalization_output_0weights_zero_point'. It is no longer used by any node.
2026-09-07 22:07:42.6364922 [I:onnxruntime:, graph.cc:4888 onnxruntime::Graph::CleanUnusedInitializersAndNodeArgs] Removing initializer 'features.denseblock1.denselayer5.conv2.weight_zero_point'. It is no longer used by any node.
2026-09-07 22:07:42.6367812 [I:onnxruntime:, graph.cc:4888 onnxruntime::Graph::CleanUnusedInitializersAndNodeArgs] Removing initializer 'features.denseblock1.denselayer5.conv2.weight_quantized'. It is no longer used by any node.
2026-09-07 22:07:42.6370679 [I:onnxruntime:, graph.cc:4888 onnxruntime::Graph::CleanUnusedInitializersAndNodeArgs] Removing initializer '/features/denseblock1/denselayer6/Concat_output_0_zero_point'. It is no longer used by any node.
2026-09-07 22:07:42.6373542 [I:onnxruntime:, graph.cc:4888 onnxruntime::Graph::CleanUnusedInitializersAndNodeArgs] Removing initializer '/features/denseblock2/denselayer7/Concat_output_0_zero_point'. It is no longer used by any node.
2026-09-07 22:07:42.6377378 [I:onnxruntime:, graph.cc:4888 onnxruntime::Graph::CleanUnusedInitializersAndNodeArgs] Removing initializer '/features/denseblock2/denselayer8/conv2/Conv_output_0_zero_point'. It is no longer used by any node.
2026-09-07 22:07:42.6383792 [I:onnxruntime:, graph.cc:4888 onnxruntime::Graph::CleanUnusedInitializersAndNodeArgs] Removing initializer '/features/denseblock1/denselayer6/norm1/BatchNormalization_output_0weights_zero_point'. It is no longer used by any node.
2026-09-07 22:07:42.6388064 [I:onnxruntime:, graph.cc:4888 onnxruntime::Graph::CleanUnusedInitializersAndNodeArgs] Removing initializer '/features/denseblock1/denselayer6/norm1/BatchNormalization_output_0weights_quantized'. It is no longer used by any node.
2026-09-07 22:07:42.6391645 [I:onnxruntime:, graph.cc:4888 onnxruntime::Graph::CleanUnusedInitializersAndNodeArgs] Removing initializer '/features/denseblock1/denselayer6/norm1/BatchNormalization_output_0bias_zero_point'. It is no longer used by any node.
2026-09-07 22:07:42.6394651 [I:onnxruntime:, graph.cc:4888 onnxruntime::Graph::CleanUnusedInitializersAndNodeArgs] Removing initializer '/features/denseblock1/denselayer6/norm1/BatchNormalization_output_0bias_quantized'. It is no longer used by any node.
2026-09-07 22:07:42.6397561 [I:onnxruntime:, graph.cc:4888 onnxruntime::Graph::CleanUnusedInitializersAndNodeArgs] Removing initializer 'onnx::Conv_1265_quantized'. It is no longer used by any node.
2026-09-07 22:07:42.6400164 [I:onnxruntime:, graph.cc:4888 onnxruntime::Graph::CleanUnusedInitializersAndNodeArgs] Removing initializer 'onnx::Conv_1178_zero_point'. It is no longer used by any node.
2026-09-07 22:07:42.6403040 [I:onnxruntime:, graph.cc:4888 onnxruntime::Graph::CleanUnusedInitializersAndNodeArgs] Removing initializer 'features.denseblock2.denselayer8.conv2.weight_zero_point'. It is no longer used by any node.
2026-09-07 22:07:42.6406374 [I:onnxruntime:, graph.cc:4888 onnxruntime::Graph::CleanUnusedInitializersAndNodeArgs] Removing initializer '/features/denseblock4/denselayer3/norm1/BatchNormalization_output_0bias_zero_point'. It is no longer used by any node.
2026-09-07 22:07:42.6409628 [I:onnxruntime:, graph.cc:4888 onnxruntime::Graph::CleanUnusedInitializersAndNodeArgs] Removing initializer 'onnx::Conv_1178_quantized'. It is no longer used by any node.
2026-09-07 22:07:42.6412280 [I:onnxruntime:, graph.cc:4888 onnxruntime::Graph::CleanUnusedInitializersAndNodeArgs] Removing initializer 'onnx::Conv_1179_zero_point'. It is no longer used by any node.
2026-09-07 22:07:42.6414946 [I:onnxruntime:, graph.cc:4888 onnxruntime::Graph::CleanUnusedInitializersAndNodeArgs] Removing initializer 'onnx::Conv_1179_quantized'. It is no longer used by any node.
2026-09-07 22:07:42.6417553 [I:onnxruntime:, graph.cc:4888 onnxruntime::Graph::CleanUnusedInitializersAndNodeArgs] Removing initializer 'onnx::Conv_1217_quantized'. It is no longer used by any node.
2026-09-07 22:07:42.6420521 [I:onnxruntime:, graph.cc:4888 onnxruntime::Graph::CleanUnusedInitializersAndNodeArgs] Removing initializer '/features/denseblock1/denselayer6/norm2/act/Relu_output_0_zero_point'. It is no longer used by any node.
2026-09-07 22:07:42.6424835 [I:onnxruntime:, graph.cc:4888 onnxruntime::Graph::CleanUnusedInitializersAndNodeArgs] Removing initializer '/features/denseblock1/denselayer6/conv2/Conv_output_0_zero_point'. It is no longer used by any node.
2026-09-07 22:07:42.6428423 [I:onnxruntime:, graph.cc:4888 onnxruntime::Graph::CleanUnusedInitializersAndNodeArgs] Removing initializer '/features/denseblock2/denselayer5/norm2/act/Relu_output_0_zero_point'. It is no longer used by any node.
2026-09-07 22:07:42.6432339 [I:onnxruntime:, graph.cc:4888 onnxruntime::Graph::CleanUnusedInitializersAndNodeArgs] Removing initializer 'features.denseblock1.denselayer6.conv2.weight_zero_point'. It is no longer used by any node.
2026-09-07 22:07:42.6435754 [I:onnxruntime:, graph.cc:4888 onnxruntime::Graph::CleanUnusedInitializersAndNodeArgs] Removing initializer 'onnx::Conv_1223_zero_point'. It is no longer used by any node.
2026-09-07 22:07:42.6438443 [I:onnxruntime:, graph.cc:4888 onnxruntime::Graph::CleanUnusedInitializersAndNodeArgs] Removing initializer '/features/transition2/norm/act/Relu_output_0_zero_point'. It is no longer used by any node.
2026-09-07 22:07:42.6441092 [I:onnxruntime:, graph.cc:4888 onnxruntime::Graph::CleanUnusedInitializersAndNodeArgs] Removing initializer '/features/denseblock1/Concat_output_0_zero_point'. It is no longer used by any node.
2026-09-07 22:07:42.6444427 [I:onnxruntime:, graph.cc:4888 onnxruntime::Graph::CleanUnusedInitializersAndNodeArgs] Removing initializer 'onnx::Conv_1236_quantized'. It is no longer used by any node.
2026-09-07 22:07:42.6449928 [I:onnxruntime:, graph.cc:4888 onnxruntime::Graph::CleanUnusedInitializersAndNodeArgs] Removing initializer '/features/denseblock4/denselayer6/norm2/act/Relu_output_0_zero_point'. It is no longer used by any node.
2026-09-07 22:07:42.6454169 [I:onnxruntime:, graph.cc:4888 onnxruntime::Graph::CleanUnusedInitializersAndNodeArgs] Removing initializer '/features/denseblock3/denselayer5/norm2/act/Relu_output_0_zero_point'. It is no longer used by any node.
2026-09-07 22:07:42.6458535 [I:onnxruntime:, graph.cc:4888 onnxruntime::Graph::CleanUnusedInitializersAndNodeArgs] Removing initializer '/features/transition1/norm/BatchNormalization_output_0weights_zero_point'. It is no longer used by any node.
2026-09-07 22:07:42.6463413 [I:onnxruntime:, graph.cc:4888 onnxruntime::Graph::CleanUnusedInitializersAndNodeArgs] Removing initializer '/features/transition1/norm/BatchNormalization_output_0bias_zero_point'. It is no longer used by any node.
2026-09-07 22:07:42.6468015 [I:onnxruntime:, graph.cc:4888 onnxruntime::Graph::CleanUnusedInitializersAndNodeArgs] Removing initializer '/features/transition1/norm/BatchNormalization_output_0bias_quantized'. It is no longer used by any node.
2026-09-07 22:07:42.6471687 [I:onnxruntime:, graph.cc:4888 onnxruntime::Graph::CleanUnusedInitializersAndNodeArgs] Removing initializer '/features/transition1/norm/act/Relu_output_0_zero_point'. It is no longer used by any node.
2026-09-07 22:07:42.6476990 [I:onnxruntime:, graph.cc:4888 onnxruntime::Graph::CleanUnusedInitializersAndNodeArgs] Removing initializer '/features/denseblock3/denselayer15/conv2/Conv_output_0_zero_point'. It is no longer used by any node.
2026-09-07 22:07:42.6480502 [I:onnxruntime:, graph.cc:4888 onnxruntime::Graph::CleanUnusedInitializersAndNodeArgs] Removing initializer '/features/denseblock4/denselayer6/norm1/BatchNormalization_output_0bias_quantized'. It is no longer used by any node.
2026-09-07 22:07:42.6485337 [I:onnxruntime:, graph.cc:4888 onnxruntime::Graph::CleanUnusedInitializersAndNodeArgs] Removing initializer '/features/denseblock2/denselayer4/norm1/BatchNormalization_output_0weights_quantized'. It is no longer used by any node.
2026-09-07 22:07:42.6514012 [I:onnxruntime:, graph.cc:4888 onnxruntime::Graph::CleanUnusedInitializersAndNodeArgs] Removing initializer '/features/denseblock3/denselayer5/norm1/BatchNormalization_output_0bias_quantized'. It is no longer used by any node.
2026-09-07 22:07:42.6518111 [I:onnxruntime:, graph.cc:4888 onnxruntime::Graph::CleanUnusedInitializersAndNodeArgs] Removing initializer '/features/denseblock4/denselayer15/Concat_output_0_zero_point'. It is no longer used by any node.
2026-09-07 22:07:42.6521380 [I:onnxruntime:, graph.cc:4888 onnxruntime::Graph::CleanUnusedInitializersAndNodeArgs] Removing initializer '/features/transition1/conv/Conv_output_0_zero_point'. It is no longer used by any node.
2026-09-07 22:07:42.6524595 [I:onnxruntime:, graph.cc:4888 onnxruntime::Graph::CleanUnusedInitializersAndNodeArgs] Removing initializer '/features/denseblock4/denselayer5/norm1/act/Relu_output_0_zero_point'. It is no longer used by any node.
2026-09-07 22:07:42.6534851 [I:onnxruntime:, graph.cc:4888 onnxruntime::Graph::CleanUnusedInitializersAndNodeArgs] Removing initializer '/features/denseblock3/denselayer6/norm1/act/Relu_output_0_zero_point'. It is no longer used by any node.
2026-09-07 22:07:42.6538122 [I:onnxruntime:, graph.cc:4888 onnxruntime::Graph::CleanUnusedInitializersAndNodeArgs] Removing initializer 'features.transition1.conv.weight_zero_point'. It is no longer used by any node.
2026-09-07 22:07:42.6541300 [I:onnxruntime:, graph.cc:4888 onnxruntime::Graph::CleanUnusedInitializersAndNodeArgs] Removing initializer 'onnx::Conv_1307_zero_point'. It is no longer used by any node.
2026-09-07 22:07:42.6544522 [I:onnxruntime:, graph.cc:4888 onnxruntime::Graph::CleanUnusedInitializersAndNodeArgs] Removing initializer '/features/denseblock4/denselayer6/norm1/act/Relu_output_0_zero_point'. It is no longer used by any node.
2026-09-07 22:07:42.6548578 [I:onnxruntime:, graph.cc:4888 onnxruntime::Graph::CleanUnusedInitializersAndNodeArgs] Removing initializer 'features.transition1.conv.weight_quantized'. It is no longer used by any node.
2026-09-07 22:07:42.6551377 [I:onnxruntime:, graph.cc:4888 onnxruntime::Graph::CleanUnusedInitializersAndNodeArgs] Removing initializer '/features/denseblock3/denselayer5/norm1/act/Relu_output_0_zero_point'. It is no longer used by any node.
2026-09-07 22:07:42.6554897 [I:onnxruntime:, graph.cc:4888 onnxruntime::Graph::CleanUnusedInitializersAndNodeArgs] Removing initializer '/features/denseblock2/denselayer6/Concat_output_0_zero_point'. It is no longer used by any node.
2026-09-07 22:07:42.6557931 [I:onnxruntime:, graph.cc:4888 onnxruntime::Graph::CleanUnusedInitializersAndNodeArgs] Removing initializer '/features/denseblock2/denselayer1/norm1/BatchNormalization_output_0weights_zero_point'. It is no longer used by any node.
2026-09-07 22:07:42.6561418 [I:onnxruntime:, graph.cc:4888 onnxruntime::Graph::CleanUnusedInitializersAndNodeArgs] Removing initializer '/features/denseblock2/denselayer1/norm1/BatchNormalization_output_0weights_quantized'. It is no longer used by any node.
2026-09-07 22:07:42.6565071 [I:onnxruntime:, graph.cc:4888 onnxruntime::Graph::CleanUnusedInitializersAndNodeArgs] Removing initializer '/features/denseblock2/denselayer11/norm1/BatchNormalization_output_0bias_zero_point'. It is no longer used by any node.
2026-09-07 22:07:42.6568346 [I:onnxruntime:, graph.cc:4888 onnxruntime::Graph::CleanUnusedInitializersAndNodeArgs] Removing initializer '/features/denseblock2/denselayer1/norm1/act/Relu_output_0_zero_point'. It is no longer used by any node.
2026-09-07 22:07:42.6571156 [I:onnxruntime:, graph.cc:4888 onnxruntime::Graph::CleanUnusedInitializersAndNodeArgs] Removing initializer '/features/denseblock2/denselayer3/norm1/BatchNormalization_output_0weights_quantized'. It is no longer used by any node.
2026-09-07 22:07:42.6574383 [I:onnxruntime:, graph.cc:4888 onnxruntime::Graph::CleanUnusedInitializersAndNodeArgs] Removing initializer 'onnx::Conv_1197_quantized'. It is no longer used by any node.
2026-09-07 22:07:42.6577067 [I:onnxruntime:, graph.cc:4888 onnxruntime::Graph::CleanUnusedInitializersAndNodeArgs] Removing initializer '/features/denseblock3/denselayer2/norm1/BatchNormalization_output_0weights_zero_point'. It is no longer used by any node.
2026-09-07 22:07:42.6580059 [I:onnxruntime:, graph.cc:4888 onnxruntime::Graph::CleanUnusedInitializersAndNodeArgs] Removing initializer '/features/denseblock3/denselayer19/norm1/BatchNormalization_output_0weights_zero_point'. It is no longer used by any node.
2026-09-07 22:07:42.6583376 [I:onnxruntime:, graph.cc:4888 onnxruntime::Graph::CleanUnusedInitializersAndNodeArgs] Removing initializer '/features/denseblock4/denselayer1/norm1/BatchNormalization_output_0weights_zero_point'. It is no longer used by any node.
2026-09-07 22:07:42.6586683 [I:onnxruntime:, graph.cc:4888 onnxruntime::Graph::CleanUnusedInitializersAndNodeArgs] Removing initializer 'features.denseblock3.denselayer18.conv2.weight_zero_point'. It is no longer used by any node.
2026-09-07 22:07:42.6589687 [I:onnxruntime:, graph.cc:4888 onnxruntime::Graph::CleanUnusedInitializersAndNodeArgs] Removing initializer 'onnx::Conv_1181_zero_point'. It is no longer used by any node.
2026-09-07 22:07:42.6592515 [I:onnxruntime:, graph.cc:4888 onnxruntime::Graph::CleanUnusedInitializersAndNodeArgs] Removing initializer '/features/denseblock3/denselayer2/norm1/BatchNormalization_output_0weights_quantized'. It is no longer used by any node.
2026-09-07 22:07:42.6595750 [I:onnxruntime:, graph.cc:4888 onnxruntime::Graph::CleanUnusedInitializersAndNodeArgs] Removing initializer '/features/denseblock3/denselayer19/norm1/BatchNormalization_output_0weights_quantized'. It is no longer used by any node.
2026-09-07 22:07:42.6598980 [I:onnxruntime:, graph.cc:4888 onnxruntime::Graph::CleanUnusedInitializersAndNodeArgs] Removing initializer '/features/denseblock4/denselayer1/norm1/BatchNormalization_output_0weights_quantized'. It is no longer used by any node.
2026-09-07 22:07:42.6602261 [I:onnxruntime:, graph.cc:4888 onnxruntime::Graph::CleanUnusedInitializersAndNodeArgs] Removing initializer 'features.denseblock3.denselayer18.conv2.weight_quantized'. It is no longer used by any node.
2026-09-07 22:07:42.6605246 [I:onnxruntime:, graph.cc:4888 onnxruntime::Graph::CleanUnusedInitializersAndNodeArgs] Removing initializer 'onnx::Conv_1181_quantized'. It is no longer used by any node.
2026-09-07 22:07:42.6607182 [I:onnxruntime:, graph.cc:4888 onnxruntime::Graph::CleanUnusedInitializersAndNodeArgs] Removing initializer '/features/denseblock2/denselayer9/norm1/BatchNormalization_output_0weights_quantized'. It is no longer used by any node.
2026-09-07 22:07:42.6610215 [I:onnxruntime:, graph.cc:4888 onnxruntime::Graph::CleanUnusedInitializersAndNodeArgs] Removing initializer 'onnx::Conv_1271_zero_point'. It is no longer used by any node.
2026-09-07 22:07:42.6612934 [I:onnxruntime:, graph.cc:4888 onnxruntime::Graph::CleanUnusedInitializersAndNodeArgs] Removing initializer 'onnx::Conv_1244_quantized'. It is no longer used by any node.
2026-09-07 22:07:42.6615535 [I:onnxruntime:, graph.cc:4888 onnxruntime::Graph::CleanUnusedInitializersAndNodeArgs] Removing initializer 'onnx::Conv_1182_zero_point'. It is no longer used by any node.
2026-09-07 22:07:42.6618075 [I:onnxruntime:, graph.cc:4888 onnxruntime::Graph::CleanUnusedInitializersAndNodeArgs] Removing initializer 'onnx::Conv_1182_quantized'. It is no longer used by any node.
2026-09-07 22:07:42.6621138 [I:onnxruntime:, graph.cc:4888 onnxruntime::Graph::CleanUnusedInitializersAndNodeArgs] Removing initializer '/features/denseblock4/denselayer7/norm1/BatchNormalization_output_0weights_quantized'. It is no longer used by any node.
2026-09-07 22:07:42.6625006 [I:onnxruntime:, graph.cc:4888 onnxruntime::Graph::CleanUnusedInitializersAndNodeArgs] Removing initializer '/features/denseblock2/denselayer1/norm2/act/Relu_output_0_zero_point'. It is no longer used by any node.
2026-09-07 22:07:42.6628623 [I:onnxruntime:, graph.cc:4888 onnxruntime::Graph::CleanUnusedInitializersAndNodeArgs] Removing initializer '/features/denseblock3/denselayer4/norm1/BatchNormalization_output_0weights_quantized'. It is no longer used by any node.
2026-09-07 22:07:42.6632531 [I:onnxruntime:, graph.cc:4888 onnxruntime::Graph::CleanUnusedInitializersAndNodeArgs] Removing initializer '/features/denseblock2/denselayer1/conv2/Conv_output_0_zero_point'. It is no longer used by any node.
2026-09-07 22:07:42.6636051 [I:onnxruntime:, graph.cc:4888 onnxruntime::Graph::CleanUnusedInitializersAndNodeArgs] Removing initializer '/features/denseblock2/denselayer4/conv2/Conv_output_0_zero_point'. It is no longer used by any node.
2026-09-07 22:07:42.6638896 [I:onnxruntime:, graph.cc:4888 onnxruntime::Graph::CleanUnusedInitializersAndNodeArgs] Removing initializer '/features/denseblock4/denselayer10/Concat_output_0_zero_point'. It is no longer used by any node.
2026-09-07 22:07:42.6641927 [I:onnxruntime:, graph.cc:4888 onnxruntime::Graph::CleanUnusedInitializersAndNodeArgs] Removing initializer '/features/denseblock4/denselayer3/norm1/BatchNormalization_output_0weights_quantized'. It is no longer used by any node.
2026-09-07 22:07:42.6645060 [I:onnxruntime:, graph.cc:4888 onnxruntime::Graph::CleanUnusedInitializersAndNodeArgs] Removing initializer 'onnx::Conv_1239_quantized'. It is no longer used by any node.
2026-09-07 22:07:42.6647143 [I:onnxruntime:, graph.cc:4888 onnxruntime::Graph::CleanUnusedInitializersAndNodeArgs] Removing initializer '/features/denseblock3/denselayer20/Concat_output_0_zero_point'. It is no longer used by any node.
2026-09-07 22:07:42.6650393 [I:onnxruntime:, graph.cc:4888 onnxruntime::Graph::CleanUnusedInitializersAndNodeArgs] Removing initializer 'onnx::Conv_1200_quantized'. It is no longer used by any node.
2026-09-07 22:07:42.6653521 [I:onnxruntime:, graph.cc:4888 onnxruntime::Graph::CleanUnusedInitializersAndNodeArgs] Removing initializer '/features/denseblock3/denselayer17/norm1/BatchNormalization_output_0weights_quantized'. It is no longer used by any node.
2026-09-07 22:07:42.6656995 [I:onnxruntime:, graph.cc:4888 onnxruntime::Graph::CleanUnusedInitializersAndNodeArgs] Removing initializer 'features.denseblock3.denselayer3.conv2.weight_zero_point'. It is no longer used by any node.
2026-09-07 22:07:42.6660576 [I:onnxruntime:, graph.cc:4888 onnxruntime::Graph::CleanUnusedInitializersAndNodeArgs] Removing initializer 'features.denseblock2.denselayer7.conv2.weight_quantized'. It is no longer used by any node.
2026-09-07 22:07:42.6664250 [I:onnxruntime:, graph.cc:4888 onnxruntime::Graph::CleanUnusedInitializersAndNodeArgs] Removing initializer '/features/denseblock3/denselayer14/Concat_output_0_zero_point'. It is no longer used by any node.
2026-09-07 22:07:42.6667538 [I:onnxruntime:, graph.cc:4888 onnxruntime::Graph::CleanUnusedInitializersAndNodeArgs] Removing initializer 'onnx::Conv_1245_zero_point'. It is no longer used by any node.
2026-09-07 22:07:42.6670572 [I:onnxruntime:, graph.cc:4888 onnxruntime::Graph::CleanUnusedInitializersAndNodeArgs] Removing initializer 'features.denseblock2.denselayer1.conv2.weight_zero_point'. It is no longer used by any node.
2026-09-07 22:07:42.6674053 [I:onnxruntime:, graph.cc:4888 onnxruntime::Graph::CleanUnusedInitializersAndNodeArgs] Removing initializer 'onnx::Conv_1245_quantized'. It is no longer used by any node.
2026-09-07 22:07:42.6676596 [I:onnxruntime:, graph.cc:4888 onnxruntime::Graph::CleanUnusedInitializersAndNodeArgs] Removing initializer 'features.denseblock2.denselayer1.conv2.weight_quantized'. It is no longer used by any node.
2026-09-07 22:07:42.6679460 [I:onnxruntime:, graph.cc:4888 onnxruntime::Graph::CleanUnusedInitializersAndNodeArgs] Removing initializer '/features/transition3/norm/BatchNormalization_output_0weights_quantized'. It is no longer used by any node.
2026-09-07 22:07:42.6685502 [I:onnxruntime:, graph.cc:4888 onnxruntime::Graph::CleanUnusedInitializersAndNodeArgs] Removing initializer '/features/denseblock2/denselayer2/Concat_output_0_zero_point'. It is no longer used by any node.
2026-09-07 22:07:42.6688948 [I:onnxruntime:, graph.cc:4888 onnxruntime::Graph::CleanUnusedInitializersAndNodeArgs] Removing initializer 'features.denseblock3.denselayer8.conv2.weight_zero_point'. It is no longer used by any node.
2026-09-07 22:07:42.6693290 [I:onnxruntime:, graph.cc:4888 onnxruntime::Graph::CleanUnusedInitializersAndNodeArgs] Removing initializer 'onnx::Conv_1208_quantized'. It is no longer used by any node.
2026-09-07 22:07:42.6696429 [I:onnxruntime:, graph.cc:4888 onnxruntime::Graph::CleanUnusedInitializersAndNodeArgs] Removing initializer 'onnx::Conv_1323_zero_point'. It is no longer used by any node.
2026-09-07 22:07:42.6699640 [I:onnxruntime:, graph.cc:4888 onnxruntime::Graph::CleanUnusedInitializersAndNodeArgs] Removing initializer '/features/denseblock3/denselayer14/norm1/act/Relu_output_0_zero_point'. It is no longer used by any node.
2026-09-07 22:07:42.6703379 [I:onnxruntime:, graph.cc:4888 onnxruntime::Graph::CleanUnusedInitializersAndNodeArgs] Removing initializer 'onnx::Conv_1262_quantized'. It is no longer used by any node.
2026-09-07 22:07:42.6706330 [I:onnxruntime:, graph.cc:4888 onnxruntime::Graph::CleanUnusedInitializersAndNodeArgs] Removing initializer '/features/denseblock2/denselayer2/norm1/BatchNormalization_output_0weights_zero_point'. It is no longer used by any node.
2026-09-07 22:07:42.6710620 [I:onnxruntime:, graph.cc:4888 onnxruntime::Graph::CleanUnusedInitializersAndNodeArgs] Removing initializer '/features/denseblock2/denselayer2/norm1/BatchNormalization_output_0weights_quantized'. It is no longer used by any node.
2026-09-07 22:07:42.6714339 [I:onnxruntime:, graph.cc:4888 onnxruntime::Graph::CleanUnusedInitializersAndNodeArgs] Removing initializer '/features/denseblock2/denselayer2/norm1/BatchNormalization_output_0bias_zero_point'. It is no longer used by any node.
2026-09-07 22:07:42.6718052 [I:onnxruntime:, graph.cc:4888 onnxruntime::Graph::CleanUnusedInitializersAndNodeArgs] Removing initializer '/features/denseblock3/denselayer2/Concat_output_0_zero_point'. It is no longer used by any node.
2026-09-07 22:07:42.6721857 [I:onnxruntime:, graph.cc:4888 onnxruntime::Graph::CleanUnusedInitializersAndNodeArgs] Removing initializer '/features/transition2/norm/BatchNormalization_output_0bias_quantized'. It is no longer used by any node.
2026-09-07 22:07:42.6725127 [I:onnxruntime:, graph.cc:4888 onnxruntime::Graph::CleanUnusedInitializersAndNodeArgs] Removing initializer '/features/denseblock2/denselayer2/norm1/act/Relu_output_0_zero_point'. It is no longer used by any node.
2026-09-07 22:07:42.6727998 [I:onnxruntime:, graph.cc:4888 onnxruntime::Graph::CleanUnusedInitializersAndNodeArgs] Removing initializer '/features/denseblock3/denselayer19/Concat_output_0_zero_point'. It is no longer used by any node.
2026-09-07 22:07:42.6730745 [I:onnxruntime:, graph.cc:4888 onnxruntime::Graph::CleanUnusedInitializersAndNodeArgs] Removing initializer '/features/denseblock4/denselayer1/Concat_output_0_zero_point'. It is no longer used by any node.
2026-09-07 22:07:42.6734062 [I:onnxruntime:, graph.cc:4888 onnxruntime::Graph::CleanUnusedInitializersAndNodeArgs] Removing initializer '/features/denseblock2/denselayer9/norm2/act/Relu_output_0_zero_point'. It is no longer used by any node.
2026-09-07 22:07:42.6737594 [I:onnxruntime:, graph.cc:4888 onnxruntime::Graph::CleanUnusedInitializersAndNodeArgs] Removing initializer '/global_pool/pool/GlobalAveragePool_output_0_zero_point'. It is no longer used by any node.
2026-09-07 22:07:42.6757624 [I:onnxruntime:, graph.cc:4888 onnxruntime::Graph::CleanUnusedInitializersAndNodeArgs] Removing initializer 'onnx::Conv_1199_quantized'. It is no longer used by any node.
2026-09-07 22:07:42.6765428 [I:onnxruntime:, graph.cc:4888 onnxruntime::Graph::CleanUnusedInitializersAndNodeArgs] Removing initializer 'onnx::Conv_1184_zero_point'. It is no longer used by any node.
2026-09-07 22:07:42.6768288 [I:onnxruntime:, graph.cc:4888 onnxruntime::Graph::CleanUnusedInitializersAndNodeArgs] Removing initializer 'onnx::Conv_1185_zero_point'. It is no longer used by any node.
2026-09-07 22:07:42.6770950 [I:onnxruntime:, graph.cc:4888 onnxruntime::Graph::CleanUnusedInitializersAndNodeArgs] Removing initializer 'onnx::Conv_1185_quantized'. It is no longer used by any node.
2026-09-07 22:07:42.6773598 [I:onnxruntime:, graph.cc:4888 onnxruntime::Graph::CleanUnusedInitializersAndNodeArgs] Removing initializer '/features/denseblock3/denselayer8/Concat_output_0_zero_point'. It is no longer used by any node.
2026-09-07 22:07:42.6778804 [I:onnxruntime:, graph.cc:4888 onnxruntime::Graph::CleanUnusedInitializersAndNodeArgs] Removing initializer '/features/denseblock3/denselayer13/Concat_output_0_zero_point'. It is no longer used by any node.
2026-09-07 22:07:42.6782221 [I:onnxruntime:, graph.cc:4888 onnxruntime::Graph::CleanUnusedInitializersAndNodeArgs] Removing initializer '/features/denseblock4/denselayer14/conv2/Conv_output_0_zero_point'. It is no longer used by any node.
2026-09-07 22:07:42.6785640 [I:onnxruntime:, graph.cc:4888 onnxruntime::Graph::CleanUnusedInitializersAndNodeArgs] Removing initializer '/features/denseblock3/denselayer24/conv2/Conv_output_0_zero_point'. It is no longer used by any node.
2026-09-07 22:07:42.6789211 [I:onnxruntime:, graph.cc:4888 onnxruntime::Graph::CleanUnusedInitializersAndNodeArgs] Removing initializer '/features/denseblock2/denselayer9/norm1/act/Relu_output_0_zero_point'. It is no longer used by any node.
2026-09-07 22:07:42.6792370 [I:onnxruntime:, graph.cc:4888 onnxruntime::Graph::CleanUnusedInitializersAndNodeArgs] Removing initializer '/features/denseblock2/denselayer2/norm2/act/Relu_output_0_zero_point'. It is no longer used by any node.
2026-09-07 22:07:42.6795471 [I:onnxruntime:, graph.cc:4888 onnxruntime::Graph::CleanUnusedInitializersAndNodeArgs] Removing initializer '/features/denseblock2/denselayer2/conv2/Conv_output_0_zero_point'. It is no longer used by any node.
2026-09-07 22:07:42.6799096 [I:onnxruntime:, graph.cc:4888 onnxruntime::Graph::CleanUnusedInitializersAndNodeArgs] Removing initializer 'features.denseblock4.denselayer11.conv2.weight_quantized'. It is no longer used by any node.
2026-09-07 22:07:42.6802604 [I:onnxruntime:, graph.cc:4888 onnxruntime::Graph::CleanUnusedInitializersAndNodeArgs] Removing initializer '/features/denseblock2/denselayer12/norm2/act/Relu_output_0_zero_point'. It is no longer used by any node.
2026-09-07 22:07:42.6806717 [I:onnxruntime:, graph.cc:4888 onnxruntime::Graph::CleanUnusedInitializersAndNodeArgs] Removing initializer '/features/denseblock2/denselayer7/norm1/BatchNormalization_output_0weights_quantized'. It is no longer used by any node.
2026-09-07 22:07:42.6810484 [I:onnxruntime:, graph.cc:4888 onnxruntime::Graph::CleanUnusedInitializersAndNodeArgs] Removing initializer 'features.denseblock3.denselayer11.conv2.weight_quantized'. It is no longer used by any node.
2026-09-07 22:07:42.6813980 [I:onnxruntime:, graph.cc:4888 onnxruntime::Graph::CleanUnusedInitializersAndNodeArgs] Removing initializer 'onnx::Conv_1197_zero_point'. It is no longer used by any node.
2026-09-07 22:07:42.6816818 [I:onnxruntime:, graph.cc:4888 onnxruntime::Graph::CleanUnusedInitializersAndNodeArgs] Removing initializer 'features.denseblock2.denselayer2.conv2.weight_zero_point'. It is no longer used by any node.
2026-09-07 22:07:42.6819972 [I:onnxruntime:, graph.cc:4888 onnxruntime::Graph::CleanUnusedInitializersAndNodeArgs] Removing initializer '/features/denseblock2/denselayer3/norm1/BatchNormalization_output_0weights_zero_point'. It is no longer used by any node.
2026-09-07 22:07:42.6823761 [I:onnxruntime:, graph.cc:4888 onnxruntime::Graph::CleanUnusedInitializersAndNodeArgs] Removing initializer '/features/denseblock3/denselayer15/norm1/BatchNormalization_output_0bias_quantized'. It is no longer used by any node.
2026-09-07 22:07:42.6827250 [I:onnxruntime:, graph.cc:4888 onnxruntime::Graph::CleanUnusedInitializersAndNodeArgs] Removing initializer '/features/denseblock2/denselayer3/norm1/BatchNormalization_output_0bias_zero_point'. It is no longer used by any node.
2026-09-07 22:07:42.6830581 [I:onnxruntime:, graph.cc:4888 onnxruntime::Graph::CleanUnusedInitializersAndNodeArgs] Removing initializer '/features/denseblock2/denselayer3/norm1/BatchNormalization_output_0bias_quantized'. It is no longer used by any node.
2026-09-07 22:07:42.6833862 [I:onnxruntime:, graph.cc:4888 onnxruntime::Graph::CleanUnusedInitializersAndNodeArgs] Removing initializer '/features/denseblock2/denselayer3/norm1/act/Relu_output_0_zero_point'. It is no longer used by any node.
2026-09-07 22:07:42.6838400 [I:onnxruntime:, graph.cc:4888 onnxruntime::Graph::CleanUnusedInitializersAndNodeArgs] Removing initializer '/features/denseblock2/denselayer10/norm1/BatchNormalization_output_0weights_zero_point'. It is no longer used by any node.
2026-09-07 22:07:42.6842767 [I:onnxruntime:, graph.cc:4888 onnxruntime::Graph::CleanUnusedInitializersAndNodeArgs] Removing initializer 'features.denseblock2.denselayer3.conv2.weight_zero_point'. It is no longer used by any node.
2026-09-07 22:07:42.6846799 [I:onnxruntime:, graph.cc:4888 onnxruntime::Graph::CleanUnusedInitializersAndNodeArgs] Removing initializer '/features/denseblock4/denselayer2/conv2/Conv_output_0_zero_point'. It is no longer used by any node.
2026-09-07 22:07:42.6850411 [I:onnxruntime:, graph.cc:4888 onnxruntime::Graph::CleanUnusedInitializersAndNodeArgs] Removing initializer '/features/denseblock3/denselayer1/conv2/Conv_output_0_zero_point'. It is no longer used by any node.
2026-09-07 22:07:42.6853796 [I:onnxruntime:, graph.cc:4888 onnxruntime::Graph::CleanUnusedInitializersAndNodeArgs] Removing initializer '/features/denseblock2/denselayer5/norm1/BatchNormalization_output_0weights_quantized'. It is no longer used by any node.
2026-09-07 22:07:42.6858109 [I:onnxruntime:, graph.cc:4888 onnxruntime::Graph::CleanUnusedInitializersAndNodeArgs] Removing initializer 'onnx::Conv_1187_zero_point'. It is no longer used by any node.
2026-09-07 22:07:42.6861961 [I:onnxruntime:, graph.cc:4888 onnxruntime::Graph::CleanUnusedInitializersAndNodeArgs] Removing initializer 'features.transition3.conv.weight_zero_point'. It is no longer used by any node.
2026-09-07 22:07:42.6866587 [I:onnxruntime:, graph.cc:4888 onnxruntime::Graph::CleanUnusedInitializersAndNodeArgs] Removing initializer '/features/denseblock2/denselayer10/Concat_output_0_zero_point'. It is no longer used by any node.
2026-09-07 22:07:42.6869880 [I:onnxruntime:, graph.cc:4888 onnxruntime::Graph::CleanUnusedInitializersAndNodeArgs] Removing initializer '/features/denseblock4/denselayer3/norm1/act/Relu_output_0_zero_point'. It is no longer used by any node.
2026-09-07 22:07:42.6873078 [I:onnxruntime:, graph.cc:4888 onnxruntime::Graph::CleanUnusedInitializersAndNodeArgs] Removing initializer 'onnx::Conv_1188_zero_point'. It is no longer used by any node.
2026-09-07 22:07:42.6875554 [I:onnxruntime:, graph.cc:4888 onnxruntime::Graph::CleanUnusedInitializersAndNodeArgs] Removing initializer 'onnx::Conv_1188_quantized'. It is no longer used by any node.
2026-09-07 22:07:42.6878923 [I:onnxruntime:, graph.cc:4888 onnxruntime::Graph::CleanUnusedInitializersAndNodeArgs] Removing initializer '/features/denseblock4/denselayer4/conv2/Conv_output_0_zero_point'. It is no longer used by any node.
2026-09-07 22:07:42.6882263 [I:onnxruntime:, graph.cc:4888 onnxruntime::Graph::CleanUnusedInitializersAndNodeArgs] Removing initializer '/features/denseblock3/denselayer7/conv2/Conv_output_0_zero_point'. It is no longer used by any node.
2026-09-07 22:07:42.6886848 [I:onnxruntime:, graph.cc:4888 onnxruntime::Graph::CleanUnusedInitializersAndNodeArgs] Removing initializer '/features/denseblock2/denselayer3/norm2/act/Relu_output_0_zero_point'. It is no longer used by any node.
2026-09-07 22:07:42.6896527 [I:onnxruntime:, graph.cc:4888 onnxruntime::Graph::CleanUnusedInitializersAndNodeArgs] Removing initializer 'onnx::Conv_1224_quantized'. It is no longer used by any node.
2026-09-07 22:07:42.6900214 [I:onnxruntime:, graph.cc:4888 onnxruntime::Graph::CleanUnusedInitializersAndNodeArgs] Removing initializer '/features/denseblock2/denselayer3/conv2/Conv_output_0_zero_point'. It is no longer used by any node.
2026-09-07 22:07:42.6908970 [I:onnxruntime:, graph.cc:4888 onnxruntime::Graph::CleanUnusedInitializersAndNodeArgs] Removing initializer '/features/denseblock4/denselayer12/norm1/BatchNormalization_output_0bias_zero_point'. It is no longer used by any node.
2026-09-07 22:07:42.6912460 [I:onnxruntime:, graph.cc:4888 onnxruntime::Graph::CleanUnusedInitializersAndNodeArgs] Removing initializer '/features/denseblock3/denselayer22/norm1/BatchNormalization_output_0bias_zero_point'. It is no longer used by any node.
2026-09-07 22:07:42.6915491 [I:onnxruntime:, graph.cc:4888 onnxruntime::Graph::CleanUnusedInitializersAndNodeArgs] Removing initializer 'features.denseblock3.denselayer2.conv2.weight_zero_point'. It is no longer used by any node.
2026-09-07 22:07:42.6918169 [I:onnxruntime:, graph.cc:4888 onnxruntime::Graph::CleanUnusedInitializersAndNodeArgs] Removing initializer '/features/denseblock2/denselayer4/Concat_output_0_zero_point'. It is no longer used by any node.
2026-09-07 22:07:42.6921855 [I:onnxruntime:, graph.cc:4888 onnxruntime::Graph::CleanUnusedInitializersAndNodeArgs] Removing initializer '/features/denseblock4/denselayer15/norm1/BatchNormalization_output_0weights_quantized'. It is no longer used by any node.
2026-09-07 22:07:42.6925631 [I:onnxruntime:, graph.cc:4888 onnxruntime::Graph::CleanUnusedInitializersAndNodeArgs] Removing initializer '/features/denseblock3/denselayer14/norm2/act/Relu_output_0_zero_point'. It is no longer used by any node.
2026-09-07 22:07:42.6929253 [I:onnxruntime:, graph.cc:4888 onnxruntime::Graph::CleanUnusedInitializersAndNodeArgs] Removing initializer '/features/denseblock4/denselayer16/Concat_output_0_zero_point'. It is no longer used by any node.
2026-09-07 22:07:42.6932612 [I:onnxruntime:, graph.cc:4888 onnxruntime::Graph::CleanUnusedInitializersAndNodeArgs] Removing initializer '/features/denseblock4/denselayer6/norm1/BatchNormalization_output_0weights_zero_point'. It is no longer used by any node.
2026-09-07 22:07:42.6935855 [I:onnxruntime:, graph.cc:4888 onnxruntime::Graph::CleanUnusedInitializersAndNodeArgs] Removing initializer '/features/denseblock2/denselayer4/norm1/BatchNormalization_output_0bias_zero_point'. It is no longer used by any node.
2026-09-07 22:07:42.6938749 [I:onnxruntime:, graph.cc:4888 onnxruntime::Graph::CleanUnusedInitializersAndNodeArgs] Removing initializer '/features/denseblock3/denselayer5/norm1/BatchNormalization_output_0weights_zero_point'. It is no longer used by any node.
2026-09-07 22:07:42.6941591 [I:onnxruntime:, graph.cc:4888 onnxruntime::Graph::CleanUnusedInitializersAndNodeArgs] Removing initializer '/features/denseblock4/denselayer6/norm1/BatchNormalization_output_0weights_quantized'. It is no longer used by any node.
2026-09-07 22:07:42.6944510 [I:onnxruntime:, graph.cc:4888 onnxruntime::Graph::CleanUnusedInitializersAndNodeArgs] Removing initializer '/features/denseblock2/denselayer4/norm1/BatchNormalization_output_0bias_quantized'. It is no longer used by any node.
2026-09-07 22:07:42.6947306 [I:onnxruntime:, graph.cc:4888 onnxruntime::Graph::CleanUnusedInitializersAndNodeArgs] Removing initializer '/features/denseblock3/denselayer5/norm1/BatchNormalization_output_0weights_quantized'. It is no longer used by any node.
2026-09-07 22:07:42.6950075 [I:onnxruntime:, graph.cc:4888 onnxruntime::Graph::CleanUnusedInitializersAndNodeArgs] Removing initializer '/features/denseblock2/denselayer4/norm1/act/Relu_output_0_zero_point'. It is no longer used by any node.
2026-09-07 22:07:42.6952959 [I:onnxruntime:, graph.cc:4888 onnxruntime::Graph::CleanUnusedInitializersAndNodeArgs] Removing initializer 'features.denseblock3.denselayer14.conv2.weight_quantized'. It is no longer used by any node.
2026-09-07 22:07:42.6955740 [I:onnxruntime:, graph.cc:4888 onnxruntime::Graph::CleanUnusedInitializersAndNodeArgs] Removing initializer 'onnx::Conv_1268_zero_point'. It is no longer used by any node.
2026-09-07 22:07:42.6958597 [I:onnxruntime:, graph.cc:4888 onnxruntime::Graph::CleanUnusedInitializersAndNodeArgs] Removing initializer 'onnx::Conv_1190_zero_point'. It is no longer used by any node.
2026-09-07 22:07:42.6961543 [I:onnxruntime:, graph.cc:4888 onnxruntime::Graph::CleanUnusedInitializersAndNodeArgs] Removing initializer 'onnx::Conv_1190_quantized'. It is no longer used by any node.
2026-09-07 22:07:42.6964390 [I:onnxruntime:, graph.cc:4888 onnxruntime::Graph::CleanUnusedInitializersAndNodeArgs] Removing initializer 'onnx::Conv_1191_quantized'. It is no longer used by any node.
2026-09-07 22:07:42.6967245 [I:onnxruntime:, graph.cc:4888 onnxruntime::Graph::CleanUnusedInitializersAndNodeArgs] Removing initializer 'onnx::Conv_1317_quantized'. It is no longer used by any node.
2026-09-07 22:07:42.6969869 [I:onnxruntime:, graph.cc:4888 onnxruntime::Graph::CleanUnusedInitializersAndNodeArgs] Removing initializer '/features/denseblock4/denselayer12/conv2/Conv_output_0_zero_point'. It is no longer used by any node.
2026-09-07 22:07:42.6972661 [I:onnxruntime:, graph.cc:4888 onnxruntime::Graph::CleanUnusedInitializersAndNodeArgs] Removing initializer '/features/denseblock3/denselayer22/conv2/Conv_output_0_zero_point'. It is no longer used by any node.
2026-09-07 22:07:42.6976048 [I:onnxruntime:, graph.cc:4888 onnxruntime::Graph::CleanUnusedInitializersAndNodeArgs] Removing initializer 'features.denseblock2.denselayer4.conv2.weight_zero_point'. It is no longer used by any node.
2026-09-07 22:07:42.6978852 [I:onnxruntime:, graph.cc:4888 onnxruntime::Graph::CleanUnusedInitializersAndNodeArgs] Removing initializer '/features/denseblock2/denselayer12/norm1/BatchNormalization_output_0weights_quantized'. It is no longer used by any node.
2026-09-07 22:07:42.6981494 [I:onnxruntime:, graph.cc:4888 onnxruntime::Graph::CleanUnusedInitializersAndNodeArgs] Removing initializer '/features/denseblock2/denselayer5/Concat_output_0_zero_point'. It is no longer used by any node.
2026-09-07 22:07:42.6984580 [I:onnxruntime:, graph.cc:4888 onnxruntime::Graph::CleanUnusedInitializersAndNodeArgs] Removing initializer 'classifier.weight_quantized'. It is no longer used by any node.
2026-09-07 22:07:42.7003632 [I:onnxruntime:, graph.cc:4888 onnxruntime::Graph::CleanUnusedInitializersAndNodeArgs] Removing initializer '/features/denseblock2/denselayer5/norm1/BatchNormalization_output_0weights_zero_point'. It is no longer used by any node.
2026-09-07 22:07:42.7007845 [I:onnxruntime:, graph.cc:4888 onnxruntime::Graph::CleanUnusedInitializersAndNodeArgs] Removing initializer '/features/denseblock2/denselayer5/norm1/BatchNormalization_output_0bias_zero_point'. It is no longer used by any node.
2026-09-07 22:07:42.7011937 [I:onnxruntime:, graph.cc:4888 onnxruntime::Graph::CleanUnusedInitializersAndNodeArgs] Removing initializer '/features/denseblock2/denselayer5/norm1/BatchNormalization_output_0bias_quantized'. It is no longer used by any node.
2026-09-07 22:07:42.7015714 [I:onnxruntime:, graph.cc:4888 onnxruntime::Graph::CleanUnusedInitializersAndNodeArgs] Removing initializer 'onnx::Conv_1214_zero_point'. It is no longer used by any node.
2026-09-07 22:07:42.7041209 [I:onnxruntime:, graph.cc:4888 onnxruntime::Graph::CleanUnusedInitializersAndNodeArgs] Removing initializer 'features.denseblock3.denselayer20.conv2.weight_quantized'. It is no longer used by any node.
2026-09-07 22:07:42.7044927 [I:onnxruntime:, graph.cc:4888 onnxruntime::Graph::CleanUnusedInitializersAndNodeArgs] Removing initializer '/features/denseblock2/denselayer8/Concat_output_0_zero_point'. It is no longer used by any node.
2026-09-07 22:07:42.7048521 [I:onnxruntime:, graph.cc:4888 onnxruntime::Graph::CleanUnusedInitializersAndNodeArgs] Removing initializer '/features/denseblock2/denselayer5/norm1/act/Relu_output_0_zero_point'. It is no longer used by any node.
2026-09-07 22:07:42.7051591 [I:onnxruntime:, graph.cc:4888 onnxruntime::Graph::CleanUnusedInitializersAndNodeArgs] Removing initializer 'features.denseblock4.denselayer12.conv2.weight_zero_point'. It is no longer used by any node.
2026-09-07 22:07:42.7054902 [I:onnxruntime:, graph.cc:4888 onnxruntime::Graph::CleanUnusedInitializersAndNodeArgs] Removing initializer 'features.denseblock3.denselayer15.conv2.weight_quantized'. It is no longer used by any node.
2026-09-07 22:07:42.7057941 [I:onnxruntime:, graph.cc:4888 onnxruntime::Graph::CleanUnusedInitializersAndNodeArgs] Removing initializer 'onnx::Conv_1193_zero_point'. It is no longer used by any node.
2026-09-07 22:07:42.7060747 [I:onnxruntime:, graph.cc:4888 onnxruntime::Graph::CleanUnusedInitializersAndNodeArgs] Removing initializer 'onnx::Conv_1193_quantized'. It is no longer used by any node.
2026-09-07 22:07:42.7063453 [I:onnxruntime:, graph.cc:4888 onnxruntime::Graph::CleanUnusedInitializersAndNodeArgs] Removing initializer 'features.denseblock2.denselayer7.conv2.weight_zero_point'. It is no longer used by any node.
2026-09-07 22:07:42.7066363 [I:onnxruntime:, graph.cc:4888 onnxruntime::Graph::CleanUnusedInitializersAndNodeArgs] Removing initializer 'onnx::Conv_1194_zero_point'. It is no longer used by any node.
2026-09-07 22:07:42.7070243 [I:onnxruntime:, graph.cc:4888 onnxruntime::Graph::CleanUnusedInitializersAndNodeArgs] Removing initializer 'onnx::Conv_1194_quantized'. It is no longer used by any node.
2026-09-07 22:07:42.7073064 [I:onnxruntime:, graph.cc:4888 onnxruntime::Graph::CleanUnusedInitializersAndNodeArgs] Removing initializer 'features.denseblock3.denselayer17.conv2.weight_quantized'. It is no longer used by any node.
2026-09-07 22:07:42.7076028 [I:onnxruntime:, graph.cc:4888 onnxruntime::Graph::CleanUnusedInitializersAndNodeArgs] Removing initializer '/features/denseblock2/denselayer5/conv2/Conv_output_0_zero_point'. It is no longer used by any node.
2026-09-07 22:07:42.7079210 [I:onnxruntime:, graph.cc:4888 onnxruntime::Graph::CleanUnusedInitializersAndNodeArgs] Removing initializer 'features.denseblock2.denselayer5.conv2.weight_zero_point'. It is no longer used by any node.
2026-09-07 22:07:42.7082136 [I:onnxruntime:, graph.cc:4888 onnxruntime::Graph::CleanUnusedInitializersAndNodeArgs] Removing initializer '/features/denseblock4/denselayer9/norm1/BatchNormalization_output_0bias_quantized'. It is no longer used by any node.
2026-09-07 22:07:42.7085364 [I:onnxruntime:, graph.cc:4888 onnxruntime::Graph::CleanUnusedInitializersAndNodeArgs] Removing initializer '/features/denseblock3/denselayer11/norm1/BatchNormalization_output_0bias_quantized'. It is no longer used by any node.
2026-09-07 22:07:42.7088777 [I:onnxruntime:, graph.cc:4888 onnxruntime::Graph::CleanUnusedInitializersAndNodeArgs] Removing initializer 'onnx::Conv_1320_quantized'. It is no longer used by any node.
2026-09-07 22:07:42.7091318 [I:onnxruntime:, graph.cc:4888 onnxruntime::Graph::CleanUnusedInitializersAndNodeArgs] Removing initializer '/features/denseblock2/denselayer11/norm2/act/Relu_output_0_zero_point'. It is no longer used by any node.
2026-09-07 22:07:42.7094392 [I:onnxruntime:, graph.cc:4888 onnxruntime::Graph::CleanUnusedInitializersAndNodeArgs] Removing initializer '/features/denseblock2/denselayer6/norm1/BatchNormalization_output_0bias_zero_point'. It is no longer used by any node.
2026-09-07 22:07:42.7098188 [I:onnxruntime:, graph.cc:4888 onnxruntime::Graph::CleanUnusedInitializersAndNodeArgs] Removing initializer '/features/denseblock2/denselayer6/norm1/BatchNormalization_output_0bias_quantized'. It is no longer used by any node.
2026-09-07 22:07:42.7102458 [I:onnxruntime:, graph.cc:4888 onnxruntime::Graph::CleanUnusedInitializersAndNodeArgs] Removing initializer 'onnx::Conv_1196_zero_point'. It is no longer used by any node.
2026-09-07 22:07:42.7105213 [I:onnxruntime:, graph.cc:4888 onnxruntime::Graph::CleanUnusedInitializersAndNodeArgs] Removing initializer 'onnx::Conv_1196_quantized'. It is no longer used by any node.
2026-09-07 22:07:42.7107694 [I:onnxruntime:, graph.cc:4888 onnxruntime::Graph::CleanUnusedInitializersAndNodeArgs] Removing initializer 'onnx::Conv_1203_zero_point'. It is no longer used by any node.
2026-09-07 22:07:42.7111139 [I:onnxruntime:, graph.cc:4888 onnxruntime::Graph::CleanUnusedInitializersAndNodeArgs] Removing initializer '/features/denseblock2/denselayer6/norm2/act/Relu_output_0_zero_point'. It is no longer used by any node.
2026-09-07 22:07:42.7114035 [I:onnxruntime:, graph.cc:4888 onnxruntime::Graph::CleanUnusedInitializersAndNodeArgs] Removing initializer '/features/denseblock2/denselayer6/conv2/Conv_output_0_zero_point'. It is no longer used by any node.
2026-09-07 22:07:42.7117861 [I:onnxruntime:, graph.cc:4888 onnxruntime::Graph::CleanUnusedInitializersAndNodeArgs] Removing initializer '/features/denseblock2/denselayer8/norm1/BatchNormalization_output_0bias_zero_point'. It is no longer used by any node.
2026-09-07 22:07:42.7121380 [I:onnxruntime:, graph.cc:4888 onnxruntime::Graph::CleanUnusedInitializersAndNodeArgs] Removing initializer 'features.denseblock2.denselayer6.conv2.weight_zero_point'. It is no longer used by any node.
2026-09-07 22:07:42.7124781 [I:onnxruntime:, graph.cc:4888 onnxruntime::Graph::CleanUnusedInitializersAndNodeArgs] Removing initializer '/features/denseblock2/denselayer10/norm1/BatchNormalization_output_0weights_quantized'. It is no longer used by any node.
2026-09-07 22:07:42.7128981 [I:onnxruntime:, graph.cc:4888 onnxruntime::Graph::CleanUnusedInitializersAndNodeArgs] Removing initializer 'onnx::Conv_1235_zero_point'. It is no longer used by any node.
2026-09-07 22:07:42.7134816 [I:onnxruntime:, graph.cc:4888 onnxruntime::Graph::CleanUnusedInitializersAndNodeArgs] Removing initializer '/features/denseblock2/denselayer7/norm1/BatchNormalization_output_0bias_zero_point'. It is no longer used by any node.
2026-09-07 22:07:42.7139686 [I:onnxruntime:, graph.cc:4888 onnxruntime::Graph::CleanUnusedInitializersAndNodeArgs] Removing initializer '/features/denseblock2/denselayer7/norm1/BatchNormalization_output_0bias_quantized'. It is no longer used by any node.
2026-09-07 22:07:42.7143104 [I:onnxruntime:, graph.cc:4888 onnxruntime::Graph::CleanUnusedInitializersAndNodeArgs] Removing initializer 'onnx::Conv_1280_zero_point'. It is no longer used by any node.
2026-09-07 22:07:42.7145947 [I:onnxruntime:, graph.cc:4888 onnxruntime::Graph::CleanUnusedInitializersAndNodeArgs] Removing initializer 'onnx::Conv_1235_quantized'. It is no longer used by any node.
2026-09-07 22:07:42.7148934 [I:onnxruntime:, graph.cc:4888 onnxruntime::Graph::CleanUnusedInitializersAndNodeArgs] Removing initializer '/features/denseblock2/denselayer7/norm2/act/Relu_output_0_zero_point'. It is no longer used by any node.
2026-09-07 22:07:42.7152558 [I:onnxruntime:, graph.cc:4888 onnxruntime::Graph::CleanUnusedInitializersAndNodeArgs] Removing initializer '/features/denseblock2/denselayer7/conv2/Conv_output_0_zero_point'. It is no longer used by any node.
2026-09-07 22:07:42.7155965 [I:onnxruntime:, graph.cc:4888 onnxruntime::Graph::CleanUnusedInitializersAndNodeArgs] Removing initializer 'onnx::Conv_1229_zero_point'. It is no longer used by any node.
2026-09-07 22:07:42.7158303 [I:onnxruntime:, graph.cc:4888 onnxruntime::Graph::CleanUnusedInitializersAndNodeArgs] Removing initializer '/features/denseblock3/denselayer17/norm1/BatchNormalization_output_0bias_quantized'. It is no longer used by any node.
2026-09-07 22:07:42.7161553 [I:onnxruntime:, graph.cc:4888 onnxruntime::Graph::CleanUnusedInitializersAndNodeArgs] Removing initializer '/features/denseblock3/denselayer9/norm1/act/Relu_output_0_zero_point'. It is no longer used by any node.
2026-09-07 22:07:42.7164120 [I:onnxruntime:, graph.cc:4888 onnxruntime::Graph::CleanUnusedInitializersAndNodeArgs] Removing initializer '/features/denseblock3/denselayer12/norm1/act/Relu_output_0_zero_point'. It is no longer used by any node.
2026-09-07 22:07:42.7166877 [I:onnxruntime:, graph.cc:4888 onnxruntime::Graph::CleanUnusedInitializersAndNodeArgs] Removing initializer '/features/denseblock4/denselayer10/norm1/BatchNormalization_output_0weights_zero_point'. It is no longer used by any node.
2026-09-07 22:07:42.7169991 [I:onnxruntime:, graph.cc:4888 onnxruntime::Graph::CleanUnusedInitializersAndNodeArgs] Removing initializer '/features/denseblock3/denselayer20/norm1/BatchNormalization_output_0weights_zero_point'. It is no longer used by any node.
2026-09-07 22:07:42.7173836 [I:onnxruntime:, graph.cc:4888 onnxruntime::Graph::CleanUnusedInitializersAndNodeArgs] Removing initializer '/features/denseblock2/denselayer8/norm1/BatchNormalization_output_0weights_quantized'. It is no longer used by any node.
2026-09-07 22:07:42.7177386 [I:onnxruntime:, graph.cc:4888 onnxruntime::Graph::CleanUnusedInitializersAndNodeArgs] Removing initializer 'onnx::Conv_1260_zero_point'. It is no longer used by any node.
2026-09-07 22:07:42.7180200 [I:onnxruntime:, graph.cc:4888 onnxruntime::Graph::CleanUnusedInitializersAndNodeArgs] Removing initializer '/features/denseblock2/denselayer8/norm1/BatchNormalization_output_0bias_quantized'. It is no longer used by any node.
2026-09-07 22:07:42.7183763 [I:onnxruntime:, graph.cc:4888 onnxruntime::Graph::CleanUnusedInitializersAndNodeArgs] Removing initializer 'onnx::Conv_1314_quantized'. It is no longer used by any node.
2026-09-07 22:07:42.7186737 [I:onnxruntime:, graph.cc:4888 onnxruntime::Graph::CleanUnusedInitializersAndNodeArgs] Removing initializer 'onnx::Conv_1202_zero_point'. It is no longer used by any node.
2026-09-07 22:07:42.7189640 [I:onnxruntime:, graph.cc:4888 onnxruntime::Graph::CleanUnusedInitializersAndNodeArgs] Removing initializer '/features/denseblock2/denselayer9/Concat_output_0_zero_point'. It is no longer used by any node.
2026-09-07 22:07:42.7192873 [I:onnxruntime:, graph.cc:4888 onnxruntime::Graph::CleanUnusedInitializersAndNodeArgs] Removing initializer 'onnx::Conv_1202_quantized'. It is no longer used by any node.
2026-09-07 22:07:42.7195534 [I:onnxruntime:, graph.cc:4888 onnxruntime::Graph::CleanUnusedInitializersAndNodeArgs] Removing initializer '/features/denseblock4/denselayer10/norm1/act/Relu_output_0_zero_point'. It is no longer used by any node.
2026-09-07 22:07:42.7198953 [I:onnxruntime:, graph.cc:4888 onnxruntime::Graph::CleanUnusedInitializersAndNodeArgs] Removing initializer '/features/denseblock2/denselayer8/norm2/act/Relu_output_0_zero_point'. It is no longer used by any node.
2026-09-07 22:07:42.7202613 [I:onnxruntime:, graph.cc:4888 onnxruntime::Graph::CleanUnusedInitializersAndNodeArgs] Removing initializer '/features/denseblock3/denselayer20/norm1/act/Relu_output_0_zero_point'. It is no longer used by any node.
2026-09-07 22:07:42.7206307 [I:onnxruntime:, graph.cc:4888 onnxruntime::Graph::CleanUnusedInitializersAndNodeArgs] Removing initializer 'features.denseblock2.denselayer8.conv2.weight_quantized'. It is no longer used by any node.
2026-09-07 22:07:42.7209907 [I:onnxruntime:, graph.cc:4888 onnxruntime::Graph::CleanUnusedInitializersAndNodeArgs] Removing initializer '/features/denseblock2/denselayer12/norm1/BatchNormalization_output_0weights_zero_point'. It is no longer used by any node.
2026-09-07 22:07:42.7213773 [I:onnxruntime:, graph.cc:4888 onnxruntime::Graph::CleanUnusedInitializersAndNodeArgs] Removing initializer 'onnx::Conv_1289_quantized'. It is no longer used by any node.
2026-09-07 22:07:42.7216279 [I:onnxruntime:, graph.cc:4888 onnxruntime::Graph::CleanUnusedInitializersAndNodeArgs] Removing initializer '/features/denseblock2/denselayer9/norm1/BatchNormalization_output_0weights_zero_point'. It is no longer used by any node.
2026-09-07 22:07:42.7219325 [I:onnxruntime:, graph.cc:4888 onnxruntime::Graph::CleanUnusedInitializersAndNodeArgs] Removing initializer 'onnx::Conv_1205_zero_point'. It is no longer used by any node.
2026-09-07 22:07:42.7222032 [I:onnxruntime:, graph.cc:4888 onnxruntime::Graph::CleanUnusedInitializersAndNodeArgs] Removing initializer 'onnx::Conv_1205_quantized'. It is no longer used by any node.
2026-09-07 22:07:42.7224388 [I:onnxruntime:, graph.cc:4888 onnxruntime::Graph::CleanUnusedInitializersAndNodeArgs] Removing initializer '/features/transition2/norm/BatchNormalization_output_0weights_quantized'. It is no longer used by any node.
2026-09-07 22:07:42.7227807 [I:onnxruntime:, graph.cc:4888 onnxruntime::Graph::CleanUnusedInitializersAndNodeArgs] Removing initializer 'onnx::Conv_1206_zero_point'. It is no longer used by any node.
2026-09-07 22:07:42.7230653 [I:onnxruntime:, graph.cc:4888 onnxruntime::Graph::CleanUnusedInitializersAndNodeArgs] Removing initializer 'onnx::Conv_1304_zero_point'. It is no longer used by any node.
2026-09-07 22:07:42.7233422 [I:onnxruntime:, graph.cc:4888 onnxruntime::Graph::CleanUnusedInitializersAndNodeArgs] Removing initializer '/features/denseblock2/denselayer9/conv2/Conv_output_0_zero_point'. It is no longer used by any node.
2026-09-07 22:07:42.7236183 [I:onnxruntime:, graph.cc:4888 onnxruntime::Graph::CleanUnusedInitializersAndNodeArgs] Removing initializer 'features.denseblock2.denselayer9.conv2.weight_zero_point'. It is no longer used by any node.
2026-09-07 22:07:42.7239417 [I:onnxruntime:, graph.cc:4888 onnxruntime::Graph::CleanUnusedInitializersAndNodeArgs] Removing initializer '/features/denseblock2/denselayer11/norm1/BatchNormalization_output_0weights_zero_point'. It is no longer used by any node.
2026-09-07 22:07:42.7242496 [I:onnxruntime:, graph.cc:4888 onnxruntime::Graph::CleanUnusedInitializersAndNodeArgs] Removing initializer 'features.denseblock2.denselayer9.conv2.weight_quantized'. It is no longer used by any node.
2026-09-07 22:07:42.7246309 [I:onnxruntime:, graph.cc:4888 onnxruntime::Graph::CleanUnusedInitializersAndNodeArgs] Removing initializer 'onnx::Conv_1232_quantized'. It is no longer used by any node.
2026-09-07 22:07:42.7249490 [I:onnxruntime:, graph.cc:4888 onnxruntime::Graph::CleanUnusedInitializersAndNodeArgs] Removing initializer '/features/denseblock4/denselayer2/norm2/act/Relu_output_0_zero_point'. It is no longer used by any node.
2026-09-07 22:07:42.7252887 [I:onnxruntime:, graph.cc:4888 onnxruntime::Graph::CleanUnusedInitializersAndNodeArgs] Removing initializer '/features/denseblock3/denselayer1/norm2/act/Relu_output_0_zero_point'. It is no longer used by any node.
2026-09-07 22:07:42.7256146 [I:onnxruntime:, graph.cc:4888 onnxruntime::Graph::CleanUnusedInitializersAndNodeArgs] Removing initializer 'classifier.bias_quantized'. It is no longer used by any node.
2026-09-07 22:07:42.7258762 [I:onnxruntime:, graph.cc:4888 onnxruntime::Graph::CleanUnusedInitializersAndNodeArgs] Removing initializer 'onnx::Conv_1238_zero_point'. It is no longer used by any node.
2026-09-07 22:07:42.7261556 [I:onnxruntime:, graph.cc:4888 onnxruntime::Graph::CleanUnusedInitializersAndNodeArgs] Removing initializer '/features/denseblock3/denselayer17/conv2/Conv_output_0_zero_point'. It is no longer used by any node.
2026-09-07 22:07:42.7264508 [I:onnxruntime:, graph.cc:4888 onnxruntime::Graph::CleanUnusedInitializersAndNodeArgs] Removing initializer 'features.denseblock3.denselayer2.conv2.weight_quantized'. It is no longer used by any node.
2026-09-07 22:07:42.7267343 [I:onnxruntime:, graph.cc:4888 onnxruntime::Graph::CleanUnusedInitializersAndNodeArgs] Removing initializer 'onnx::Conv_1211_zero_point'. It is no longer used by any node.
2026-09-07 22:07:42.7270579 [I:onnxruntime:, graph.cc:4888 onnxruntime::Graph::CleanUnusedInitializersAndNodeArgs] Removing initializer '/features/denseblock2/denselayer10/norm1/BatchNormalization_output_0bias_zero_point'. It is no longer used by any node.
2026-09-07 22:07:42.7273785 [I:onnxruntime:, graph.cc:4888 onnxruntime::Graph::CleanUnusedInitializersAndNodeArgs] Removing initializer 'onnx::Conv_1212_quantized'. It is no longer used by any node.
2026-09-07 22:07:42.7276247 [I:onnxruntime:, graph.cc:4888 onnxruntime::Graph::CleanUnusedInitializersAndNodeArgs] Removing initializer '/features/denseblock2/denselayer10/norm1/act/Relu_output_0_zero_point'. It is no longer used by any node.
2026-09-07 22:07:42.7280371 [I:onnxruntime:, graph.cc:4888 onnxruntime::Graph::CleanUnusedInitializersAndNodeArgs] Removing initializer '/features/transition2/norm/BatchNormalization_output_0weights_zero_point'. It is no longer used by any node.
2026-09-07 22:07:42.7283488 [I:onnxruntime:, graph.cc:4888 onnxruntime::Graph::CleanUnusedInitializersAndNodeArgs] Removing initializer 'onnx::Conv_1236_zero_point'. It is no longer used by any node.
2026-09-07 22:07:42.7286113 [I:onnxruntime:, graph.cc:4888 onnxruntime::Graph::CleanUnusedInitializersAndNodeArgs] Removing initializer 'onnx::Conv_1208_zero_point'. It is no longer used by any node.
2026-09-07 22:07:42.7288767 [I:onnxruntime:, graph.cc:4888 onnxruntime::Graph::CleanUnusedInitializersAndNodeArgs] Removing initializer 'onnx::Conv_1209_zero_point'. It is no longer used by any node.
2026-09-07 22:07:42.7291650 [I:onnxruntime:, graph.cc:4888 onnxruntime::Graph::CleanUnusedInitializersAndNodeArgs] Removing initializer '/features/denseblock4/denselayer11/norm1/BatchNormalization_output_0weights_quantized'. It is no longer used by any node.
2026-09-07 22:07:42.7302420 [I:onnxruntime:, graph.cc:4888 onnxruntime::Graph::CleanUnusedInitializersAndNodeArgs] Removing initializer '/features/denseblock3/denselayer3/norm2/act/Relu_output_0_zero_point'. It is no longer used by any node.
2026-09-07 22:07:42.7307294 [I:onnxruntime:, graph.cc:4888 onnxruntime::Graph::CleanUnusedInitializersAndNodeArgs] Removing initializer '/features/denseblock3/denselayer18/norm2/act/Relu_output_0_zero_point'. It is no longer used by any node.
2026-09-07 22:07:42.7311196 [I:onnxruntime:, graph.cc:4888 onnxruntime::Graph::CleanUnusedInitializersAndNodeArgs] Removing initializer '/features/denseblock3/denselayer21/norm1/BatchNormalization_output_0weights_quantized'. It is no longer used by any node.
2026-09-07 22:07:42.7315318 [I:onnxruntime:, graph.cc:4888 onnxruntime::Graph::CleanUnusedInitializersAndNodeArgs] Removing initializer 'onnx::Conv_1209_quantized'. It is no longer used by any node.
2026-09-07 22:07:42.7317640 [I:onnxruntime:, graph.cc:4888 onnxruntime::Graph::CleanUnusedInitializersAndNodeArgs] Removing initializer 'onnx::Conv_1247_zero_point'. It is no longer used by any node.
2026-09-07 22:07:42.7319930 [I:onnxruntime:, graph.cc:4888 onnxruntime::Graph::CleanUnusedInitializersAndNodeArgs] Removing initializer '/features/denseblock2/denselayer10/norm2/act/Relu_output_0_zero_point'. It is no longer used by any node.
2026-09-07 22:07:42.7323226 [I:onnxruntime:, graph.cc:4888 onnxruntime::Graph::CleanUnusedInitializersAndNodeArgs] Removing initializer '/features/denseblock2/denselayer10/conv2/Conv_output_0_zero_point'. It is no longer used by any node.
2026-09-07 22:07:42.7326414 [I:onnxruntime:, graph.cc:4888 onnxruntime::Graph::CleanUnusedInitializersAndNodeArgs] Removing initializer 'onnx::Conv_1266_quantized'. It is no longer used by any node.
2026-09-07 22:07:42.7329315 [I:onnxruntime:, graph.cc:4888 onnxruntime::Graph::CleanUnusedInitializersAndNodeArgs] Removing initializer 'features.denseblock3.denselayer5.conv2.weight_quantized'. It is no longer used by any node.
2026-09-07 22:07:42.7332275 [I:onnxruntime:, graph.cc:4888 onnxruntime::Graph::CleanUnusedInitializersAndNodeArgs] Removing initializer 'features.denseblock2.denselayer10.conv2.weight_zero_point'. It is no longer used by any node.
2026-09-07 22:07:42.7335296 [I:onnxruntime:, graph.cc:4888 onnxruntime::Graph::CleanUnusedInitializersAndNodeArgs] Removing initializer 'onnx::Conv_1331_zero_point'. It is no longer used by any node.
2026-09-07 22:07:42.7338150 [I:onnxruntime:, graph.cc:4888 onnxruntime::Graph::CleanUnusedInitializersAndNodeArgs] Removing initializer '/features/denseblock3/denselayer9/norm2/act/Relu_output_0_zero_point'. It is no longer used by any node.
2026-09-07 22:07:42.7341366 [I:onnxruntime:, graph.cc:4888 onnxruntime::Graph::CleanUnusedInitializersAndNodeArgs] Removing initializer '/features/denseblock3/denselayer12/norm2/act/Relu_output_0_zero_point'. It is no longer used by any node.
2026-09-07 22:07:42.7344638 [I:onnxruntime:, graph.cc:4888 onnxruntime::Graph::CleanUnusedInitializersAndNodeArgs] Removing initializer 'features.denseblock2.denselayer10.conv2.weight_quantized'. It is no longer used by any node.
2026-09-07 22:07:42.7348363 [I:onnxruntime:, graph.cc:4888 onnxruntime::Graph::CleanUnusedInitializersAndNodeArgs] Removing initializer 'features.denseblock3.denselayer8.conv2.weight_quantized'. It is no longer used by any node.
2026-09-07 22:07:42.7351511 [I:onnxruntime:, graph.cc:4888 onnxruntime::Graph::CleanUnusedInitializersAndNodeArgs] Removing initializer '/features/denseblock2/denselayer11/Concat_output_0_zero_point'. It is no longer used by any node.
2026-09-07 22:07:42.7354742 [I:onnxruntime:, graph.cc:4888 onnxruntime::Graph::CleanUnusedInitializersAndNodeArgs] Removing initializer '/features/denseblock2/denselayer11/norm1/BatchNormalization_output_0weights_quantized'. It is no longer used by any node.
2026-09-07 22:07:42.7359169 [I:onnxruntime:, graph.cc:4888 onnxruntime::Graph::CleanUnusedInitializersAndNodeArgs] Removing initializer '/features/denseblock2/denselayer11/norm1/BatchNormalization_output_0bias_quantized'. It is no longer used by any node.
2026-09-07 22:07:42.7363013 [I:onnxruntime:, graph.cc:4888 onnxruntime::Graph::CleanUnusedInitializersAndNodeArgs] Removing initializer '/features/denseblock3/denselayer3/Concat_output_0_zero_point'. It is no longer used by any node.
2026-09-07 22:07:42.7365820 [I:onnxruntime:, graph.cc:4888 onnxruntime::Graph::CleanUnusedInitializersAndNodeArgs] Removing initializer 'onnx::Conv_1212_zero_point'. It is no longer used by any node.
2026-09-07 22:07:42.7368526 [I:onnxruntime:, graph.cc:4888 onnxruntime::Graph::CleanUnusedInitializersAndNodeArgs] Removing initializer '/features/denseblock3/denselayer18/Concat_output_0_zero_point'. It is no longer used by any node.
2026-09-07 22:07:42.7371606 [I:onnxruntime:, graph.cc:4888 onnxruntime::Graph::CleanUnusedInitializersAndNodeArgs] Removing initializer '/features/denseblock4/denselayer1/norm1/BatchNormalization_output_0bias_zero_point'. It is no longer used by any node.
2026-09-07 22:07:42.7375044 [I:onnxruntime:, graph.cc:4888 onnxruntime::Graph::CleanUnusedInitializersAndNodeArgs] Removing initializer '/features/denseblock3/denselayer2/norm1/BatchNormalization_output_0bias_zero_point'. It is no longer used by any node.
2026-09-07 22:07:42.7378372 [I:onnxruntime:, graph.cc:4888 onnxruntime::Graph::CleanUnusedInitializersAndNodeArgs] Removing initializer '/features/denseblock3/denselayer19/norm1/BatchNormalization_output_0bias_zero_point'. It is no longer used by any node.
2026-09-07 22:07:42.7381664 [I:onnxruntime:, graph.cc:4888 onnxruntime::Graph::CleanUnusedInitializersAndNodeArgs] Removing initializer '/features/denseblock2/denselayer11/conv2/Conv_output_0_zero_point'. It is no longer used by any node.
2026-09-07 22:07:42.7384850 [I:onnxruntime:, graph.cc:4888 onnxruntime::Graph::CleanUnusedInitializersAndNodeArgs] Removing initializer 'features.denseblock3.denselayer6.conv2.weight_zero_point'. It is no longer used by any node.
2026-09-07 22:07:42.7387948 [I:onnxruntime:, graph.cc:4888 onnxruntime::Graph::CleanUnusedInitializersAndNodeArgs] Removing initializer 'features.denseblock2.denselayer11.conv2.weight_quantized'. It is no longer used by any node.
2026-09-07 22:07:42.7390825 [I:onnxruntime:, graph.cc:4888 onnxruntime::Graph::CleanUnusedInitializersAndNodeArgs] Removing initializer '/features/denseblock2/denselayer12/Concat_output_0_zero_point'. It is no longer used by any node.
2026-09-07 22:07:42.7393906 [I:onnxruntime:, graph.cc:4888 onnxruntime::Graph::CleanUnusedInitializersAndNodeArgs] Removing initializer '/features/denseblock2/denselayer12/norm1/BatchNormalization_output_0bias_zero_point'. It is no longer used by any node.
2026-09-07 22:07:42.7397379 [I:onnxruntime:, graph.cc:4888 onnxruntime::Graph::CleanUnusedInitializersAndNodeArgs] Removing initializer '/features/denseblock2/denselayer12/norm1/act/Relu_output_0_zero_point'. It is no longer used by any node.
2026-09-07 22:07:42.7400545 [I:onnxruntime:, graph.cc:4888 onnxruntime::Graph::CleanUnusedInitializersAndNodeArgs] Removing initializer 'onnx::Conv_1217_zero_point'. It is no longer used by any node.
2026-09-07 22:07:42.7403091 [I:onnxruntime:, graph.cc:4888 onnxruntime::Graph::CleanUnusedInitializersAndNodeArgs] Removing initializer 'onnx::Conv_1214_quantized'. It is no longer used by any node.
2026-09-07 22:07:42.7405618 [I:onnxruntime:, graph.cc:4888 onnxruntime::Graph::CleanUnusedInitializersAndNodeArgs] Removing initializer 'onnx::Conv_1242_quantized'. It is no longer used by any node.
2026-09-07 22:07:42.7408369 [I:onnxruntime:, graph.cc:4888 onnxruntime::Graph::CleanUnusedInitializersAndNodeArgs] Removing initializer 'onnx::Conv_1215_zero_point'. It is no longer used by any node.
2026-09-07 22:07:42.7410934 [I:onnxruntime:, graph.cc:4888 onnxruntime::Graph::CleanUnusedInitializersAndNodeArgs] Removing initializer 'onnx::Conv_1215_quantized'. It is no longer used by any node.
2026-09-07 22:07:42.7413470 [I:onnxruntime:, graph.cc:4888 onnxruntime::Graph::CleanUnusedInitializersAndNodeArgs] Removing initializer 'onnx::Conv_1296_quantized'. It is no longer used by any node.
2026-09-07 22:07:42.7416185 [I:onnxruntime:, graph.cc:4888 onnxruntime::Graph::CleanUnusedInitializersAndNodeArgs] Removing initializer '/features/denseblock2/denselayer12/conv2/Conv_output_0_zero_point'. It is no longer used by any node.
2026-09-07 22:07:42.7418650 [I:onnxruntime:, graph.cc:4888 onnxruntime::Graph::CleanUnusedInitializersAndNodeArgs] Removing initializer 'features.denseblock2.denselayer12.conv2.weight_zero_point'. It is no longer used by any node.
2026-09-07 22:07:42.7421588 [I:onnxruntime:, graph.cc:4888 onnxruntime::Graph::CleanUnusedInitializersAndNodeArgs] Removing initializer 'features.denseblock2.denselayer12.conv2.weight_quantized'. It is no longer used by any node.
2026-09-07 22:07:42.7424078 [I:onnxruntime:, graph.cc:4888 onnxruntime::Graph::CleanUnusedInitializersAndNodeArgs] Removing initializer '/features/denseblock2/Concat_output_0_zero_point'. It is no longer used by any node.
2026-09-07 22:07:42.7426533 [I:onnxruntime:, graph.cc:4888 onnxruntime::Graph::CleanUnusedInitializersAndNodeArgs] Removing initializer '/features/transition2/norm/BatchNormalization_output_0weights_scale'. It is no longer used by any node.
2026-09-07 22:07:42.7429767 [I:onnxruntime:, graph.cc:4888 onnxruntime::Graph::CleanUnusedInitializersAndNodeArgs] Removing initializer '/features/denseblock4/denselayer8/norm2/act/Relu_output_0_zero_point'. It is no longer used by any node.
2026-09-07 22:07:42.7433427 [I:onnxruntime:, graph.cc:4888 onnxruntime::Graph::CleanUnusedInitializersAndNodeArgs] Removing initializer '/features/denseblock3/denselayer10/norm2/act/Relu_output_0_zero_point'. It is no longer used by any node.
2026-09-07 22:07:42.7437195 [I:onnxruntime:, graph.cc:4888 onnxruntime::Graph::CleanUnusedInitializersAndNodeArgs] Removing initializer '/features/transition2/norm/BatchNormalization_output_0bias_zero_point'. It is no longer used by any node.
2026-09-07 22:07:42.7440899 [I:onnxruntime:, graph.cc:4888 onnxruntime::Graph::CleanUnusedInitializersAndNodeArgs] Removing initializer '/features/transition2/conv/Conv_output_0_zero_point'. It is no longer used by any node.
2026-09-07 22:07:42.7444113 [I:onnxruntime:, graph.cc:4888 onnxruntime::Graph::CleanUnusedInitializersAndNodeArgs] Removing initializer '/features/denseblock4/denselayer2/Concat_output_0_zero_point'. It is no longer used by any node.
2026-09-07 22:07:42.7447850 [I:onnxruntime:, graph.cc:4888 onnxruntime::Graph::CleanUnusedInitializersAndNodeArgs] Removing initializer '/features/denseblock3/denselayer1/Concat_output_0_zero_point'. It is no longer used by any node.
2026-09-07 22:07:42.7451523 [I:onnxruntime:, graph.cc:4888 onnxruntime::Graph::CleanUnusedInitializersAndNodeArgs] Removing initializer '/features/denseblock4/denselayer2/norm1/BatchNormalization_output_0weights_quantized'. It is no longer used by any node.
2026-09-07 22:07:42.7455534 [I:onnxruntime:, graph.cc:4888 onnxruntime::Graph::CleanUnusedInitializersAndNodeArgs] Removing initializer '/features/denseblock3/denselayer1/norm1/BatchNormalization_output_0weights_quantized'. It is no longer used by any node.
2026-09-07 22:07:42.7459766 [I:onnxruntime:, graph.cc:4888 onnxruntime::Graph::CleanUnusedInitializersAndNodeArgs] Removing initializer '/features/denseblock4/denselayer2/norm1/BatchNormalization_output_0bias_zero_point'. It is no longer used by any node.
2026-09-07 22:07:42.7463389 [I:onnxruntime:, graph.cc:4888 onnxruntime::Graph::CleanUnusedInitializersAndNodeArgs] Removing initializer '/features/denseblock3/denselayer1/norm1/BatchNormalization_output_0bias_zero_point'. It is no longer used by any node.
2026-09-07 22:07:42.7467764 [I:onnxruntime:, graph.cc:4888 onnxruntime::Graph::CleanUnusedInitializersAndNodeArgs] Removing initializer '/features/denseblock4/denselayer2/norm1/BatchNormalization_output_0bias_quantized'. It is no longer used by any node.
2026-09-07 22:07:42.7472183 [I:onnxruntime:, graph.cc:4888 onnxruntime::Graph::CleanUnusedInitializersAndNodeArgs] Removing initializer '/features/denseblock3/denselayer1/norm1/BatchNormalization_output_0bias_quantized'. It is no longer used by any node.
2026-09-07 22:07:42.7477515 [I:onnxruntime:, graph.cc:4888 onnxruntime::Graph::CleanUnusedInitializersAndNodeArgs] Removing initializer '/features/denseblock4/denselayer13/norm1/BatchNormalization_output_0weights_quantized'. It is no longer used by any node.
2026-09-07 22:07:42.7482645 [I:onnxruntime:, graph.cc:4888 onnxruntime::Graph::CleanUnusedInitializersAndNodeArgs] Removing initializer '/features/denseblock3/denselayer23/norm1/BatchNormalization_output_0weights_quantized'. It is no longer used by any node.
2026-09-07 22:07:42.7488248 [I:onnxruntime:, graph.cc:4888 onnxruntime::Graph::CleanUnusedInitializersAndNodeArgs] Removing initializer '/features/denseblock4/denselayer6/Concat_output_0_zero_point'. It is no longer used by any node.
2026-09-07 22:07:42.7491164 [I:onnxruntime:, graph.cc:4888 onnxruntime::Graph::CleanUnusedInitializersAndNodeArgs] Removing initializer '/features/denseblock3/denselayer5/Concat_output_0_zero_point'. It is no longer used by any node.
2026-09-07 22:07:42.7493650 [I:onnxruntime:, graph.cc:4888 onnxruntime::Graph::CleanUnusedInitializersAndNodeArgs] Removing initializer '/features/denseblock3/denselayer3/norm1/BatchNormalization_output_0weights_quantized'. It is no longer used by any node.
2026-09-07 22:07:42.7496685 [I:onnxruntime:, graph.cc:4888 onnxruntime::Graph::CleanUnusedInitializersAndNodeArgs] Removing initializer 'onnx::Conv_1218_zero_point'. It is no longer used by any node.
2026-09-07 22:07:42.7499177 [I:onnxruntime:, graph.cc:4888 onnxruntime::Graph::CleanUnusedInitializersAndNodeArgs] Removing initializer '/features/denseblock3/denselayer18/norm1/BatchNormalization_output_0weights_quantized'. It is no longer used by any node.
2026-09-07 22:07:42.7502996 [I:onnxruntime:, graph.cc:4888 onnxruntime::Graph::CleanUnusedInitializersAndNodeArgs] Removing initializer 'onnx::Conv_1218_quantized'. It is no longer used by any node.
2026-09-07 22:07:42.7505945 [I:onnxruntime:, graph.cc:4888 onnxruntime::Graph::CleanUnusedInitializersAndNodeArgs] Removing initializer '/features/denseblock4/denselayer3/norm1/BatchNormalization_output_0weights_zero_point'. It is no longer used by any node.
2026-09-07 22:07:42.7547645 [I:onnxruntime:, graph.cc:4888 onnxruntime::Graph::CleanUnusedInitializersAndNodeArgs] Removing initializer 'onnx::Conv_1239_zero_point'. It is no longer used by any node.
2026-09-07 22:07:42.7551239 [I:onnxruntime:, graph.cc:4888 onnxruntime::Graph::CleanUnusedInitializersAndNodeArgs] Removing initializer 'features.denseblock3.denselayer1.conv2.weight_zero_point'. It is no longer used by any node.
2026-09-07 22:07:42.7555312 [I:onnxruntime:, graph.cc:4888 onnxruntime::Graph::CleanUnusedInitializersAndNodeArgs] Removing initializer 'features.denseblock3.denselayer1.conv2.weight_quantized'. It is no longer used by any node.
2026-09-07 22:07:42.7558741 [I:onnxruntime:, graph.cc:4888 onnxruntime::Graph::CleanUnusedInitializersAndNodeArgs] Removing initializer '/features/denseblock4/denselayer1/norm1/BatchNormalization_output_0bias_quantized'. It is no longer used by any node.
2026-09-07 22:07:42.7562568 [I:onnxruntime:, graph.cc:4888 onnxruntime::Graph::CleanUnusedInitializersAndNodeArgs] Removing initializer '/features/denseblock3/denselayer2/norm1/BatchNormalization_output_0bias_quantized'. It is no longer used by any node.
2026-09-07 22:07:42.7566549 [I:onnxruntime:, graph.cc:4888 onnxruntime::Graph::CleanUnusedInitializersAndNodeArgs] Removing initializer '/features/denseblock3/denselayer19/norm1/BatchNormalization_output_0bias_quantized'. It is no longer used by any node.
2026-09-07 22:07:42.7570556 [I:onnxruntime:, graph.cc:4888 onnxruntime::Graph::CleanUnusedInitializersAndNodeArgs] Removing initializer '/features/denseblock4/denselayer1/norm1/act/Relu_output_0_zero_point'. It is no longer used by any node.
2026-09-07 22:07:42.7574108 [I:onnxruntime:, graph.cc:4888 onnxruntime::Graph::CleanUnusedInitializersAndNodeArgs] Removing initializer '/features/denseblock3/denselayer2/norm1/act/Relu_output_0_zero_point'. It is no longer used by any node.
2026-09-07 22:07:42.7577612 [I:onnxruntime:, graph.cc:4888 onnxruntime::Graph::CleanUnusedInitializersAndNodeArgs] Removing initializer '/features/denseblock3/denselayer19/norm1/act/Relu_output_0_zero_point'. It is no longer used by any node.
2026-09-07 22:07:42.7581435 [I:onnxruntime:, graph.cc:4888 onnxruntime::Graph::CleanUnusedInitializersAndNodeArgs] Removing initializer 'classifier.weight_zero_point'. It is no longer used by any node.
2026-09-07 22:07:42.7584402 [I:onnxruntime:, graph.cc:4888 onnxruntime::Graph::CleanUnusedInitializersAndNodeArgs] Removing initializer 'onnx::Conv_1248_quantized'. It is no longer used by any node.
2026-09-07 22:07:42.7587200 [I:onnxruntime:, graph.cc:4888 onnxruntime::Graph::CleanUnusedInitializersAndNodeArgs] Removing initializer '/features/denseblock3/denselayer17/Concat_output_0_zero_point'. It is no longer used by any node.
2026-09-07 22:07:42.7590729 [I:onnxruntime:, graph.cc:4888 onnxruntime::Graph::CleanUnusedInitializersAndNodeArgs] Removing initializer 'onnx::Conv_1220_zero_point'. It is no longer used by any node.
2026-09-07 22:07:42.7593615 [I:onnxruntime:, graph.cc:4888 onnxruntime::Graph::CleanUnusedInitializersAndNodeArgs] Removing initializer 'onnx::Conv_1220_quantized'. It is no longer used by any node.
2026-09-07 22:07:42.7596468 [I:onnxruntime:, graph.cc:4888 onnxruntime::Graph::CleanUnusedInitializersAndNodeArgs] Removing initializer '/features/denseblock4/denselayer1/norm2/act/Relu_output_0_zero_point'. It is no longer used by any node.
2026-09-07 22:07:42.7600371 [I:onnxruntime:, graph.cc:4888 onnxruntime::Graph::CleanUnusedInitializersAndNodeArgs] Removing initializer '/features/denseblock3/denselayer2/norm2/act/Relu_output_0_zero_point'. It is no longer used by any node.
2026-09-07 22:07:42.7604014 [I:onnxruntime:, graph.cc:4888 onnxruntime::Graph::CleanUnusedInitializersAndNodeArgs] Removing initializer '/features/denseblock3/denselayer19/norm2/act/Relu_output_0_zero_point'. It is no longer used by any node.
2026-09-07 22:07:42.7608115 [I:onnxruntime:, graph.cc:4888 onnxruntime::Graph::CleanUnusedInitializersAndNodeArgs] Removing initializer '/features/denseblock4/denselayer1/conv2/Conv_output_0_zero_point'. It is no longer used by any node.
2026-09-07 22:07:42.7611285 [I:onnxruntime:, graph.cc:4888 onnxruntime::Graph::CleanUnusedInitializersAndNodeArgs] Removing initializer '/features/denseblock3/denselayer2/conv2/Conv_output_0_zero_point'. It is no longer used by any node.
2026-09-07 22:07:42.7614305 [I:onnxruntime:, graph.cc:4888 onnxruntime::Graph::CleanUnusedInitializersAndNodeArgs] Removing initializer '/features/denseblock3/denselayer19/conv2/Conv_output_0_zero_point'. It is no longer used by any node.
2026-09-07 22:07:42.7617274 [I:onnxruntime:, graph.cc:4888 onnxruntime::Graph::CleanUnusedInitializersAndNodeArgs] Removing initializer '/features/denseblock3/denselayer3/norm1/BatchNormalization_output_0weights_zero_point'. It is no longer used by any node.
2026-09-07 22:07:42.7620512 [I:onnxruntime:, graph.cc:4888 onnxruntime::Graph::CleanUnusedInitializersAndNodeArgs] Removing initializer '/features/denseblock3/denselayer18/norm1/BatchNormalization_output_0weights_zero_point'. It is no longer used by any node.
2026-09-07 22:07:42.7624051 [I:onnxruntime:, graph.cc:4888 onnxruntime::Graph::CleanUnusedInitializersAndNodeArgs] Removing initializer '/features/denseblock3/denselayer3/norm1/BatchNormalization_output_0bias_zero_point'. It is no longer used by any node.
2026-09-07 22:07:42.7627711 [I:onnxruntime:, graph.cc:4888 onnxruntime::Graph::CleanUnusedInitializersAndNodeArgs] Removing initializer '/features/denseblock3/denselayer18/norm1/BatchNormalization_output_0bias_zero_point'. It is no longer used by any node.
2026-09-07 22:07:42.7631220 [I:onnxruntime:, graph.cc:4888 onnxruntime::Graph::CleanUnusedInitializersAndNodeArgs] Removing initializer '/features/denseblock3/denselayer3/norm1/BatchNormalization_output_0bias_quantized'. It is no longer used by any node.
2026-09-07 22:07:42.7635128 [I:onnxruntime:, graph.cc:4888 onnxruntime::Graph::CleanUnusedInitializersAndNodeArgs] Removing initializer '/features/denseblock3/denselayer18/norm1/BatchNormalization_output_0bias_quantized'. It is no longer used by any node.
2026-09-07 22:07:42.7638610 [I:onnxruntime:, graph.cc:4888 onnxruntime::Graph::CleanUnusedInitializersAndNodeArgs] Removing initializer '/features/transition3/norm/BatchNormalization_output_0weights_zero_point'. It is no longer used by any node.
2026-09-07 22:07:42.7641848 [I:onnxruntime:, graph.cc:4888 onnxruntime::Graph::CleanUnusedInitializersAndNodeArgs] Removing initializer '/features/denseblock3/denselayer16/norm1/BatchNormalization_output_0bias_zero_point'. It is no longer used by any node.
2026-09-07 22:07:42.7645336 [I:onnxruntime:, graph.cc:4888 onnxruntime::Graph::CleanUnusedInitializersAndNodeArgs] Removing initializer 'onnx::Conv_1223_quantized'. It is no longer used by any node.
2026-09-07 22:07:42.7647989 [I:onnxruntime:, graph.cc:4888 onnxruntime::Graph::CleanUnusedInitializersAndNodeArgs] Removing initializer '/features/denseblock3/denselayer3/conv2/Conv_output_0_zero_point'. It is no longer used by any node.
2026-09-07 22:07:42.7651386 [I:onnxruntime:, graph.cc:4888 onnxruntime::Graph::CleanUnusedInitializersAndNodeArgs] Removing initializer '/features/denseblock3/denselayer18/conv2/Conv_output_0_zero_point'. It is no longer used by any node.
2026-09-07 22:07:42.7654878 [I:onnxruntime:, graph.cc:4888 onnxruntime::Graph::CleanUnusedInitializersAndNodeArgs] Removing initializer 'features.denseblock3.denselayer3.conv2.weight_quantized'. It is no longer used by any node.
2026-09-07 22:07:42.7657923 [I:onnxruntime:, graph.cc:4888 onnxruntime::Graph::CleanUnusedInitializersAndNodeArgs] Removing initializer '/features/denseblock4/denselayer7/Concat_output_0_zero_point'. It is no longer used by any node.
2026-09-07 22:07:42.7661533 [I:onnxruntime:, graph.cc:4888 onnxruntime::Graph::CleanUnusedInitializersAndNodeArgs] Removing initializer '/features/denseblock3/denselayer4/Concat_output_0_zero_point'. It is no longer used by any node.
2026-09-07 22:07:42.7664515 [I:onnxruntime:, graph.cc:4888 onnxruntime::Graph::CleanUnusedInitializersAndNodeArgs] Removing initializer '/features/denseblock4/denselayer7/norm1/BatchNormalization_output_0weights_zero_point'. It is no longer used by any node.
2026-09-07 22:07:42.7668214 [I:onnxruntime:, graph.cc:4888 onnxruntime::Graph::CleanUnusedInitializersAndNodeArgs] Removing initializer '/features/denseblock3/denselayer4/norm1/BatchNormalization_output_0weights_zero_point'. It is no longer used by any node.
2026-09-07 22:07:42.7671948 [I:onnxruntime:, graph.cc:4888 onnxruntime::Graph::CleanUnusedInitializersAndNodeArgs] Removing initializer 'onnx::Conv_1286_zero_point'. It is no longer used by any node.
2026-09-07 22:07:42.7674501 [I:onnxruntime:, graph.cc:4888 onnxruntime::Graph::CleanUnusedInitializersAndNodeArgs] Removing initializer '/features/denseblock4/denselayer7/norm1/BatchNormalization_output_0bias_zero_point'. It is no longer used by any node.
2026-09-07 22:07:42.7677524 [I:onnxruntime:, graph.cc:4888 onnxruntime::Graph::CleanUnusedInitializersAndNodeArgs] Removing initializer '/features/denseblock3/denselayer4/norm1/BatchNormalization_output_0bias_zero_point'. It is no longer used by any node.
2026-09-07 22:07:42.7680850 [I:onnxruntime:, graph.cc:4888 onnxruntime::Graph::CleanUnusedInitializersAndNodeArgs] Removing initializer 'onnx::Conv_1286_quantized'. It is no longer used by any node.
2026-09-07 22:07:42.7682869 [I:onnxruntime:, graph.cc:4888 onnxruntime::Graph::CleanUnusedInitializersAndNodeArgs] Removing initializer '/features/denseblock4/denselayer7/norm1/BatchNormalization_output_0bias_quantized'. It is no longer used by any node.
2026-09-07 22:07:42.7685712 [I:onnxruntime:, graph.cc:4888 onnxruntime::Graph::CleanUnusedInitializersAndNodeArgs] Removing initializer '/features/denseblock3/denselayer4/norm1/BatchNormalization_output_0bias_quantized'. It is no longer used by any node.
2026-09-07 22:07:42.7688731 [I:onnxruntime:, graph.cc:4888 onnxruntime::Graph::CleanUnusedInitializersAndNodeArgs] Removing initializer '/features/denseblock4/denselayer7/norm1/act/Relu_output_0_zero_point'. It is no longer used by any node.
2026-09-07 22:07:42.7692759 [I:onnxruntime:, graph.cc:4888 onnxruntime::Graph::CleanUnusedInitializersAndNodeArgs] Removing initializer '/features/denseblock3/denselayer4/norm1/act/Relu_output_0_zero_point'. It is no longer used by any node.
2026-09-07 22:07:42.7697325 [I:onnxruntime:, graph.cc:4888 onnxruntime::Graph::CleanUnusedInitializersAndNodeArgs] Removing initializer 'onnx::Conv_1295_zero_point'. It is no longer used by any node.
2026-09-07 22:07:42.7702630 [I:onnxruntime:, graph.cc:4888 onnxruntime::Graph::CleanUnusedInitializersAndNodeArgs] Removing initializer '/features/denseblock4/denselayer14/norm1/BatchNormalization_output_0bias_zero_point'. It is no longer used by any node.
2026-09-07 22:07:42.7707510 [I:onnxruntime:, graph.cc:4888 onnxruntime::Graph::CleanUnusedInitializersAndNodeArgs] Removing initializer 'onnx::Conv_1226_zero_point'. It is no longer used by any node.
2026-09-07 22:07:42.7710282 [I:onnxruntime:, graph.cc:4888 onnxruntime::Graph::CleanUnusedInitializersAndNodeArgs] Removing initializer '/features/denseblock3/denselayer24/norm1/BatchNormalization_output_0bias_zero_point'. It is no longer used by any node.
2026-09-07 22:07:42.7713870 [I:onnxruntime:, graph.cc:4888 onnxruntime::Graph::CleanUnusedInitializersAndNodeArgs] Removing initializer '/features/denseblock4/denselayer14/norm1/BatchNormalization_output_0bias_quantized'. It is no longer used by any node.
2026-09-07 22:07:42.7717466 [I:onnxruntime:, graph.cc:4888 onnxruntime::Graph::CleanUnusedInitializersAndNodeArgs] Removing initializer 'onnx::Conv_1226_quantized'. It is no longer used by any node.
2026-09-07 22:07:42.7720469 [I:onnxruntime:, graph.cc:4888 onnxruntime::Graph::CleanUnusedInitializersAndNodeArgs] Removing initializer '/features/denseblock3/denselayer24/norm1/BatchNormalization_output_0bias_quantized'. It is no longer used by any node.
2026-09-07 22:07:42.7724171 [I:onnxruntime:, graph.cc:4888 onnxruntime::Graph::CleanUnusedInitializersAndNodeArgs] Removing initializer 'onnx::Conv_1227_zero_point'. It is no longer used by any node.
2026-09-07 22:07:42.7726855 [I:onnxruntime:, graph.cc:4888 onnxruntime::Graph::CleanUnusedInitializersAndNodeArgs] Removing initializer 'onnx::Conv_1227_quantized'. It is no longer used by any node.
2026-09-07 22:07:42.7729803 [I:onnxruntime:, graph.cc:4888 onnxruntime::Graph::CleanUnusedInitializersAndNodeArgs] Removing initializer '/features/denseblock4/denselayer7/norm2/act/Relu_output_0_zero_point'. It is no longer used by any node.
2026-09-07 22:07:42.7733075 [I:onnxruntime:, graph.cc:4888 onnxruntime::Graph::CleanUnusedInitializersAndNodeArgs] Removing initializer '/features/denseblock3/denselayer4/norm2/act/Relu_output_0_zero_point'. It is no longer used by any node.
2026-09-07 22:07:42.7736317 [I:onnxruntime:, graph.cc:4888 onnxruntime::Graph::CleanUnusedInitializersAndNodeArgs] Removing initializer '/features/denseblock4/denselayer16/norm1/act/Relu_output_0_zero_point'. It is no longer used by any node.
2026-09-07 22:07:42.7739484 [I:onnxruntime:, graph.cc:4888 onnxruntime::Graph::CleanUnusedInitializersAndNodeArgs] Removing initializer '/features/transition3/conv/Conv_output_0_zero_point'. It is no longer used by any node.
2026-09-07 22:07:42.7742513 [I:onnxruntime:, graph.cc:4888 onnxruntime::Graph::CleanUnusedInitializersAndNodeArgs] Removing initializer '/features/denseblock3/denselayer16/Concat_output_0_zero_point'. It is no longer used by any node.
2026-09-07 22:07:42.7745248 [I:onnxruntime:, graph.cc:4888 onnxruntime::Graph::CleanUnusedInitializersAndNodeArgs] Removing initializer '/features/denseblock4/denselayer7/conv2/Conv_output_0_zero_point'. It is no longer used by any node.
2026-09-07 22:07:42.7748031 [I:onnxruntime:, graph.cc:4888 onnxruntime::Graph::CleanUnusedInitializersAndNodeArgs] Removing initializer '/features/denseblock3/denselayer4/conv2/Conv_output_0_zero_point'. It is no longer used by any node.
2026-09-07 22:07:42.7750863 [I:onnxruntime:, graph.cc:4888 onnxruntime::Graph::CleanUnusedInitializersAndNodeArgs] Removing initializer 'features.denseblock3.denselayer16.conv2.weight_zero_point'. It is no longer used by any node.
2026-09-07 22:07:42.7757113 [I:onnxruntime:, graph.cc:4888 onnxruntime::Graph::CleanUnusedInitializersAndNodeArgs] Removing initializer 'features.denseblock3.denselayer4.conv2.weight_zero_point'. It is no longer used by any node.
2026-09-07 22:07:42.7760646 [I:onnxruntime:, graph.cc:4888 onnxruntime::Graph::CleanUnusedInitializersAndNodeArgs] Removing initializer 'features.denseblock3.denselayer4.conv2.weight_quantized'. It is no longer used by any node.
2026-09-07 22:07:42.7763703 [I:onnxruntime:, graph.cc:4888 onnxruntime::Graph::CleanUnusedInitializersAndNodeArgs] Removing initializer 'onnx::Conv_1233_zero_point'. It is no longer used by any node.
2026-09-07 22:07:42.7767101 [I:onnxruntime:, graph.cc:4888 onnxruntime::Graph::CleanUnusedInitializersAndNodeArgs] Removing initializer 'onnx::Conv_1307_scale'. It is no longer used by any node.
2026-09-07 22:07:42.7769686 [I:onnxruntime:, graph.cc:4888 onnxruntime::Graph::CleanUnusedInitializersAndNodeArgs] Removing initializer 'onnx::Conv_1229_quantized'. It is no longer used by any node.
2026-09-07 22:07:42.7779373 [I:onnxruntime:, graph.cc:4888 onnxruntime::Graph::CleanUnusedInitializersAndNodeArgs] Removing initializer '/features/denseblock3/denselayer14/norm1/BatchNormalization_output_0bias_zero_point'. It is no longer used by any node.
2026-09-07 22:07:42.7783286 [I:onnxruntime:, graph.cc:4888 onnxruntime::Graph::CleanUnusedInitializersAndNodeArgs] Removing initializer 'features.denseblock3.denselayer24.conv2.weight_zero_point'. It is no longer used by any node.
2026-09-07 22:07:42.7787081 [I:onnxruntime:, graph.cc:4888 onnxruntime::Graph::CleanUnusedInitializersAndNodeArgs] Removing initializer 'onnx::Conv_1230_zero_point'. It is no longer used by any node.
2026-09-07 22:07:42.7790311 [I:onnxruntime:, graph.cc:4888 onnxruntime::Graph::CleanUnusedInitializersAndNodeArgs] Removing initializer 'onnx::Conv_1230_quantized'. It is no longer used by any node.
2026-09-07 22:07:42.7793678 [I:onnxruntime:, graph.cc:4888 onnxruntime::Graph::CleanUnusedInitializersAndNodeArgs] Removing initializer '/features/denseblock4/denselayer8/norm1/BatchNormalization_output_0weights_zero_point'. It is no longer used by any node.
2026-09-07 22:07:42.7797375 [I:onnxruntime:, graph.cc:4888 onnxruntime::Graph::CleanUnusedInitializersAndNodeArgs] Removing initializer '/features/denseblock3/denselayer10/norm1/BatchNormalization_output_0weights_zero_point'. It is no longer used by any node.
2026-09-07 22:07:42.7800905 [I:onnxruntime:, graph.cc:4888 onnxruntime::Graph::CleanUnusedInitializersAndNodeArgs] Removing initializer 'features.denseblock3.denselayer5.conv2.weight_zero_point'. It is no longer used by any node.
2026-09-07 22:07:42.7804421 [I:onnxruntime:, graph.cc:4888 onnxruntime::Graph::CleanUnusedInitializersAndNodeArgs] Removing initializer '/features/denseblock4/denselayer5/Concat_output_0_zero_point'. It is no longer used by any node.
2026-09-07 22:07:42.7808264 [I:onnxruntime:, graph.cc:4888 onnxruntime::Graph::CleanUnusedInitializersAndNodeArgs] Removing initializer '/features/denseblock3/denselayer6/Concat_output_0_zero_point'. It is no longer used by any node.
2026-09-07 22:07:42.7812762 [I:onnxruntime:, graph.cc:4888 onnxruntime::Graph::CleanUnusedInitializersAndNodeArgs] Removing initializer 'onnx::Conv_1284_quantized'. It is no longer used by any node.
2026-09-07 22:07:42.7815891 [I:onnxruntime:, graph.cc:4888 onnxruntime::Graph::CleanUnusedInitializersAndNodeArgs] Removing initializer '/features/denseblock4/denselayer5/norm1/BatchNormalization_output_0weights_zero_point'. It is no longer used by any node.
2026-09-07 22:07:42.7819813 [I:onnxruntime:, graph.cc:4888 onnxruntime::Graph::CleanUnusedInitializersAndNodeArgs] Removing initializer '/features/denseblock3/denselayer6/norm1/BatchNormalization_output_0weights_zero_point'. It is no longer used by any node.
2026-09-07 22:07:42.7824024 [I:onnxruntime:, graph.cc:4888 onnxruntime::Graph::CleanUnusedInitializersAndNodeArgs] Removing initializer '/features/denseblock4/denselayer5/norm1/BatchNormalization_output_0weights_quantized'. It is no longer used by any node.
2026-09-07 22:07:42.7828110 [I:onnxruntime:, graph.cc:4888 onnxruntime::Graph::CleanUnusedInitializersAndNodeArgs] Removing initializer '/features/denseblock3/denselayer6/norm1/BatchNormalization_output_0weights_quantized'. It is no longer used by any node.
2026-09-07 22:07:42.7833291 [I:onnxruntime:, graph.cc:4888 onnxruntime::Graph::CleanUnusedInitializersAndNodeArgs] Removing initializer 'onnx::Conv_1232_zero_point'. It is no longer used by any node.
2026-09-07 22:07:42.7837005 [I:onnxruntime:, graph.cc:4888 onnxruntime::Graph::CleanUnusedInitializersAndNodeArgs] Removing initializer 'onnx::Conv_1233_quantized'. It is no longer used by any node.
2026-09-07 22:07:42.7840003 [I:onnxruntime:, graph.cc:4888 onnxruntime::Graph::CleanUnusedInitializersAndNodeArgs] Removing initializer '/features/denseblock4/denselayer5/norm2/act/Relu_output_0_zero_point'. It is no longer used by any node.
2026-09-07 22:07:42.7843960 [I:onnxruntime:, graph.cc:4888 onnxruntime::Graph::CleanUnusedInitializersAndNodeArgs] Removing initializer '/features/denseblock3/denselayer6/norm2/act/Relu_output_0_zero_point'. It is no longer used by any node.
2026-09-07 22:07:42.7848372 [I:onnxruntime:, graph.cc:4888 onnxruntime::Graph::CleanUnusedInitializersAndNodeArgs] Removing initializer 'features.denseblock4.denselayer5.conv2.weight_zero_point'. It is no longer used by any node.
2026-09-07 22:07:42.7853024 [I:onnxruntime:, graph.cc:4888 onnxruntime::Graph::CleanUnusedInitializersAndNodeArgs] Removing initializer '/features/denseblock4/denselayer5/conv2/Conv_output_0_zero_point'. It is no longer used by any node.
2026-09-07 22:07:42.7857303 [I:onnxruntime:, graph.cc:4888 onnxruntime::Graph::CleanUnusedInitializersAndNodeArgs] Removing initializer '/features/denseblock3/denselayer6/conv2/Conv_output_0_zero_point'. It is no longer used by any node.
2026-09-07 22:07:42.7860832 [I:onnxruntime:, graph.cc:4888 onnxruntime::Graph::CleanUnusedInitializersAndNodeArgs] Removing initializer '/features/transition3/norm/act/Relu_output_0_zero_point'. It is no longer used by any node.
2026-09-07 22:07:42.7864359 [I:onnxruntime:, graph.cc:4888 onnxruntime::Graph::CleanUnusedInitializersAndNodeArgs] Removing initializer 'features.denseblock3.denselayer6.conv2.weight_quantized'. It is no longer used by any node.
2026-09-07 22:07:42.7867927 [I:onnxruntime:, graph.cc:4888 onnxruntime::Graph::CleanUnusedInitializersAndNodeArgs] Removing initializer '/features/denseblock4/denselayer11/norm1/BatchNormalization_output_0weights_zero_point'. It is no longer used by any node.
2026-09-07 22:07:42.7872454 [I:onnxruntime:, graph.cc:4888 onnxruntime::Graph::CleanUnusedInitializersAndNodeArgs] Removing initializer '/features/denseblock4/denselayer4/Concat_output_0_zero_point'. It is no longer used by any node.
2026-09-07 22:07:42.7875365 [I:onnxruntime:, graph.cc:4888 onnxruntime::Graph::CleanUnusedInitializersAndNodeArgs] Removing initializer '/features/denseblock3/denselayer7/Concat_output_0_zero_point'. It is no longer used by any node.
2026-09-07 22:07:42.7878159 [I:onnxruntime:, graph.cc:4888 onnxruntime::Graph::CleanUnusedInitializersAndNodeArgs] Removing initializer '/features/denseblock3/denselayer21/norm1/BatchNormalization_output_0weights_zero_point'. It is no longer used by any node.
2026-09-07 22:07:42.7881692 [I:onnxruntime:, graph.cc:4888 onnxruntime::Graph::CleanUnusedInitializersAndNodeArgs] Removing initializer '/features/denseblock4/denselayer4/norm1/BatchNormalization_output_0weights_zero_point'. It is no longer used by any node.
2026-09-07 22:07:42.7884659 [I:onnxruntime:, graph.cc:4888 onnxruntime::Graph::CleanUnusedInitializersAndNodeArgs] Removing initializer '/features/denseblock3/denselayer7/norm1/BatchNormalization_output_0weights_zero_point'. It is no longer used by any node.
2026-09-07 22:07:42.7887876 [I:onnxruntime:, graph.cc:4888 onnxruntime::Graph::CleanUnusedInitializersAndNodeArgs] Removing initializer '/features/denseblock4/denselayer4/norm1/BatchNormalization_output_0weights_quantized'. It is no longer used by any node.
2026-09-07 22:07:42.7891017 [I:onnxruntime:, graph.cc:4888 onnxruntime::Graph::CleanUnusedInitializersAndNodeArgs] Removing initializer '/features/denseblock3/denselayer7/norm1/BatchNormalization_output_0weights_quantized'. It is no longer used by any node.
2026-09-07 22:07:42.7894188 [I:onnxruntime:, graph.cc:4888 onnxruntime::Graph::CleanUnusedInitializersAndNodeArgs] Removing initializer '/features/denseblock4/denselayer4/norm1/BatchNormalization_output_0bias_zero_point'. It is no longer used by any node.
2026-09-07 22:07:42.7897173 [I:onnxruntime:, graph.cc:4888 onnxruntime::Graph::CleanUnusedInitializersAndNodeArgs] Removing initializer '/features/denseblock3/denselayer7/norm1/BatchNormalization_output_0bias_zero_point'. It is no longer used by any node.
2026-09-07 22:07:42.7901891 [I:onnxruntime:, graph.cc:4888 onnxruntime::Graph::CleanUnusedInitializersAndNodeArgs] Removing initializer '/features/denseblock4/denselayer4/norm1/BatchNormalization_output_0bias_quantized'. It is no longer used by any node.
2026-09-07 22:07:42.7907129 [I:onnxruntime:, graph.cc:4888 onnxruntime::Graph::CleanUnusedInitializersAndNodeArgs] Removing initializer '/features/denseblock3/denselayer7/norm1/BatchNormalization_output_0bias_quantized'. It is no longer used by any node.
2026-09-07 22:07:42.7910439 [I:onnxruntime:, graph.cc:4888 onnxruntime::Graph::CleanUnusedInitializersAndNodeArgs] Removing initializer '/features/denseblock4/denselayer4/norm1/act/Relu_output_0_zero_point'. It is no longer used by any node.
2026-09-07 22:07:42.7913097 [I:onnxruntime:, graph.cc:4888 onnxruntime::Graph::CleanUnusedInitializersAndNodeArgs] Removing initializer '/features/denseblock3/denselayer7/norm1/act/Relu_output_0_zero_point'. It is no longer used by any node.
2026-09-07 22:07:42.7915668 [I:onnxruntime:, graph.cc:4888 onnxruntime::Graph::CleanUnusedInitializersAndNodeArgs] Removing initializer 'features.denseblock4.denselayer7.conv2.weight_quantized'. It is no longer used by any node.
2026-09-07 22:07:42.7918915 [I:onnxruntime:, graph.cc:4888 onnxruntime::Graph::CleanUnusedInitializersAndNodeArgs] Removing initializer 'features.denseblock3.denselayer7.conv2.weight_zero_point'. It is no longer used by any node.
2026-09-07 22:07:42.7922113 [I:onnxruntime:, graph.cc:4888 onnxruntime::Graph::CleanUnusedInitializersAndNodeArgs] Removing initializer 'features.denseblock3.denselayer7.conv2.weight_quantized'. It is no longer used by any node.
2026-09-07 22:07:42.7925701 [I:onnxruntime:, graph.cc:4888 onnxruntime::Graph::CleanUnusedInitializersAndNodeArgs] Removing initializer '/features/denseblock3/denselayer8/norm1/BatchNormalization_output_0weights_zero_point'. It is no longer used by any node.
2026-09-07 22:07:42.7929781 [I:onnxruntime:, graph.cc:4888 onnxruntime::Graph::CleanUnusedInitializersAndNodeArgs] Removing initializer '/features/denseblock3/denselayer13/norm1/BatchNormalization_output_0weights_zero_point'. It is no longer used by any node.
2026-09-07 22:07:42.7932952 [I:onnxruntime:, graph.cc:4888 onnxruntime::Graph::CleanUnusedInitializersAndNodeArgs] Removing initializer '/features/denseblock3/denselayer8/norm1/BatchNormalization_output_0weights_quantized'. It is no longer used by any node.
2026-09-07 22:07:42.7936737 [I:onnxruntime:, graph.cc:4888 onnxruntime::Graph::CleanUnusedInitializersAndNodeArgs] Removing initializer '/features/denseblock3/denselayer13/norm1/BatchNormalization_output_0weights_quantized'. It is no longer used by any node.
2026-09-07 22:07:42.7940096 [I:onnxruntime:, graph.cc:4888 onnxruntime::Graph::CleanUnusedInitializersAndNodeArgs] Removing initializer '/features/denseblock3/denselayer8/norm1/BatchNormalization_output_0bias_zero_point'. It is no longer used by any node.
2026-09-07 22:07:42.7943436 [I:onnxruntime:, graph.cc:4888 onnxruntime::Graph::CleanUnusedInitializersAndNodeArgs] Removing initializer '/features/denseblock3/denselayer13/norm1/BatchNormalization_output_0bias_zero_point'. It is no longer used by any node.
2026-09-07 22:07:42.7947494 [I:onnxruntime:, graph.cc:4888 onnxruntime::Graph::CleanUnusedInitializersAndNodeArgs] Removing initializer '/features/denseblock3/denselayer8/norm1/act/Relu_output_0_zero_point'. It is no longer used by any node.
2026-09-07 22:07:42.7950770 [I:onnxruntime:, graph.cc:4888 onnxruntime::Graph::CleanUnusedInitializersAndNodeArgs] Removing initializer '/features/denseblock3/denselayer13/norm1/act/Relu_output_0_zero_point'. It is no longer used by any node.
2026-09-07 22:07:42.7954133 [I:onnxruntime:, graph.cc:4888 onnxruntime::Graph::CleanUnusedInitializersAndNodeArgs] Removing initializer '/features/denseblock4/denselayer15/norm1/act/Relu_output_0_zero_point'. It is no longer used by any node.
2026-09-07 22:07:42.7957738 [I:onnxruntime:, graph.cc:4888 onnxruntime::Graph::CleanUnusedInitializersAndNodeArgs] Removing initializer '/features/denseblock4/denselayer12/norm1/act/Relu_output_0_zero_point'. It is no longer used by any node.
2026-09-07 22:07:42.7961096 [I:onnxruntime:, graph.cc:4888 onnxruntime::Graph::CleanUnusedInitializersAndNodeArgs] Removing initializer 'onnx::Conv_1238_quantized'. It is no longer used by any node.
2026-09-07 22:07:42.7964474 [I:onnxruntime:, graph.cc:4888 onnxruntime::Graph::CleanUnusedInitializersAndNodeArgs] Removing initializer '/features/denseblock3/denselayer22/norm1/act/Relu_output_0_zero_point'. It is no longer used by any node.
2026-09-07 22:07:42.7968032 [I:onnxruntime:, graph.cc:4888 onnxruntime::Graph::CleanUnusedInitializersAndNodeArgs] Removing initializer '/features/denseblock3/Concat_output_0_zero_point'. It is no longer used by any node.
2026-09-07 22:07:42.7971164 [I:onnxruntime:, graph.cc:4888 onnxruntime::Graph::CleanUnusedInitializersAndNodeArgs] Removing initializer '/features/denseblock4/denselayer10/norm1/BatchNormalization_output_0bias_quantized'. It is no longer used by any node.
2026-09-07 22:07:42.7974774 [I:onnxruntime:, graph.cc:4888 onnxruntime::Graph::CleanUnusedInitializersAndNodeArgs] Removing initializer '/features/denseblock3/denselayer8/norm2/act/Relu_output_0_zero_point'. It is no longer used by any node.
2026-09-07 22:07:42.7978449 [I:onnxruntime:, graph.cc:4888 onnxruntime::Graph::CleanUnusedInitializersAndNodeArgs] Removing initializer '/features/denseblock3/denselayer13/norm2/act/Relu_output_0_zero_point'. It is no longer used by any node.
2026-09-07 22:07:42.7981216 [I:onnxruntime:, graph.cc:4888 onnxruntime::Graph::CleanUnusedInitializersAndNodeArgs] Removing initializer '/features/denseblock3/denselayer20/norm1/BatchNormalization_output_0bias_quantized'. It is no longer used by any node.
2026-09-07 22:07:42.7984171 [I:onnxruntime:, graph.cc:4888 onnxruntime::Graph::CleanUnusedInitializersAndNodeArgs] Removing initializer 'onnx::Conv_1272_quantized'. It is no longer used by any node.
2026-09-07 22:07:42.7986161 [I:onnxruntime:, graph.cc:4888 onnxruntime::Graph::CleanUnusedInitializersAndNodeArgs] Removing initializer '/features/denseblock3/denselayer8/conv2/Conv_output_0_zero_point'. It is no longer used by any node.
2026-09-07 22:07:42.7988734 [I:onnxruntime:, graph.cc:4888 onnxruntime::Graph::CleanUnusedInitializersAndNodeArgs] Removing initializer '/features/denseblock3/denselayer13/conv2/Conv_output_0_zero_point'. It is no longer used by any node.
2026-09-07 22:07:42.7991336 [I:onnxruntime:, graph.cc:4888 onnxruntime::Graph::CleanUnusedInitializersAndNodeArgs] Removing initializer '/features/denseblock3/denselayer16/norm1/BatchNormalization_output_0weights_quantized'. It is no longer used by any node.
2026-09-07 22:07:42.7994090 [I:onnxruntime:, graph.cc:4888 onnxruntime::Graph::CleanUnusedInitializersAndNodeArgs] Removing initializer 'onnx::Conv_1262_zero_point'. It is no longer used by any node.
2026-09-07 22:07:42.7996324 [I:onnxruntime:, graph.cc:4888 onnxruntime::Graph::CleanUnusedInitializersAndNodeArgs] Removing initializer '/features/denseblock3/denselayer9/Concat_output_0_zero_point'. It is no longer used by any node.
2026-09-07 22:07:42.7999280 [I:onnxruntime:, graph.cc:4888 onnxruntime::Graph::CleanUnusedInitializersAndNodeArgs] Removing initializer '/features/denseblock3/denselayer12/Concat_output_0_zero_point'. It is no longer used by any node.
2026-09-07 22:07:42.8003084 [I:onnxruntime:, graph.cc:4888 onnxruntime::Graph::CleanUnusedInitializersAndNodeArgs] Removing initializer '/features/denseblock3/denselayer9/norm1/BatchNormalization_output_0weights_zero_point'. It is no longer used by any node.
2026-09-07 22:07:42.8012578 [I:onnxruntime:, graph.cc:4888 onnxruntime::Graph::CleanUnusedInitializersAndNodeArgs] Removing initializer '/features/denseblock3/denselayer12/norm1/BatchNormalization_output_0weights_zero_point'. It is no longer used by any node.
2026-09-07 22:07:42.8022393 [I:onnxruntime:, graph.cc:4888 onnxruntime::Graph::CleanUnusedInitializersAndNodeArgs] Removing initializer '/features/denseblock3/denselayer9/norm1/BatchNormalization_output_0weights_quantized'. It is no longer used by any node.
2026-09-07 22:07:42.8025527 [I:onnxruntime:, graph.cc:4888 onnxruntime::Graph::CleanUnusedInitializersAndNodeArgs] Removing initializer '/features/denseblock3/denselayer12/norm1/BatchNormalization_output_0weights_quantized'. It is no longer used by any node.
2026-09-07 22:07:42.8029150 [I:onnxruntime:, graph.cc:4888 onnxruntime::Graph::CleanUnusedInitializersAndNodeArgs] Removing initializer 'onnx::Conv_1260_quantized'. It is no longer used by any node.
2026-09-07 22:07:42.8031597 [I:onnxruntime:, graph.cc:4888 onnxruntime::Graph::CleanUnusedInitializersAndNodeArgs] Removing initializer '/features/denseblock3/denselayer9/norm1/BatchNormalization_output_0bias_zero_point'. It is no longer used by any node.
2026-09-07 22:07:42.8034724 [I:onnxruntime:, graph.cc:4888 onnxruntime::Graph::CleanUnusedInitializersAndNodeArgs] Removing initializer '/features/denseblock3/denselayer12/norm1/BatchNormalization_output_0bias_zero_point'. It is no longer used by any node.
2026-09-07 22:07:42.8057693 [I:onnxruntime:, graph.cc:4888 onnxruntime::Graph::CleanUnusedInitializersAndNodeArgs] Removing initializer '/features/denseblock3/denselayer9/norm1/BatchNormalization_output_0bias_quantized'. It is no longer used by any node.
2026-09-07 22:07:42.8063946 [I:onnxruntime:, graph.cc:4888 onnxruntime::Graph::CleanUnusedInitializersAndNodeArgs] Removing initializer '/features/denseblock3/denselayer12/norm1/BatchNormalization_output_0bias_quantized'. It is no longer used by any node.
2026-09-07 22:07:42.8069927 [I:onnxruntime:, graph.cc:4888 onnxruntime::Graph::CleanUnusedInitializersAndNodeArgs] Removing initializer 'onnx::Conv_1241_zero_point'. It is no longer used by any node.
2026-09-07 22:07:42.8073103 [I:onnxruntime:, graph.cc:4888 onnxruntime::Graph::CleanUnusedInitializersAndNodeArgs] Removing initializer 'onnx::Conv_1241_quantized'. It is no longer used by any node.
2026-09-07 22:07:42.8075870 [I:onnxruntime:, graph.cc:4888 onnxruntime::Graph::CleanUnusedInitializersAndNodeArgs] Removing initializer '/features/denseblock3/denselayer9/conv2/Conv_output_0_zero_point'. It is no longer used by any node.
2026-09-07 22:07:42.8078777 [I:onnxruntime:, graph.cc:4888 onnxruntime::Graph::CleanUnusedInitializersAndNodeArgs] Removing initializer '/features/denseblock3/denselayer12/conv2/Conv_output_0_zero_point'. It is no longer used by any node.
2026-09-07 22:07:42.8081697 [I:onnxruntime:, graph.cc:4888 onnxruntime::Graph::CleanUnusedInitializersAndNodeArgs] Removing initializer 'features.denseblock3.denselayer9.conv2.weight_zero_point'. It is no longer used by any node.
2026-09-07 22:07:42.8085074 [I:onnxruntime:, graph.cc:4888 onnxruntime::Graph::CleanUnusedInitializersAndNodeArgs] Removing initializer 'features.denseblock3.denselayer9.conv2.weight_quantized'. It is no longer used by any node.
2026-09-07 22:07:42.8088724 [I:onnxruntime:, graph.cc:4888 onnxruntime::Graph::CleanUnusedInitializersAndNodeArgs] Removing initializer '/features/denseblock4/denselayer8/Concat_output_0_zero_point'. It is no longer used by any node.
2026-09-07 22:07:42.8093212 [I:onnxruntime:, graph.cc:4888 onnxruntime::Graph::CleanUnusedInitializersAndNodeArgs] Removing initializer '/features/denseblock3/denselayer10/Concat_output_0_zero_point'. It is no longer used by any node.
2026-09-07 22:07:42.8096429 [I:onnxruntime:, graph.cc:4888 onnxruntime::Graph::CleanUnusedInitializersAndNodeArgs] Removing initializer '/features/denseblock4/denselayer8/norm1/BatchNormalization_output_0weights_quantized'. It is no longer used by any node.
2026-09-07 22:07:42.8100253 [I:onnxruntime:, graph.cc:4888 onnxruntime::Graph::CleanUnusedInitializersAndNodeArgs] Removing initializer '/features/denseblock3/denselayer10/norm1/BatchNormalization_output_0weights_quantized'. It is no longer used by any node.
2026-09-07 22:07:42.8103872 [I:onnxruntime:, graph.cc:4888 onnxruntime::Graph::CleanUnusedInitializersAndNodeArgs] Removing initializer '/features/denseblock4/denselayer8/norm1/BatchNormalization_output_0bias_zero_point'. It is no longer used by any node.
2026-09-07 22:07:42.8107655 [I:onnxruntime:, graph.cc:4888 onnxruntime::Graph::CleanUnusedInitializersAndNodeArgs] Removing initializer '/features/denseblock3/denselayer10/norm1/BatchNormalization_output_0bias_zero_point'. It is no longer used by any node.
2026-09-07 22:07:42.8115616 [I:onnxruntime:, graph.cc:4888 onnxruntime::Graph::CleanUnusedInitializersAndNodeArgs] Removing initializer '/features/denseblock4/denselayer10/conv2/Conv_output_0_zero_point'. It is no longer used by any node.
2026-09-07 22:07:42.8119279 [I:onnxruntime:, graph.cc:4888 onnxruntime::Graph::CleanUnusedInitializersAndNodeArgs] Removing initializer '/features/denseblock4/denselayer8/norm1/BatchNormalization_output_0bias_quantized'. It is no longer used by any node.
2026-09-07 22:07:42.8123331 [I:onnxruntime:, graph.cc:4888 onnxruntime::Graph::CleanUnusedInitializersAndNodeArgs] Removing initializer '/features/denseblock3/denselayer10/norm1/BatchNormalization_output_0bias_quantized'. It is no longer used by any node.
2026-09-07 22:07:42.8127361 [I:onnxruntime:, graph.cc:4888 onnxruntime::Graph::CleanUnusedInitializersAndNodeArgs] Removing initializer '/features/denseblock3/denselayer20/conv2/Conv_output_0_zero_point'. It is no longer used by any node.
2026-09-07 22:07:42.8130888 [I:onnxruntime:, graph.cc:4888 onnxruntime::Graph::CleanUnusedInitializersAndNodeArgs] Removing initializer 'onnx::Conv_1244_zero_point'. It is no longer used by any node.
2026-09-07 22:07:42.8134349 [I:onnxruntime:, graph.cc:4888 onnxruntime::Graph::CleanUnusedInitializersAndNodeArgs] Removing initializer '/features/denseblock3/denselayer15/norm2/act/Relu_output_0_zero_point'. It is no longer used by any node.
2026-09-07 22:07:42.8140023 [I:onnxruntime:, graph.cc:4888 onnxruntime::Graph::CleanUnusedInitializersAndNodeArgs] Removing initializer 'onnx::Conv_1311_quantized'. It is no longer used by any node.
2026-09-07 22:07:42.8143001 [I:onnxruntime:, graph.cc:4888 onnxruntime::Graph::CleanUnusedInitializersAndNodeArgs] Removing initializer 'onnx::Conv_1277_zero_point'. It is no longer used by any node.
2026-09-07 22:07:42.8147742 [I:onnxruntime:, graph.cc:4888 onnxruntime::Graph::CleanUnusedInitializersAndNodeArgs] Removing initializer 'features.denseblock3.denselayer10.conv2.weight_quantized'. It is no longer used by any node.
2026-09-07 22:07:42.8151926 [I:onnxruntime:, graph.cc:4888 onnxruntime::Graph::CleanUnusedInitializersAndNodeArgs] Removing initializer '/features/denseblock4/denselayer9/Concat_output_0_zero_point'. It is no longer used by any node.
2026-09-07 22:07:42.8156445 [I:onnxruntime:, graph.cc:4888 onnxruntime::Graph::CleanUnusedInitializersAndNodeArgs] Removing initializer '/features/denseblock3/denselayer11/Concat_output_0_zero_point'. It is no longer used by any node.
2026-09-07 22:07:42.8160542 [I:onnxruntime:, graph.cc:4888 onnxruntime::Graph::CleanUnusedInitializersAndNodeArgs] Removing initializer '/features/denseblock4/denselayer9/norm1/BatchNormalization_output_0weights_zero_point'. It is no longer used by any node.
2026-09-07 22:07:42.8164736 [I:onnxruntime:, graph.cc:4888 onnxruntime::Graph::CleanUnusedInitializersAndNodeArgs] Removing initializer '/features/denseblock3/denselayer11/norm1/BatchNormalization_output_0weights_zero_point'. It is no longer used by any node.
2026-09-07 22:07:42.8169637 [I:onnxruntime:, graph.cc:4888 onnxruntime::Graph::CleanUnusedInitializersAndNodeArgs] Removing initializer '/features/denseblock4/denselayer9/norm1/BatchNormalization_output_0bias_zero_point'. It is no longer used by any node.
2026-09-07 22:07:42.8173284 [I:onnxruntime:, graph.cc:4888 onnxruntime::Graph::CleanUnusedInitializersAndNodeArgs] Removing initializer '/features/denseblock3/denselayer11/norm1/BatchNormalization_output_0bias_zero_point'. It is no longer used by any node.
2026-09-07 22:07:42.8177887 [I:onnxruntime:, graph.cc:4888 onnxruntime::Graph::CleanUnusedInitializersAndNodeArgs] Removing initializer '/features/denseblock4/denselayer9/norm1/act/Relu_output_0_zero_point'. It is no longer used by any node.
2026-09-07 22:07:42.8182885 [I:onnxruntime:, graph.cc:4888 onnxruntime::Graph::CleanUnusedInitializersAndNodeArgs] Removing initializer 'onnx::Conv_1290_quantized'. It is no longer used by any node.
2026-09-07 22:07:42.8185663 [I:onnxruntime:, graph.cc:4888 onnxruntime::Graph::CleanUnusedInitializersAndNodeArgs] Removing initializer '/features/denseblock3/denselayer11/norm1/act/Relu_output_0_zero_point'. It is no longer used by any node.
2026-09-07 22:07:42.8188917 [I:onnxruntime:, graph.cc:4888 onnxruntime::Graph::CleanUnusedInitializersAndNodeArgs] Removing initializer 'onnx::Conv_1247_quantized'. It is no longer used by any node.
2026-09-07 22:07:42.8191266 [I:onnxruntime:, graph.cc:4888 onnxruntime::Graph::CleanUnusedInitializersAndNodeArgs] Removing initializer 'onnx::Conv_1248_zero_point'. It is no longer used by any node.
2026-09-07 22:07:42.8194034 [I:onnxruntime:, graph.cc:4888 onnxruntime::Graph::CleanUnusedInitializersAndNodeArgs] Removing initializer '/features/denseblock4/denselayer9/norm2/act/Relu_output_0_zero_point'. It is no longer used by any node.
2026-09-07 22:07:42.8197756 [I:onnxruntime:, graph.cc:4888 onnxruntime::Graph::CleanUnusedInitializersAndNodeArgs] Removing initializer '/features/denseblock3/denselayer11/norm2/act/Relu_output_0_zero_point'. It is no longer used by any node.
2026-09-07 22:07:42.8201192 [I:onnxruntime:, graph.cc:4888 onnxruntime::Graph::CleanUnusedInitializersAndNodeArgs] Removing initializer '/features/denseblock4/denselayer9/conv2/Conv_output_0_zero_point'. It is no longer used by any node.
2026-09-07 22:07:42.8204443 [I:onnxruntime:, graph.cc:4888 onnxruntime::Graph::CleanUnusedInitializersAndNodeArgs] Removing initializer '/features/denseblock3/denselayer11/conv2/Conv_output_0_zero_point'. It is no longer used by any node.
2026-09-07 22:07:42.8208062 [I:onnxruntime:, graph.cc:4888 onnxruntime::Graph::CleanUnusedInitializersAndNodeArgs] Removing initializer 'features.denseblock3.denselayer11.conv2.weight_zero_point'. It is no longer used by any node.
2026-09-07 22:07:42.8211252 [I:onnxruntime:, graph.cc:4888 onnxruntime::Graph::CleanUnusedInitializersAndNodeArgs] Removing initializer '/features/denseblock4/denselayer11/conv2/Conv_output_0_zero_point'. It is no longer used by any node.
2026-09-07 22:07:42.8214160 [I:onnxruntime:, graph.cc:4888 onnxruntime::Graph::CleanUnusedInitializersAndNodeArgs] Removing initializer '/features/denseblock3/denselayer21/conv2/Conv_output_0_zero_point'. It is no longer used by any node.
2026-09-07 22:07:42.8216844 [I:onnxruntime:, graph.cc:4888 onnxruntime::Graph::CleanUnusedInitializersAndNodeArgs] Removing initializer 'onnx::Conv_1250_zero_point'. It is no longer used by any node.
2026-09-07 22:07:42.8218984 [I:onnxruntime:, graph.cc:4888 onnxruntime::Graph::CleanUnusedInitializersAndNodeArgs] Removing initializer 'onnx::Conv_1250_quantized'. It is no longer used by any node.
2026-09-07 22:07:42.8221299 [I:onnxruntime:, graph.cc:4888 onnxruntime::Graph::CleanUnusedInitializersAndNodeArgs] Removing initializer 'onnx::Conv_1251_zero_point'. It is no longer used by any node.
2026-09-07 22:07:42.8223497 [I:onnxruntime:, graph.cc:4888 onnxruntime::Graph::CleanUnusedInitializersAndNodeArgs] Removing initializer 'onnx::Conv_1251_quantized'. It is no longer used by any node.
2026-09-07 22:07:42.8225666 [I:onnxruntime:, graph.cc:4888 onnxruntime::Graph::CleanUnusedInitializersAndNodeArgs] Removing initializer 'onnx::Conv_1302_zero_point'. It is no longer used by any node.
2026-09-07 22:07:42.8228651 [I:onnxruntime:, graph.cc:4888 onnxruntime::Graph::CleanUnusedInitializersAndNodeArgs] Removing initializer '/features/denseblock4/denselayer13/conv2/Conv_output_0_zero_point'. It is no longer used by any node.
2026-09-07 22:07:42.8231544 [I:onnxruntime:, graph.cc:4888 onnxruntime::Graph::CleanUnusedInitializersAndNodeArgs] Removing initializer '/features/denseblock3/denselayer23/conv2/Conv_output_0_zero_point'. It is no longer used by any node.
2026-09-07 22:07:42.8234589 [I:onnxruntime:, graph.cc:4888 onnxruntime::Graph::CleanUnusedInitializersAndNodeArgs] Removing initializer 'features.denseblock3.denselayer12.conv2.weight_zero_point'. It is no longer used by any node.
2026-09-07 22:07:42.8238149 [I:onnxruntime:, graph.cc:4888 onnxruntime::Graph::CleanUnusedInitializersAndNodeArgs] Removing initializer 'features.denseblock3.denselayer12.conv2.weight_quantized'. It is no longer used by any node.
2026-09-07 22:07:42.8240797 [I:onnxruntime:, graph.cc:4888 onnxruntime::Graph::CleanUnusedInitializersAndNodeArgs] Removing initializer 'onnx::Conv_1271_quantized'. It is no longer used by any node.
2026-09-07 22:07:42.8243009 [I:onnxruntime:, graph.cc:4888 onnxruntime::Graph::CleanUnusedInitializersAndNodeArgs] Removing initializer 'onnx::Conv_1253_zero_point'. It is no longer used by any node.
2026-09-07 22:07:42.8245255 [I:onnxruntime:, graph.cc:4888 onnxruntime::Graph::CleanUnusedInitializersAndNodeArgs] Removing initializer '/features/denseblock4/denselayer11/norm1/act/Relu_output_0_zero_point'. It is no longer used by any node.
2026-09-07 22:07:42.8248691 [I:onnxruntime:, graph.cc:4888 onnxruntime::Graph::CleanUnusedInitializersAndNodeArgs] Removing initializer '/features/denseblock3/denselayer21/norm1/act/Relu_output_0_zero_point'. It is no longer used by any node.
2026-09-07 22:07:42.8252278 [I:onnxruntime:, graph.cc:4888 onnxruntime::Graph::CleanUnusedInitializersAndNodeArgs] Removing initializer 'onnx::Conv_1253_quantized'. It is no longer used by any node.
2026-09-07 22:07:42.8255152 [I:onnxruntime:, graph.cc:4888 onnxruntime::Graph::CleanUnusedInitializersAndNodeArgs] Removing initializer 'features.denseblock4.denselayer2.conv2.weight_zero_point'. It is no longer used by any node.
2026-09-07 22:07:42.8258589 [I:onnxruntime:, graph.cc:4888 onnxruntime::Graph::CleanUnusedInitializersAndNodeArgs] Removing initializer 'onnx::Conv_1254_zero_point'. It is no longer used by any node.
2026-09-07 22:07:42.8261523 [I:onnxruntime:, graph.cc:4888 onnxruntime::Graph::CleanUnusedInitializersAndNodeArgs] Removing initializer 'onnx::Conv_1254_quantized'. It is no longer used by any node.
2026-09-07 22:07:42.8264773 [I:onnxruntime:, graph.cc:4888 onnxruntime::Graph::CleanUnusedInitializersAndNodeArgs] Removing initializer 'features.denseblock3.denselayer13.conv2.weight_zero_point'. It is no longer used by any node.
2026-09-07 22:07:42.8268182 [I:onnxruntime:, graph.cc:4888 onnxruntime::Graph::CleanUnusedInitializersAndNodeArgs] Removing initializer 'features.denseblock3.denselayer13.conv2.weight_quantized'. It is no longer used by any node.
2026-09-07 22:07:42.8270953 [I:onnxruntime:, graph.cc:4888 onnxruntime::Graph::CleanUnusedInitializersAndNodeArgs] Removing initializer '/features/denseblock3/denselayer14/norm1/BatchNormalization_output_0weights_zero_point'. It is no longer used by any node.
2026-09-07 22:07:42.8274209 [I:onnxruntime:, graph.cc:4888 onnxruntime::Graph::CleanUnusedInitializersAndNodeArgs] Removing initializer '/features/denseblock3/denselayer14/norm1/BatchNormalization_output_0weights_quantized'. It is no longer used by any node.
2026-09-07 22:07:42.8278901 [I:onnxruntime:, graph.cc:4888 onnxruntime::Graph::CleanUnusedInitializersAndNodeArgs] Removing initializer '/features/denseblock3/denselayer14/norm1/BatchNormalization_output_0bias_quantized'. It is no longer used by any node.
2026-09-07 22:07:42.8282211 [I:onnxruntime:, graph.cc:4888 onnxruntime::Graph::CleanUnusedInitializersAndNodeArgs] Removing initializer 'features.denseblock3.denselayer24.conv2.weight_quantized'. It is no longer used by any node.
2026-09-07 22:07:42.8285572 [I:onnxruntime:, graph.cc:4888 onnxruntime::Graph::CleanUnusedInitializersAndNodeArgs] Removing initializer 'onnx::Conv_1256_zero_point'. It is no longer used by any node.
2026-09-07 22:07:42.8287986 [I:onnxruntime:, graph.cc:4888 onnxruntime::Graph::CleanUnusedInitializersAndNodeArgs] Removing initializer 'onnx::Conv_1256_quantized'. It is no longer used by any node.
2026-09-07 22:07:42.8290715 [I:onnxruntime:, graph.cc:4888 onnxruntime::Graph::CleanUnusedInitializersAndNodeArgs] Removing initializer 'onnx::Conv_1257_zero_point'. It is no longer used by any node.
2026-09-07 22:07:42.8293828 [I:onnxruntime:, graph.cc:4888 onnxruntime::Graph::CleanUnusedInitializersAndNodeArgs] Removing initializer 'onnx::Conv_1257_quantized'. It is no longer used by any node.
2026-09-07 22:07:42.8296850 [I:onnxruntime:, graph.cc:4888 onnxruntime::Graph::CleanUnusedInitializersAndNodeArgs] Removing initializer '/features/denseblock3/denselayer14/conv2/Conv_output_0_zero_point'. It is no longer used by any node.
2026-09-07 22:07:42.8300782 [I:onnxruntime:, graph.cc:4888 onnxruntime::Graph::CleanUnusedInitializersAndNodeArgs] Removing initializer 'features.denseblock3.denselayer22.conv2.weight_quantized'. It is no longer used by any node.
2026-09-07 22:07:42.8304722 [I:onnxruntime:, graph.cc:4888 onnxruntime::Graph::CleanUnusedInitializersAndNodeArgs] Removing initializer 'features.denseblock3.denselayer14.conv2.weight_zero_point'. It is no longer used by any node.
2026-09-07 22:07:42.8307669 [I:onnxruntime:, graph.cc:4888 onnxruntime::Graph::CleanUnusedInitializersAndNodeArgs] Removing initializer 'onnx::Conv_1265_zero_point'. It is no longer used by any node.
2026-09-07 22:07:42.8310121 [I:onnxruntime:, graph.cc:4888 onnxruntime::Graph::CleanUnusedInitializersAndNodeArgs] Removing initializer 'onnx::Conv_1331_quantized'. It is no longer used by any node.
2026-09-07 22:07:42.8312625 [I:onnxruntime:, graph.cc:4888 onnxruntime::Graph::CleanUnusedInitializersAndNodeArgs] Removing initializer '/features/denseblock3/denselayer15/norm1/BatchNormalization_output_0weights_zero_point'. It is no longer used by any node.
2026-09-07 22:07:42.8339983 [I:onnxruntime:, graph.cc:4888 onnxruntime::Graph::CleanUnusedInitializersAndNodeArgs] Removing initializer '/features/denseblock3/denselayer15/norm1/BatchNormalization_output_0weights_quantized'. It is no longer used by any node.
2026-09-07 22:07:42.8364006 [I:onnxruntime:, graph.cc:4888 onnxruntime::Graph::CleanUnusedInitializersAndNodeArgs] Removing initializer '/features/denseblock3/denselayer15/norm1/act/Relu_output_0_zero_point'. It is no longer used by any node.
2026-09-07 22:07:42.8367888 [I:onnxruntime:, graph.cc:4888 onnxruntime::Graph::CleanUnusedInitializersAndNodeArgs] Removing initializer 'features.denseblock3.denselayer20.conv2.weight_zero_point'. It is no longer used by any node.
2026-09-07 22:07:42.8372265 [I:onnxruntime:, graph.cc:4888 onnxruntime::Graph::CleanUnusedInitializersAndNodeArgs] Removing initializer 'onnx::Conv_1259_zero_point'. It is no longer used by any node.
2026-09-07 22:07:42.8374693 [I:onnxruntime:, graph.cc:4888 onnxruntime::Graph::CleanUnusedInitializersAndNodeArgs] Removing initializer 'onnx::Conv_1259_quantized'. It is no longer used by any node.
2026-09-07 22:07:42.8377030 [I:onnxruntime:, graph.cc:4888 onnxruntime::Graph::CleanUnusedInitializersAndNodeArgs] Removing initializer 'onnx::Conv_1322_zero_point'. It is no longer used by any node.
2026-09-07 22:07:42.8379404 [I:onnxruntime:, graph.cc:4888 onnxruntime::Graph::CleanUnusedInitializersAndNodeArgs] Removing initializer 'features.denseblock3.denselayer15.conv2.weight_zero_point'. It is no longer used by any node.
2026-09-07 22:07:42.8382296 [I:onnxruntime:, graph.cc:4888 onnxruntime::Graph::CleanUnusedInitializersAndNodeArgs] Removing initializer 'onnx::Conv_1299_zero_point'. It is no longer used by any node.
2026-09-07 22:07:42.8384933 [I:onnxruntime:, graph.cc:4888 onnxruntime::Graph::CleanUnusedInitializersAndNodeArgs] Removing initializer 'onnx::Conv_1272_zero_point'. It is no longer used by any node.
2026-09-07 22:07:42.8387863 [I:onnxruntime:, graph.cc:4888 onnxruntime::Graph::CleanUnusedInitializersAndNodeArgs] Removing initializer '/features/denseblock3/denselayer16/norm1/BatchNormalization_output_0weights_zero_point'. It is no longer used by any node.
2026-09-07 22:07:42.8398042 [I:onnxruntime:, graph.cc:4888 onnxruntime::Graph::CleanUnusedInitializersAndNodeArgs] Removing initializer '/features/denseblock3/denselayer16/norm1/BatchNormalization_output_0bias_quantized'. It is no longer used by any node.
2026-09-07 22:07:42.8402917 [I:onnxruntime:, graph.cc:4888 onnxruntime::Graph::CleanUnusedInitializersAndNodeArgs] Removing initializer '/features/denseblock3/denselayer17/norm1/BatchNormalization_output_0bias_zero_point'. It is no longer used by any node.
2026-09-07 22:07:42.8406507 [I:onnxruntime:, graph.cc:4888 onnxruntime::Graph::CleanUnusedInitializersAndNodeArgs] Removing initializer '/features/denseblock3/denselayer16/norm1/act/Relu_output_0_zero_point'. It is no longer used by any node.
2026-09-07 22:07:42.8409962 [I:onnxruntime:, graph.cc:4888 onnxruntime::Graph::CleanUnusedInitializersAndNodeArgs] Removing initializer 'onnx::Conv_1320_zero_point'. It is no longer used by any node.
2026-09-07 22:07:42.8412853 [I:onnxruntime:, graph.cc:4888 onnxruntime::Graph::CleanUnusedInitializersAndNodeArgs] Removing initializer 'onnx::Conv_1263_quantized'. It is no longer used by any node.
2026-09-07 22:07:42.8415973 [I:onnxruntime:, graph.cc:4888 onnxruntime::Graph::CleanUnusedInitializersAndNodeArgs] Removing initializer 'onnx::Conv_1319_quantized'. It is no longer used by any node.
2026-09-07 22:07:42.8418753 [I:onnxruntime:, graph.cc:4888 onnxruntime::Graph::CleanUnusedInitializersAndNodeArgs] Removing initializer 'onnx::Conv_1263_zero_point'. It is no longer used by any node.
2026-09-07 22:07:42.8421861 [I:onnxruntime:, graph.cc:4888 onnxruntime::Graph::CleanUnusedInitializersAndNodeArgs] Removing initializer '/features/denseblock3/denselayer16/norm2/act/Relu_output_0_zero_point'. It is no longer used by any node.
2026-09-07 22:07:42.8426039 [I:onnxruntime:, graph.cc:4888 onnxruntime::Graph::CleanUnusedInitializersAndNodeArgs] Removing initializer '/features/denseblock3/denselayer17/norm2/act/Relu_output_0_zero_point'. It is no longer used by any node.
2026-09-07 22:07:42.8429507 [I:onnxruntime:, graph.cc:4888 onnxruntime::Graph::CleanUnusedInitializersAndNodeArgs] Removing initializer '/features/denseblock3/denselayer16/conv2/Conv_output_0_zero_point'. It is no longer used by any node.
2026-09-07 22:07:42.8432845 [I:onnxruntime:, graph.cc:4888 onnxruntime::Graph::CleanUnusedInitializersAndNodeArgs] Removing initializer 'features.denseblock3.denselayer16.conv2.weight_quantized'. It is no longer used by any node.
2026-09-07 22:07:42.8436171 [I:onnxruntime:, graph.cc:4888 onnxruntime::Graph::CleanUnusedInitializersAndNodeArgs] Removing initializer '/features/denseblock3/denselayer17/norm1/act/Relu_output_0_zero_point'. It is no longer used by any node.
2026-09-07 22:07:42.8439648 [I:onnxruntime:, graph.cc:4888 onnxruntime::Graph::CleanUnusedInitializersAndNodeArgs] Removing initializer 'onnx::Conv_1266_zero_point'. It is no longer used by any node.
2026-09-07 22:07:42.8442762 [I:onnxruntime:, graph.cc:4888 onnxruntime::Graph::CleanUnusedInitializersAndNodeArgs] Removing initializer 'features.denseblock4.denselayer2.conv2.weight_quantized'. It is no longer used by any node.
2026-09-07 22:07:42.8446148 [I:onnxruntime:, graph.cc:4888 onnxruntime::Graph::CleanUnusedInitializersAndNodeArgs] Removing initializer 'features.denseblock3.denselayer17.conv2.weight_zero_point'. It is no longer used by any node.
2026-09-07 22:07:42.8449349 [I:onnxruntime:, graph.cc:4888 onnxruntime::Graph::CleanUnusedInitializersAndNodeArgs] Removing initializer 'onnx::Conv_1268_quantized'. It is no longer used by any node.
2026-09-07 22:07:42.8452134 [I:onnxruntime:, graph.cc:4888 onnxruntime::Graph::CleanUnusedInitializersAndNodeArgs] Removing initializer '/features/denseblock4/denselayer13/Concat_output_0_zero_point'. It is no longer used by any node.
2026-09-07 22:07:42.8455337 [I:onnxruntime:, graph.cc:4888 onnxruntime::Graph::CleanUnusedInitializersAndNodeArgs] Removing initializer 'onnx::Conv_1281_quantized'. It is no longer used by any node.
2026-09-07 22:07:42.8458095 [I:onnxruntime:, graph.cc:4888 onnxruntime::Graph::CleanUnusedInitializersAndNodeArgs] Removing initializer '/features/denseblock3/denselayer23/Concat_output_0_zero_point'. It is no longer used by any node.
2026-09-07 22:07:42.8461923 [I:onnxruntime:, graph.cc:4888 onnxruntime::Graph::CleanUnusedInitializersAndNodeArgs] Removing initializer 'onnx::Conv_1269_zero_point'. It is no longer used by any node.
2026-09-07 22:07:42.8466334 [I:onnxruntime:, graph.cc:4888 onnxruntime::Graph::CleanUnusedInitializersAndNodeArgs] Removing initializer 'onnx::Conv_1269_quantized'. It is no longer used by any node.
2026-09-07 22:07:42.8469053 [I:onnxruntime:, graph.cc:4888 onnxruntime::Graph::CleanUnusedInitializersAndNodeArgs] Removing initializer 'features.denseblock3.denselayer19.conv2.weight_quantized'. It is no longer used by any node.
2026-09-07 22:07:42.8471864 [I:onnxruntime:, graph.cc:4888 onnxruntime::Graph::CleanUnusedInitializersAndNodeArgs] Removing initializer '/features/denseblock4/denselayer10/norm1/BatchNormalization_output_0weights_quantized'. It is no longer used by any node.
2026-09-07 22:07:42.8475661 [I:onnxruntime:, graph.cc:4888 onnxruntime::Graph::CleanUnusedInitializersAndNodeArgs] Removing initializer '/features/denseblock3/denselayer20/norm1/BatchNormalization_output_0weights_quantized'. It is no longer used by any node.
2026-09-07 22:07:42.8479289 [I:onnxruntime:, graph.cc:4888 onnxruntime::Graph::CleanUnusedInitializersAndNodeArgs] Removing initializer '/features/denseblock4/denselayer10/norm1/BatchNormalization_output_0bias_zero_point'. It is no longer used by any node.
2026-09-07 22:07:42.8482889 [I:onnxruntime:, graph.cc:4888 onnxruntime::Graph::CleanUnusedInitializersAndNodeArgs] Removing initializer '/features/denseblock3/denselayer20/norm1/BatchNormalization_output_0bias_zero_point'. It is no longer used by any node.
2026-09-07 22:07:42.8487583 [I:onnxruntime:, graph.cc:4888 onnxruntime::Graph::CleanUnusedInitializersAndNodeArgs] Removing initializer 'onnx::Conv_1275_quantized'. It is no longer used by any node.
2026-09-07 22:07:42.8490902 [I:onnxruntime:, graph.cc:4888 onnxruntime::Graph::CleanUnusedInitializersAndNodeArgs] Removing initializer 'onnx::Conv_1301_zero_point'. It is no longer used by any node.
2026-09-07 22:07:42.8493926 [I:onnxruntime:, graph.cc:4888 onnxruntime::Graph::CleanUnusedInitializersAndNodeArgs] Removing initializer 'onnx::Conv_1277_quantized'. It is no longer used by any node.
2026-09-07 22:07:42.8496851 [I:onnxruntime:, graph.cc:4888 onnxruntime::Graph::CleanUnusedInitializersAndNodeArgs] Removing initializer 'onnx::Conv_1278_zero_point'. It is no longer used by any node.
2026-09-07 22:07:42.8500021 [I:onnxruntime:, graph.cc:4888 onnxruntime::Graph::CleanUnusedInitializersAndNodeArgs] Removing initializer 'onnx::Conv_1278_quantized'. It is no longer used by any node.
2026-09-07 22:07:42.8503480 [I:onnxruntime:, graph.cc:4888 onnxruntime::Graph::CleanUnusedInitializersAndNodeArgs] Removing initializer '/features/denseblock4/denselayer11/norm2/act/Relu_output_0_zero_point'. It is no longer used by any node.
2026-09-07 22:07:42.8507358 [I:onnxruntime:, graph.cc:4888 onnxruntime::Graph::CleanUnusedInitializersAndNodeArgs] Removing initializer '/features/denseblock3/denselayer21/norm2/act/Relu_output_0_zero_point'. It is no longer used by any node.
2026-09-07 22:07:42.8511187 [I:onnxruntime:, graph.cc:4888 onnxruntime::Graph::CleanUnusedInitializersAndNodeArgs] Removing initializer '/features/denseblock4/denselayer12/Concat_output_0_zero_point'. It is no longer used by any node.
2026-09-07 22:07:42.8515136 [I:onnxruntime:, graph.cc:4888 onnxruntime::Graph::CleanUnusedInitializersAndNodeArgs] Removing initializer '/features/denseblock3/denselayer22/Concat_output_0_zero_point'. It is no longer used by any node.
2026-09-07 22:07:42.8520108 [I:onnxruntime:, graph.cc:4888 onnxruntime::Graph::CleanUnusedInitializersAndNodeArgs] Removing initializer 'features.denseblock3.denselayer23.conv2.weight_zero_point'. It is no longer used by any node.
2026-09-07 22:07:42.8523824 [I:onnxruntime:, graph.cc:4888 onnxruntime::Graph::CleanUnusedInitializersAndNodeArgs] Removing initializer '/features/denseblock4/denselayer12/norm1/BatchNormalization_output_0weights_zero_point'. It is no longer used by any node.
2026-09-07 22:07:42.8528156 [I:onnxruntime:, graph.cc:4888 onnxruntime::Graph::CleanUnusedInitializersAndNodeArgs] Removing initializer '/features/denseblock3/denselayer22/norm1/BatchNormalization_output_0weights_zero_point'. It is no longer used by any node.
2026-09-07 22:07:42.8532245 [I:onnxruntime:, graph.cc:4888 onnxruntime::Graph::CleanUnusedInitializersAndNodeArgs] Removing initializer 'features.denseblock3.denselayer23.conv2.weight_quantized'. It is no longer used by any node.
2026-09-07 22:07:42.8535681 [I:onnxruntime:, graph.cc:4888 onnxruntime::Graph::CleanUnusedInitializersAndNodeArgs] Removing initializer '/features/denseblock4/denselayer12/norm1/BatchNormalization_output_0weights_quantized'. It is no longer used by any node.
2026-09-07 22:07:42.8539467 [I:onnxruntime:, graph.cc:4888 onnxruntime::Graph::CleanUnusedInitializersAndNodeArgs] Removing initializer '/features/denseblock3/denselayer22/norm1/BatchNormalization_output_0weights_quantized'. It is no longer used by any node.
2026-09-07 22:07:42.8542412 [I:onnxruntime:, graph.cc:4888 onnxruntime::Graph::CleanUnusedInitializersAndNodeArgs] Removing initializer '/features/denseblock4/denselayer12/norm1/BatchNormalization_output_0bias_quantized'. It is no longer used by any node.
2026-09-07 22:07:42.8545878 [I:onnxruntime:, graph.cc:4888 onnxruntime::Graph::CleanUnusedInitializersAndNodeArgs] Removing initializer '/features/denseblock3/denselayer22/norm1/BatchNormalization_output_0bias_quantized'. It is no longer used by any node.
2026-09-07 22:07:42.8548937 [I:onnxruntime:, graph.cc:4888 onnxruntime::Graph::CleanUnusedInitializersAndNodeArgs] Removing initializer 'onnx::Conv_1281_zero_point'. It is no longer used by any node.
2026-09-07 22:07:42.8551207 [I:onnxruntime:, graph.cc:4888 onnxruntime::Graph::CleanUnusedInitializersAndNodeArgs] Removing initializer 'features.denseblock3.denselayer22.conv2.weight_zero_point'. It is no longer used by any node.
2026-09-07 22:07:42.8554632 [I:onnxruntime:, graph.cc:4888 onnxruntime::Graph::CleanUnusedInitializersAndNodeArgs] Removing initializer '/features/denseblock4/denselayer13/norm1/BatchNormalization_output_0weights_zero_point'. It is no longer used by any node.
2026-09-07 22:07:42.8558481 [I:onnxruntime:, graph.cc:4888 onnxruntime::Graph::CleanUnusedInitializersAndNodeArgs] Removing initializer '/features/denseblock3/denselayer23/norm1/BatchNormalization_output_0weights_zero_point'. It is no longer used by any node.
2026-09-07 22:07:42.8562536 [I:onnxruntime:, graph.cc:4888 onnxruntime::Graph::CleanUnusedInitializersAndNodeArgs] Removing initializer '/features/denseblock4/denselayer14/norm1/BatchNormalization_output_0weights_zero_point'. It is no longer used by any node.
2026-09-07 22:07:42.8566071 [I:onnxruntime:, graph.cc:4888 onnxruntime::Graph::CleanUnusedInitializersAndNodeArgs] Removing initializer '/features/denseblock3/denselayer24/norm1/BatchNormalization_output_0weights_zero_point'. It is no longer used by any node.
2026-09-07 22:07:42.8569639 [I:onnxruntime:, graph.cc:4888 onnxruntime::Graph::CleanUnusedInitializersAndNodeArgs] Removing initializer '/features/denseblock4/denselayer13/norm1/BatchNormalization_output_0bias_zero_point'. It is no longer used by any node.
2026-09-07 22:07:42.8574071 [I:onnxruntime:, graph.cc:4888 onnxruntime::Graph::CleanUnusedInitializersAndNodeArgs] Removing initializer '/features/denseblock3/denselayer23/norm1/BatchNormalization_output_0bias_zero_point'. It is no longer used by any node.
2026-09-07 22:07:42.8577714 [I:onnxruntime:, graph.cc:4888 onnxruntime::Graph::CleanUnusedInitializersAndNodeArgs] Removing initializer '/features/denseblock4/denselayer13/norm1/BatchNormalization_output_0bias_quantized'. It is no longer used by any node.
2026-09-07 22:07:42.8581300 [I:onnxruntime:, graph.cc:4888 onnxruntime::Graph::CleanUnusedInitializersAndNodeArgs] Removing initializer '/features/denseblock3/denselayer23/norm1/BatchNormalization_output_0bias_quantized'. It is no longer used by any node.
2026-09-07 22:07:42.8584938 [I:onnxruntime:, graph.cc:4888 onnxruntime::Graph::CleanUnusedInitializersAndNodeArgs] Removing initializer 'onnx::Conv_1283_zero_point'. It is no longer used by any node.
2026-09-07 22:07:42.8587672 [I:onnxruntime:, graph.cc:4888 onnxruntime::Graph::CleanUnusedInitializersAndNodeArgs] Removing initializer 'onnx::Conv_1283_quantized'. It is no longer used by any node.
2026-09-07 22:07:42.8591153 [I:onnxruntime:, graph.cc:4888 onnxruntime::Graph::CleanUnusedInitializersAndNodeArgs] Removing initializer 'onnx::Conv_1284_zero_point'. It is no longer used by any node.
2026-09-07 22:07:42.8638034 [I:onnxruntime:, graph.cc:4888 onnxruntime::Graph::CleanUnusedInitializersAndNodeArgs] Removing initializer '/features/denseblock4/denselayer13/norm2/act/Relu_output_0_zero_point'. It is no longer used by any node.
2026-09-07 22:07:42.8641860 [I:onnxruntime:, graph.cc:4888 onnxruntime::Graph::CleanUnusedInitializersAndNodeArgs] Removing initializer '/features/denseblock3/denselayer23/norm2/act/Relu_output_0_zero_point'. It is no longer used by any node.
2026-09-07 22:07:42.8645533 [I:onnxruntime:, graph.cc:4888 onnxruntime::Graph::CleanUnusedInitializersAndNodeArgs] Removing initializer '/features/denseblock4/denselayer14/Concat_output_0_zero_point'. It is no longer used by any node.
2026-09-07 22:07:42.8648967 [I:onnxruntime:, graph.cc:4888 onnxruntime::Graph::CleanUnusedInitializersAndNodeArgs] Removing initializer '/features/denseblock3/denselayer24/Concat_output_0_zero_point'. It is no longer used by any node.
2026-09-07 22:07:42.8652012 [I:onnxruntime:, graph.cc:4888 onnxruntime::Graph::CleanUnusedInitializersAndNodeArgs] Removing initializer '/features/denseblock4/denselayer14/norm1/BatchNormalization_output_0weights_quantized'. It is no longer used by any node.
2026-09-07 22:07:42.8655400 [I:onnxruntime:, graph.cc:4888 onnxruntime::Graph::CleanUnusedInitializersAndNodeArgs] Removing initializer '/features/denseblock3/denselayer24/norm1/BatchNormalization_output_0weights_quantized'. It is no longer used by any node.
2026-09-07 22:07:42.8659096 [I:onnxruntime:, graph.cc:4888 onnxruntime::Graph::CleanUnusedInitializersAndNodeArgs] Removing initializer '/features/denseblock4/denselayer14/norm1/act/Relu_output_0_zero_point'. It is no longer used by any node.
2026-09-07 22:07:42.8662850 [I:onnxruntime:, graph.cc:4888 onnxruntime::Graph::CleanUnusedInitializersAndNodeArgs] Removing initializer '/features/denseblock3/denselayer24/norm1/act/Relu_output_0_zero_point'. It is no longer used by any node.
2026-09-07 22:07:42.8666079 [I:onnxruntime:, graph.cc:4888 onnxruntime::Graph::CleanUnusedInitializersAndNodeArgs] Removing initializer 'onnx::Conv_1287_zero_point'. It is no longer used by any node.
2026-09-07 22:07:42.8669388 [I:onnxruntime:, graph.cc:4888 onnxruntime::Graph::CleanUnusedInitializersAndNodeArgs] Removing initializer 'onnx::Conv_1287_quantized'. It is no longer used by any node.
2026-09-07 22:07:42.8673095 [I:onnxruntime:, graph.cc:4888 onnxruntime::Graph::CleanUnusedInitializersAndNodeArgs] Removing initializer '/features/denseblock4/denselayer14/norm2/act/Relu_output_0_zero_point'. It is no longer used by any node.
2026-09-07 22:07:42.8675773 [I:onnxruntime:, graph.cc:4888 onnxruntime::Graph::CleanUnusedInitializersAndNodeArgs] Removing initializer '/features/denseblock3/denselayer24/norm2/act/Relu_output_0_zero_point'. It is no longer used by any node.
2026-09-07 22:07:42.8678565 [I:onnxruntime:, graph.cc:4888 onnxruntime::Graph::CleanUnusedInitializersAndNodeArgs] Removing initializer '/features/transition3/norm/BatchNormalization_output_0bias_quantized'. It is no longer used by any node.
2026-09-07 22:07:42.8681953 [I:onnxruntime:, graph.cc:4888 onnxruntime::Graph::CleanUnusedInitializersAndNodeArgs] Removing initializer 'onnx::Conv_1290_zero_point'. It is no longer used by any node.
2026-09-07 22:07:42.8685187 [I:onnxruntime:, graph.cc:4888 onnxruntime::Graph::CleanUnusedInitializersAndNodeArgs] Removing initializer 'features.denseblock4.denselayer1.conv2.weight_zero_point'. It is no longer used by any node.
2026-09-07 22:07:42.8688934 [I:onnxruntime:, graph.cc:4888 onnxruntime::Graph::CleanUnusedInitializersAndNodeArgs] Removing initializer 'features.denseblock4.denselayer1.conv2.weight_quantized'. It is no longer used by any node.
2026-09-07 22:07:42.8692618 [I:onnxruntime:, graph.cc:4888 onnxruntime::Graph::CleanUnusedInitializersAndNodeArgs] Removing initializer 'onnx::Conv_1292_zero_point'. It is no longer used by any node.
2026-09-07 22:07:42.8695638 [I:onnxruntime:, graph.cc:4888 onnxruntime::Graph::CleanUnusedInitializersAndNodeArgs] Removing initializer 'onnx::Conv_1292_quantized'. It is no longer used by any node.
2026-09-07 22:07:42.8698598 [I:onnxruntime:, graph.cc:4888 onnxruntime::Graph::CleanUnusedInitializersAndNodeArgs] Removing initializer 'onnx::Conv_1293_zero_point'. It is no longer used by any node.
2026-09-07 22:07:42.8701469 [I:onnxruntime:, graph.cc:4888 onnxruntime::Graph::CleanUnusedInitializersAndNodeArgs] Removing initializer 'onnx::Conv_1293_quantized'. It is no longer used by any node.
2026-09-07 22:07:42.8705030 [I:onnxruntime:, graph.cc:4888 onnxruntime::Graph::CleanUnusedInitializersAndNodeArgs] Removing initializer '/features/denseblock4/denselayer3/Concat_output_0_zero_point'. It is no longer used by any node.
2026-09-07 22:07:42.8708711 [I:onnxruntime:, graph.cc:4888 onnxruntime::Graph::CleanUnusedInitializersAndNodeArgs] Removing initializer 'onnx::Conv_1335_zero_point'. It is no longer used by any node.
2026-09-07 22:07:42.8711944 [I:onnxruntime:, graph.cc:4888 onnxruntime::Graph::CleanUnusedInitializersAndNodeArgs] Removing initializer '/features/denseblock4/denselayer3/norm1/BatchNormalization_output_0bias_quantized'. It is no longer used by any node.
2026-09-07 22:07:42.8717825 [I:onnxruntime:, graph.cc:4888 onnxruntime::Graph::CleanUnusedInitializersAndNodeArgs] Removing initializer 'onnx::Conv_1295_quantized'. It is no longer used by any node.
2026-09-07 22:07:42.8722326 [I:onnxruntime:, graph.cc:4888 onnxruntime::Graph::CleanUnusedInitializersAndNodeArgs] Removing initializer 'onnx::Conv_1296_zero_point'. It is no longer used by any node.
2026-09-07 22:07:42.8727287 [I:onnxruntime:, graph.cc:4888 onnxruntime::Graph::CleanUnusedInitializersAndNodeArgs] Removing initializer '/features/denseblock4/denselayer3/norm2/act/Relu_output_0_zero_point'. It is no longer used by any node.
2026-09-07 22:07:42.8730237 [I:onnxruntime:, graph.cc:4888 onnxruntime::Graph::CleanUnusedInitializersAndNodeArgs] Removing initializer '/features/denseblock4/denselayer3/conv2/Conv_output_0_zero_point'. It is no longer used by any node.
2026-09-07 22:07:42.8734808 [I:onnxruntime:, graph.cc:4888 onnxruntime::Graph::CleanUnusedInitializersAndNodeArgs] Removing initializer 'features.denseblock4.denselayer3.conv2.weight_zero_point'. It is no longer used by any node.
2026-09-07 22:07:42.8738673 [I:onnxruntime:, graph.cc:4888 onnxruntime::Graph::CleanUnusedInitializersAndNodeArgs] Removing initializer 'features.denseblock4.denselayer3.conv2.weight_quantized'. It is no longer used by any node.
2026-09-07 22:07:42.8742713 [I:onnxruntime:, graph.cc:4888 onnxruntime::Graph::CleanUnusedInitializersAndNodeArgs] Removing initializer 'onnx::Conv_1298_zero_point'. It is no longer used by any node.
2026-09-07 22:07:42.8745830 [I:onnxruntime:, graph.cc:4888 onnxruntime::Graph::CleanUnusedInitializersAndNodeArgs] Removing initializer 'onnx::Conv_1298_quantized'. It is no longer used by any node.
2026-09-07 22:07:42.8749230 [I:onnxruntime:, graph.cc:4888 onnxruntime::Graph::CleanUnusedInitializersAndNodeArgs] Removing initializer 'onnx::Conv_1299_quantized'. It is no longer used by any node.
2026-09-07 22:07:42.8752563 [I:onnxruntime:, graph.cc:4888 onnxruntime::Graph::CleanUnusedInitializersAndNodeArgs] Removing initializer 'features.denseblock4.denselayer4.conv2.weight_zero_point'. It is no longer used by any node.
2026-09-07 22:07:42.8756420 [I:onnxruntime:, graph.cc:4888 onnxruntime::Graph::CleanUnusedInitializersAndNodeArgs] Removing initializer 'features.denseblock4.denselayer4.conv2.weight_quantized'. It is no longer used by any node.
2026-09-07 22:07:42.8760254 [I:onnxruntime:, graph.cc:4888 onnxruntime::Graph::CleanUnusedInitializersAndNodeArgs] Removing initializer 'onnx::Conv_1301_quantized'. It is no longer used by any node.
2026-09-07 22:07:42.8763371 [I:onnxruntime:, graph.cc:4888 onnxruntime::Graph::CleanUnusedInitializersAndNodeArgs] Removing initializer 'onnx::Conv_1302_quantized'. It is no longer used by any node.
2026-09-07 22:07:42.8766629 [I:onnxruntime:, graph.cc:4888 onnxruntime::Graph::CleanUnusedInitializersAndNodeArgs] Removing initializer 'features.denseblock4.denselayer5.conv2.weight_quantized'. It is no longer used by any node.
2026-09-07 22:07:42.8771063 [I:onnxruntime:, graph.cc:4888 onnxruntime::Graph::CleanUnusedInitializersAndNodeArgs] Removing initializer 'onnx::Conv_1304_quantized'. It is no longer used by any node.
2026-09-07 22:07:42.8774313 [I:onnxruntime:, graph.cc:4888 onnxruntime::Graph::CleanUnusedInitializersAndNodeArgs] Removing initializer '/features/norm5/BatchNormalization_output_0weights_quantized'. It is no longer used by any node.
2026-09-07 22:07:42.8778130 [I:onnxruntime:, graph.cc:4888 onnxruntime::Graph::CleanUnusedInitializersAndNodeArgs] Removing initializer 'onnx::Conv_1305_zero_point'. It is no longer used by any node.
2026-09-07 22:07:42.8780934 [I:onnxruntime:, graph.cc:4888 onnxruntime::Graph::CleanUnusedInitializersAndNodeArgs] Removing initializer 'onnx::Conv_1305_quantized'. It is no longer used by any node.
2026-09-07 22:07:42.8783813 [I:onnxruntime:, graph.cc:4888 onnxruntime::Graph::CleanUnusedInitializersAndNodeArgs] Removing initializer 'features.denseblock4.denselayer6.conv2.weight_zero_point'. It is no longer used by any node.
2026-09-07 22:07:42.8787254 [I:onnxruntime:, graph.cc:4888 onnxruntime::Graph::CleanUnusedInitializersAndNodeArgs] Removing initializer 'features.denseblock4.denselayer6.conv2.weight_quantized'. It is no longer used by any node.
2026-09-07 22:07:42.8790546 [I:onnxruntime:, graph.cc:4888 onnxruntime::Graph::CleanUnusedInitializersAndNodeArgs] Removing initializer 'onnx::Conv_1307_quantized'. It is no longer used by any node.
2026-09-07 22:07:42.8793340 [I:onnxruntime:, graph.cc:4888 onnxruntime::Graph::CleanUnusedInitializersAndNodeArgs] Removing initializer 'onnx::Conv_1308_zero_point'. It is no longer used by any node.
2026-09-07 22:07:42.8796369 [I:onnxruntime:, graph.cc:4888 onnxruntime::Graph::CleanUnusedInitializersAndNodeArgs] Removing initializer 'onnx::Conv_1308_quantized'. It is no longer used by any node.
2026-09-07 22:07:42.8799158 [I:onnxruntime:, graph.cc:4888 onnxruntime::Graph::CleanUnusedInitializersAndNodeArgs] Removing initializer 'features.denseblock4.denselayer7.conv2.weight_zero_point'. It is no longer used by any node.
2026-09-07 22:07:42.8802777 [I:onnxruntime:, graph.cc:4888 onnxruntime::Graph::CleanUnusedInitializersAndNodeArgs] Removing initializer 'onnx::Conv_1310_zero_point'. It is no longer used by any node.
2026-09-07 22:07:42.8805923 [I:onnxruntime:, graph.cc:4888 onnxruntime::Graph::CleanUnusedInitializersAndNodeArgs] Removing initializer 'onnx::Conv_1310_quantized'. It is no longer used by any node.
2026-09-07 22:07:42.8808841 [I:onnxruntime:, graph.cc:4888 onnxruntime::Graph::CleanUnusedInitializersAndNodeArgs] Removing initializer 'onnx::Conv_1311_zero_point'. It is no longer used by any node.
2026-09-07 22:07:42.8811907 [I:onnxruntime:, graph.cc:4888 onnxruntime::Graph::CleanUnusedInitializersAndNodeArgs] Removing initializer 'features.denseblock4.denselayer8.conv2.weight_zero_point'. It is no longer used by any node.
2026-09-07 22:07:42.8815314 [I:onnxruntime:, graph.cc:4888 onnxruntime::Graph::CleanUnusedInitializersAndNodeArgs] Removing initializer 'features.denseblock4.denselayer8.conv2.weight_quantized'. It is no longer used by any node.
2026-09-07 22:07:42.8818867 [I:onnxruntime:, graph.cc:4888 onnxruntime::Graph::CleanUnusedInitializersAndNodeArgs] Removing initializer 'onnx::Conv_1313_zero_point'. It is no longer used by any node.
2026-09-07 22:07:42.8821749 [I:onnxruntime:, graph.cc:4888 onnxruntime::Graph::CleanUnusedInitializersAndNodeArgs] Removing initializer 'onnx::Conv_1313_quantized'. It is no longer used by any node.
2026-09-07 22:07:42.8824962 [I:onnxruntime:, graph.cc:4888 onnxruntime::Graph::CleanUnusedInitializersAndNodeArgs] Removing initializer 'onnx::Conv_1314_zero_point'. It is no longer used by any node.
2026-09-07 22:07:42.8828002 [I:onnxruntime:, graph.cc:4888 onnxruntime::Graph::CleanUnusedInitializersAndNodeArgs] Removing initializer 'features.denseblock4.denselayer9.conv2.weight_zero_point'. It is no longer used by any node.
2026-09-07 22:07:42.8852239 [I:onnxruntime:, graph.cc:4888 onnxruntime::Graph::CleanUnusedInitializersAndNodeArgs] Removing initializer 'features.denseblock4.denselayer9.conv2.weight_quantized'. It is no longer used by any node.
2026-09-07 22:07:42.8855957 [I:onnxruntime:, graph.cc:4888 onnxruntime::Graph::CleanUnusedInitializersAndNodeArgs] Removing initializer 'onnx::Conv_1316_zero_point'. It is no longer used by any node.
2026-09-07 22:07:42.8865395 [I:onnxruntime:, graph.cc:4888 onnxruntime::Graph::CleanUnusedInitializersAndNodeArgs] Removing initializer 'onnx::Conv_1316_quantized'. It is no longer used by any node.
2026-09-07 22:07:42.8868287 [I:onnxruntime:, graph.cc:4888 onnxruntime::Graph::CleanUnusedInitializersAndNodeArgs] Removing initializer 'onnx::Conv_1317_zero_point'. It is no longer used by any node.
2026-09-07 22:07:42.8870749 [I:onnxruntime:, graph.cc:4888 onnxruntime::Graph::CleanUnusedInitializersAndNodeArgs] Removing initializer 'features.denseblock4.denselayer10.conv2.weight_zero_point'. It is no longer used by any node.
2026-09-07 22:07:42.8873528 [I:onnxruntime:, graph.cc:4888 onnxruntime::Graph::CleanUnusedInitializersAndNodeArgs] Removing initializer 'features.denseblock4.denselayer10.conv2.weight_quantized'. It is no longer used by any node.
2026-09-07 22:07:42.8876635 [I:onnxruntime:, graph.cc:4888 onnxruntime::Graph::CleanUnusedInitializersAndNodeArgs] Removing initializer 'onnx::Conv_1319_zero_point'. It is no longer used by any node.
2026-09-07 22:07:42.8879251 [I:onnxruntime:, graph.cc:4888 onnxruntime::Graph::CleanUnusedInitializersAndNodeArgs] Removing initializer 'onnx::Conv_1322_quantized'. It is no longer used by any node.
2026-09-07 22:07:42.8882856 [I:onnxruntime:, graph.cc:4888 onnxruntime::Graph::CleanUnusedInitializersAndNodeArgs] Removing initializer 'onnx::Conv_1323_quantized'. It is no longer used by any node.
2026-09-07 22:07:42.8885238 [I:onnxruntime:, graph.cc:4888 onnxruntime::Graph::CleanUnusedInitializersAndNodeArgs] Removing initializer 'features.denseblock4.denselayer12.conv2.weight_quantized'. It is no longer used by any node.
2026-09-07 22:07:42.8893911 [I:onnxruntime:, graph.cc:4888 onnxruntime::Graph::CleanUnusedInitializersAndNodeArgs] Removing initializer 'onnx::Conv_1325_zero_point'. It is no longer used by any node.
2026-09-07 22:07:42.8896832 [I:onnxruntime:, graph.cc:4888 onnxruntime::Graph::CleanUnusedInitializersAndNodeArgs] Removing initializer 'onnx::Conv_1325_quantized'. It is no longer used by any node.
2026-09-07 22:07:42.8900365 [I:onnxruntime:, graph.cc:4888 onnxruntime::Graph::CleanUnusedInitializersAndNodeArgs] Removing initializer 'onnx::Conv_1326_zero_point'. It is no longer used by any node.
2026-09-07 22:07:42.8903037 [I:onnxruntime:, graph.cc:4888 onnxruntime::Graph::CleanUnusedInitializersAndNodeArgs] Removing initializer 'onnx::Conv_1326_quantized'. It is no longer used by any node.
2026-09-07 22:07:42.8905770 [I:onnxruntime:, graph.cc:4888 onnxruntime::Graph::CleanUnusedInitializersAndNodeArgs] Removing initializer 'features.denseblock4.denselayer13.conv2.weight_zero_point'. It is no longer used by any node.
2026-09-07 22:07:42.8908837 [I:onnxruntime:, graph.cc:4888 onnxruntime::Graph::CleanUnusedInitializersAndNodeArgs] Removing initializer 'features.denseblock4.denselayer13.conv2.weight_quantized'. It is no longer used by any node.
2026-09-07 22:07:42.8912047 [I:onnxruntime:, graph.cc:4888 onnxruntime::Graph::CleanUnusedInitializersAndNodeArgs] Removing initializer 'onnx::Conv_1328_zero_point'. It is no longer used by any node.
2026-09-07 22:07:42.8914738 [I:onnxruntime:, graph.cc:4888 onnxruntime::Graph::CleanUnusedInitializersAndNodeArgs] Removing initializer 'onnx::Conv_1328_quantized'. It is no longer used by any node.
2026-09-07 22:07:42.8917229 [I:onnxruntime:, graph.cc:4888 onnxruntime::Graph::CleanUnusedInitializersAndNodeArgs] Removing initializer 'onnx::Conv_1329_zero_point'. It is no longer used by any node.
2026-09-07 22:07:42.8919427 [I:onnxruntime:, graph.cc:4888 onnxruntime::Graph::CleanUnusedInitializersAndNodeArgs] Removing initializer 'onnx::Conv_1329_quantized'. It is no longer used by any node.
2026-09-07 22:07:42.8922115 [I:onnxruntime:, graph.cc:4888 onnxruntime::Graph::CleanUnusedInitializersAndNodeArgs] Removing initializer 'features.denseblock4.denselayer14.conv2.weight_quantized'. It is no longer used by any node.
2026-09-07 22:07:42.8924965 [I:onnxruntime:, graph.cc:4888 onnxruntime::Graph::CleanUnusedInitializersAndNodeArgs] Removing initializer '/features/denseblock4/denselayer15/norm1/BatchNormalization_output_0bias_zero_point'. It is no longer used by any node.
2026-09-07 22:07:42.8928944 [I:onnxruntime:, graph.cc:4888 onnxruntime::Graph::CleanUnusedInitializersAndNodeArgs] Removing initializer 'onnx::Conv_1332_zero_point'. It is no longer used by any node.
2026-09-07 22:07:42.8932632 [I:onnxruntime:, graph.cc:4888 onnxruntime::Graph::CleanUnusedInitializersAndNodeArgs] Removing initializer 'onnx::Conv_1332_quantized'. It is no longer used by any node.
2026-09-07 22:07:42.8935884 [I:onnxruntime:, graph.cc:4888 onnxruntime::Graph::CleanUnusedInitializersAndNodeArgs] Removing initializer '/features/denseblock4/denselayer15/norm2/act/Relu_output_0_zero_point'. It is no longer used by any node.
2026-09-07 22:07:42.8940111 [I:onnxruntime:, graph.cc:4888 onnxruntime::Graph::CleanUnusedInitializersAndNodeArgs] Removing initializer '/features/denseblock4/denselayer15/conv2/Conv_output_0_zero_point'. It is no longer used by any node.
2026-09-07 22:07:42.8943707 [I:onnxruntime:, graph.cc:4888 onnxruntime::Graph::CleanUnusedInitializersAndNodeArgs] Removing initializer 'features.denseblock4.denselayer15.conv2.weight_quantized'. It is no longer used by any node.
2026-09-07 22:07:42.8948819 [I:onnxruntime:, graph.cc:4888 onnxruntime::Graph::CleanUnusedInitializersAndNodeArgs] Removing initializer '/features/denseblock4/denselayer16/norm1/BatchNormalization_output_0weights_zero_point'. It is no longer used by any node.
2026-09-07 22:07:42.8958199 [I:onnxruntime:, graph.cc:4888 onnxruntime::Graph::CleanUnusedInitializersAndNodeArgs] Removing initializer '/features/norm5/act/Relu_output_0_zero_point'. It is no longer used by any node.
2026-09-07 22:07:42.8961483 [I:onnxruntime:, graph.cc:4888 onnxruntime::Graph::CleanUnusedInitializersAndNodeArgs] Removing initializer '/features/denseblock4/denselayer16/norm1/BatchNormalization_output_0weights_quantized'. It is no longer used by any node.
2026-09-07 22:07:42.8965209 [I:onnxruntime:, graph.cc:4888 onnxruntime::Graph::CleanUnusedInitializersAndNodeArgs] Removing initializer '/features/denseblock4/denselayer16/norm1/BatchNormalization_output_0bias_zero_point'. It is no longer used by any node.
2026-09-07 22:07:42.8969118 [I:onnxruntime:, graph.cc:4888 onnxruntime::Graph::CleanUnusedInitializersAndNodeArgs] Removing initializer '/features/denseblock4/denselayer16/norm1/BatchNormalization_output_0bias_quantized'. It is no longer used by any node.
2026-09-07 22:07:42.8972712 [I:onnxruntime:, graph.cc:4888 onnxruntime::Graph::CleanUnusedInitializersAndNodeArgs] Removing initializer 'onnx::Conv_1334_zero_point'. It is no longer used by any node.
2026-09-07 22:07:42.8975264 [I:onnxruntime:, graph.cc:4888 onnxruntime::Graph::CleanUnusedInitializersAndNodeArgs] Removing initializer 'onnx::Conv_1334_quantized'. It is no longer used by any node.
2026-09-07 22:07:42.8978326 [I:onnxruntime:, graph.cc:4888 onnxruntime::Graph::CleanUnusedInitializersAndNodeArgs] Removing initializer 'onnx::Conv_1335_quantized'. It is no longer used by any node.
2026-09-07 22:07:42.8981183 [I:onnxruntime:, graph.cc:4888 onnxruntime::Graph::CleanUnusedInitializersAndNodeArgs] Removing initializer '/features/denseblock4/denselayer16/conv2/Conv_output_0_zero_point'. It is no longer used by any node.
2026-09-07 22:07:42.8984393 [I:onnxruntime:, graph.cc:4888 onnxruntime::Graph::CleanUnusedInitializersAndNodeArgs] Removing initializer 'features.denseblock4.denselayer16.conv2.weight_zero_point'. It is no longer used by any node.
2026-09-07 22:07:42.8987184 [I:onnxruntime:, graph.cc:4888 onnxruntime::Graph::CleanUnusedInitializersAndNodeArgs] Removing initializer 'features.denseblock4.denselayer16.conv2.weight_quantized'. It is no longer used by any node.
2026-09-07 22:07:42.8990182 [I:onnxruntime:, graph.cc:4888 onnxruntime::Graph::CleanUnusedInitializersAndNodeArgs] Removing initializer '/features/denseblock4/Concat_output_0_zero_point'. It is no longer used by any node.
2026-09-07 22:07:42.8993108 [I:onnxruntime:, graph.cc:4888 onnxruntime::Graph::CleanUnusedInitializersAndNodeArgs] Removing initializer '/features/norm5/BatchNormalization_output_0bias_zero_point'. It is no longer used by any node.
2026-09-07 22:07:42.8996794 [I:onnxruntime:, graph.cc:4888 onnxruntime::Graph::CleanUnusedInitializersAndNodeArgs] Removing initializer '/global_pool/flatten/Flatten_output_0_zero_point'. It is no longer used by any node.
2026-09-07 22:07:42.9000013 [I:onnxruntime:, graph.cc:4888 onnxruntime::Graph::CleanUnusedInitializersAndNodeArgs] Removing initializer '/global_pool/pool/GlobalAveragePool_output_0_Scale'. It is no longer used by any node.
2026-09-07 22:07:42.9035016 [I:onnxruntime:, inference_session.cc:1465 onnxruntime::InferenceSession::TransformGraph] Running graph optimizations in loop 1 time/s (Graph Optimizations Loop Level : 1)
2026-09-07 22:07:42.9038869 [I:onnxruntime:, graph_transformer.cc:15 onnxruntime::GraphTransformer::Apply] GraphTransformer Level2_RuleBasedTransformer modified: 0 with status: OK
2026-09-07 22:07:42.9042923 [I:onnxruntime:, graph_transformer.cc:15 onnxruntime::GraphTransformer::Apply] GraphTransformer TransposeOptimizer_CPUExecutionProvider modified: 0 with status: OK
2026-09-07 22:07:42.9046880 [I:onnxruntime:, graph_transformer.cc:15 onnxruntime::GraphTransformer::Apply] GraphTransformer QDQS8ToU8Transformer modified: 0 with status: OK
2026-09-07 22:07:42.9049682 [I:onnxruntime:, graph_transformer.cc:15 onnxruntime::GraphTransformer::Apply] GraphTransformer QDQSelectorActionTransformer modified: 0 with status: OK
2026-09-07 22:07:42.9053155 [I:onnxruntime:, graph_transformer.cc:15 onnxruntime::GraphTransformer::Apply] GraphTransformer GemmActivationFusion modified: 0 with status: OK
2026-09-07 22:07:42.9056344 [I:onnxruntime:, graph_transformer.cc:15 onnxruntime::GraphTransformer::Apply] GraphTransformer MatMulIntegerToFloatFusion modified: 0 with status: OK
2026-09-07 22:07:42.9059284 [I:onnxruntime:, graph_transformer.cc:15 onnxruntime::GraphTransformer::Apply] GraphTransformer DynamicQuantizeMatMulFusion modified: 0 with status: OK
2026-09-07 22:07:42.9063047 [I:onnxruntime:, graph_transformer.cc:15 onnxruntime::GraphTransformer::Apply] GraphTransformer ConvActivationFusion modified: 0 with status: OK
2026-09-07 22:07:42.9065600 [I:onnxruntime:, graph_transformer.cc:15 onnxruntime::GraphTransformer::Apply] GraphTransformer GeluFusionL2 modified: 0 with status: OK
2026-09-07 22:07:42.9067723 [I:onnxruntime:, graph_transformer.cc:15 onnxruntime::GraphTransformer::Apply] GraphTransformer LayerNormFusionL2 modified: 0 with status: OK
2026-09-07 22:07:42.9069731 [I:onnxruntime:, graph_transformer.cc:15 onnxruntime::GraphTransformer::Apply] GraphTransformer SimplifiedLayerNormFusion modified: 0 with status: OK
2026-09-07 22:07:42.9072993 [I:onnxruntime:, graph_transformer.cc:15 onnxruntime::GraphTransformer::Apply] GraphTransformer AttentionFusion modified: 0 with status: OK
2026-09-07 22:07:42.9075366 [I:onnxruntime:, graph_transformer.cc:15 onnxruntime::GraphTransformer::Apply] GraphTransformer EmbedLayerNormFusion modified: 0 with status: OK
2026-09-07 22:07:42.9077865 [I:onnxruntime:, graph_transformer.cc:15 onnxruntime::GraphTransformer::Apply] GraphTransformer GatherSliceToSplitFusion modified: 0 with status: OK
2026-09-07 22:07:42.9080540 [I:onnxruntime:, graph_transformer.cc:15 onnxruntime::GraphTransformer::Apply] GraphTransformer GatherToSliceFusion modified: 0 with status: OK
2026-09-07 22:07:42.9082993 [I:onnxruntime:, graph_transformer.cc:15 onnxruntime::GraphTransformer::Apply] GraphTransformer MatmulTransposeFusion modified: 0 with status: OK
2026-09-07 22:07:42.9085772 [I:onnxruntime:, graph_transformer.cc:15 onnxruntime::GraphTransformer::Apply] GraphTransformer BiasGeluFusion modified: 0 with status: OK
2026-09-07 22:07:42.9087991 [I:onnxruntime:, graph_transformer.cc:15 onnxruntime::GraphTransformer::Apply] GraphTransformer GroupQueryAttentionFusion modified: 0 with status: OK
2026-09-07 22:07:42.9090820 [I:onnxruntime:, graph_transformer.cc:15 onnxruntime::GraphTransformer::Apply] GraphTransformer MatMulAddFusion modified: 0 with status: OK
2026-09-07 22:07:42.9130971 [I:onnxruntime:, graph_transformer.cc:15 onnxruntime::GraphTransformer::Apply] GraphTransformer SkipLayerNormFusion modified: 0 with status: OK
2026-09-07 22:07:42.9134596 [I:onnxruntime:, graph_transformer.cc:15 onnxruntime::GraphTransformer::Apply] GraphTransformer FastGeluFusion modified: 0 with status: OK
2026-09-07 22:07:42.9137954 [I:onnxruntime:, graph_transformer.cc:15 onnxruntime::GraphTransformer::Apply] GraphTransformer QuickGeluFusion modified: 0 with status: OK
2026-09-07 22:07:42.9140576 [I:onnxruntime:, graph_transformer.cc:15 onnxruntime::GraphTransformer::Apply] GraphTransformer BiasSoftmaxFusion modified: 0 with status: OK
2026-09-07 22:07:42.9142716 [I:onnxruntime:, graph_transformer.cc:15 onnxruntime::GraphTransformer::Apply] GraphTransformer BiasDropoutFusion modified: 0 with status: OK
2026-09-07 22:07:42.9145270 [I:onnxruntime:, graph_transformer.cc:15 onnxruntime::GraphTransformer::Apply] GraphTransformer MatMulScaleFusion modified: 0 with status: OK
2026-09-07 22:07:42.9148501 [I:onnxruntime:, graph_transformer.cc:15 onnxruntime::GraphTransformer::Apply] GraphTransformer MatMulActivationFusion modified: 0 with status: OK
2026-09-07 22:07:42.9151028 [I:onnxruntime:, graph_transformer.cc:15 onnxruntime::GraphTransformer::Apply] GraphTransformer MatMulNBitsFusion modified: 0 with status: OK
2026-09-07 22:07:42.9153536 [I:onnxruntime:, graph_transformer.cc:15 onnxruntime::GraphTransformer::Apply] GraphTransformer QDQFinalCleanupTransformer modified: 0 with status: OK
2026-09-07 22:07:42.9156298 [I:onnxruntime:, graph_transformer.cc:15 onnxruntime::GraphTransformer::Apply] GraphTransformer NchwcTransformer modified: 0 with status: OK
2026-09-07 22:07:42.9159224 [I:onnxruntime:, graph_transformer.cc:15 onnxruntime::GraphTransformer::Apply] GraphTransformer NhwcTransformer modified: 0 with status: OK
2026-09-07 22:07:42.9161577 [I:onnxruntime:, graph_transformer.cc:15 onnxruntime::GraphTransformer::Apply] GraphTransformer ConvAddActivationFusion modified: 0 with status: OK
2026-09-07 22:07:42.9164331 [I:onnxruntime:, graph_transformer.cc:15 onnxruntime::GraphTransformer::Apply] GraphTransformer RemoveDuplicateCastTransformer modified: 0 with status: OK
2026-09-07 22:07:42.9166646 [I:onnxruntime:, graph_transformer.cc:15 onnxruntime::GraphTransformer::Apply] GraphTransformer CastFloat16Transformer modified: 0 with status: OK
2026-09-07 22:07:42.9168954 [I:onnxruntime:, graph_transformer.cc:15 onnxruntime::GraphTransformer::Apply] GraphTransformer FuseFp16InitializerToFp32NodeTransformer modified: 0 with status: OK
2026-09-07 22:07:42.9171640 [I:onnxruntime:, graph_transformer.cc:15 onnxruntime::GraphTransformer::Apply] GraphTransformer MemcpyTransformer modified: 0 with status: OK
2026-09-07 22:07:42.9175293 [I:onnxruntime:, allocation_planner.cc:2659 onnxruntime::IGraphPartitioner::CreateGraphPartitioner] Use DeviceBasedPartition as default
2026-09-07 22:07:42.9179306 [I:onnxruntime:, session_state_utils.cc:243 onnxruntime::session_state_utils::SaveInitializedTensors] Saving initialized tensors.
2026-09-07 22:07:42.9196589 [I:onnxruntime:, session_state_utils.cc:438 onnxruntime::session_state_utils::SaveInitializedTensors] Done saving initialized tensors
2026-09-07 22:07:43.3571558 [I:onnxruntime:, inference_session.cc:2532 onnxruntime::InferenceSession::Initialize] Session successfully initialized.
deleted stale cache C:\Users\<user>\PycharmProjects\ryzen-ai-xdna1-quantization\modelcachekey
RYZEN_AI_INSTALLATION_PATH = C:\Program Files\RyzenAI\1.7.1
xclbin: C:\Program Files\RyzenAI\1.7.1\voe-4.0-win_amd64\xclbins\phoenix\4x4.xclbin
onnxruntime 1.23.3.dev20260320  providers: ['VitisAIExecutionProvider', 'DmlExecutionProvider', 'CPUExecutionProvider']
cache:  C:\Users\<user>\PycharmProjects\ryzen-ai-xdna1-quantization\modelcachekey
First run compiles the model. It takes a while and looks frozen. It isn't.
  100/1000
  200/1000
  300/1000
  400/1000
  500/1000
  600/1000
  700/1000
  800/1000
  900/1000
  1000/1000

=== NPU | 1000 images | batch 1 | models/densenet121_xint8.onnx ===
top-1: 0.10%    top-5: 0.70%
latency/batch  mean 8.06 ms   median 7.92 ms   p95 8.87 ms
latency/image  mean 8.06 ms
throughput ~124.1 img/s
