[32m
[QUARK-INFO]: Checking custom ops library ...[0m
[33m
[QUARK-WARNING]: The custom ops library C:\Users\<user>\miniforge3\envs\resnet_env\Lib\site-packages\quark\onnx\operators\custom_ops\lib\custom_ops.dll does NOT exist.[0m
[32m
[QUARK-INFO]: Start compiling CPU version of custom ops library.[0m
W0905 19:39:58.534000 6336 site-packages\torch\utils\cpp_extension.py:466] Error checking compiler version for cl: [WinError 2] The system cannot find the file specified
INFO: Could not find files for the given pattern(s).
[31m
[QUARK-ERROR]: CPU version of custom ops library compilation failed:Command '['where', 'cl']' returned non-zero exit status 1.[0m
[33m
[QUARK-WARNING]: Custom ops library compilation failed: CPU version of custom ops library compilation failed:Command '['where', 'cl']' returned non-zero exit status 1..[0m
Traceback (most recent call last):
  File "C:\Users\<user>\miniforge3\envs\resnet_env\Lib\site-packages\quark\onnx\operators\custom_ops\build_custom_ops.py", line 58, in compile_custom_op_cpu
    load(
  File "C:\Users\<user>\miniforge3\envs\resnet_env\Lib\site-packages\torch\utils\cpp_extension.py", line 1681, in load
    return _jit_compile(
           ^^^^^^^^^^^^^
  File "C:\Users\<user>\miniforge3\envs\resnet_env\Lib\site-packages\torch\utils\cpp_extension.py", line 2138, in _jit_compile
    _write_ninja_file_and_build_library(
  File "C:\Users\<user>\miniforge3\envs\resnet_env\Lib\site-packages\torch\utils\cpp_extension.py", line 2275, in _write_ninja_file_and_build_library
    _write_ninja_file_to_build_library(
  File "C:\Users\<user>\miniforge3\envs\resnet_env\Lib\site-packages\torch\utils\cpp_extension.py", line 2762, in _write_ninja_file_to_build_library
    _write_ninja_file(
  File "C:\Users\<user>\miniforge3\envs\resnet_env\Lib\site-packages\torch\utils\cpp_extension.py", line 2946, in _write_ninja_file
    cl_paths = subprocess.check_output(['where',
               ^^^^^^^^^^^^^^^^^^^^^^^^^^^^^^^^^
  File "C:\Users\<user>\miniforge3\envs\resnet_env\Lib\subprocess.py", line 466, in check_output
    return run(*popenargs, stdout=PIPE, timeout=timeout, check=True,
           ^^^^^^^^^^^^^^^^^^^^^^^^^^^^^^^^^^^^^^^^^^^^^^^^^^^^^^^^^
  File "C:\Users\<user>\miniforge3\envs\resnet_env\Lib\subprocess.py", line 571, in run
    raise CalledProcessError(retcode, process.args,
subprocess.CalledProcessError: Command '['where', 'cl']' returned non-zero exit status 1.

During handling of the above exception, another exception occurred:

Traceback (most recent call last):
  File "C:\Users\<user>\miniforge3\envs\resnet_env\Lib\site-packages\quark\onnx\operators\custom_ops\build_custom_ops.py", line 291, in compile_library
    compile_library_core("CPU", extra_cuda_cflags, extra_cflags)
  File "C:\Users\<user>\miniforge3\envs\resnet_env\Lib\site-packages\quark\onnx\operators\custom_ops\build_custom_ops.py", line 257, in compile_library_core
    compile_custom_op_cpu(file_name, build_directory, extra_cuda_cflags, extra_cflags)
  File "C:\Users\<user>\miniforge3\envs\resnet_env\Lib\site-packages\quark\shares\utils\log.py", line 136, in wrapper
    return func(*args, **kwargs)
           ^^^^^^^^^^^^^^^^^^^^^
  File "C:\Users\<user>\miniforge3\envs\resnet_env\Lib\site-packages\quark\onnx\operators\custom_ops\build_custom_ops.py", line 72, in compile_custom_op_cpu
    raise RuntimeError("CPU version of custom ops library compilation failed:" + str(e))
RuntimeError: CPU version of custom ops library compilation failed:Command '['where', 'cl']' returned non-zero exit status 1.
[32m
[QUARK-INFO]: Checked custom ops library.[0m
[33m
[QUARK-WARNING]: The custom ops library C:\Users\<user>\miniforge3\envs\resnet_env\Lib\site-packages\quark\onnx\operators\custom_ops\lib\custom_ops.dll does NOT exist.[0m
[33m
[QUARK-WARNING]: Config has been replaced by QConfig. The old API will be removed in the next release.[0m
[33m
[QUARK-WARNING]: The algorithm API is algo_config in QConfig. The old API will be removed in the next release.[0m
[32m
[QUARK-INFO]: The input ONNX model can create InferenceSession successfully[0m
[32m
[QUARK-INFO]: Folding or fusing operators for better accuracy and performance.[0m
[33m
[QUARK-WARNING]: The opset version is 17 < 20. Skipping fusing Gelu.[0m
[32m
[QUARK-INFO]: Start applying CLE algorithm on the float model...[0m
[32m
[QUARK-INFO]: CrossLayerEqualization pattern num: 33[0m
[32m
[QUARK-INFO]: Total CrossLayerEqualization steps: 1[0m
[32m
[QUARK-INFO]: The CLE algorithm has been applied. It took 2.7s to complete.[0m
[32m
[QUARK-INFO]: Optimizing the model for a better hardware compatibility.[0m
[32m
[QUARK-INFO]: The input ONNX model can run inference successfully[0m
[32m
[QUARK-INFO]: Start running calibration on 64 samples with extra options {}...[0m
[32m
[QUARK-INFO]: Data collection of PowerOfTwoMethod.MinMSE in progress. Runtime will depend on your model and data size.[0m
Using 64 calibration images (64 batches of 1)
config: XINT8_ADAROUND  ->  models/wide_resnet50_2_adaround_c64.onnx
[QUARK_INFO]: Time information:
2026-09-05 19:40:01.836197
[QUARK_INFO]: OS and CPU information:
                                        system --- Windows
                                          node --- DESKTOP-GS7R78P
                                       release --- 11
                                       version --- 10.0.26200
                                       machine --- AMD64
                                     processor --- AMD64 Family 25 Model 117 Stepping 2, AuthenticAMD
[QUARK_INFO]: Tools version information:
                                        python --- 3.12.11
                                          onnx --- 1.19.0
                                   onnxruntime --- 1.29.0
                                    quark.onnx --- 0.11
[QUARK_INFO]: Quantized Configuration information:
                                   model_input --- models/wide_resnet50_2_fp32.onnx
                                  model_output --- models/wide_resnet50_2_adaround_c64.onnx
                       calibration_data_reader --- <__main__.ImageCalibReader object at 0x00000122A1589070>
                         calibration_data_path --- None
                                  quant_format --- QDQ
                                   input_nodes --- []
                                  output_nodes --- []
                          op_types_to_quantize --- []
                    extra_op_types_to_quantize --- []
                                   per_channel --- False
                                  reduce_range --- False
                               activation_type --- QUInt8
                                   weight_type --- QInt8
                             nodes_to_quantize --- []
                              nodes_to_exclude --- []
                          subgraphs_to_exclude --- []
                                optimize_model --- True
                      use_external_data_format --- False
                              calibrate_method --- PowerOfTwoMethod.MinMSE
                           execution_providers --- ['CPUExecutionProvider']
                                enable_npu_cnn --- True
                        enable_npu_transformer --- False
                     specific_tensor_precision --- False
                                    debug_mode --- False
                          convert_fp16_to_fp32 --- False
                          convert_nchw_to_nhwc --- False
                                   include_cle --- True
                                    include_sq --- False
                              include_rotation --- False
                               include_fast_ft --- True
                                 extra_options --- {'ActivationSymmetric': True, 'FastFinetune': {'DataSize': 1000, 'FixedSeed': 1705472343, 'BatchSize': 2, 'NumIterations': 1000, 'LearningRate': 0.1, 'OptimAlgorithm': 'adaround', 'OptimDevice': 'cpu', 'InferDevice': 'cpu', 'EarlyStop': True}, 'AddQDQPairToWeight': False}

  0%|          | 0/64 [00:00<?, ?it/s]
Cached 0.06GB:   0%|          | 0/64 [00:00<?, ?it/s]
Cached 0.06GB:   2%|1         | 1/64 [00:00<00:18,  3.41it/s]
Cached 0.12GB:   2%|1         | 1/64 [00:00<00:18,  3.41it/s]
Cached 0.12GB:   3%|3         | 2/64 [00:00<00:17,  3.62it/s]
Cached 0.19GB:   3%|3         | 2/64 [00:00<00:17,  3.62it/s]
Cached 0.19GB:   5%|4         | 3/64 [00:00<00:16,  3.71it/s]
Cached 0.25GB:   5%|4         | 3/64 [00:01<00:16,  3.71it/s]
Cached 0.25GB:   6%|6         | 4/64 [00:01<00:15,  3.83it/s]
Cached 0.31GB:   6%|6         | 4/64 [00:01<00:15,  3.83it/s]
Cached 0.31GB:   8%|7         | 5/64 [00:01<00:15,  3.93it/s]
Cached 0.37GB:   8%|7         | 5/64 [00:01<00:15,  3.93it/s]
Cached 0.37GB:   9%|9         | 6/64 [00:01<00:14,  3.87it/s]
Cached 0.43GB:   9%|9         | 6/64 [00:01<00:14,  3.87it/s]
Cached 0.43GB:  11%|#         | 7/64 [00:01<00:14,  3.85it/s]
Cached 0.49GB:  11%|#         | 7/64 [00:02<00:14,  3.85it/s]
Cached 0.49GB:  12%|#2        | 8/64 [00:02<00:14,  3.91it/s]
Cached 0.56GB:  12%|#2        | 8/64 [00:02<00:14,  3.91it/s]
Cached 0.56GB:  14%|#4        | 9/64 [00:02<00:13,  3.95it/s]
Cached 0.62GB:  14%|#4        | 9/64 [00:02<00:13,  3.95it/s]
Cached 0.62GB:  16%|#5        | 10/64 [00:02<00:13,  3.92it/s]
Cached 0.68GB:  16%|#5        | 10/64 [00:02<00:13,  3.92it/s]
Cached 0.68GB:  17%|#7        | 11/64 [00:02<00:13,  3.97it/s]
Cached 0.74GB:  17%|#7        | 11/64 [00:03<00:13,  3.97it/s]
Cached 0.74GB:  19%|#8        | 12/64 [00:03<00:13,  3.99it/s]
Cached 0.80GB:  19%|#8        | 12/64 [00:03<00:13,  3.99it/s]
Cached 0.80GB:  20%|##        | 13/64 [00:03<00:12,  3.95it/s]
Cached 0.87GB:  20%|##        | 13/64 [00:03<00:12,  3.95it/s]
Cached 0.87GB:  22%|##1       | 14/64 [00:03<00:12,  3.94it/s]
Cached 0.93GB:  22%|##1       | 14/64 [00:03<00:12,  3.94it/s]
Cached 0.93GB:  23%|##3       | 15/64 [00:03<00:12,  4.02it/s]
Cached 0.99GB:  23%|##3       | 15/64 [00:04<00:12,  4.02it/s]
Cached 0.99GB:  25%|##5       | 16/64 [00:04<00:11,  4.05it/s]
Cached 1.05GB:  25%|##5       | 16/64 [00:04<00:11,  4.05it/s]
Cached 1.05GB:  27%|##6       | 17/64 [00:04<00:11,  4.00it/s]
Cached 1.11GB:  27%|##6       | 17/64 [00:04<00:11,  4.00it/s]
Cached 1.11GB:  28%|##8       | 18/64 [00:04<00:11,  3.97it/s]
Cached 1.17GB:  28%|##8       | 18/64 [00:04<00:11,  3.97it/s]
Cached 1.17GB:  30%|##9       | 19/64 [00:04<00:11,  3.96it/s]
Cached 1.24GB:  30%|##9       | 19/64 [00:05<00:11,  3.96it/s]
Cached 1.24GB:  31%|###1      | 20/64 [00:05<00:11,  3.98it/s]
Cached 1.30GB:  31%|###1      | 20/64 [00:05<00:11,  3.98it/s]
Cached 1.30GB:  33%|###2      | 21/64 [00:05<00:10,  3.93it/s]
Cached 1.36GB:  33%|###2      | 21/64 [00:05<00:10,  3.93it/s]
Cached 1.36GB:  34%|###4      | 22/64 [00:05<00:10,  3.93it/s]
Cached 1.42GB:  34%|###4      | 22/64 [00:05<00:10,  3.93it/s]
Cached 1.42GB:  36%|###5      | 23/64 [00:05<00:10,  3.95it/s]
Cached 1.48GB:  36%|###5      | 23/64 [00:06<00:10,  3.95it/s]
Cached 1.48GB:  38%|###7      | 24/64 [00:06<00:10,  3.94it/s]
Cached 1.54GB:  38%|###7      | 24/64 [00:06<00:10,  3.94it/s]
Cached 1.54GB:  39%|###9      | 25/64 [00:06<00:09,  4.02it/s]
Cached 1.61GB:  39%|###9      | 25/64 [00:06<00:09,  4.02it/s]
Cached 1.61GB:  41%|####      | 26/64 [00:06<00:09,  4.01it/s]
Cached 1.67GB:  41%|####      | 26/64 [00:06<00:09,  4.01it/s]
Cached 1.67GB:  42%|####2     | 27/64 [00:06<00:09,  4.03it/s]
Cached 1.73GB:  42%|####2     | 27/64 [00:07<00:09,  4.03it/s]
Cached 1.73GB:  44%|####3     | 28/64 [00:07<00:08,  4.01it/s]
Cached 1.79GB:  44%|####3     | 28/64 [00:07<00:08,  4.01it/s]
Cached 1.79GB:  45%|####5     | 29/64 [00:07<00:08,  3.98it/s]
Cached 1.85GB:  45%|####5     | 29/64 [00:07<00:08,  3.98it/s]
Cached 1.85GB:  47%|####6     | 30/64 [00:07<00:08,  3.96it/s]
Cached 1.92GB:  47%|####6     | 30/64 [00:07<00:08,  3.96it/s]
Cached 1.92GB:  48%|####8     | 31/64 [00:07<00:08,  3.98it/s]
Cached 1.98GB:  48%|####8     | 31/64 [00:08<00:08,  3.98it/s]
Cached 1.98GB:  50%|#####     | 32/64 [00:08<00:08,  3.96it/s]
Cached 2.04GB:  50%|#####     | 32/64 [00:08<00:08,  3.96it/s]
Cached 2.04GB:  52%|#####1    | 33/64 [00:08<00:07,  3.98it/s]
Cached 2.10GB:  52%|#####1    | 33/64 [00:08<00:07,  3.98it/s]
Cached 2.10GB:  53%|#####3    | 34/64 [00:08<00:07,  3.97it/s]
Cached 2.16GB:  53%|#####3    | 34/64 [00:08<00:07,  3.97it/s]
Cached 2.16GB:  55%|#####4    | 35/64 [00:08<00:07,  4.00it/s]
Cached 2.22GB:  55%|#####4    | 35/64 [00:09<00:07,  4.00it/s]
Cached 2.22GB:  56%|#####6    | 36/64 [00:09<00:06,  4.01it/s]
Cached 2.29GB:  56%|#####6    | 36/64 [00:09<00:06,  4.01it/s]
Cached 2.29GB:  58%|#####7    | 37/64 [00:09<00:06,  4.02it/s]
Cached 2.35GB:  58%|#####7    | 37/64 [00:09<00:06,  4.02it/s]
Cached 2.35GB:  59%|#####9    | 38/64 [00:09<00:06,  4.00it/s]
Cached 2.41GB:  59%|#####9    | 38/64 [00:09<00:06,  4.00it/s]
Cached 2.41GB:  61%|######    | 39/64 [00:09<00:06,  3.99it/s]
Cached 2.47GB:  61%|######    | 39/64 [00:10<00:06,  3.99it/s]
Cached 2.47GB:  62%|######2   | 40/64 [00:10<00:05,  4.01it/s]
Cached 2.53GB:  62%|######2   | 40/64 [00:10<00:05,  4.01it/s]
Cached 2.53GB:  64%|######4   | 41/64 [00:10<00:05,  3.98it/s]
Cached 2.60GB:  64%|######4   | 41/64 [00:10<00:05,  3.98it/s]
Cached 2.60GB:  66%|######5   | 42/64 [00:10<00:05,  3.80it/s]
Cached 2.66GB:  66%|######5   | 42/64 [00:10<00:05,  3.80it/s]
Cached 2.66GB:  67%|######7   | 43/64 [00:10<00:05,  3.67it/s]
Cached 2.72GB:  67%|######7   | 43/64 [00:11<00:05,  3.67it/s]
Cached 2.72GB:  69%|######8   | 44/64 [00:11<00:05,  3.69it/s]
Cached 2.78GB:  69%|######8   | 44/64 [00:11<00:05,  3.69it/s]
Cached 2.78GB:  70%|#######   | 45/64 [00:11<00:05,  3.72it/s]
Cached 2.84GB:  70%|#######   | 45/64 [00:11<00:05,  3.72it/s]
Cached 2.84GB:  72%|#######1  | 46/64 [00:11<00:04,  3.81it/s]
Cached 2.90GB:  72%|#######1  | 46/64 [00:11<00:04,  3.81it/s]
Cached 2.90GB:  73%|#######3  | 47/64 [00:11<00:04,  3.82it/s]
Cached 2.97GB:  73%|#######3  | 47/64 [00:12<00:04,  3.82it/s]
Cached 2.97GB:  75%|#######5  | 48/64 [00:12<00:04,  3.87it/s]
Cached 3.03GB:  75%|#######5  | 48/64 [00:12<00:04,  3.87it/s]
Cached 3.03GB:  77%|#######6  | 49/64 [00:12<00:03,  3.90it/s]
Cached 3.09GB:  77%|#######6  | 49/64 [00:12<00:03,  3.90it/s]
Cached 3.09GB:  78%|#######8  | 50/64 [00:12<00:03,  3.90it/s]
Cached 3.15GB:  78%|#######8  | 50/64 [00:12<00:03,  3.90it/s]
Cached 3.15GB:  80%|#######9  | 51/64 [00:13<00:03,  3.93it/s]
Cached 3.21GB:  80%|#######9  | 51/64 [00:13<00:03,  3.93it/s]
Cached 3.21GB:  81%|########1 | 52/64 [00:13<00:03,  3.98it/s]
Cached 3.27GB:  81%|########1 | 52/64 [00:13<00:03,  3.98it/s]
Cached 3.27GB:  83%|########2 | 53/64 [00:13<00:02,  3.94it/s]
Cached 3.34GB:  83%|########2 | 53/64 [00:13<00:02,  3.94it/s]
Cached 3.34GB:  84%|########4 | 54/64 [00:13<00:02,  3.96it/s]
Cached 3.40GB:  84%|########4 | 54/64 [00:14<00:02,  3.96it/s]
Cached 3.40GB:  86%|########5 | 55/64 [00:14<00:02,  3.98it/s]
Cached 3.46GB:  86%|########5 | 55/64 [00:14<00:02,  3.98it/s]
Cached 3.46GB:  88%|########7 | 56/64 [00:14<00:02,  3.85it/s]
Cached 3.52GB:  88%|########7 | 56/64 [00:14<00:02,  3.85it/s]
Cached 3.52GB:  89%|########9 | 57/64 [00:14<00:01,  3.88it/s]
Cached 3.58GB:  89%|########9 | 57/64 [00:14<00:01,  3.88it/s]
Cached 3.58GB:  91%|######### | 58/64 [00:14<00:01,  3.73it/s]
Cached 3.65GB:  91%|######### | 58/64 [00:15<00:01,  3.73it/s]
Cached 3.65GB:  92%|#########2| 59/64 [00:15<00:01,  3.73it/s]
Cached 3.71GB:  92%|#########2| 59/64 [00:15<00:01,  3.73it/s]
Cached 3.71GB:  94%|#########3| 60/64 [00:15<00:01,  3.85it/s]
Cached 3.77GB:  94%|#########3| 60/64 [00:15<00:01,  3.85it/s]
Cached 3.77GB:  95%|#########5| 61/64 [00:15<00:00,  3.83it/s]
Cached 3.83GB:  95%|#########5| 61/64 [00:15<00:00,  3.83it/s]
Cached 3.83GB:  97%|#########6| 62/64 [00:15<00:00,  3.91it/s]
Cached 3.89GB:  97%|#########6| 62/64 [00:16<00:00,  3.91it/s]
Cached 3.89GB:  98%|#########8| 63/64 [00:16<00:00,  3.94it/s]
Cached 3.95GB:  98%|#########8| 63/64 [00:16<00:00,  3.94it/s]
Cached 3.95GB: 100%|##########| 64/64 [00:16<00:00,  3.98it/s]
Cached 3.95GB: 100%|##########| 64/64 [00:16<00:00,  3.92it/s]
[32m
[QUARK-INFO]: Finding optimal threshold for each tensor using PowerOfTwoMethod.MinMSE algorithm in 'All' mode ...[0m

  0%|          | 0/123 [00:00<?, ?it/s]
  2%|1         | 2/123 [00:00<00:54,  2.24it/s]
  2%|2         | 3/123 [00:01<01:00,  1.99it/s]
  3%|3         | 4/123 [00:01<00:54,  2.19it/s]
  4%|4         | 5/123 [00:02<01:06,  1.79it/s]
  5%|4         | 6/123 [00:05<02:53,  1.48s/it]
  6%|5         | 7/123 [00:06<02:24,  1.25s/it]
  7%|6         | 8/123 [00:08<02:32,  1.32s/it]
  7%|7         | 9/123 [00:08<01:56,  1.03s/it]
  8%|8         | 10/123 [00:10<02:12,  1.18s/it]
  9%|8         | 11/123 [00:13<03:14,  1.73s/it]
 10%|9         | 12/123 [00:13<02:21,  1.28s/it]
 11%|#         | 13/123 [00:14<02:02,  1.11s/it]
 11%|#1        | 14/123 [00:14<01:48,  1.01it/s]
 12%|#2        | 15/123 [00:16<02:03,  1.15s/it]
 13%|#3        | 16/123 [00:16<01:32,  1.15it/s]
 14%|#3        | 17/123 [00:17<01:27,  1.21it/s]
 15%|#4        | 18/123 [00:18<01:46,  1.02s/it]
 15%|#5        | 19/123 [00:21<02:47,  1.61s/it]
 16%|#6        | 20/123 [00:22<02:08,  1.25s/it]
 17%|#7        | 21/123 [00:23<02:14,  1.32s/it]
 18%|#7        | 22/123 [00:25<02:19,  1.38s/it]
 19%|#8        | 23/123 [00:25<01:59,  1.19s/it]
 20%|#9        | 24/123 [00:26<01:44,  1.05s/it]
 20%|##        | 25/123 [00:27<01:33,  1.05it/s]
 21%|##1       | 26/123 [00:30<02:31,  1.56s/it]
 22%|##1       | 27/123 [00:33<03:09,  1.98s/it]
 23%|##2       | 28/123 [00:33<02:32,  1.61s/it]
 24%|##3       | 29/123 [00:35<02:28,  1.58s/it]
 24%|##4       | 30/123 [00:36<02:02,  1.32s/it]
 25%|##5       | 31/123 [00:37<02:04,  1.35s/it]
 26%|##6       | 32/123 [00:38<01:46,  1.18s/it]
 27%|##6       | 33/123 [00:41<02:35,  1.73s/it]
 28%|##7       | 34/123 [00:42<02:07,  1.43s/it]
 28%|##8       | 35/123 [00:45<02:51,  1.95s/it]
 30%|###       | 37/123 [00:46<01:59,  1.39s/it]
 31%|###       | 38/123 [00:47<01:36,  1.14s/it]
 32%|###1      | 39/123 [00:48<01:42,  1.22s/it]
 33%|###2      | 40/123 [00:49<01:30,  1.09s/it]
 33%|###3      | 41/123 [00:49<01:12,  1.13it/s]
 34%|###4      | 42/123 [00:51<01:25,  1.05s/it]
 35%|###4      | 43/123 [00:52<01:34,  1.18s/it]
 36%|###5      | 44/123 [00:52<01:10,  1.12it/s]
 37%|###6      | 45/123 [00:53<01:06,  1.17it/s]
 37%|###7      | 46/123 [00:54<01:03,  1.22it/s]
 38%|###8      | 47/123 [00:54<00:52,  1.45it/s]
 39%|###9      | 48/123 [00:55<00:44,  1.69it/s]
 40%|###9      | 49/123 [00:58<01:41,  1.37s/it]
 41%|####      | 50/123 [00:58<01:14,  1.03s/it]
 41%|####1     | 51/123 [00:59<01:22,  1.15s/it]
 42%|####2     | 52/123 [01:00<01:05,  1.08it/s]
 43%|####3     | 53/123 [01:01<01:01,  1.14it/s]
 44%|####3     | 54/123 [01:01<00:58,  1.19it/s]
 45%|####4     | 55/123 [01:03<01:10,  1.04s/it]
 46%|####5     | 56/123 [01:03<00:56,  1.19it/s]
 46%|####6     | 57/123 [01:04<00:46,  1.42it/s]
 47%|####7     | 58/123 [01:04<00:39,  1.66it/s]
 48%|####7     | 59/123 [01:05<00:41,  1.56it/s]
 49%|####8     | 60/123 [01:05<00:35,  1.77it/s]
 50%|####9     | 61/123 [01:05<00:28,  2.17it/s]
 50%|#####     | 62/123 [01:06<00:26,  2.32it/s]
 51%|#####1    | 63/123 [01:06<00:25,  2.39it/s]
 52%|#####2    | 64/123 [01:07<00:31,  1.90it/s]
 53%|#####2    | 65/123 [01:07<00:25,  2.31it/s]
 54%|#####3    | 66/123 [01:07<00:20,  2.77it/s]
 54%|#####4    | 67/123 [01:10<01:05,  1.17s/it]
 55%|#####5    | 68/123 [01:11<00:48,  1.14it/s]
 56%|#####6    | 69/123 [01:11<00:39,  1.37it/s]
 57%|#####6    | 70/123 [01:14<01:14,  1.41s/it]
 58%|#####7    | 71/123 [01:15<01:14,  1.43s/it]
 59%|#####8    | 72/123 [01:16<00:56,  1.11s/it]
 59%|#####9    | 73/123 [01:17<00:50,  1.00s/it]
 60%|######    | 74/123 [01:18<00:56,  1.14s/it]
 61%|######    | 75/123 [01:19<00:49,  1.03s/it]
 62%|######1   | 76/123 [01:20<00:54,  1.15s/it]
 63%|######2   | 77/123 [01:23<01:19,  1.72s/it]
 63%|######3   | 78/123 [01:24<00:59,  1.32s/it]
 65%|######5   | 80/123 [01:24<00:37,  1.13it/s]
 66%|######5   | 81/123 [01:25<00:31,  1.33it/s]
 67%|######6   | 82/123 [01:25<00:31,  1.32it/s]
 67%|######7   | 83/123 [01:26<00:26,  1.54it/s]
 68%|######8   | 84/123 [01:26<00:22,  1.73it/s]
 69%|######9   | 85/123 [01:28<00:31,  1.20it/s]
 70%|######9   | 86/123 [01:28<00:29,  1.24it/s]
 71%|#######   | 87/123 [01:29<00:24,  1.46it/s]
 72%|#######1  | 88/123 [01:30<00:24,  1.43it/s]
 72%|#######2  | 89/123 [01:31<00:31,  1.08it/s]
 73%|#######3  | 90/123 [01:32<00:28,  1.15it/s]
 74%|#######3  | 91/123 [01:32<00:23,  1.38it/s]
 75%|#######4  | 92/123 [01:34<00:29,  1.05it/s]
 76%|#######5  | 93/123 [01:34<00:26,  1.13it/s]
 76%|#######6  | 94/123 [01:36<00:30,  1.06s/it]
 77%|#######7  | 95/123 [01:37<00:27,  1.04it/s]
 78%|#######8  | 96/123 [01:37<00:21,  1.27it/s]
 79%|#######8  | 97/123 [01:37<00:17,  1.49it/s]
 80%|#######9  | 98/123 [01:39<00:22,  1.10it/s]
 80%|########  | 99/123 [01:40<00:26,  1.09s/it]
 81%|########1 | 100/123 [01:41<00:22,  1.02it/s]
 82%|########2 | 101/123 [01:43<00:25,  1.14s/it]
 83%|########2 | 102/123 [01:43<00:19,  1.10it/s]
 84%|########3 | 103/123 [01:44<00:17,  1.16it/s]
 85%|########4 | 104/123 [01:44<00:15,  1.21it/s]
 85%|########5 | 105/123 [01:45<00:14,  1.25it/s]
 86%|########6 | 106/123 [01:47<00:17,  1.04s/it]
 87%|########6 | 107/123 [01:47<00:12,  1.26it/s]
 88%|########7 | 108/123 [01:47<00:09,  1.50it/s]
 89%|########8 | 109/123 [01:51<00:20,  1.45s/it]
 89%|########9 | 110/123 [01:51<00:16,  1.24s/it]
 90%|######### | 111/123 [01:52<00:11,  1.02it/s]
 91%|#########1| 112/123 [01:52<00:08,  1.24it/s]
 92%|#########1| 113/123 [01:53<00:06,  1.47it/s]
 93%|#########2| 114/123 [01:56<00:12,  1.37s/it]
 93%|#########3| 115/123 [01:59<00:14,  1.86s/it]
 94%|#########4| 116/123 [01:59<00:09,  1.36s/it]
 95%|#########5| 117/123 [02:00<00:07,  1.18s/it]
 96%|#########5| 118/123 [02:00<00:04,  1.07it/s]
 97%|#########6| 119/123 [02:01<00:04,  1.11s/it]
 98%|#########7| 120/123 [02:02<00:02,  1.13it/s]
 98%|#########8| 121/123 [02:03<00:01,  1.18it/s]
 99%|#########9| 122/123 [02:04<00:01,  1.05s/it]
100%|##########| 123/123 [02:04<00:00,  1.19it/s]
100%|##########| 123/123 [02:04<00:00,  1.02s/it]
[32m
[QUARK-INFO]: The calibration has been finished. It took 142.1s to complete.[0m
[32m
[QUARK-INFO]: Remove QuantizeLinear & DequantizeLinear on certain operations(such as conv-relu).[0m
[32m
[QUARK-INFO]: Rescale GlobalAveragePool /global_pool/pool/GlobalAveragePool with factor 1.0048828125 to simulate DPU behavior.[0m
[32m
[QUARK-INFO]: Adjust the quantize info to meet the compiler constraints[0m
[32m
[QUARK-INFO]: Input pos of pooling layer /global_pool/pool/GlobalAveragePool is 2. Output pos of pooling layer /global_pool/pool/GlobalAveragePool is 5.Modify opos from 5 to 2.[0m
[32m
[QUARK-INFO]: Adjust the quantize info to meet the compiler constraints[0m
[32m
[QUARK-INFO]: Start applying FastFinetune algorithm on the quant model...[0m

  0%|          | 0/54 [00:00<?, ?it/s][33m
[QUARK-WARNING]: The custom ops library C:\Users\<user>\miniforge3\envs\resnet_env\Lib\site-packages\quark\onnx\operators\custom_ops\lib\custom_ops.dll does NOT exist.[0m
[33m
[QUARK-WARNING]: The custom ops library C:\Users\<user>\miniforge3\envs\resnet_env\Lib\site-packages\quark\onnx\operators\custom_ops\lib\custom_ops.dll does NOT exist.[0m
[33m
[QUARK-WARNING]: Failed to register custom op library C:\Users\<user>\miniforge3\envs\resnet_env\Lib\site-packages\quark\onnx\operators\custom_ops\lib\custom_ops.dll to ORT with [ONNXRuntimeError] : 1 : FAIL : Error loading "C:\Users\<user>\miniforge3\envs\resnet_env\Lib\site-packages\quark\onnx\operators\custom_ops\lib\custom_ops.dll" which is missing. (Error 126: "The specified module could not be found."),please check if the library has been compiled successfully.[0m
[32m
[QUARK-INFO]: Quark_latency_profiler: finetuning layer 0, onnx inference (quantized model + float model) time consumed 8.624123s[0m
[32m
[QUARK-INFO]: Module (input)->(/act1/Relu_output_0) will be optimized by adaround on cpu[0m
[32m
[QUARK-INFO]: adaround iterations=0, lr=0.100000, loss=0.530395 (Recons loss=0.530395, Rounding loss=0.000000)[0m
[32m
[QUARK-INFO]: adaround iterations=100, lr=0.100000, loss=0.590703 (Recons loss=0.590703, Rounding loss=0.000000)[0m
[32m
[QUARK-INFO]: adaround iterations=200, lr=0.100000, loss=85.039986 (Recons loss=0.535402, Rounding loss=84.504585)[0m
[32m
[QUARK-INFO]: adaround iterations=300, lr=0.100000, loss=52.504211 (Recons loss=0.525360, Rounding loss=51.978851)[0m
[32m
[QUARK-INFO]: adaround iterations=400, lr=0.100000, loss=47.400398 (Recons loss=0.587057, Rounding loss=46.813339)[0m
[32m
[QUARK-INFO]: adaround iterations=500, lr=0.100000, loss=41.277119 (Recons loss=0.596342, Rounding loss=40.680775)[0m
[32m
[QUARK-INFO]: adaround iterations=600, lr=0.100000, loss=34.423290 (Recons loss=0.534941, Rounding loss=33.888348)[0m
[32m
[QUARK-INFO]: adaround iterations=700, lr=0.100000, loss=26.087801 (Recons loss=0.655916, Rounding loss=25.431885)[0m
[32m
[QUARK-INFO]: adaround iterations=800, lr=0.100000, loss=12.039338 (Recons loss=0.803489, Rounding loss=11.235849)[0m
[32m
[QUARK-INFO]: adaround iterations=900, lr=0.100000, loss=1.196325 (Recons loss=0.728018, Rounding loss=0.468307)[0m
[32m
[QUARK-INFO]: adaround iterations=999, lr=0.100000, loss=0.739799 (Recons loss=0.739799, Rounding loss=0.000000)[0m
[32m
[QUARK-INFO]: Module (input)->(/act1/Relu_output_0) recons metrics was optimized from 0.071859 to 0.012273 (diff=-0.059587)[0m
[32m
[QUARK-INFO]: Quark_latency_profiler: finetuning layer 0, torch training time consumed 12.934419s[0m

  2%|1         | 1/54 [00:21<19:02, 21.56s/it][33m
[QUARK-WARNING]: The custom ops library C:\Users\<user>\miniforge3\envs\resnet_env\Lib\site-packages\quark\onnx\operators\custom_ops\lib\custom_ops.dll does NOT exist.[0m
[33m
[QUARK-WARNING]: The custom ops library C:\Users\<user>\miniforge3\envs\resnet_env\Lib\site-packages\quark\onnx\operators\custom_ops\lib\custom_ops.dll does NOT exist.[0m
[33m
[QUARK-WARNING]: Failed to register custom op library C:\Users\<user>\miniforge3\envs\resnet_env\Lib\site-packages\quark\onnx\operators\custom_ops\lib\custom_ops.dll to ORT with [ONNXRuntimeError] : 1 : FAIL : Error loading "C:\Users\<user>\miniforge3\envs\resnet_env\Lib\site-packages\quark\onnx\operators\custom_ops\lib\custom_ops.dll" which is missing. (Error 126: "The specified module could not be found."),please check if the library has been compiled successfully.[0m
[32m
[QUARK-INFO]: Quark_latency_profiler: finetuning layer 1, onnx inference (quantized model + float model) time consumed 1.880705s[0m
[32m
[QUARK-INFO]: Module (/maxpool/MaxPool_output_0)->(/layer1/layer1.0/act1/Relu_output_0) will be optimized by adaround on cpu[0m
[32m
[QUARK-INFO]: adaround iterations=0, lr=0.100000, loss=1.239566 (Recons loss=1.239566, Rounding loss=0.000000)[0m
[32m
[QUARK-INFO]: adaround iterations=100, lr=0.100000, loss=0.623984 (Recons loss=0.623984, Rounding loss=0.000000)[0m
[32m
[QUARK-INFO]: adaround iterations=200, lr=0.100000, loss=68.798439 (Recons loss=0.586017, Rounding loss=68.212425)[0m
[32m
[QUARK-INFO]: adaround iterations=300, lr=0.100000, loss=35.383617 (Recons loss=0.575706, Rounding loss=34.807911)[0m
[32m
[QUARK-INFO]: adaround iterations=400, lr=0.100000, loss=30.829166 (Recons loss=0.607982, Rounding loss=30.221184)[0m
[32m
[QUARK-INFO]: adaround iterations=500, lr=0.100000, loss=25.832941 (Recons loss=0.538193, Rounding loss=25.294748)[0m
[32m
[QUARK-INFO]: adaround iterations=600, lr=0.100000, loss=19.571556 (Recons loss=0.648578, Rounding loss=18.922977)[0m
[32m
[QUARK-INFO]: adaround iterations=700, lr=0.100000, loss=10.645527 (Recons loss=0.668162, Rounding loss=9.977365)[0m
[32m
[QUARK-INFO]: adaround iterations=800, lr=0.100000, loss=1.891318 (Recons loss=0.690069, Rounding loss=1.201249)[0m
[32m
[QUARK-INFO]: adaround iterations=900, lr=0.100000, loss=0.707387 (Recons loss=0.697918, Rounding loss=0.009469)[0m
[32m
[QUARK-INFO]: adaround iterations=999, lr=0.100000, loss=0.669935 (Recons loss=0.669935, Rounding loss=0.000000)[0m
[32m
[QUARK-INFO]: Module (/maxpool/MaxPool_output_0)->(/layer1/layer1.0/act1/Relu_output_0) recons metrics was optimized from 0.015389 to 0.005142 (diff=-0.010247)[0m
[32m
[QUARK-INFO]: Quark_latency_profiler: finetuning layer 1, torch training time consumed 6.008829s[0m

  4%|3         | 2/54 [00:29<11:43, 13.52s/it][33m
[QUARK-WARNING]: The custom ops library C:\Users\<user>\miniforge3\envs\resnet_env\Lib\site-packages\quark\onnx\operators\custom_ops\lib\custom_ops.dll does NOT exist.[0m
[33m
[QUARK-WARNING]: The custom ops library C:\Users\<user>\miniforge3\envs\resnet_env\Lib\site-packages\quark\onnx\operators\custom_ops\lib\custom_ops.dll does NOT exist.[0m
[33m
[QUARK-WARNING]: Failed to register custom op library C:\Users\<user>\miniforge3\envs\resnet_env\Lib\site-packages\quark\onnx\operators\custom_ops\lib\custom_ops.dll to ORT with [ONNXRuntimeError] : 1 : FAIL : Error loading "C:\Users\<user>\miniforge3\envs\resnet_env\Lib\site-packages\quark\onnx\operators\custom_ops\lib\custom_ops.dll" which is missing. (Error 126: "The specified module could not be found."),please check if the library has been compiled successfully.[0m
[32m
[QUARK-INFO]: Quark_latency_profiler: finetuning layer 2, onnx inference (quantized model + float model) time consumed 1.139137s[0m
[32m
[QUARK-INFO]: Module (/maxpool/MaxPool_output_0)->(/layer1/layer1.0/downsample/downsample.0/Conv_output_0) will be optimized by adaround on cpu[0m
[32m
[QUARK-INFO]: adaround iterations=0, lr=0.100000, loss=774.739868 (Recons loss=774.739868, Rounding loss=0.000000)[0m
[32m
[QUARK-INFO]: adaround iterations=100, lr=0.100000, loss=520.772766 (Recons loss=520.772766, Rounding loss=0.000000)[0m
[32m
[QUARK-INFO]: adaround iterations=200, lr=0.100000, loss=642.914062 (Recons loss=510.824127, Rounding loss=132.089935)[0m
[32m
[QUARK-INFO]: adaround iterations=300, lr=0.100000, loss=610.952393 (Recons loss=521.649902, Rounding loss=89.302460)[0m
[32m
[QUARK-INFO]: adaround iterations=400, lr=0.100000, loss=602.141968 (Recons loss=520.451233, Rounding loss=81.690765)[0m
[32m
[QUARK-INFO]: adaround iterations=500, lr=0.100000, loss=571.305786 (Recons loss=496.022400, Rounding loss=75.283356)[0m
[32m
[QUARK-INFO]: adaround iterations=600, lr=0.100000, loss=573.666870 (Recons loss=507.772766, Rounding loss=65.894081)[0m
[32m
[QUARK-INFO]: adaround iterations=700, lr=0.100000, loss=532.883301 (Recons loss=481.645172, Rounding loss=51.238144)[0m
[32m
[QUARK-INFO]: adaround iterations=800, lr=0.100000, loss=540.427612 (Recons loss=511.371490, Rounding loss=29.056122)[0m
[32m
[QUARK-INFO]: adaround iterations=900, lr=0.100000, loss=499.085693 (Recons loss=494.409424, Rounding loss=4.676257)[0m
[32m
[QUARK-INFO]: adaround iterations=999, lr=0.100000, loss=496.611938 (Recons loss=495.372375, Rounding loss=1.239571)[0m
[32m
[QUARK-INFO]: Module (/maxpool/MaxPool_output_0)->(/layer1/layer1.0/downsample/downsample.0/Conv_output_0) recons metrics was optimized from 3.157989 to 2.033105 (diff=-1.124884)[0m
[32m
[QUARK-INFO]: Quark_latency_profiler: finetuning layer 2, torch training time consumed 9.291495s[0m

  6%|5         | 3/54 [00:39<10:17, 12.11s/it][33m
[QUARK-WARNING]: The custom ops library C:\Users\<user>\miniforge3\envs\resnet_env\Lib\site-packages\quark\onnx\operators\custom_ops\lib\custom_ops.dll does NOT exist.[0m
[33m
[QUARK-WARNING]: The custom ops library C:\Users\<user>\miniforge3\envs\resnet_env\Lib\site-packages\quark\onnx\operators\custom_ops\lib\custom_ops.dll does NOT exist.[0m
[33m
[QUARK-WARNING]: Failed to register custom op library C:\Users\<user>\miniforge3\envs\resnet_env\Lib\site-packages\quark\onnx\operators\custom_ops\lib\custom_ops.dll to ORT with [ONNXRuntimeError] : 1 : FAIL : Error loading "C:\Users\<user>\miniforge3\envs\resnet_env\Lib\site-packages\quark\onnx\operators\custom_ops\lib\custom_ops.dll" which is missing. (Error 126: "The specified module could not be found."),please check if the library has been compiled successfully.[0m
[32m
[QUARK-INFO]: Quark_latency_profiler: finetuning layer 3, onnx inference (quantized model + float model) time consumed 1.244759s[0m
[32m
[QUARK-INFO]: Module (/layer1/layer1.0/act1/Relu_output_0)->(/layer1/layer1.0/act2/Relu_output_0) will be optimized by adaround on cpu[0m
[32m
[QUARK-INFO]: adaround iterations=0, lr=0.100000, loss=3.167901 (Recons loss=3.167901, Rounding loss=0.000000)[0m
[32m
[QUARK-INFO]: adaround iterations=100, lr=0.100000, loss=2.810713 (Recons loss=2.810713, Rounding loss=0.000000)[0m
[32m
[QUARK-INFO]: adaround iterations=200, lr=0.100000, loss=1273.965576 (Recons loss=2.433432, Rounding loss=1271.532104)[0m
[32m
[QUARK-INFO]: adaround iterations=300, lr=0.100000, loss=614.264038 (Recons loss=2.510720, Rounding loss=611.753296)[0m
[32m
[QUARK-INFO]: adaround iterations=400, lr=0.100000, loss=512.362976 (Recons loss=2.326948, Rounding loss=510.036011)[0m
[32m
[QUARK-INFO]: adaround iterations=500, lr=0.100000, loss=415.344910 (Recons loss=2.271816, Rounding loss=413.073090)[0m
[32m
[QUARK-INFO]: adaround iterations=600, lr=0.100000, loss=301.484528 (Recons loss=2.728971, Rounding loss=298.755554)[0m
[32m
[QUARK-INFO]: adaround iterations=700, lr=0.100000, loss=161.730789 (Recons loss=2.782953, Rounding loss=158.947830)[0m
[32m
[QUARK-INFO]: adaround iterations=800, lr=0.100000, loss=22.465040 (Recons loss=1.876547, Rounding loss=20.588493)[0m
[32m
[QUARK-INFO]: adaround iterations=900, lr=0.100000, loss=2.447452 (Recons loss=2.447452, Rounding loss=0.000000)[0m
[32m
[QUARK-INFO]: adaround iterations=999, lr=0.100000, loss=2.737935 (Recons loss=2.737935, Rounding loss=0.000000)[0m
[32m
[QUARK-INFO]: Module (/layer1/layer1.0/act1/Relu_output_0)->(/layer1/layer1.0/act2/Relu_output_0) recons metrics was optimized from 0.039461 to 0.020768 (diff=-0.018692)[0m
[32m
[QUARK-INFO]: Quark_latency_profiler: finetuning layer 3, torch training time consumed 17.971169s[0m

  7%|7         | 4/54 [00:59<12:25, 14.92s/it][33m
[QUARK-WARNING]: The custom ops library C:\Users\<user>\miniforge3\envs\resnet_env\Lib\site-packages\quark\onnx\operators\custom_ops\lib\custom_ops.dll does NOT exist.[0m
[33m
[QUARK-WARNING]: The custom ops library C:\Users\<user>\miniforge3\envs\resnet_env\Lib\site-packages\quark\onnx\operators\custom_ops\lib\custom_ops.dll does NOT exist.[0m
[33m
[QUARK-WARNING]: Failed to register custom op library C:\Users\<user>\miniforge3\envs\resnet_env\Lib\site-packages\quark\onnx\operators\custom_ops\lib\custom_ops.dll to ORT with [ONNXRuntimeError] : 1 : FAIL : Error loading "C:\Users\<user>\miniforge3\envs\resnet_env\Lib\site-packages\quark\onnx\operators\custom_ops\lib\custom_ops.dll" which is missing. (Error 126: "The specified module could not be found."),please check if the library has been compiled successfully.[0m
[32m
[QUARK-INFO]: Quark_latency_profiler: finetuning layer 4, onnx inference (quantized model + float model) time consumed 1.528034s[0m
[32m
[QUARK-INFO]: Module (/layer1/layer1.0/act2/Relu_output_0)->(/layer1/layer1.0/conv3/Conv_output_0) will be optimized by adaround on cpu[0m
[32m
[QUARK-INFO]: adaround iterations=0, lr=0.100000, loss=12.720703 (Recons loss=12.720703, Rounding loss=0.000000)[0m
[32m
[QUARK-INFO]: adaround iterations=100, lr=0.100000, loss=9.148133 (Recons loss=9.148133, Rounding loss=0.000000)[0m
[32m
[QUARK-INFO]: adaround iterations=200, lr=0.100000, loss=239.299072 (Recons loss=9.025529, Rounding loss=230.273544)[0m
[32m
[QUARK-INFO]: adaround iterations=300, lr=0.100000, loss=120.989853 (Recons loss=10.910440, Rounding loss=110.079414)[0m
[32m
[QUARK-INFO]: adaround iterations=400, lr=0.100000, loss=102.639084 (Recons loss=11.732197, Rounding loss=90.906891)[0m
[32m
[QUARK-INFO]: adaround iterations=500, lr=0.100000, loss=83.684418 (Recons loss=9.529139, Rounding loss=74.155281)[0m
[32m
[QUARK-INFO]: adaround iterations=600, lr=0.100000, loss=65.049690 (Recons loss=10.880379, Rounding loss=54.169312)[0m
[32m
[QUARK-INFO]: adaround iterations=700, lr=0.100000, loss=38.590969 (Recons loss=8.757331, Rounding loss=29.833639)[0m
[32m
[QUARK-INFO]: adaround iterations=800, lr=0.100000, loss=14.911367 (Recons loss=9.507339, Rounding loss=5.404028)[0m
[32m
[QUARK-INFO]: adaround iterations=900, lr=0.100000, loss=9.003150 (Recons loss=8.966318, Rounding loss=0.036831)[0m
[32m
[QUARK-INFO]: adaround iterations=999, lr=0.100000, loss=11.108919 (Recons loss=11.108919, Rounding loss=0.000000)[0m
[32m
[QUARK-INFO]: Module (/layer1/layer1.0/act2/Relu_output_0)->(/layer1/layer1.0/conv3/Conv_output_0) recons metrics was optimized from 0.064407 to 0.039021 (diff=-0.025386)[0m
[32m
[QUARK-INFO]: Quark_latency_profiler: finetuning layer 4, torch training time consumed 12.225172s[0m

  9%|9         | 5/54 [01:12<11:50, 14.50s/it][33m
[QUARK-WARNING]: The custom ops library C:\Users\<user>\miniforge3\envs\resnet_env\Lib\site-packages\quark\onnx\operators\custom_ops\lib\custom_ops.dll does NOT exist.[0m
[33m
[QUARK-WARNING]: The custom ops library C:\Users\<user>\miniforge3\envs\resnet_env\Lib\site-packages\quark\onnx\operators\custom_ops\lib\custom_ops.dll does NOT exist.[0m
[33m
[QUARK-WARNING]: Failed to register custom op library C:\Users\<user>\miniforge3\envs\resnet_env\Lib\site-packages\quark\onnx\operators\custom_ops\lib\custom_ops.dll to ORT with [ONNXRuntimeError] : 1 : FAIL : Error loading "C:\Users\<user>\miniforge3\envs\resnet_env\Lib\site-packages\quark\onnx\operators\custom_ops\lib\custom_ops.dll" which is missing. (Error 126: "The specified module could not be found."),please check if the library has been compiled successfully.[0m
[32m
[QUARK-INFO]: Quark_latency_profiler: finetuning layer 5, onnx inference (quantized model + float model) time consumed 2.041390s[0m
[32m
[QUARK-INFO]: Module (/layer1/layer1.0/act3/Relu_output_0)->(/layer1/layer1.1/act1/Relu_output_0) will be optimized by adaround on cpu[0m
[32m
[QUARK-INFO]: adaround iterations=0, lr=0.100000, loss=562.898926 (Recons loss=562.898926, Rounding loss=0.000000)[0m
[32m
[QUARK-INFO]: adaround iterations=100, lr=0.100000, loss=243.295074 (Recons loss=243.295074, Rounding loss=0.000000)[0m
[32m
[QUARK-INFO]: adaround iterations=200, lr=0.100000, loss=459.723083 (Recons loss=284.776215, Rounding loss=174.946884)[0m
[32m
[QUARK-INFO]: adaround iterations=300, lr=0.100000, loss=376.222778 (Recons loss=302.022949, Rounding loss=74.199821)[0m
[32m
[QUARK-INFO]: adaround iterations=400, lr=0.100000, loss=289.210785 (Recons loss=232.896637, Rounding loss=56.314156)[0m
[32m
[QUARK-INFO]: adaround iterations=500, lr=0.100000, loss=340.333191 (Recons loss=298.627045, Rounding loss=41.706131)[0m
[32m
[QUARK-INFO]: adaround iterations=600, lr=0.100000, loss=375.195984 (Recons loss=347.293640, Rounding loss=27.902344)[0m
[32m
[QUARK-INFO]: adaround iterations=700, lr=0.100000, loss=306.826874 (Recons loss=293.419800, Rounding loss=13.407072)[0m
[32m
[QUARK-INFO]: adaround iterations=800, lr=0.100000, loss=307.690216 (Recons loss=306.240906, Rounding loss=1.449312)[0m
[32m
[QUARK-INFO]: adaround iterations=900, lr=0.100000, loss=350.070404 (Recons loss=350.054993, Rounding loss=0.015404)[0m
[32m
[QUARK-INFO]: adaround iterations=999, lr=0.100000, loss=322.700562 (Recons loss=322.700562, Rounding loss=0.000000)[0m
[32m
[QUARK-INFO]: Module (/layer1/layer1.0/act3/Relu_output_0)->(/layer1/layer1.1/act1/Relu_output_0) recons metrics was optimized from 3.698290 to 2.322314 (diff=-1.375976)[0m
[32m
[QUARK-INFO]: Quark_latency_profiler: finetuning layer 5, torch training time consumed 13.102789s[0m

 11%|#1        | 6/54 [01:28<11:46, 14.72s/it][33m
[QUARK-WARNING]: The custom ops library C:\Users\<user>\miniforge3\envs\resnet_env\Lib\site-packages\quark\onnx\operators\custom_ops\lib\custom_ops.dll does NOT exist.[0m
[33m
[QUARK-WARNING]: The custom ops library C:\Users\<user>\miniforge3\envs\resnet_env\Lib\site-packages\quark\onnx\operators\custom_ops\lib\custom_ops.dll does NOT exist.[0m
[33m
[QUARK-WARNING]: Failed to register custom op library C:\Users\<user>\miniforge3\envs\resnet_env\Lib\site-packages\quark\onnx\operators\custom_ops\lib\custom_ops.dll to ORT with [ONNXRuntimeError] : 1 : FAIL : Error loading "C:\Users\<user>\miniforge3\envs\resnet_env\Lib\site-packages\quark\onnx\operators\custom_ops\lib\custom_ops.dll" which is missing. (Error 126: "The specified module could not be found."),please check if the library has been compiled successfully.[0m
[32m
[QUARK-INFO]: Quark_latency_profiler: finetuning layer 6, onnx inference (quantized model + float model) time consumed 2.196617s[0m
[32m
[QUARK-INFO]: Module (/layer1/layer1.1/act1/Relu_output_0)->(/layer1/layer1.1/act2/Relu_output_0) will be optimized by adaround on cpu[0m
[32m
[QUARK-INFO]: adaround iterations=0, lr=0.100000, loss=206.066132 (Recons loss=206.066132, Rounding loss=0.000000)[0m
[32m
[QUARK-INFO]: adaround iterations=100, lr=0.100000, loss=67.494179 (Recons loss=67.494179, Rounding loss=0.000000)[0m
[32m
[QUARK-INFO]: adaround iterations=200, lr=0.100000, loss=640.022034 (Recons loss=84.561722, Rounding loss=555.460327)[0m
[32m
[QUARK-INFO]: adaround iterations=300, lr=0.100000, loss=229.594116 (Recons loss=73.034584, Rounding loss=156.559540)[0m
[32m
[QUARK-INFO]: adaround iterations=400, lr=0.100000, loss=163.167328 (Recons loss=73.686714, Rounding loss=89.480606)[0m
[32m
[QUARK-INFO]: adaround iterations=500, lr=0.100000, loss=132.466232 (Recons loss=83.715637, Rounding loss=48.750591)[0m
[32m
[QUARK-INFO]: adaround iterations=600, lr=0.100000, loss=116.519058 (Recons loss=92.034805, Rounding loss=24.484255)[0m
[32m
[QUARK-INFO]: adaround iterations=700, lr=0.100000, loss=83.279243 (Recons loss=74.846451, Rounding loss=8.432791)[0m
[32m
[QUARK-INFO]: adaround iterations=800, lr=0.100000, loss=85.785065 (Recons loss=85.228065, Rounding loss=0.557001)[0m
[32m
[QUARK-INFO]: adaround iterations=900, lr=0.100000, loss=79.074387 (Recons loss=79.074387, Rounding loss=0.000000)[0m
[32m
[QUARK-INFO]: adaround iterations=999, lr=0.100000, loss=57.491833 (Recons loss=57.491833, Rounding loss=0.000000)[0m
[32m
[QUARK-INFO]: Module (/layer1/layer1.1/act1/Relu_output_0)->(/layer1/layer1.1/act2/Relu_output_0) recons metrics was optimized from 1.588553 to 0.612216 (diff=-0.976337)[0m
[32m
[QUARK-INFO]: Quark_latency_profiler: finetuning layer 6, torch training time consumed 18.870198s[0m

 13%|#2        | 7/54 [01:49<13:09, 16.79s/it][33m
[QUARK-WARNING]: The custom ops library C:\Users\<user>\miniforge3\envs\resnet_env\Lib\site-packages\quark\onnx\operators\custom_ops\lib\custom_ops.dll does NOT exist.[0m
[33m
[QUARK-WARNING]: The custom ops library C:\Users\<user>\miniforge3\envs\resnet_env\Lib\site-packages\quark\onnx\operators\custom_ops\lib\custom_ops.dll does NOT exist.[0m
[33m
[QUARK-WARNING]: Failed to register custom op library C:\Users\<user>\miniforge3\envs\resnet_env\Lib\site-packages\quark\onnx\operators\custom_ops\lib\custom_ops.dll to ORT with [ONNXRuntimeError] : 1 : FAIL : Error loading "C:\Users\<user>\miniforge3\envs\resnet_env\Lib\site-packages\quark\onnx\operators\custom_ops\lib\custom_ops.dll" which is missing. (Error 126: "The specified module could not be found."),please check if the library has been compiled successfully.[0m
[32m
[QUARK-INFO]: Quark_latency_profiler: finetuning layer 7, onnx inference (quantized model + float model) time consumed 2.111837s[0m
[32m
[QUARK-INFO]: Module (/layer1/layer1.1/act2/Relu_output_0)->(/layer1/layer1.1/conv3/Conv_output_0) will be optimized by adaround on cpu[0m
[32m
[QUARK-INFO]: adaround iterations=0, lr=0.100000, loss=96.295044 (Recons loss=96.295044, Rounding loss=0.000000)[0m
[32m
[QUARK-INFO]: adaround iterations=100, lr=0.100000, loss=127.459038 (Recons loss=127.459038, Rounding loss=0.000000)[0m
[32m
[QUARK-INFO]: adaround iterations=200, lr=0.100000, loss=301.585175 (Recons loss=123.875900, Rounding loss=177.709274)[0m
[32m
[QUARK-INFO]: adaround iterations=300, lr=0.100000, loss=209.015289 (Recons loss=127.393066, Rounding loss=81.622223)[0m
[32m
[QUARK-INFO]: adaround iterations=400, lr=0.100000, loss=163.720428 (Recons loss=92.911453, Rounding loss=70.808983)[0m
[32m
[QUARK-INFO]: adaround iterations=500, lr=0.100000, loss=184.130356 (Recons loss=126.091187, Rounding loss=58.039165)[0m
[32m
[QUARK-INFO]: adaround iterations=600, lr=0.100000, loss=155.022675 (Recons loss=109.942863, Rounding loss=45.079803)[0m
[32m
[QUARK-INFO]: adaround iterations=700, lr=0.100000, loss=136.895264 (Recons loss=110.748070, Rounding loss=26.147190)[0m
[32m
[QUARK-INFO]: adaround iterations=800, lr=0.100000, loss=117.014206 (Recons loss=114.671951, Rounding loss=2.342258)[0m
[32m
[QUARK-INFO]: adaround iterations=900, lr=0.100000, loss=95.824333 (Recons loss=95.794884, Rounding loss=0.029450)[0m
[32m
[QUARK-INFO]: adaround iterations=999, lr=0.100000, loss=113.379486 (Recons loss=113.379486, Rounding loss=0.000000)[0m
[32m
[QUARK-INFO]: Module (/layer1/layer1.1/act2/Relu_output_0)->(/layer1/layer1.1/conv3/Conv_output_0) recons metrics was optimized from 0.516477 to 0.441887 (diff=-0.074590)[0m
[32m
[QUARK-INFO]: Quark_latency_profiler: finetuning layer 7, torch training time consumed 12.619398s[0m

 15%|#4        | 8/54 [02:03<12:22, 16.14s/it][33m
[QUARK-WARNING]: The custom ops library C:\Users\<user>\miniforge3\envs\resnet_env\Lib\site-packages\quark\onnx\operators\custom_ops\lib\custom_ops.dll does NOT exist.[0m
[33m
[QUARK-WARNING]: The custom ops library C:\Users\<user>\miniforge3\envs\resnet_env\Lib\site-packages\quark\onnx\operators\custom_ops\lib\custom_ops.dll does NOT exist.[0m
[33m
[QUARK-WARNING]: Failed to register custom op library C:\Users\<user>\miniforge3\envs\resnet_env\Lib\site-packages\quark\onnx\operators\custom_ops\lib\custom_ops.dll to ORT with [ONNXRuntimeError] : 1 : FAIL : Error loading "C:\Users\<user>\miniforge3\envs\resnet_env\Lib\site-packages\quark\onnx\operators\custom_ops\lib\custom_ops.dll" which is missing. (Error 126: "The specified module could not be found."),please check if the library has been compiled successfully.[0m
[32m
[QUARK-INFO]: Quark_latency_profiler: finetuning layer 8, onnx inference (quantized model + float model) time consumed 2.683419s[0m
[32m
[QUARK-INFO]: Module (/layer1/layer1.1/act3/Relu_output_0)->(/layer1/layer1.2/act1/Relu_output_0) will be optimized by adaround on cpu[0m
[32m
[QUARK-INFO]: adaround iterations=0, lr=0.100000, loss=31.054077 (Recons loss=31.054077, Rounding loss=0.000000)[0m
[32m
[QUARK-INFO]: adaround iterations=100, lr=0.100000, loss=19.980284 (Recons loss=19.980284, Rounding loss=0.000000)[0m
[32m
[QUARK-INFO]: adaround iterations=200, lr=0.100000, loss=147.578354 (Recons loss=22.084124, Rounding loss=125.494225)[0m
[32m
[QUARK-INFO]: adaround iterations=300, lr=0.100000, loss=55.506989 (Recons loss=19.014521, Rounding loss=36.492466)[0m
[32m
[QUARK-INFO]: adaround iterations=400, lr=0.100000, loss=40.421638 (Recons loss=18.265175, Rounding loss=22.156464)[0m
[32m
[QUARK-INFO]: adaround iterations=500, lr=0.100000, loss=31.931936 (Recons loss=19.092239, Rounding loss=12.839697)[0m
[32m
[QUARK-INFO]: adaround iterations=600, lr=0.100000, loss=24.956240 (Recons loss=18.434616, Rounding loss=6.521624)[0m
[32m
[QUARK-INFO]: adaround iterations=700, lr=0.100000, loss=23.415247 (Recons loss=21.154184, Rounding loss=2.261062)[0m
[32m
[QUARK-INFO]: adaround iterations=800, lr=0.100000, loss=21.502199 (Recons loss=21.369041, Rounding loss=0.133157)[0m
[32m
[QUARK-INFO]: adaround iterations=900, lr=0.100000, loss=20.992306 (Recons loss=20.982313, Rounding loss=0.009992)[0m
[32m
[QUARK-INFO]: adaround iterations=999, lr=0.100000, loss=10.702825 (Recons loss=10.702825, Rounding loss=0.000000)[0m
[32m
[QUARK-INFO]: Module (/layer1/layer1.1/act3/Relu_output_0)->(/layer1/layer1.2/act1/Relu_output_0) recons metrics was optimized from 0.248658 to 0.121367 (diff=-0.127291)[0m
[32m
[QUARK-INFO]: Quark_latency_profiler: finetuning layer 8, torch training time consumed 12.390805s[0m

 17%|#6        | 9/54 [02:18<11:51, 15.81s/it][33m
[QUARK-WARNING]: The custom ops library C:\Users\<user>\miniforge3\envs\resnet_env\Lib\site-packages\quark\onnx\operators\custom_ops\lib\custom_ops.dll does NOT exist.[0m
[33m
[QUARK-WARNING]: The custom ops library C:\Users\<user>\miniforge3\envs\resnet_env\Lib\site-packages\quark\onnx\operators\custom_ops\lib\custom_ops.dll does NOT exist.[0m
[33m
[QUARK-WARNING]: Failed to register custom op library C:\Users\<user>\miniforge3\envs\resnet_env\Lib\site-packages\quark\onnx\operators\custom_ops\lib\custom_ops.dll to ORT with [ONNXRuntimeError] : 1 : FAIL : Error loading "C:\Users\<user>\miniforge3\envs\resnet_env\Lib\site-packages\quark\onnx\operators\custom_ops\lib\custom_ops.dll" which is missing. (Error 126: "The specified module could not be found."),please check if the library has been compiled successfully.[0m
[32m
[QUARK-INFO]: Quark_latency_profiler: finetuning layer 9, onnx inference (quantized model + float model) time consumed 2.670346s[0m
[32m
[QUARK-INFO]: Module (/layer1/layer1.2/act1/Relu_output_0)->(/layer1/layer1.2/act2/Relu_output_0) will be optimized by adaround on cpu[0m
[32m
[QUARK-INFO]: adaround iterations=0, lr=0.100000, loss=20.295795 (Recons loss=20.295795, Rounding loss=0.000000)[0m
[32m
[QUARK-INFO]: adaround iterations=100, lr=0.100000, loss=23.278734 (Recons loss=23.278734, Rounding loss=0.000000)[0m
[32m
[QUARK-INFO]: adaround iterations=200, lr=0.100000, loss=696.125549 (Recons loss=31.175198, Rounding loss=664.950378)[0m
[32m
[QUARK-INFO]: adaround iterations=300, lr=0.100000, loss=185.492477 (Recons loss=26.041458, Rounding loss=159.451019)[0m
[32m
[QUARK-INFO]: adaround iterations=400, lr=0.100000, loss=121.670021 (Recons loss=30.931509, Rounding loss=90.738510)[0m
[32m
[QUARK-INFO]: adaround iterations=500, lr=0.100000, loss=66.010071 (Recons loss=17.809671, Rounding loss=48.200397)[0m
[32m
[QUARK-INFO]: adaround iterations=600, lr=0.100000, loss=57.325600 (Recons loss=33.811413, Rounding loss=23.514189)[0m
[32m
[QUARK-INFO]: adaround iterations=700, lr=0.100000, loss=27.797758 (Recons loss=22.804272, Rounding loss=4.993486)[0m
[32m
[QUARK-INFO]: adaround iterations=800, lr=0.100000, loss=45.261211 (Recons loss=45.139252, Rounding loss=0.121959)[0m
[32m
[QUARK-INFO]: adaround iterations=900, lr=0.100000, loss=24.468464 (Recons loss=24.468464, Rounding loss=0.000000)[0m
[32m
[QUARK-INFO]: adaround iterations=999, lr=0.100000, loss=40.720776 (Recons loss=40.720776, Rounding loss=0.000000)[0m
[32m
[QUARK-INFO]: Module (/layer1/layer1.2/act1/Relu_output_0)->(/layer1/layer1.2/act2/Relu_output_0) recons metrics was optimized from 0.232284 to 0.212739 (diff=-0.019545)[0m
[32m
[QUARK-INFO]: Quark_latency_profiler: finetuning layer 9, torch training time consumed 18.379297s[0m

 19%|#8        | 10/54 [02:39<12:46, 17.43s/it][33m
[QUARK-WARNING]: The custom ops library C:\Users\<user>\miniforge3\envs\resnet_env\Lib\site-packages\quark\onnx\operators\custom_ops\lib\custom_ops.dll does NOT exist.[0m
[33m
[QUARK-WARNING]: The custom ops library C:\Users\<user>\miniforge3\envs\resnet_env\Lib\site-packages\quark\onnx\operators\custom_ops\lib\custom_ops.dll does NOT exist.[0m
[33m
[QUARK-WARNING]: Failed to register custom op library C:\Users\<user>\miniforge3\envs\resnet_env\Lib\site-packages\quark\onnx\operators\custom_ops\lib\custom_ops.dll to ORT with [ONNXRuntimeError] : 1 : FAIL : Error loading "C:\Users\<user>\miniforge3\envs\resnet_env\Lib\site-packages\quark\onnx\operators\custom_ops\lib\custom_ops.dll" which is missing. (Error 126: "The specified module could not be found."),please check if the library has been compiled successfully.[0m
[32m
[QUARK-INFO]: Quark_latency_profiler: finetuning layer 10, onnx inference (quantized model + float model) time consumed 2.615132s[0m
[32m
[QUARK-INFO]: Module (/layer1/layer1.2/act2/Relu_output_0)->(/layer1/layer1.2/conv3/Conv_output_0) will be optimized by adaround on cpu[0m
[32m
[QUARK-INFO]: adaround iterations=0, lr=0.100000, loss=57.315205 (Recons loss=57.315205, Rounding loss=0.000000)[0m
[32m
[QUARK-INFO]: adaround iterations=100, lr=0.100000, loss=49.699089 (Recons loss=49.699089, Rounding loss=0.000000)[0m
[32m
[QUARK-INFO]: adaround iterations=200, lr=0.100000, loss=262.572632 (Recons loss=43.666523, Rounding loss=218.906113)[0m
[32m
[QUARK-INFO]: adaround iterations=300, lr=0.100000, loss=162.975708 (Recons loss=59.471291, Rounding loss=103.504410)[0m
[32m
[QUARK-INFO]: adaround iterations=400, lr=0.100000, loss=148.152649 (Recons loss=56.845219, Rounding loss=91.307426)[0m
[32m
[QUARK-INFO]: adaround iterations=500, lr=0.100000, loss=120.582619 (Recons loss=39.916069, Rounding loss=80.666550)[0m
[32m
[QUARK-INFO]: adaround iterations=600, lr=0.100000, loss=100.509117 (Recons loss=35.462952, Rounding loss=65.046165)[0m
[32m
[QUARK-INFO]: adaround iterations=700, lr=0.100000, loss=92.691376 (Recons loss=53.005501, Rounding loss=39.685879)[0m
[32m
[QUARK-INFO]: adaround iterations=800, lr=0.100000, loss=63.131577 (Recons loss=57.210796, Rounding loss=5.920778)[0m
[32m
[QUARK-INFO]: adaround iterations=900, lr=0.100000, loss=56.190147 (Recons loss=56.120083, Rounding loss=0.070064)[0m
[32m
[QUARK-INFO]: adaround iterations=999, lr=0.100000, loss=72.659035 (Recons loss=72.659035, Rounding loss=0.000000)[0m
[32m
[QUARK-INFO]: Module (/layer1/layer1.2/act2/Relu_output_0)->(/layer1/layer1.2/conv3/Conv_output_0) recons metrics was optimized from 0.231620 to 0.222736 (diff=-0.008884)[0m
[32m
[QUARK-INFO]: Quark_latency_profiler: finetuning layer 10, torch training time consumed 12.334193s[0m

 20%|##        | 11/54 [02:54<11:56, 16.67s/it][33m
[QUARK-WARNING]: The custom ops library C:\Users\<user>\miniforge3\envs\resnet_env\Lib\site-packages\quark\onnx\operators\custom_ops\lib\custom_ops.dll does NOT exist.[0m
[33m
[QUARK-WARNING]: The custom ops library C:\Users\<user>\miniforge3\envs\resnet_env\Lib\site-packages\quark\onnx\operators\custom_ops\lib\custom_ops.dll does NOT exist.[0m
[33m
[QUARK-WARNING]: Failed to register custom op library C:\Users\<user>\miniforge3\envs\resnet_env\Lib\site-packages\quark\onnx\operators\custom_ops\lib\custom_ops.dll to ORT with [ONNXRuntimeError] : 1 : FAIL : Error loading "C:\Users\<user>\miniforge3\envs\resnet_env\Lib\site-packages\quark\onnx\operators\custom_ops\lib\custom_ops.dll" which is missing. (Error 126: "The specified module could not be found."),please check if the library has been compiled successfully.[0m
[32m
[QUARK-INFO]: Quark_latency_profiler: finetuning layer 11, onnx inference (quantized model + float model) time consumed 2.912106s[0m
[32m
[QUARK-INFO]: Module (/layer1/layer1.2/act3/Relu_output_0)->(/layer2/layer2.0/act1/Relu_output_0) will be optimized by adaround on cpu[0m
[32m
[QUARK-INFO]: adaround iterations=0, lr=0.100000, loss=110.781433 (Recons loss=110.781433, Rounding loss=0.000000)[0m
[32m
[QUARK-INFO]: adaround iterations=100, lr=0.100000, loss=39.311672 (Recons loss=39.311672, Rounding loss=0.000000)[0m
[32m
[QUARK-INFO]: adaround iterations=200, lr=0.100000, loss=321.882629 (Recons loss=60.029221, Rounding loss=261.853424)[0m
[32m
[QUARK-INFO]: adaround iterations=300, lr=0.100000, loss=125.066376 (Recons loss=44.165085, Rounding loss=80.901291)[0m
[32m
[QUARK-INFO]: adaround iterations=400, lr=0.100000, loss=104.511490 (Recons loss=52.447556, Rounding loss=52.063934)[0m
[32m
[QUARK-INFO]: adaround iterations=500, lr=0.100000, loss=79.046341 (Recons loss=47.675102, Rounding loss=31.371237)[0m
[32m
[QUARK-INFO]: adaround iterations=600, lr=0.100000, loss=67.737831 (Recons loss=51.119530, Rounding loss=16.618303)[0m
[32m
[QUARK-INFO]: adaround iterations=700, lr=0.100000, loss=61.478920 (Recons loss=55.818111, Rounding loss=5.660809)[0m
[32m
[QUARK-INFO]: adaround iterations=800, lr=0.100000, loss=54.820061 (Recons loss=54.356445, Rounding loss=0.463616)[0m
[32m
[QUARK-INFO]: adaround iterations=900, lr=0.100000, loss=58.044415 (Recons loss=58.044415, Rounding loss=0.000000)[0m
[32m
[QUARK-INFO]: adaround iterations=999, lr=0.100000, loss=53.093216 (Recons loss=53.093216, Rounding loss=0.000000)[0m
[32m
[QUARK-INFO]: Module (/layer1/layer1.2/act3/Relu_output_0)->(/layer2/layer2.0/act1/Relu_output_0) recons metrics was optimized from 0.441011 to 0.211520 (diff=-0.229491)[0m
[32m
[QUARK-INFO]: Quark_latency_profiler: finetuning layer 11, torch training time consumed 18.020032s[0m

 22%|##2       | 12/54 [03:15<12:34, 17.97s/it][33m
[QUARK-WARNING]: The custom ops library C:\Users\<user>\miniforge3\envs\resnet_env\Lib\site-packages\quark\onnx\operators\custom_ops\lib\custom_ops.dll does NOT exist.[0m
[33m
[QUARK-WARNING]: The custom ops library C:\Users\<user>\miniforge3\envs\resnet_env\Lib\site-packages\quark\onnx\operators\custom_ops\lib\custom_ops.dll does NOT exist.[0m
[33m
[QUARK-WARNING]: Failed to register custom op library C:\Users\<user>\miniforge3\envs\resnet_env\Lib\site-packages\quark\onnx\operators\custom_ops\lib\custom_ops.dll to ORT with [ONNXRuntimeError] : 1 : FAIL : Error loading "C:\Users\<user>\miniforge3\envs\resnet_env\Lib\site-packages\quark\onnx\operators\custom_ops\lib\custom_ops.dll" which is missing. (Error 126: "The specified module could not be found."),please check if the library has been compiled successfully.[0m
[32m
[QUARK-INFO]: Quark_latency_profiler: finetuning layer 12, onnx inference (quantized model + float model) time consumed 3.004720s[0m
[32m
[QUARK-INFO]: Module (/layer1/layer1.2/act3/Relu_output_0)->(/layer2/layer2.0/downsample/downsample.0/Conv_output_0) will be optimized by adaround on cpu[0m
[32m
[QUARK-INFO]: adaround iterations=0, lr=0.100000, loss=1170.157837 (Recons loss=1170.157837, Rounding loss=0.000000)[0m
[32m
[QUARK-INFO]: adaround iterations=100, lr=0.100000, loss=259.399048 (Recons loss=259.399048, Rounding loss=0.000000)[0m
[32m
[QUARK-INFO]: adaround iterations=200, lr=0.100000, loss=1402.242432 (Recons loss=366.681427, Rounding loss=1035.561035)[0m
[32m
[QUARK-INFO]: adaround iterations=300, lr=0.100000, loss=920.339844 (Recons loss=280.069733, Rounding loss=640.270081)[0m
[32m
[QUARK-INFO]: adaround iterations=400, lr=0.100000, loss=863.244812 (Recons loss=301.997864, Rounding loss=561.246948)[0m
[32m
[QUARK-INFO]: adaround iterations=500, lr=0.100000, loss=790.725830 (Recons loss=299.743073, Rounding loss=490.982727)[0m
[32m
[QUARK-INFO]: adaround iterations=600, lr=0.100000, loss=743.237244 (Recons loss=333.656555, Rounding loss=409.580688)[0m
[32m
[QUARK-INFO]: adaround iterations=700, lr=0.100000, loss=619.993591 (Recons loss=328.003571, Rounding loss=291.990021)[0m
[32m
[QUARK-INFO]: adaround iterations=800, lr=0.100000, loss=419.255920 (Recons loss=298.662933, Rounding loss=120.593002)[0m
[32m
[QUARK-INFO]: adaround iterations=900, lr=0.100000, loss=307.907104 (Recons loss=299.808655, Rounding loss=8.098454)[0m
[32m
[QUARK-INFO]: adaround iterations=999, lr=0.100000, loss=298.952789 (Recons loss=298.223419, Rounding loss=0.729381)[0m
[32m
[QUARK-INFO]: Module (/layer1/layer1.2/act3/Relu_output_0)->(/layer2/layer2.0/downsample/downsample.0/Conv_output_0) recons metrics was optimized from 2.365038 to 0.610251 (diff=-1.754787)[0m
[32m
[QUARK-INFO]: Quark_latency_profiler: finetuning layer 12, torch training time consumed 13.303108s[0m

 24%|##4       | 13/54 [03:32<11:56, 17.46s/it][33m
[QUARK-WARNING]: The custom ops library C:\Users\<user>\miniforge3\envs\resnet_env\Lib\site-packages\quark\onnx\operators\custom_ops\lib\custom_ops.dll does NOT exist.[0m
[33m
[QUARK-WARNING]: The custom ops library C:\Users\<user>\miniforge3\envs\resnet_env\Lib\site-packages\quark\onnx\operators\custom_ops\lib\custom_ops.dll does NOT exist.[0m
[33m
[QUARK-WARNING]: Failed to register custom op library C:\Users\<user>\miniforge3\envs\resnet_env\Lib\site-packages\quark\onnx\operators\custom_ops\lib\custom_ops.dll to ORT with [ONNXRuntimeError] : 1 : FAIL : Error loading "C:\Users\<user>\miniforge3\envs\resnet_env\Lib\site-packages\quark\onnx\operators\custom_ops\lib\custom_ops.dll" which is missing. (Error 126: "The specified module could not be found."),please check if the library has been compiled successfully.[0m
[32m
[QUARK-INFO]: Quark_latency_profiler: finetuning layer 13, onnx inference (quantized model + float model) time consumed 3.122997s[0m
[32m
[QUARK-INFO]: Module (/layer2/layer2.0/act1/Relu_output_0)->(/layer2/layer2.0/act2/Relu_output_0) will be optimized by adaround on cpu[0m
[32m
[QUARK-INFO]: adaround iterations=0, lr=0.100000, loss=260.687744 (Recons loss=260.687744, Rounding loss=0.000000)[0m
[32m
[QUARK-INFO]: adaround iterations=100, lr=0.100000, loss=143.218246 (Recons loss=143.218246, Rounding loss=0.000000)[0m
[32m
[QUARK-INFO]: adaround iterations=200, lr=0.100000, loss=2526.061523 (Recons loss=122.302536, Rounding loss=2403.759033)[0m
[32m
[QUARK-INFO]: adaround iterations=300, lr=0.100000, loss=763.346497 (Recons loss=137.611038, Rounding loss=625.735474)[0m
[32m
[QUARK-INFO]: adaround iterations=400, lr=0.100000, loss=498.450470 (Recons loss=164.738434, Rounding loss=333.712036)[0m
[32m
[QUARK-INFO]: adaround iterations=500, lr=0.100000, loss=334.053772 (Recons loss=168.402588, Rounding loss=165.651169)[0m
[32m
[QUARK-INFO]: adaround iterations=600, lr=0.100000, loss=240.181686 (Recons loss=165.646149, Rounding loss=74.535538)[0m
[32m
[QUARK-INFO]: adaround iterations=700, lr=0.100000, loss=144.993088 (Recons loss=126.372337, Rounding loss=18.620750)[0m
[32m
[QUARK-INFO]: adaround iterations=800, lr=0.100000, loss=205.705795 (Recons loss=205.063812, Rounding loss=0.641981)[0m
[32m
[QUARK-INFO]: adaround iterations=900, lr=0.100000, loss=139.641647 (Recons loss=139.641647, Rounding loss=0.000000)[0m
[32m
[QUARK-INFO]: adaround iterations=999, lr=0.100000, loss=109.889572 (Recons loss=109.889572, Rounding loss=0.000000)[0m
[32m
[QUARK-INFO]: Module (/layer2/layer2.0/act1/Relu_output_0)->(/layer2/layer2.0/act2/Relu_output_0) recons metrics was optimized from 1.068079 to 0.533978 (diff=-0.534101)[0m
[32m
[QUARK-INFO]: Quark_latency_profiler: finetuning layer 13, torch training time consumed 25.013028s[0m

 26%|##5       | 14/54 [04:00<13:47, 20.69s/it][33m
[QUARK-WARNING]: The custom ops library C:\Users\<user>\miniforge3\envs\resnet_env\Lib\site-packages\quark\onnx\operators\custom_ops\lib\custom_ops.dll does NOT exist.[0m
[33m
[QUARK-WARNING]: The custom ops library C:\Users\<user>\miniforge3\envs\resnet_env\Lib\site-packages\quark\onnx\operators\custom_ops\lib\custom_ops.dll does NOT exist.[0m
[33m
[QUARK-WARNING]: Failed to register custom op library C:\Users\<user>\miniforge3\envs\resnet_env\Lib\site-packages\quark\onnx\operators\custom_ops\lib\custom_ops.dll to ORT with [ONNXRuntimeError] : 1 : FAIL : Error loading "C:\Users\<user>\miniforge3\envs\resnet_env\Lib\site-packages\quark\onnx\operators\custom_ops\lib\custom_ops.dll" which is missing. (Error 126: "The specified module could not be found."),please check if the library has been compiled successfully.[0m
[32m
[QUARK-INFO]: Quark_latency_profiler: finetuning layer 14, onnx inference (quantized model + float model) time consumed 3.263698s[0m
[32m
[QUARK-INFO]: Module (/layer2/layer2.0/act2/Relu_output_0)->(/layer2/layer2.0/conv3/Conv_output_0) will be optimized by adaround on cpu[0m
[32m
[QUARK-INFO]: adaround iterations=0, lr=0.100000, loss=565.838013 (Recons loss=565.838013, Rounding loss=0.000000)[0m
[32m
[QUARK-INFO]: adaround iterations=100, lr=0.100000, loss=416.906647 (Recons loss=416.906647, Rounding loss=0.000000)[0m
[32m
[QUARK-INFO]: adaround iterations=200, lr=0.100000, loss=1102.725342 (Recons loss=353.466675, Rounding loss=749.258728)[0m
[32m
[QUARK-INFO]: adaround iterations=300, lr=0.100000, loss=786.571777 (Recons loss=414.569672, Rounding loss=372.002136)[0m
[32m
[QUARK-INFO]: adaround iterations=400, lr=0.100000, loss=678.123535 (Recons loss=379.797272, Rounding loss=298.326294)[0m
[32m
[QUARK-INFO]: adaround iterations=500, lr=0.100000, loss=780.250488 (Recons loss=540.085388, Rounding loss=240.165070)[0m
[32m
[QUARK-INFO]: adaround iterations=600, lr=0.100000, loss=567.047363 (Recons loss=385.774719, Rounding loss=181.272659)[0m
[32m
[QUARK-INFO]: adaround iterations=700, lr=0.100000, loss=492.029633 (Recons loss=379.586578, Rounding loss=112.443062)[0m
[32m
[QUARK-INFO]: adaround iterations=800, lr=0.100000, loss=385.077606 (Recons loss=352.712769, Rounding loss=32.364845)[0m
[32m
[QUARK-INFO]: adaround iterations=900, lr=0.100000, loss=337.474274 (Recons loss=337.061981, Rounding loss=0.412301)[0m
[32m
[QUARK-INFO]: adaround iterations=999, lr=0.100000, loss=422.832916 (Recons loss=422.832916, Rounding loss=0.000000)[0m
[32m
[QUARK-INFO]: Module (/layer2/layer2.0/act2/Relu_output_0)->(/layer2/layer2.0/conv3/Conv_output_0) recons metrics was optimized from 1.222626 to 0.806665 (diff=-0.415961)[0m
[32m
[QUARK-INFO]: Quark_latency_profiler: finetuning layer 14, torch training time consumed 9.212711s[0m

 28%|##7       | 15/54 [04:12<11:50, 18.21s/it][33m
[QUARK-WARNING]: The custom ops library C:\Users\<user>\miniforge3\envs\resnet_env\Lib\site-packages\quark\onnx\operators\custom_ops\lib\custom_ops.dll does NOT exist.[0m
[33m
[QUARK-WARNING]: The custom ops library C:\Users\<user>\miniforge3\envs\resnet_env\Lib\site-packages\quark\onnx\operators\custom_ops\lib\custom_ops.dll does NOT exist.[0m
[33m
[QUARK-WARNING]: Failed to register custom op library C:\Users\<user>\miniforge3\envs\resnet_env\Lib\site-packages\quark\onnx\operators\custom_ops\lib\custom_ops.dll to ORT with [ONNXRuntimeError] : 1 : FAIL : Error loading "C:\Users\<user>\miniforge3\envs\resnet_env\Lib\site-packages\quark\onnx\operators\custom_ops\lib\custom_ops.dll" which is missing. (Error 126: "The specified module could not be found."),please check if the library has been compiled successfully.[0m
[32m
[QUARK-INFO]: Quark_latency_profiler: finetuning layer 15, onnx inference (quantized model + float model) time consumed 3.429545s[0m
[32m
[QUARK-INFO]: Module (/layer2/layer2.0/act3/Relu_output_0)->(/layer2/layer2.1/act1/Relu_output_0) will be optimized by adaround on cpu[0m
[32m
[QUARK-INFO]: adaround iterations=0, lr=0.100000, loss=11.739554 (Recons loss=11.739554, Rounding loss=0.000000)[0m
[32m
[QUARK-INFO]: adaround iterations=100, lr=0.100000, loss=9.496294 (Recons loss=9.496294, Rounding loss=0.000000)[0m
[32m
[QUARK-INFO]: adaround iterations=200, lr=0.100000, loss=896.775208 (Recons loss=14.919437, Rounding loss=881.855774)[0m
[32m
[QUARK-INFO]: adaround iterations=300, lr=0.100000, loss=334.793884 (Recons loss=8.525753, Rounding loss=326.268127)[0m
[32m
[QUARK-INFO]: adaround iterations=400, lr=0.100000, loss=232.755615 (Recons loss=8.851366, Rounding loss=223.904251)[0m
[32m
[QUARK-INFO]: adaround iterations=500, lr=0.100000, loss=160.507965 (Recons loss=8.657273, Rounding loss=151.850693)[0m
[32m
[QUARK-INFO]: adaround iterations=600, lr=0.100000, loss=104.945999 (Recons loss=14.875121, Rounding loss=90.070877)[0m
[32m
[QUARK-INFO]: adaround iterations=700, lr=0.100000, loss=50.806751 (Recons loss=16.707859, Rounding loss=34.098892)[0m
[32m
[QUARK-INFO]: adaround iterations=800, lr=0.100000, loss=8.093292 (Recons loss=6.817953, Rounding loss=1.275339)[0m
[32m
[QUARK-INFO]: adaround iterations=900, lr=0.100000, loss=10.783401 (Recons loss=10.783401, Rounding loss=0.000000)[0m
[32m
[QUARK-INFO]: adaround iterations=999, lr=0.100000, loss=10.173540 (Recons loss=10.173540, Rounding loss=0.000000)[0m
[32m
[QUARK-INFO]: Module (/layer2/layer2.0/act3/Relu_output_0)->(/layer2/layer2.1/act1/Relu_output_0) recons metrics was optimized from 0.056601 to 0.046421 (diff=-0.010180)[0m
[32m
[QUARK-INFO]: Quark_latency_profiler: finetuning layer 15, torch training time consumed 9.269283s[0m

 30%|##9       | 16/54 [04:25<10:29, 16.56s/it][33m
[QUARK-WARNING]: The custom ops library C:\Users\<user>\miniforge3\envs\resnet_env\Lib\site-packages\quark\onnx\operators\custom_ops\lib\custom_ops.dll does NOT exist.[0m
[33m
[QUARK-WARNING]: The custom ops library C:\Users\<user>\miniforge3\envs\resnet_env\Lib\site-packages\quark\onnx\operators\custom_ops\lib\custom_ops.dll does NOT exist.[0m
[33m
[QUARK-WARNING]: Failed to register custom op library C:\Users\<user>\miniforge3\envs\resnet_env\Lib\site-packages\quark\onnx\operators\custom_ops\lib\custom_ops.dll to ORT with [ONNXRuntimeError] : 1 : FAIL : Error loading "C:\Users\<user>\miniforge3\envs\resnet_env\Lib\site-packages\quark\onnx\operators\custom_ops\lib\custom_ops.dll" which is missing. (Error 126: "The specified module could not be found."),please check if the library has been compiled successfully.[0m
[32m
[QUARK-INFO]: Quark_latency_profiler: finetuning layer 16, onnx inference (quantized model + float model) time consumed 3.659830s[0m
[32m
[QUARK-INFO]: Module (/layer2/layer2.1/act1/Relu_output_0)->(/layer2/layer2.1/act2/Relu_output_0) will be optimized by adaround on cpu[0m
[32m
[QUARK-INFO]: adaround iterations=0, lr=0.100000, loss=32.977684 (Recons loss=32.977684, Rounding loss=0.000000)[0m
[32m
[QUARK-INFO]: adaround iterations=100, lr=0.100000, loss=35.804409 (Recons loss=35.804409, Rounding loss=0.000000)[0m
[32m
[QUARK-INFO]: adaround iterations=200, lr=0.100000, loss=4126.237305 (Recons loss=63.032726, Rounding loss=4063.204346)[0m
[32m
[QUARK-INFO]: adaround iterations=300, lr=0.100000, loss=1456.130981 (Recons loss=36.957527, Rounding loss=1419.173462)[0m
[32m
[QUARK-INFO]: adaround iterations=400, lr=0.100000, loss=956.969971 (Recons loss=35.980465, Rounding loss=920.989502)[0m
[32m
[QUARK-INFO]: adaround iterations=500, lr=0.100000, loss=658.745911 (Recons loss=76.349800, Rounding loss=582.396118)[0m
[32m
[QUARK-INFO]: adaround iterations=600, lr=0.100000, loss=347.525604 (Recons loss=33.685768, Rounding loss=313.839844)[0m
[32m
[QUARK-INFO]: adaround iterations=700, lr=0.100000, loss=153.648682 (Recons loss=32.507847, Rounding loss=121.140839)[0m
[32m
[QUARK-INFO]: adaround iterations=800, lr=0.100000, loss=76.776421 (Recons loss=67.658203, Rounding loss=9.118216)[0m
[32m
[QUARK-INFO]: adaround iterations=900, lr=0.100000, loss=27.636015 (Recons loss=27.607269, Rounding loss=0.028746)[0m
[32m
[QUARK-INFO]: adaround iterations=999, lr=0.100000, loss=39.688053 (Recons loss=39.688053, Rounding loss=0.000000)[0m
[32m
[QUARK-INFO]: Module (/layer2/layer2.1/act1/Relu_output_0)->(/layer2/layer2.1/act2/Relu_output_0) recons metrics was optimized from 0.174894 to 0.153484 (diff=-0.021410)[0m
[32m
[QUARK-INFO]: Quark_latency_profiler: finetuning layer 16, torch training time consumed 21.488439s[0m

 31%|###1      | 17/54 [04:50<11:48, 19.14s/it][33m
[QUARK-WARNING]: The custom ops library C:\Users\<user>\miniforge3\envs\resnet_env\Lib\site-packages\quark\onnx\operators\custom_ops\lib\custom_ops.dll does NOT exist.[0m
[33m
[QUARK-WARNING]: The custom ops library C:\Users\<user>\miniforge3\envs\resnet_env\Lib\site-packages\quark\onnx\operators\custom_ops\lib\custom_ops.dll does NOT exist.[0m
[33m
[QUARK-WARNING]: Failed to register custom op library C:\Users\<user>\miniforge3\envs\resnet_env\Lib\site-packages\quark\onnx\operators\custom_ops\lib\custom_ops.dll to ORT with [ONNXRuntimeError] : 1 : FAIL : Error loading "C:\Users\<user>\miniforge3\envs\resnet_env\Lib\site-packages\quark\onnx\operators\custom_ops\lib\custom_ops.dll" which is missing. (Error 126: "The specified module could not be found."),please check if the library has been compiled successfully.[0m
[32m
[QUARK-INFO]: Quark_latency_profiler: finetuning layer 17, onnx inference (quantized model + float model) time consumed 3.896950s[0m
[32m
[QUARK-INFO]: Module (/layer2/layer2.1/act2/Relu_output_0)->(/layer2/layer2.1/conv3/Conv_output_0) will be optimized by adaround on cpu[0m
[32m
[QUARK-INFO]: adaround iterations=0, lr=0.100000, loss=77.115219 (Recons loss=77.115219, Rounding loss=0.000000)[0m
[32m
[QUARK-INFO]: adaround iterations=100, lr=0.100000, loss=81.091667 (Recons loss=81.091667, Rounding loss=0.000000)[0m
[32m
[QUARK-INFO]: adaround iterations=200, lr=0.100000, loss=1049.963623 (Recons loss=87.713867, Rounding loss=962.249817)[0m
[32m
[QUARK-INFO]: adaround iterations=300, lr=0.100000, loss=537.188293 (Recons loss=82.960320, Rounding loss=454.227966)[0m
[32m
[QUARK-INFO]: adaround iterations=400, lr=0.100000, loss=496.814545 (Recons loss=139.791351, Rounding loss=357.023193)[0m
[32m
[QUARK-INFO]: adaround iterations=500, lr=0.100000, loss=427.674042 (Recons loss=152.542999, Rounding loss=275.131042)[0m
[32m
[QUARK-INFO]: adaround iterations=600, lr=0.100000, loss=272.654968 (Recons loss=81.401184, Rounding loss=191.253784)[0m
[32m
[QUARK-INFO]: adaround iterations=700, lr=0.100000, loss=187.756287 (Recons loss=96.375290, Rounding loss=91.380997)[0m
[32m
[QUARK-INFO]: adaround iterations=800, lr=0.100000, loss=110.215111 (Recons loss=100.250656, Rounding loss=9.964456)[0m
[32m
[QUARK-INFO]: adaround iterations=900, lr=0.100000, loss=199.835983 (Recons loss=199.761841, Rounding loss=0.074148)[0m
[32m
[QUARK-INFO]: adaround iterations=999, lr=0.100000, loss=119.947044 (Recons loss=119.947044, Rounding loss=0.000000)[0m
[32m
[QUARK-INFO]: Module (/layer2/layer2.1/act2/Relu_output_0)->(/layer2/layer2.1/conv3/Conv_output_0) recons metrics was optimized from 0.211134 to 0.200971 (diff=-0.010163)[0m
[32m
[QUARK-INFO]: Quark_latency_profiler: finetuning layer 17, torch training time consumed 8.959995s[0m

 33%|###3      | 18/54 [05:03<10:21, 17.25s/it][33m
[QUARK-WARNING]: The custom ops library C:\Users\<user>\miniforge3\envs\resnet_env\Lib\site-packages\quark\onnx\operators\custom_ops\lib\custom_ops.dll does NOT exist.[0m
[33m
[QUARK-WARNING]: The custom ops library C:\Users\<user>\miniforge3\envs\resnet_env\Lib\site-packages\quark\onnx\operators\custom_ops\lib\custom_ops.dll does NOT exist.[0m
[33m
[QUARK-WARNING]: Failed to register custom op library C:\Users\<user>\miniforge3\envs\resnet_env\Lib\site-packages\quark\onnx\operators\custom_ops\lib\custom_ops.dll to ORT with [ONNXRuntimeError] : 1 : FAIL : Error loading "C:\Users\<user>\miniforge3\envs\resnet_env\Lib\site-packages\quark\onnx\operators\custom_ops\lib\custom_ops.dll" which is missing. (Error 126: "The specified module could not be found."),please check if the library has been compiled successfully.[0m
[32m
[QUARK-INFO]: Quark_latency_profiler: finetuning layer 18, onnx inference (quantized model + float model) time consumed 4.209141s[0m
[32m
[QUARK-INFO]: Module (/layer2/layer2.1/act3/Relu_output_0)->(/layer2/layer2.2/act1/Relu_output_0) will be optimized by adaround on cpu[0m
[32m
[QUARK-INFO]: adaround iterations=0, lr=0.100000, loss=11.534163 (Recons loss=11.534163, Rounding loss=0.000000)[0m
[32m
[QUARK-INFO]: adaround iterations=100, lr=0.100000, loss=7.163023 (Recons loss=7.163023, Rounding loss=0.000000)[0m
[32m
[QUARK-INFO]: adaround iterations=200, lr=0.100000, loss=844.585510 (Recons loss=6.552846, Rounding loss=838.032654)[0m
[32m
[QUARK-INFO]: adaround iterations=300, lr=0.100000, loss=256.488739 (Recons loss=9.694571, Rounding loss=246.794159)[0m
[32m
[QUARK-INFO]: adaround iterations=400, lr=0.100000, loss=156.542801 (Recons loss=6.834764, Rounding loss=149.708038)[0m
[32m
[QUARK-INFO]: adaround iterations=500, lr=0.100000, loss=94.635826 (Recons loss=11.978204, Rounding loss=82.657623)[0m
[32m
[QUARK-INFO]: adaround iterations=600, lr=0.100000, loss=42.904789 (Recons loss=7.577796, Rounding loss=35.326992)[0m
[32m
[QUARK-INFO]: adaround iterations=700, lr=0.100000, loss=18.279781 (Recons loss=11.380252, Rounding loss=6.899530)[0m
[32m
[QUARK-INFO]: adaround iterations=800, lr=0.100000, loss=10.716780 (Recons loss=10.654111, Rounding loss=0.062669)[0m
[32m
[QUARK-INFO]: adaround iterations=900, lr=0.100000, loss=6.379946 (Recons loss=6.379946, Rounding loss=0.000000)[0m
[32m
[QUARK-INFO]: adaround iterations=999, lr=0.100000, loss=9.975779 (Recons loss=9.975779, Rounding loss=0.000000)[0m
[32m
[QUARK-INFO]: Module (/layer2/layer2.1/act3/Relu_output_0)->(/layer2/layer2.2/act1/Relu_output_0) recons metrics was optimized from 0.034937 to 0.031751 (diff=-0.003187)[0m
[32m
[QUARK-INFO]: Quark_latency_profiler: finetuning layer 18, torch training time consumed 9.022726s[0m

 35%|###5      | 19/54 [05:16<09:21, 16.05s/it][33m
[QUARK-WARNING]: The custom ops library C:\Users\<user>\miniforge3\envs\resnet_env\Lib\site-packages\quark\onnx\operators\custom_ops\lib\custom_ops.dll does NOT exist.[0m
[33m
[QUARK-WARNING]: The custom ops library C:\Users\<user>\miniforge3\envs\resnet_env\Lib\site-packages\quark\onnx\operators\custom_ops\lib\custom_ops.dll does NOT exist.[0m
[33m
[QUARK-WARNING]: Failed to register custom op library C:\Users\<user>\miniforge3\envs\resnet_env\Lib\site-packages\quark\onnx\operators\custom_ops\lib\custom_ops.dll to ORT with [ONNXRuntimeError] : 1 : FAIL : Error loading "C:\Users\<user>\miniforge3\envs\resnet_env\Lib\site-packages\quark\onnx\operators\custom_ops\lib\custom_ops.dll" which is missing. (Error 126: "The specified module could not be found."),please check if the library has been compiled successfully.[0m
[32m
[QUARK-INFO]: Quark_latency_profiler: finetuning layer 19, onnx inference (quantized model + float model) time consumed 4.224627s[0m
[32m
[QUARK-INFO]: Module (/layer2/layer2.2/act1/Relu_output_0)->(/layer2/layer2.2/act2/Relu_output_0) will be optimized by adaround on cpu[0m
[32m
[QUARK-INFO]: adaround iterations=0, lr=0.100000, loss=12.868287 (Recons loss=12.868287, Rounding loss=0.000000)[0m
[32m
[QUARK-INFO]: adaround iterations=100, lr=0.100000, loss=23.628101 (Recons loss=23.628101, Rounding loss=0.000000)[0m
[32m
[QUARK-INFO]: adaround iterations=200, lr=0.100000, loss=3875.143799 (Recons loss=23.183626, Rounding loss=3851.960205)[0m
[32m
[QUARK-INFO]: adaround iterations=300, lr=0.100000, loss=1132.848755 (Recons loss=16.104965, Rounding loss=1116.743774)[0m
[32m
[QUARK-INFO]: adaround iterations=400, lr=0.100000, loss=663.154114 (Recons loss=11.573918, Rounding loss=651.580200)[0m
[32m
[QUARK-INFO]: adaround iterations=500, lr=0.100000, loss=372.336945 (Recons loss=15.141078, Rounding loss=357.195862)[0m
[32m
[QUARK-INFO]: adaround iterations=600, lr=0.100000, loss=154.117279 (Recons loss=11.191749, Rounding loss=142.925537)[0m
[32m
[QUARK-INFO]: adaround iterations=700, lr=0.100000, loss=62.539879 (Recons loss=29.091558, Rounding loss=33.448322)[0m
[32m
[QUARK-INFO]: adaround iterations=800, lr=0.100000, loss=13.928183 (Recons loss=13.405972, Rounding loss=0.522210)[0m
[32m
[QUARK-INFO]: adaround iterations=900, lr=0.100000, loss=12.043163 (Recons loss=12.043163, Rounding loss=0.000000)[0m
[32m
[QUARK-INFO]: adaround iterations=999, lr=0.100000, loss=11.517945 (Recons loss=11.517945, Rounding loss=0.000000)[0m
[32m
[QUARK-INFO]: Module (/layer2/layer2.2/act1/Relu_output_0)->(/layer2/layer2.2/act2/Relu_output_0) recons metrics was optimized from 0.085787 to 0.078230 (diff=-0.007557)[0m
[32m
[QUARK-INFO]: Quark_latency_profiler: finetuning layer 19, torch training time consumed 20.657113s[0m

 37%|###7      | 20/54 [05:41<10:35, 18.70s/it][33m
[QUARK-WARNING]: The custom ops library C:\Users\<user>\miniforge3\envs\resnet_env\Lib\site-packages\quark\onnx\operators\custom_ops\lib\custom_ops.dll does NOT exist.[0m
[33m
[QUARK-WARNING]: The custom ops library C:\Users\<user>\miniforge3\envs\resnet_env\Lib\site-packages\quark\onnx\operators\custom_ops\lib\custom_ops.dll does NOT exist.[0m
[33m
[QUARK-WARNING]: Failed to register custom op library C:\Users\<user>\miniforge3\envs\resnet_env\Lib\site-packages\quark\onnx\operators\custom_ops\lib\custom_ops.dll to ORT with [ONNXRuntimeError] : 1 : FAIL : Error loading "C:\Users\<user>\miniforge3\envs\resnet_env\Lib\site-packages\quark\onnx\operators\custom_ops\lib\custom_ops.dll" which is missing. (Error 126: "The specified module could not be found."),please check if the library has been compiled successfully.[0m
[32m
[QUARK-INFO]: Quark_latency_profiler: finetuning layer 20, onnx inference (quantized model + float model) time consumed 4.385539s[0m
[32m
[QUARK-INFO]: Module (/layer2/layer2.2/act2/Relu_output_0)->(/layer2/layer2.2/conv3/Conv_output_0) will be optimized by adaround on cpu[0m
[32m
[QUARK-INFO]: adaround iterations=0, lr=0.100000, loss=111.377693 (Recons loss=111.377693, Rounding loss=0.000000)[0m
[32m
[QUARK-INFO]: adaround iterations=100, lr=0.100000, loss=84.961746 (Recons loss=84.961746, Rounding loss=0.000000)[0m
[32m
[QUARK-INFO]: adaround iterations=200, lr=0.100000, loss=1137.108032 (Recons loss=159.602448, Rounding loss=977.505615)[0m
[32m
[QUARK-INFO]: adaround iterations=300, lr=0.100000, loss=591.491943 (Recons loss=113.955566, Rounding loss=477.536407)[0m
[32m
[QUARK-INFO]: adaround iterations=400, lr=0.100000, loss=493.050232 (Recons loss=103.829369, Rounding loss=389.220856)[0m
[32m
[QUARK-INFO]: adaround iterations=500, lr=0.100000, loss=461.167786 (Recons loss=139.778503, Rounding loss=321.389282)[0m
[32m
[QUARK-INFO]: adaround iterations=600, lr=0.100000, loss=459.242676 (Recons loss=213.783875, Rounding loss=245.458817)[0m
[32m
[QUARK-INFO]: adaround iterations=700, lr=0.100000, loss=207.861465 (Recons loss=87.470306, Rounding loss=120.391159)[0m
[32m
[QUARK-INFO]: adaround iterations=800, lr=0.100000, loss=93.126373 (Recons loss=83.118050, Rounding loss=10.008325)[0m
[32m
[QUARK-INFO]: adaround iterations=900, lr=0.100000, loss=134.897751 (Recons loss=134.878616, Rounding loss=0.019137)[0m
[32m
[QUARK-INFO]: adaround iterations=999, lr=0.100000, loss=124.498230 (Recons loss=124.498230, Rounding loss=0.000000)[0m
[32m
[QUARK-INFO]: Module (/layer2/layer2.2/act2/Relu_output_0)->(/layer2/layer2.2/conv3/Conv_output_0) recons metrics was optimized from 0.225394 to 0.217605 (diff=-0.007789)[0m
[32m
[QUARK-INFO]: Quark_latency_profiler: finetuning layer 20, torch training time consumed 9.282451s[0m

 39%|###8      | 21/54 [05:55<09:27, 17.19s/it][33m
[QUARK-WARNING]: The custom ops library C:\Users\<user>\miniforge3\envs\resnet_env\Lib\site-packages\quark\onnx\operators\custom_ops\lib\custom_ops.dll does NOT exist.[0m
[33m
[QUARK-WARNING]: The custom ops library C:\Users\<user>\miniforge3\envs\resnet_env\Lib\site-packages\quark\onnx\operators\custom_ops\lib\custom_ops.dll does NOT exist.[0m
[33m
[QUARK-WARNING]: Failed to register custom op library C:\Users\<user>\miniforge3\envs\resnet_env\Lib\site-packages\quark\onnx\operators\custom_ops\lib\custom_ops.dll to ORT with [ONNXRuntimeError] : 1 : FAIL : Error loading "C:\Users\<user>\miniforge3\envs\resnet_env\Lib\site-packages\quark\onnx\operators\custom_ops\lib\custom_ops.dll" which is missing. (Error 126: "The specified module could not be found."),please check if the library has been compiled successfully.[0m
[32m
[QUARK-INFO]: Quark_latency_profiler: finetuning layer 21, onnx inference (quantized model + float model) time consumed 4.532729s[0m
[32m
[QUARK-INFO]: Module (/layer2/layer2.2/act3/Relu_output_0)->(/layer2/layer2.3/act1/Relu_output_0) will be optimized by adaround on cpu[0m
[32m
[QUARK-INFO]: adaround iterations=0, lr=0.100000, loss=6.720235 (Recons loss=6.720235, Rounding loss=0.000000)[0m
[32m
[QUARK-INFO]: adaround iterations=100, lr=0.100000, loss=7.318256 (Recons loss=7.318256, Rounding loss=0.000000)[0m
[32m
[QUARK-INFO]: adaround iterations=200, lr=0.100000, loss=947.491272 (Recons loss=6.793794, Rounding loss=940.697449)[0m
[32m
[QUARK-INFO]: adaround iterations=300, lr=0.100000, loss=357.181641 (Recons loss=6.100450, Rounding loss=351.081177)[0m
[32m
[QUARK-INFO]: adaround iterations=400, lr=0.100000, loss=247.255539 (Recons loss=4.566556, Rounding loss=242.688980)[0m
[32m
[QUARK-INFO]: adaround iterations=500, lr=0.100000, loss=168.212036 (Recons loss=9.850266, Rounding loss=158.361771)[0m
[32m
[QUARK-INFO]: adaround iterations=600, lr=0.100000, loss=89.748680 (Recons loss=5.411181, Rounding loss=84.337502)[0m
[32m
[QUARK-INFO]: adaround iterations=700, lr=0.100000, loss=30.429981 (Recons loss=5.733056, Rounding loss=24.696926)[0m
[32m
[QUARK-INFO]: adaround iterations=800, lr=0.100000, loss=10.885103 (Recons loss=10.560369, Rounding loss=0.324735)[0m
[32m
[QUARK-INFO]: adaround iterations=900, lr=0.100000, loss=6.665268 (Recons loss=6.665268, Rounding loss=0.000000)[0m
[32m
[QUARK-INFO]: adaround iterations=999, lr=0.100000, loss=7.960054 (Recons loss=7.960054, Rounding loss=0.000000)[0m
[32m
[QUARK-INFO]: Module (/layer2/layer2.2/act3/Relu_output_0)->(/layer2/layer2.3/act1/Relu_output_0) recons metrics was optimized from 0.033691 to 0.030444 (diff=-0.003247)[0m
[32m
[QUARK-INFO]: Quark_latency_profiler: finetuning layer 21, torch training time consumed 9.175035s[0m

 41%|####      | 22/54 [06:08<08:36, 16.15s/it][33m
[QUARK-WARNING]: The custom ops library C:\Users\<user>\miniforge3\envs\resnet_env\Lib\site-packages\quark\onnx\operators\custom_ops\lib\custom_ops.dll does NOT exist.[0m
[33m
[QUARK-WARNING]: The custom ops library C:\Users\<user>\miniforge3\envs\resnet_env\Lib\site-packages\quark\onnx\operators\custom_ops\lib\custom_ops.dll does NOT exist.[0m
[33m
[QUARK-WARNING]: Failed to register custom op library C:\Users\<user>\miniforge3\envs\resnet_env\Lib\site-packages\quark\onnx\operators\custom_ops\lib\custom_ops.dll to ORT with [ONNXRuntimeError] : 1 : FAIL : Error loading "C:\Users\<user>\miniforge3\envs\resnet_env\Lib\site-packages\quark\onnx\operators\custom_ops\lib\custom_ops.dll" which is missing. (Error 126: "The specified module could not be found."),please check if the library has been compiled successfully.[0m
[32m
[QUARK-INFO]: Quark_latency_profiler: finetuning layer 22, onnx inference (quantized model + float model) time consumed 4.716662s[0m
[32m
[QUARK-INFO]: Module (/layer2/layer2.3/act1/Relu_output_0)->(/layer2/layer2.3/act2/Relu_output_0) will be optimized by adaround on cpu[0m
[32m
[QUARK-INFO]: adaround iterations=0, lr=0.100000, loss=34.334743 (Recons loss=34.334743, Rounding loss=0.000000)[0m
[32m
[QUARK-INFO]: adaround iterations=100, lr=0.100000, loss=38.244560 (Recons loss=38.244560, Rounding loss=0.000000)[0m
[32m
[QUARK-INFO]: adaround iterations=200, lr=0.100000, loss=3659.689209 (Recons loss=23.840658, Rounding loss=3635.848633)[0m
[32m
[QUARK-INFO]: adaround iterations=300, lr=0.100000, loss=959.037109 (Recons loss=28.878223, Rounding loss=930.158875)[0m
[32m
[QUARK-INFO]: adaround iterations=400, lr=0.100000, loss=507.475006 (Recons loss=38.621571, Rounding loss=468.853424)[0m
[32m
[QUARK-INFO]: adaround iterations=500, lr=0.100000, loss=238.530273 (Recons loss=28.492155, Rounding loss=210.038116)[0m
[32m
[QUARK-INFO]: adaround iterations=600, lr=0.100000, loss=109.656960 (Recons loss=26.620285, Rounding loss=83.036674)[0m
[32m
[QUARK-INFO]: adaround iterations=700, lr=0.100000, loss=61.038246 (Recons loss=44.171154, Rounding loss=16.867092)[0m
[32m
[QUARK-INFO]: adaround iterations=800, lr=0.100000, loss=36.767525 (Recons loss=36.334427, Rounding loss=0.433096)[0m
[32m
[QUARK-INFO]: adaround iterations=900, lr=0.100000, loss=27.356201 (Recons loss=27.356201, Rounding loss=0.000000)[0m
[32m
[QUARK-INFO]: adaround iterations=999, lr=0.100000, loss=18.065311 (Recons loss=18.065311, Rounding loss=0.000000)[0m
[32m
[QUARK-INFO]: Module (/layer2/layer2.3/act1/Relu_output_0)->(/layer2/layer2.3/act2/Relu_output_0) recons metrics was optimized from 0.125166 to 0.114838 (diff=-0.010328)[0m
[32m
[QUARK-INFO]: Quark_latency_profiler: finetuning layer 22, torch training time consumed 20.497458s[0m

 43%|####2     | 23/54 [06:34<09:44, 18.87s/it][33m
[QUARK-WARNING]: The custom ops library C:\Users\<user>\miniforge3\envs\resnet_env\Lib\site-packages\quark\onnx\operators\custom_ops\lib\custom_ops.dll does NOT exist.[0m
[33m
[QUARK-WARNING]: The custom ops library C:\Users\<user>\miniforge3\envs\resnet_env\Lib\site-packages\quark\onnx\operators\custom_ops\lib\custom_ops.dll does NOT exist.[0m
[33m
[QUARK-WARNING]: Failed to register custom op library C:\Users\<user>\miniforge3\envs\resnet_env\Lib\site-packages\quark\onnx\operators\custom_ops\lib\custom_ops.dll to ORT with [ONNXRuntimeError] : 1 : FAIL : Error loading "C:\Users\<user>\miniforge3\envs\resnet_env\Lib\site-packages\quark\onnx\operators\custom_ops\lib\custom_ops.dll" which is missing. (Error 126: "The specified module could not be found."),please check if the library has been compiled successfully.[0m
[32m
[QUARK-INFO]: Quark_latency_profiler: finetuning layer 23, onnx inference (quantized model + float model) time consumed 5.014238s[0m
[32m
[QUARK-INFO]: Module (/layer2/layer2.3/act2/Relu_output_0)->(/layer2/layer2.3/conv3/Conv_output_0) will be optimized by adaround on cpu[0m
[32m
[QUARK-INFO]: adaround iterations=0, lr=0.100000, loss=58.535561 (Recons loss=58.535561, Rounding loss=0.000000)[0m
[32m
[QUARK-INFO]: adaround iterations=100, lr=0.100000, loss=111.433311 (Recons loss=111.433311, Rounding loss=0.000000)[0m
[32m
[QUARK-INFO]: adaround iterations=200, lr=0.100000, loss=977.283447 (Recons loss=77.803658, Rounding loss=899.479797)[0m
[32m
[QUARK-INFO]: adaround iterations=300, lr=0.100000, loss=489.739136 (Recons loss=103.280838, Rounding loss=386.458282)[0m
[32m
[QUARK-INFO]: adaround iterations=400, lr=0.100000, loss=410.360352 (Recons loss=99.303772, Rounding loss=311.056580)[0m
[32m
[QUARK-INFO]: adaround iterations=500, lr=0.100000, loss=306.893555 (Recons loss=67.903931, Rounding loss=238.989624)[0m
[32m
[QUARK-INFO]: adaround iterations=600, lr=0.100000, loss=277.227081 (Recons loss=117.235046, Rounding loss=159.992035)[0m
[32m
[QUARK-INFO]: adaround iterations=700, lr=0.100000, loss=241.808197 (Recons loss=174.593079, Rounding loss=67.215118)[0m
[32m
[QUARK-INFO]: adaround iterations=800, lr=0.100000, loss=96.870483 (Recons loss=93.526077, Rounding loss=3.344408)[0m
[32m
[QUARK-INFO]: adaround iterations=900, lr=0.100000, loss=75.588120 (Recons loss=75.579941, Rounding loss=0.008182)[0m
[32m
[QUARK-INFO]: adaround iterations=999, lr=0.100000, loss=61.907433 (Recons loss=61.907433, Rounding loss=0.000000)[0m
[32m
[QUARK-INFO]: Module (/layer2/layer2.3/act2/Relu_output_0)->(/layer2/layer2.3/conv3/Conv_output_0) recons metrics was optimized from 0.180108 to 0.176660 (diff=-0.003448)[0m
[32m
[QUARK-INFO]: Quark_latency_profiler: finetuning layer 23, torch training time consumed 8.955863s[0m

 44%|####4     | 24/54 [06:48<08:41, 17.40s/it][33m
[QUARK-WARNING]: The custom ops library C:\Users\<user>\miniforge3\envs\resnet_env\Lib\site-packages\quark\onnx\operators\custom_ops\lib\custom_ops.dll does NOT exist.[0m
[33m
[QUARK-WARNING]: The custom ops library C:\Users\<user>\miniforge3\envs\resnet_env\Lib\site-packages\quark\onnx\operators\custom_ops\lib\custom_ops.dll does NOT exist.[0m
[33m
[QUARK-WARNING]: Failed to register custom op library C:\Users\<user>\miniforge3\envs\resnet_env\Lib\site-packages\quark\onnx\operators\custom_ops\lib\custom_ops.dll to ORT with [ONNXRuntimeError] : 1 : FAIL : Error loading "C:\Users\<user>\miniforge3\envs\resnet_env\Lib\site-packages\quark\onnx\operators\custom_ops\lib\custom_ops.dll" which is missing. (Error 126: "The specified module could not be found."),please check if the library has been compiled successfully.[0m
[32m
[QUARK-INFO]: Quark_latency_profiler: finetuning layer 24, onnx inference (quantized model + float model) time consumed 5.241699s[0m
[32m
[QUARK-INFO]: Module (/layer2/layer2.3/act3/Relu_output_0)->(/layer3/layer3.0/act1/Relu_output_0) will be optimized by adaround on cpu[0m
[32m
[QUARK-INFO]: adaround iterations=0, lr=0.100000, loss=38.737946 (Recons loss=38.737946, Rounding loss=0.000000)[0m
[32m
[QUARK-INFO]: adaround iterations=100, lr=0.100000, loss=28.536182 (Recons loss=28.536182, Rounding loss=0.000000)[0m
[32m
[QUARK-INFO]: adaround iterations=200, lr=0.100000, loss=1637.953369 (Recons loss=36.847824, Rounding loss=1601.105591)[0m
[32m
[QUARK-INFO]: adaround iterations=300, lr=0.100000, loss=534.922241 (Recons loss=34.913078, Rounding loss=500.009155)[0m
[32m
[QUARK-INFO]: adaround iterations=400, lr=0.100000, loss=326.685913 (Recons loss=36.897232, Rounding loss=289.788696)[0m
[32m
[QUARK-INFO]: adaround iterations=500, lr=0.100000, loss=197.765091 (Recons loss=32.743664, Rounding loss=165.021423)[0m
[32m
[QUARK-INFO]: adaround iterations=600, lr=0.100000, loss=112.113914 (Recons loss=32.124680, Rounding loss=79.989235)[0m
[32m
[QUARK-INFO]: adaround iterations=700, lr=0.100000, loss=51.824081 (Recons loss=28.563021, Rounding loss=23.261059)[0m
[32m
[QUARK-INFO]: adaround iterations=800, lr=0.100000, loss=45.231644 (Recons loss=44.289860, Rounding loss=0.941785)[0m
[32m
[QUARK-INFO]: adaround iterations=900, lr=0.100000, loss=35.244732 (Recons loss=35.244732, Rounding loss=0.000000)[0m
[32m
[QUARK-INFO]: adaround iterations=999, lr=0.100000, loss=37.856693 (Recons loss=37.856693, Rounding loss=0.000000)[0m
[32m
[QUARK-INFO]: Module (/layer2/layer2.3/act3/Relu_output_0)->(/layer3/layer3.0/act1/Relu_output_0) recons metrics was optimized from 0.077853 to 0.068099 (diff=-0.009754)[0m
[32m
[QUARK-INFO]: Quark_latency_profiler: finetuning layer 24, torch training time consumed 13.346507s[0m

 46%|####6     | 25/54 [07:06<08:34, 17.76s/it][33m
[QUARK-WARNING]: The custom ops library C:\Users\<user>\miniforge3\envs\resnet_env\Lib\site-packages\quark\onnx\operators\custom_ops\lib\custom_ops.dll does NOT exist.[0m
[33m
[QUARK-WARNING]: The custom ops library C:\Users\<user>\miniforge3\envs\resnet_env\Lib\site-packages\quark\onnx\operators\custom_ops\lib\custom_ops.dll does NOT exist.[0m
[33m
[QUARK-WARNING]: Failed to register custom op library C:\Users\<user>\miniforge3\envs\resnet_env\Lib\site-packages\quark\onnx\operators\custom_ops\lib\custom_ops.dll to ORT with [ONNXRuntimeError] : 1 : FAIL : Error loading "C:\Users\<user>\miniforge3\envs\resnet_env\Lib\site-packages\quark\onnx\operators\custom_ops\lib\custom_ops.dll" which is missing. (Error 126: "The specified module could not be found."),please check if the library has been compiled successfully.[0m
[32m
[QUARK-INFO]: Quark_latency_profiler: finetuning layer 25, onnx inference (quantized model + float model) time consumed 5.207254s[0m
[32m
[QUARK-INFO]: Module (/layer2/layer2.3/act3/Relu_output_0)->(/layer3/layer3.0/downsample/downsample.0/Conv_output_0) will be optimized by adaround on cpu[0m
[32m
[QUARK-INFO]: adaround iterations=0, lr=0.100000, loss=294.037720 (Recons loss=294.037720, Rounding loss=0.000000)[0m
[32m
[QUARK-INFO]: adaround iterations=100, lr=0.100000, loss=271.475372 (Recons loss=271.475372, Rounding loss=0.000000)[0m
[32m
[QUARK-INFO]: adaround iterations=200, lr=0.100000, loss=3867.535400 (Recons loss=250.624023, Rounding loss=3616.911377)[0m
[32m
[QUARK-INFO]: adaround iterations=300, lr=0.100000, loss=1800.368530 (Recons loss=219.162552, Rounding loss=1581.205933)[0m
[32m
[QUARK-INFO]: adaround iterations=400, lr=0.100000, loss=1369.162964 (Recons loss=201.613815, Rounding loss=1167.549194)[0m
[32m
[QUARK-INFO]: adaround iterations=500, lr=0.100000, loss=1050.489746 (Recons loss=221.306259, Rounding loss=829.183472)[0m
[32m
[QUARK-INFO]: adaround iterations=600, lr=0.100000, loss=782.602600 (Recons loss=258.481262, Rounding loss=524.121338)[0m
[32m
[QUARK-INFO]: adaround iterations=700, lr=0.100000, loss=429.629120 (Recons loss=204.329361, Rounding loss=225.299759)[0m
[32m
[QUARK-INFO]: adaround iterations=800, lr=0.100000, loss=224.057220 (Recons loss=206.958267, Rounding loss=17.098948)[0m
[32m
[QUARK-INFO]: adaround iterations=900, lr=0.100000, loss=239.199677 (Recons loss=239.147415, Rounding loss=0.052268)[0m
[32m
[QUARK-INFO]: adaround iterations=999, lr=0.100000, loss=173.167114 (Recons loss=173.167114, Rounding loss=0.000000)[0m
[32m
[QUARK-INFO]: Module (/layer2/layer2.3/act3/Relu_output_0)->(/layer3/layer3.0/downsample/downsample.0/Conv_output_0) recons metrics was optimized from 0.271435 to 0.212870 (diff=-0.058565)[0m
[32m
[QUARK-INFO]: Quark_latency_profiler: finetuning layer 25, torch training time consumed 13.521662s[0m

 48%|####8     | 26/54 [07:25<08:25, 18.05s/it][33m
[QUARK-WARNING]: The custom ops library C:\Users\<user>\miniforge3\envs\resnet_env\Lib\site-packages\quark\onnx\operators\custom_ops\lib\custom_ops.dll does NOT exist.[0m
[33m
[QUARK-WARNING]: The custom ops library C:\Users\<user>\miniforge3\envs\resnet_env\Lib\site-packages\quark\onnx\operators\custom_ops\lib\custom_ops.dll does NOT exist.[0m
[33m
[QUARK-WARNING]: Failed to register custom op library C:\Users\<user>\miniforge3\envs\resnet_env\Lib\site-packages\quark\onnx\operators\custom_ops\lib\custom_ops.dll to ORT with [ONNXRuntimeError] : 1 : FAIL : Error loading "C:\Users\<user>\miniforge3\envs\resnet_env\Lib\site-packages\quark\onnx\operators\custom_ops\lib\custom_ops.dll" which is missing. (Error 126: "The specified module could not be found."),please check if the library has been compiled successfully.[0m
[32m
[QUARK-INFO]: Quark_latency_profiler: finetuning layer 26, onnx inference (quantized model + float model) time consumed 5.401468s[0m
[32m
[QUARK-INFO]: Module (/layer3/layer3.0/act1/Relu_output_0)->(/layer3/layer3.0/act2/Relu_output_0) will be optimized by adaround on cpu[0m
[32m
[QUARK-INFO]: adaround iterations=0, lr=0.100000, loss=49.854774 (Recons loss=49.854774, Rounding loss=0.000000)[0m
[32m
[QUARK-INFO]: adaround iterations=100, lr=0.100000, loss=33.575932 (Recons loss=33.575932, Rounding loss=0.000000)[0m
[32m
[QUARK-INFO]: adaround iterations=200, lr=0.100000, loss=12498.943359 (Recons loss=60.876850, Rounding loss=12438.066406)[0m
[32m
[QUARK-INFO]: adaround iterations=300, lr=0.100000, loss=2549.837646 (Recons loss=35.430962, Rounding loss=2514.406738)[0m
[32m
[QUARK-INFO]: adaround iterations=400, lr=0.100000, loss=1092.490112 (Recons loss=36.909779, Rounding loss=1055.580322)[0m
[32m
[QUARK-INFO]: adaround iterations=500, lr=0.100000, loss=394.806274 (Recons loss=43.813313, Rounding loss=350.992950)[0m
[32m
[QUARK-INFO]: adaround iterations=600, lr=0.100000, loss=133.860352 (Recons loss=37.463539, Rounding loss=96.396812)[0m
[32m
[QUARK-INFO]: adaround iterations=700, lr=0.100000, loss=54.659485 (Recons loss=42.533588, Rounding loss=12.125898)[0m
[32m
[QUARK-INFO]: adaround iterations=800, lr=0.100000, loss=40.711075 (Recons loss=40.555847, Rounding loss=0.155228)[0m
[32m
[QUARK-INFO]: adaround iterations=900, lr=0.100000, loss=37.731709 (Recons loss=37.731709, Rounding loss=0.000000)[0m
[32m
[QUARK-INFO]: adaround iterations=999, lr=0.100000, loss=37.865665 (Recons loss=37.865665, Rounding loss=0.000000)[0m
[32m
[QUARK-INFO]: Module (/layer3/layer3.0/act1/Relu_output_0)->(/layer3/layer3.0/act2/Relu_output_0) recons metrics was optimized from 0.098965 to 0.082650 (diff=-0.016315)[0m
[32m
[QUARK-INFO]: Quark_latency_profiler: finetuning layer 26, torch training time consumed 54.046558s[0m

 50%|#####     | 27/54 [08:24<13:42, 30.47s/it][33m
[QUARK-WARNING]: The custom ops library C:\Users\<user>\miniforge3\envs\resnet_env\Lib\site-packages\quark\onnx\operators\custom_ops\lib\custom_ops.dll does NOT exist.[0m
[33m
[QUARK-WARNING]: The custom ops library C:\Users\<user>\miniforge3\envs\resnet_env\Lib\site-packages\quark\onnx\operators\custom_ops\lib\custom_ops.dll does NOT exist.[0m
[33m
[QUARK-WARNING]: Failed to register custom op library C:\Users\<user>\miniforge3\envs\resnet_env\Lib\site-packages\quark\onnx\operators\custom_ops\lib\custom_ops.dll to ORT with [ONNXRuntimeError] : 1 : FAIL : Error loading "C:\Users\<user>\miniforge3\envs\resnet_env\Lib\site-packages\quark\onnx\operators\custom_ops\lib\custom_ops.dll" which is missing. (Error 126: "The specified module could not be found."),please check if the library has been compiled successfully.[0m
[32m
[QUARK-INFO]: Quark_latency_profiler: finetuning layer 27, onnx inference (quantized model + float model) time consumed 5.805812s[0m
[32m
[QUARK-INFO]: Module (/layer3/layer3.0/act2/Relu_output_0)->(/layer3/layer3.0/conv3/Conv_output_0) will be optimized by adaround on cpu[0m
[32m
[QUARK-INFO]: adaround iterations=0, lr=0.100000, loss=163.762665 (Recons loss=163.762665, Rounding loss=0.000000)[0m
[32m
[QUARK-INFO]: adaround iterations=100, lr=0.100000, loss=200.927490 (Recons loss=200.927490, Rounding loss=0.000000)[0m
[32m
[QUARK-INFO]: adaround iterations=200, lr=0.100000, loss=4031.803955 (Recons loss=178.554749, Rounding loss=3853.249268)[0m
[32m
[QUARK-INFO]: adaround iterations=300, lr=0.100000, loss=1963.718628 (Recons loss=232.055679, Rounding loss=1731.662964)[0m
[32m
[QUARK-INFO]: adaround iterations=400, lr=0.100000, loss=1367.473877 (Recons loss=169.445633, Rounding loss=1198.028198)[0m
[32m
[QUARK-INFO]: adaround iterations=500, lr=0.100000, loss=1079.318604 (Recons loss=229.373901, Rounding loss=849.944763)[0m
[32m
[QUARK-INFO]: adaround iterations=600, lr=0.100000, loss=698.343506 (Recons loss=179.778732, Rounding loss=518.564758)[0m
[32m
[QUARK-INFO]: adaround iterations=700, lr=0.100000, loss=420.351868 (Recons loss=204.470840, Rounding loss=215.881012)[0m
[32m
[QUARK-INFO]: adaround iterations=800, lr=0.100000, loss=157.567886 (Recons loss=139.417404, Rounding loss=18.150476)[0m
[32m
[QUARK-INFO]: adaround iterations=900, lr=0.100000, loss=269.153687 (Recons loss=269.104553, Rounding loss=0.049120)[0m
[32m
[QUARK-INFO]: adaround iterations=999, lr=0.100000, loss=305.766357 (Recons loss=305.766357, Rounding loss=0.000000)[0m
[32m
[QUARK-INFO]: Module (/layer3/layer3.0/act2/Relu_output_0)->(/layer3/layer3.0/conv3/Conv_output_0) recons metrics was optimized from 0.234393 to 0.221581 (diff=-0.012811)[0m
[32m
[QUARK-INFO]: Quark_latency_profiler: finetuning layer 27, torch training time consumed 11.738485s[0m

 52%|#####1    | 28/54 [08:42<11:31, 26.60s/it][33m
[QUARK-WARNING]: The custom ops library C:\Users\<user>\miniforge3\envs\resnet_env\Lib\site-packages\quark\onnx\operators\custom_ops\lib\custom_ops.dll does NOT exist.[0m
[33m
[QUARK-WARNING]: The custom ops library C:\Users\<user>\miniforge3\envs\resnet_env\Lib\site-packages\quark\onnx\operators\custom_ops\lib\custom_ops.dll does NOT exist.[0m
[33m
[QUARK-WARNING]: Failed to register custom op library C:\Users\<user>\miniforge3\envs\resnet_env\Lib\site-packages\quark\onnx\operators\custom_ops\lib\custom_ops.dll to ORT with [ONNXRuntimeError] : 1 : FAIL : Error loading "C:\Users\<user>\miniforge3\envs\resnet_env\Lib\site-packages\quark\onnx\operators\custom_ops\lib\custom_ops.dll" which is missing. (Error 126: "The specified module could not be found."),please check if the library has been compiled successfully.[0m
[32m
[QUARK-INFO]: Quark_latency_profiler: finetuning layer 28, onnx inference (quantized model + float model) time consumed 5.829633s[0m
[32m
[QUARK-INFO]: Module (/layer3/layer3.0/act3/Relu_output_0)->(/layer3/layer3.1/act1/Relu_output_0) will be optimized by adaround on cpu[0m
[32m
[QUARK-INFO]: adaround iterations=0, lr=0.100000, loss=13.095008 (Recons loss=13.095008, Rounding loss=0.000000)[0m
[32m
[QUARK-INFO]: adaround iterations=100, lr=0.100000, loss=14.948685 (Recons loss=14.948685, Rounding loss=0.000000)[0m
[32m
[QUARK-INFO]: adaround iterations=200, lr=0.100000, loss=3252.629883 (Recons loss=12.659570, Rounding loss=3239.970215)[0m
[32m
[QUARK-INFO]: adaround iterations=300, lr=0.100000, loss=873.522461 (Recons loss=16.435137, Rounding loss=857.087341)[0m
[32m
[QUARK-INFO]: adaround iterations=400, lr=0.100000, loss=468.770264 (Recons loss=12.939608, Rounding loss=455.830658)[0m
[32m
[QUARK-INFO]: adaround iterations=500, lr=0.100000, loss=230.269577 (Recons loss=12.570175, Rounding loss=217.699402)[0m
[32m
[QUARK-INFO]: adaround iterations=600, lr=0.100000, loss=92.654297 (Recons loss=9.092040, Rounding loss=83.562256)[0m
[32m
[QUARK-INFO]: adaround iterations=700, lr=0.100000, loss=27.231180 (Recons loss=9.469620, Rounding loss=17.761560)[0m
[32m
[QUARK-INFO]: adaround iterations=800, lr=0.100000, loss=8.880560 (Recons loss=8.534507, Rounding loss=0.346053)[0m
[32m
[QUARK-INFO]: adaround iterations=900, lr=0.100000, loss=9.460620 (Recons loss=9.460620, Rounding loss=0.000000)[0m
[32m
[QUARK-INFO]: adaround iterations=999, lr=0.100000, loss=9.930220 (Recons loss=9.930220, Rounding loss=0.000000)[0m
[32m
[QUARK-INFO]: Module (/layer3/layer3.0/act3/Relu_output_0)->(/layer3/layer3.1/act1/Relu_output_0) recons metrics was optimized from 0.026231 to 0.021544 (diff=-0.004687)[0m
[32m
[QUARK-INFO]: Quark_latency_profiler: finetuning layer 28, torch training time consumed 12.003955s[0m

 54%|#####3    | 29/54 [09:00<09:59, 23.97s/it][33m
[QUARK-WARNING]: The custom ops library C:\Users\<user>\miniforge3\envs\resnet_env\Lib\site-packages\quark\onnx\operators\custom_ops\lib\custom_ops.dll does NOT exist.[0m
[33m
[QUARK-WARNING]: The custom ops library C:\Users\<user>\miniforge3\envs\resnet_env\Lib\site-packages\quark\onnx\operators\custom_ops\lib\custom_ops.dll does NOT exist.[0m
[33m
[QUARK-WARNING]: Failed to register custom op library C:\Users\<user>\miniforge3\envs\resnet_env\Lib\site-packages\quark\onnx\operators\custom_ops\lib\custom_ops.dll to ORT with [ONNXRuntimeError] : 1 : FAIL : Error loading "C:\Users\<user>\miniforge3\envs\resnet_env\Lib\site-packages\quark\onnx\operators\custom_ops\lib\custom_ops.dll" which is missing. (Error 126: "The specified module could not be found."),please check if the library has been compiled successfully.[0m
[32m
[QUARK-INFO]: Quark_latency_profiler: finetuning layer 29, onnx inference (quantized model + float model) time consumed 6.090324s[0m
[32m
[QUARK-INFO]: Module (/layer3/layer3.1/act1/Relu_output_0)->(/layer3/layer3.1/act2/Relu_output_0) will be optimized by adaround on cpu[0m
[32m
[QUARK-INFO]: adaround iterations=0, lr=0.100000, loss=22.078409 (Recons loss=22.078409, Rounding loss=0.000000)[0m
[32m
[QUARK-INFO]: adaround iterations=100, lr=0.100000, loss=12.289843 (Recons loss=12.289843, Rounding loss=0.000000)[0m
[32m
[QUARK-INFO]: adaround iterations=200, lr=0.100000, loss=13905.225586 (Recons loss=17.921738, Rounding loss=13887.303711)[0m
[32m
[QUARK-INFO]: adaround iterations=300, lr=0.100000, loss=3055.677002 (Recons loss=12.433240, Rounding loss=3043.243652)[0m
[32m
[QUARK-INFO]: adaround iterations=400, lr=0.100000, loss=1507.263184 (Recons loss=19.476782, Rounding loss=1487.786377)[0m
[32m
[QUARK-INFO]: adaround iterations=500, lr=0.100000, loss=705.593201 (Recons loss=14.174897, Rounding loss=691.418274)[0m
[32m
[QUARK-INFO]: adaround iterations=600, lr=0.100000, loss=295.116821 (Recons loss=24.799118, Rounding loss=270.317719)[0m
[32m
[QUARK-INFO]: adaround iterations=700, lr=0.100000, loss=70.519684 (Recons loss=17.983414, Rounding loss=52.536270)[0m
[32m
[QUARK-INFO]: adaround iterations=800, lr=0.100000, loss=18.864962 (Recons loss=16.053591, Rounding loss=2.811370)[0m
[32m
[QUARK-INFO]: adaround iterations=900, lr=0.100000, loss=16.208353 (Recons loss=16.208353, Rounding loss=0.000000)[0m
[32m
[QUARK-INFO]: adaround iterations=999, lr=0.100000, loss=18.950455 (Recons loss=18.950455, Rounding loss=0.000000)[0m
[32m
[QUARK-INFO]: Module (/layer3/layer3.1/act1/Relu_output_0)->(/layer3/layer3.1/act2/Relu_output_0) recons metrics was optimized from 0.053700 to 0.042170 (diff=-0.011530)[0m
[32m
[QUARK-INFO]: Quark_latency_profiler: finetuning layer 29, torch training time consumed 53.152184s[0m

 56%|#####5    | 30/54 [09:59<13:49, 34.55s/it][33m
[QUARK-WARNING]: The custom ops library C:\Users\<user>\miniforge3\envs\resnet_env\Lib\site-packages\quark\onnx\operators\custom_ops\lib\custom_ops.dll does NOT exist.[0m
[33m
[QUARK-WARNING]: The custom ops library C:\Users\<user>\miniforge3\envs\resnet_env\Lib\site-packages\quark\onnx\operators\custom_ops\lib\custom_ops.dll does NOT exist.[0m
[33m
[QUARK-WARNING]: Failed to register custom op library C:\Users\<user>\miniforge3\envs\resnet_env\Lib\site-packages\quark\onnx\operators\custom_ops\lib\custom_ops.dll to ORT with [ONNXRuntimeError] : 1 : FAIL : Error loading "C:\Users\<user>\miniforge3\envs\resnet_env\Lib\site-packages\quark\onnx\operators\custom_ops\lib\custom_ops.dll" which is missing. (Error 126: "The specified module could not be found."),please check if the library has been compiled successfully.[0m
[32m
[QUARK-INFO]: Quark_latency_profiler: finetuning layer 30, onnx inference (quantized model + float model) time consumed 6.457845s[0m
[32m
[QUARK-INFO]: Module (/layer3/layer3.1/act2/Relu_output_0)->(/layer3/layer3.1/conv3/Conv_output_0) will be optimized by adaround on cpu[0m
[32m
[QUARK-INFO]: adaround iterations=0, lr=0.100000, loss=87.439560 (Recons loss=87.439560, Rounding loss=0.000000)[0m
[32m
[QUARK-INFO]: adaround iterations=100, lr=0.100000, loss=68.023499 (Recons loss=68.023499, Rounding loss=0.000000)[0m
[32m
[QUARK-INFO]: adaround iterations=200, lr=0.100000, loss=4061.185791 (Recons loss=94.281647, Rounding loss=3966.904053)[0m
[32m
[QUARK-INFO]: adaround iterations=300, lr=0.100000, loss=1799.763062 (Recons loss=85.972145, Rounding loss=1713.790894)[0m
[32m
[QUARK-INFO]: adaround iterations=400, lr=0.100000, loss=1396.006348 (Recons loss=100.022308, Rounding loss=1295.984009)[0m
[32m
[QUARK-INFO]: adaround iterations=500, lr=0.100000, loss=1070.191284 (Recons loss=76.229172, Rounding loss=993.962097)[0m
[32m
[QUARK-INFO]: adaround iterations=600, lr=0.100000, loss=756.384521 (Recons loss=94.916855, Rounding loss=661.467651)[0m
[32m
[QUARK-INFO]: adaround iterations=700, lr=0.100000, loss=406.617523 (Recons loss=119.768951, Rounding loss=286.848572)[0m
[32m
[QUARK-INFO]: adaround iterations=800, lr=0.100000, loss=101.391190 (Recons loss=73.985962, Rounding loss=27.405224)[0m
[32m
[QUARK-INFO]: adaround iterations=900, lr=0.100000, loss=83.367798 (Recons loss=83.263855, Rounding loss=0.103941)[0m
[32m
[QUARK-INFO]: adaround iterations=999, lr=0.100000, loss=117.278358 (Recons loss=117.278358, Rounding loss=0.000000)[0m
[32m
[QUARK-INFO]: Module (/layer3/layer3.1/act2/Relu_output_0)->(/layer3/layer3.1/conv3/Conv_output_0) recons metrics was optimized from 0.104736 to 0.092276 (diff=-0.012459)[0m
[32m
[QUARK-INFO]: Quark_latency_profiler: finetuning layer 30, torch training time consumed 11.547184s[0m

 57%|#####7    | 31/54 [10:17<11:20, 29.59s/it][33m
[QUARK-WARNING]: The custom ops library C:\Users\<user>\miniforge3\envs\resnet_env\Lib\site-packages\quark\onnx\operators\custom_ops\lib\custom_ops.dll does NOT exist.[0m
[33m
[QUARK-WARNING]: The custom ops library C:\Users\<user>\miniforge3\envs\resnet_env\Lib\site-packages\quark\onnx\operators\custom_ops\lib\custom_ops.dll does NOT exist.[0m
[33m
[QUARK-WARNING]: Failed to register custom op library C:\Users\<user>\miniforge3\envs\resnet_env\Lib\site-packages\quark\onnx\operators\custom_ops\lib\custom_ops.dll to ORT with [ONNXRuntimeError] : 1 : FAIL : Error loading "C:\Users\<user>\miniforge3\envs\resnet_env\Lib\site-packages\quark\onnx\operators\custom_ops\lib\custom_ops.dll" which is missing. (Error 126: "The specified module could not be found."),please check if the library has been compiled successfully.[0m
[32m
[QUARK-INFO]: Quark_latency_profiler: finetuning layer 31, onnx inference (quantized model + float model) time consumed 6.662873s[0m
[32m
[QUARK-INFO]: Module (/layer3/layer3.1/act3/Relu_output_0)->(/layer3/layer3.2/act1/Relu_output_0) will be optimized by adaround on cpu[0m
[32m
[QUARK-INFO]: adaround iterations=0, lr=0.100000, loss=8.425745 (Recons loss=8.425745, Rounding loss=0.000000)[0m
[32m
[QUARK-INFO]: adaround iterations=100, lr=0.100000, loss=6.943303 (Recons loss=6.943303, Rounding loss=0.000000)[0m
[32m
[QUARK-INFO]: adaround iterations=200, lr=0.100000, loss=3428.288574 (Recons loss=9.253871, Rounding loss=3419.034668)[0m
[32m
[QUARK-INFO]: adaround iterations=300, lr=0.100000, loss=940.869751 (Recons loss=5.542341, Rounding loss=935.327393)[0m
[32m
[QUARK-INFO]: adaround iterations=400, lr=0.100000, loss=509.884491 (Recons loss=6.539151, Rounding loss=503.345337)[0m
[32m
[QUARK-INFO]: adaround iterations=500, lr=0.100000, loss=252.158691 (Recons loss=7.747469, Rounding loss=244.411224)[0m
[32m
[QUARK-INFO]: adaround iterations=600, lr=0.100000, loss=103.746231 (Recons loss=7.121531, Rounding loss=96.624702)[0m
[32m
[QUARK-INFO]: adaround iterations=700, lr=0.100000, loss=23.643700 (Recons loss=8.719107, Rounding loss=14.924594)[0m
[32m
[QUARK-INFO]: adaround iterations=800, lr=0.100000, loss=9.104312 (Recons loss=8.901253, Rounding loss=0.203059)[0m
[32m
[QUARK-INFO]: adaround iterations=900, lr=0.100000, loss=8.714991 (Recons loss=8.714991, Rounding loss=0.000000)[0m
[32m
[QUARK-INFO]: adaround iterations=999, lr=0.100000, loss=7.633925 (Recons loss=7.633925, Rounding loss=0.000000)[0m
[32m
[QUARK-INFO]: Module (/layer3/layer3.1/act3/Relu_output_0)->(/layer3/layer3.2/act1/Relu_output_0) recons metrics was optimized from 0.017525 to 0.014636 (diff=-0.002890)[0m
[32m
[QUARK-INFO]: Quark_latency_profiler: finetuning layer 31, torch training time consumed 11.804570s[0m

 59%|#####9    | 32/54 [10:36<09:37, 26.25s/it][33m
[QUARK-WARNING]: The custom ops library C:\Users\<user>\miniforge3\envs\resnet_env\Lib\site-packages\quark\onnx\operators\custom_ops\lib\custom_ops.dll does NOT exist.[0m
[33m
[QUARK-WARNING]: The custom ops library C:\Users\<user>\miniforge3\envs\resnet_env\Lib\site-packages\quark\onnx\operators\custom_ops\lib\custom_ops.dll does NOT exist.[0m
[33m
[QUARK-WARNING]: Failed to register custom op library C:\Users\<user>\miniforge3\envs\resnet_env\Lib\site-packages\quark\onnx\operators\custom_ops\lib\custom_ops.dll to ORT with [ONNXRuntimeError] : 1 : FAIL : Error loading "C:\Users\<user>\miniforge3\envs\resnet_env\Lib\site-packages\quark\onnx\operators\custom_ops\lib\custom_ops.dll" which is missing. (Error 126: "The specified module could not be found."),please check if the library has been compiled successfully.[0m
[32m
[QUARK-INFO]: Quark_latency_profiler: finetuning layer 32, onnx inference (quantized model + float model) time consumed 6.900425s[0m
[32m
[QUARK-INFO]: Module (/layer3/layer3.2/act1/Relu_output_0)->(/layer3/layer3.2/act2/Relu_output_0) will be optimized by adaround on cpu[0m
[32m
[QUARK-INFO]: adaround iterations=0, lr=0.100000, loss=13.586132 (Recons loss=13.586132, Rounding loss=0.000000)[0m
[32m
[QUARK-INFO]: adaround iterations=100, lr=0.100000, loss=15.740097 (Recons loss=15.740097, Rounding loss=0.000000)[0m
[32m
[QUARK-INFO]: adaround iterations=200, lr=0.100000, loss=15896.000000 (Recons loss=12.215392, Rounding loss=15883.784180)[0m
[32m
[QUARK-INFO]: adaround iterations=300, lr=0.100000, loss=4652.770508 (Recons loss=11.162827, Rounding loss=4641.607910)[0m
[32m
[QUARK-INFO]: adaround iterations=400, lr=0.100000, loss=2686.685547 (Recons loss=6.956326, Rounding loss=2679.729248)[0m
[32m
[QUARK-INFO]: adaround iterations=500, lr=0.100000, loss=1497.742432 (Recons loss=16.749058, Rounding loss=1480.993408)[0m
[32m
[QUARK-INFO]: adaround iterations=600, lr=0.100000, loss=683.082520 (Recons loss=13.063110, Rounding loss=670.019409)[0m
[32m
[QUARK-INFO]: adaround iterations=700, lr=0.100000, loss=196.867889 (Recons loss=8.794084, Rounding loss=188.073807)[0m
[32m
[QUARK-INFO]: adaround iterations=800, lr=0.100000, loss=16.481264 (Recons loss=11.824731, Rounding loss=4.656534)[0m
[32m
[QUARK-INFO]: adaround iterations=900, lr=0.100000, loss=14.701427 (Recons loss=14.701427, Rounding loss=0.000000)[0m
[32m
[QUARK-INFO]: adaround iterations=999, lr=0.100000, loss=10.713476 (Recons loss=10.713476, Rounding loss=0.000000)[0m
[32m
[QUARK-INFO]: Module (/layer3/layer3.2/act1/Relu_output_0)->(/layer3/layer3.2/act2/Relu_output_0) recons metrics was optimized from 0.035324 to 0.021955 (diff=-0.013369)[0m
[32m
[QUARK-INFO]: Quark_latency_profiler: finetuning layer 32, torch training time consumed 52.323804s[0m

 61%|######1   | 33/54 [11:35<12:39, 36.15s/it][33m
[QUARK-WARNING]: The custom ops library C:\Users\<user>\miniforge3\envs\resnet_env\Lib\site-packages\quark\onnx\operators\custom_ops\lib\custom_ops.dll does NOT exist.[0m
[33m
[QUARK-WARNING]: The custom ops library C:\Users\<user>\miniforge3\envs\resnet_env\Lib\site-packages\quark\onnx\operators\custom_ops\lib\custom_ops.dll does NOT exist.[0m
[33m
[QUARK-WARNING]: Failed to register custom op library C:\Users\<user>\miniforge3\envs\resnet_env\Lib\site-packages\quark\onnx\operators\custom_ops\lib\custom_ops.dll to ORT with [ONNXRuntimeError] : 1 : FAIL : Error loading "C:\Users\<user>\miniforge3\envs\resnet_env\Lib\site-packages\quark\onnx\operators\custom_ops\lib\custom_ops.dll" which is missing. (Error 126: "The specified module could not be found."),please check if the library has been compiled successfully.[0m
[32m
[QUARK-INFO]: Quark_latency_profiler: finetuning layer 33, onnx inference (quantized model + float model) time consumed 7.197693s[0m
[32m
[QUARK-INFO]: Module (/layer3/layer3.2/act2/Relu_output_0)->(/layer3/layer3.2/conv3/Conv_output_0) will be optimized by adaround on cpu[0m
[32m
[QUARK-INFO]: adaround iterations=0, lr=0.100000, loss=73.924583 (Recons loss=73.924583, Rounding loss=0.000000)[0m
[32m
[QUARK-INFO]: adaround iterations=100, lr=0.100000, loss=76.224518 (Recons loss=76.224518, Rounding loss=0.000000)[0m
[32m
[QUARK-INFO]: adaround iterations=200, lr=0.100000, loss=3847.875488 (Recons loss=74.712494, Rounding loss=3773.163086)[0m
[32m
[QUARK-INFO]: adaround iterations=300, lr=0.100000, loss=1568.467285 (Recons loss=66.191658, Rounding loss=1502.275635)[0m
[32m
[QUARK-INFO]: adaround iterations=400, lr=0.100000, loss=1146.110718 (Recons loss=101.271225, Rounding loss=1044.839478)[0m
[32m
[QUARK-INFO]: adaround iterations=500, lr=0.100000, loss=779.985535 (Recons loss=54.718948, Rounding loss=725.266602)[0m
[32m
[QUARK-INFO]: adaround iterations=600, lr=0.100000, loss=464.598755 (Recons loss=70.565781, Rounding loss=394.032959)[0m
[32m
[QUARK-INFO]: adaround iterations=700, lr=0.100000, loss=162.344193 (Recons loss=43.884022, Rounding loss=118.460167)[0m
[32m
[QUARK-INFO]: adaround iterations=800, lr=0.100000, loss=64.528076 (Recons loss=61.259018, Rounding loss=3.269056)[0m
[32m
[QUARK-INFO]: adaround iterations=900, lr=0.100000, loss=60.883743 (Recons loss=60.883743, Rounding loss=0.000000)[0m
[32m
[QUARK-INFO]: adaround iterations=999, lr=0.100000, loss=48.792217 (Recons loss=48.792217, Rounding loss=0.000000)[0m
[32m
[QUARK-INFO]: Module (/layer3/layer3.2/act2/Relu_output_0)->(/layer3/layer3.2/conv3/Conv_output_0) recons metrics was optimized from 0.067612 to 0.062301 (diff=-0.005311)[0m
[32m
[QUARK-INFO]: Quark_latency_profiler: finetuning layer 33, torch training time consumed 12.028632s[0m

 63%|######2   | 34/54 [11:54<10:21, 31.07s/it][33m
[QUARK-WARNING]: The custom ops library C:\Users\<user>\miniforge3\envs\resnet_env\Lib\site-packages\quark\onnx\operators\custom_ops\lib\custom_ops.dll does NOT exist.[0m
[33m
[QUARK-WARNING]: The custom ops library C:\Users\<user>\miniforge3\envs\resnet_env\Lib\site-packages\quark\onnx\operators\custom_ops\lib\custom_ops.dll does NOT exist.[0m
[33m
[QUARK-WARNING]: Failed to register custom op library C:\Users\<user>\miniforge3\envs\resnet_env\Lib\site-packages\quark\onnx\operators\custom_ops\lib\custom_ops.dll to ORT with [ONNXRuntimeError] : 1 : FAIL : Error loading "C:\Users\<user>\miniforge3\envs\resnet_env\Lib\site-packages\quark\onnx\operators\custom_ops\lib\custom_ops.dll" which is missing. (Error 126: "The specified module could not be found."),please check if the library has been compiled successfully.[0m
[32m
[QUARK-INFO]: Quark_latency_profiler: finetuning layer 34, onnx inference (quantized model + float model) time consumed 7.343239s[0m
[32m
[QUARK-INFO]: Module (/layer3/layer3.2/act3/Relu_output_0)->(/layer3/layer3.3/act1/Relu_output_0) will be optimized by adaround on cpu[0m
[32m
[QUARK-INFO]: adaround iterations=0, lr=0.100000, loss=5.942910 (Recons loss=5.942910, Rounding loss=0.000000)[0m
[32m
[QUARK-INFO]: adaround iterations=100, lr=0.100000, loss=4.620459 (Recons loss=4.620459, Rounding loss=0.000000)[0m
[32m
[QUARK-INFO]: adaround iterations=200, lr=0.100000, loss=3675.253662 (Recons loss=4.394952, Rounding loss=3670.858643)[0m
[32m
[QUARK-INFO]: adaround iterations=300, lr=0.100000, loss=1160.965942 (Recons loss=4.577859, Rounding loss=1156.388062)[0m
[32m
[QUARK-INFO]: adaround iterations=400, lr=0.100000, loss=717.204041 (Recons loss=4.511448, Rounding loss=712.692566)[0m
[32m
[QUARK-INFO]: adaround iterations=500, lr=0.100000, loss=408.447876 (Recons loss=4.818646, Rounding loss=403.629242)[0m
[32m
[QUARK-INFO]: adaround iterations=600, lr=0.100000, loss=203.631516 (Recons loss=3.180676, Rounding loss=200.450836)[0m
[32m
[QUARK-INFO]: adaround iterations=700, lr=0.100000, loss=50.941936 (Recons loss=3.321436, Rounding loss=47.620502)[0m
[32m
[QUARK-INFO]: adaround iterations=800, lr=0.100000, loss=5.769035 (Recons loss=5.447837, Rounding loss=0.321198)[0m
[32m
[QUARK-INFO]: adaround iterations=900, lr=0.100000, loss=3.554502 (Recons loss=3.554502, Rounding loss=0.000000)[0m
[32m
[QUARK-INFO]: adaround iterations=999, lr=0.100000, loss=5.691593 (Recons loss=5.691593, Rounding loss=0.000000)[0m
[32m
[QUARK-INFO]: Module (/layer3/layer3.2/act3/Relu_output_0)->(/layer3/layer3.3/act1/Relu_output_0) recons metrics was optimized from 0.012281 to 0.008972 (diff=-0.003308)[0m
[32m
[QUARK-INFO]: Quark_latency_profiler: finetuning layer 34, torch training time consumed 12.215991s[0m

 65%|######4   | 35/54 [12:14<08:44, 27.62s/it][33m
[QUARK-WARNING]: The custom ops library C:\Users\<user>\miniforge3\envs\resnet_env\Lib\site-packages\quark\onnx\operators\custom_ops\lib\custom_ops.dll does NOT exist.[0m
[33m
[QUARK-WARNING]: The custom ops library C:\Users\<user>\miniforge3\envs\resnet_env\Lib\site-packages\quark\onnx\operators\custom_ops\lib\custom_ops.dll does NOT exist.[0m
[33m
[QUARK-WARNING]: Failed to register custom op library C:\Users\<user>\miniforge3\envs\resnet_env\Lib\site-packages\quark\onnx\operators\custom_ops\lib\custom_ops.dll to ORT with [ONNXRuntimeError] : 1 : FAIL : Error loading "C:\Users\<user>\miniforge3\envs\resnet_env\Lib\site-packages\quark\onnx\operators\custom_ops\lib\custom_ops.dll" which is missing. (Error 126: "The specified module could not be found."),please check if the library has been compiled successfully.[0m
[32m
[QUARK-INFO]: Quark_latency_profiler: finetuning layer 35, onnx inference (quantized model + float model) time consumed 7.446254s[0m
[32m
[QUARK-INFO]: Module (/layer3/layer3.3/act1/Relu_output_0)->(/layer3/layer3.3/act2/Relu_output_0) will be optimized by adaround on cpu[0m
[32m
[QUARK-INFO]: adaround iterations=0, lr=0.100000, loss=13.270679 (Recons loss=13.270679, Rounding loss=0.000000)[0m
[32m
[QUARK-INFO]: adaround iterations=100, lr=0.100000, loss=8.884838 (Recons loss=8.884838, Rounding loss=0.000000)[0m
[32m
[QUARK-INFO]: adaround iterations=200, lr=0.100000, loss=13633.370117 (Recons loss=10.260397, Rounding loss=13623.109375)[0m
[32m
[QUARK-INFO]: adaround iterations=300, lr=0.100000, loss=2722.411621 (Recons loss=8.061932, Rounding loss=2714.349609)[0m
[32m
[QUARK-INFO]: adaround iterations=400, lr=0.100000, loss=1160.552124 (Recons loss=11.939063, Rounding loss=1148.613037)[0m
[32m
[QUARK-INFO]: adaround iterations=500, lr=0.100000, loss=438.278076 (Recons loss=8.641232, Rounding loss=429.636841)[0m
[32m
[QUARK-INFO]: adaround iterations=600, lr=0.100000, loss=128.890793 (Recons loss=8.032019, Rounding loss=120.858780)[0m
[32m
[QUARK-INFO]: adaround iterations=700, lr=0.100000, loss=25.851494 (Recons loss=11.253744, Rounding loss=14.597749)[0m
[32m
[QUARK-INFO]: adaround iterations=800, lr=0.100000, loss=14.950309 (Recons loss=14.650774, Rounding loss=0.299535)[0m
[32m
[QUARK-INFO]: adaround iterations=900, lr=0.100000, loss=8.048181 (Recons loss=8.048181, Rounding loss=0.000000)[0m
[32m
[QUARK-INFO]: adaround iterations=999, lr=0.100000, loss=8.698923 (Recons loss=8.698923, Rounding loss=0.000000)[0m
[32m
[QUARK-INFO]: Module (/layer3/layer3.3/act1/Relu_output_0)->(/layer3/layer3.3/act2/Relu_output_0) recons metrics was optimized from 0.023248 to 0.016925 (diff=-0.006323)[0m
[32m
[QUARK-INFO]: Quark_latency_profiler: finetuning layer 35, torch training time consumed 52.265864s[0m

 67%|######6   | 36/54 [13:13<11:10, 37.25s/it][33m
[QUARK-WARNING]: The custom ops library C:\Users\<user>\miniforge3\envs\resnet_env\Lib\site-packages\quark\onnx\operators\custom_ops\lib\custom_ops.dll does NOT exist.[0m
[33m
[QUARK-WARNING]: The custom ops library C:\Users\<user>\miniforge3\envs\resnet_env\Lib\site-packages\quark\onnx\operators\custom_ops\lib\custom_ops.dll does NOT exist.[0m
[33m
[QUARK-WARNING]: Failed to register custom op library C:\Users\<user>\miniforge3\envs\resnet_env\Lib\site-packages\quark\onnx\operators\custom_ops\lib\custom_ops.dll to ORT with [ONNXRuntimeError] : 1 : FAIL : Error loading "C:\Users\<user>\miniforge3\envs\resnet_env\Lib\site-packages\quark\onnx\operators\custom_ops\lib\custom_ops.dll" which is missing. (Error 126: "The specified module could not be found."),please check if the library has been compiled successfully.[0m
[32m
[QUARK-INFO]: Quark_latency_profiler: finetuning layer 36, onnx inference (quantized model + float model) time consumed 7.730011s[0m
[32m
[QUARK-INFO]: Module (/layer3/layer3.3/act2/Relu_output_0)->(/layer3/layer3.3/conv3/Conv_output_0) will be optimized by adaround on cpu[0m
[32m
[QUARK-INFO]: adaround iterations=0, lr=0.100000, loss=63.340214 (Recons loss=63.340214, Rounding loss=0.000000)[0m
[32m
[QUARK-INFO]: adaround iterations=100, lr=0.100000, loss=56.686050 (Recons loss=56.686050, Rounding loss=0.000000)[0m
[32m
[QUARK-INFO]: adaround iterations=200, lr=0.100000, loss=4001.682373 (Recons loss=71.734856, Rounding loss=3929.947510)[0m
[32m
[QUARK-INFO]: adaround iterations=300, lr=0.100000, loss=1648.292480 (Recons loss=61.406239, Rounding loss=1586.886230)[0m
[32m
[QUARK-INFO]: adaround iterations=400, lr=0.100000, loss=1202.000977 (Recons loss=57.720623, Rounding loss=1144.280396)[0m
[32m
[QUARK-INFO]: adaround iterations=500, lr=0.100000, loss=846.990417 (Recons loss=48.371502, Rounding loss=798.618896)[0m
[32m
[QUARK-INFO]: adaround iterations=600, lr=0.100000, loss=539.946899 (Recons loss=64.305962, Rounding loss=475.640961)[0m
[32m
[QUARK-INFO]: adaround iterations=700, lr=0.100000, loss=241.597183 (Recons loss=106.762360, Rounding loss=134.834824)[0m
[32m
[QUARK-INFO]: adaround iterations=800, lr=0.100000, loss=54.376389 (Recons loss=51.688854, Rounding loss=2.687533)[0m
[32m
[QUARK-INFO]: adaround iterations=900, lr=0.100000, loss=52.771782 (Recons loss=52.767315, Rounding loss=0.004468)[0m
[32m
[QUARK-INFO]: adaround iterations=999, lr=0.100000, loss=68.078705 (Recons loss=68.078705, Rounding loss=0.000000)[0m
[32m
[QUARK-INFO]: Module (/layer3/layer3.3/act2/Relu_output_0)->(/layer3/layer3.3/conv3/Conv_output_0) recons metrics was optimized from 0.063298 to 0.054680 (diff=-0.008617)[0m
[32m
[QUARK-INFO]: Quark_latency_profiler: finetuning layer 36, torch training time consumed 11.776535s[0m

 69%|######8   | 37/54 [13:33<09:02, 31.93s/it][33m
[QUARK-WARNING]: The custom ops library C:\Users\<user>\miniforge3\envs\resnet_env\Lib\site-packages\quark\onnx\operators\custom_ops\lib\custom_ops.dll does NOT exist.[0m
[33m
[QUARK-WARNING]: The custom ops library C:\Users\<user>\miniforge3\envs\resnet_env\Lib\site-packages\quark\onnx\operators\custom_ops\lib\custom_ops.dll does NOT exist.[0m
[33m
[QUARK-WARNING]: Failed to register custom op library C:\Users\<user>\miniforge3\envs\resnet_env\Lib\site-packages\quark\onnx\operators\custom_ops\lib\custom_ops.dll to ORT with [ONNXRuntimeError] : 1 : FAIL : Error loading "C:\Users\<user>\miniforge3\envs\resnet_env\Lib\site-packages\quark\onnx\operators\custom_ops\lib\custom_ops.dll" which is missing. (Error 126: "The specified module could not be found."),please check if the library has been compiled successfully.[0m
[32m
[QUARK-INFO]: Quark_latency_profiler: finetuning layer 37, onnx inference (quantized model + float model) time consumed 7.828283s[0m
[32m
[QUARK-INFO]: Module (/layer3/layer3.3/act3/Relu_output_0)->(/layer3/layer3.4/act1/Relu_output_0) will be optimized by adaround on cpu[0m
[32m
[QUARK-INFO]: adaround iterations=0, lr=0.100000, loss=6.720527 (Recons loss=6.720527, Rounding loss=0.000000)[0m
[32m
[QUARK-INFO]: adaround iterations=100, lr=0.100000, loss=5.167450 (Recons loss=5.167450, Rounding loss=0.000000)[0m
[32m
[QUARK-INFO]: adaround iterations=200, lr=0.100000, loss=3088.962402 (Recons loss=7.530560, Rounding loss=3081.431885)[0m
[32m
[QUARK-INFO]: adaround iterations=300, lr=0.100000, loss=684.832825 (Recons loss=6.445301, Rounding loss=678.387512)[0m
[32m
[QUARK-INFO]: adaround iterations=400, lr=0.100000, loss=333.194611 (Recons loss=4.650183, Rounding loss=328.544434)[0m
[32m
[QUARK-INFO]: adaround iterations=500, lr=0.100000, loss=149.381775 (Recons loss=5.304004, Rounding loss=144.077774)[0m
[32m
[QUARK-INFO]: adaround iterations=600, lr=0.100000, loss=50.593193 (Recons loss=5.761383, Rounding loss=44.831810)[0m
[32m
[QUARK-INFO]: adaround iterations=700, lr=0.100000, loss=10.928465 (Recons loss=4.431501, Rounding loss=6.496964)[0m
[32m
[QUARK-INFO]: adaround iterations=800, lr=0.100000, loss=6.077884 (Recons loss=6.007922, Rounding loss=0.069962)[0m
[32m
[QUARK-INFO]: adaround iterations=900, lr=0.100000, loss=6.604956 (Recons loss=6.604956, Rounding loss=0.000000)[0m
[32m
[QUARK-INFO]: adaround iterations=999, lr=0.100000, loss=5.870752 (Recons loss=5.870752, Rounding loss=0.000000)[0m
[32m
[QUARK-INFO]: Module (/layer3/layer3.3/act3/Relu_output_0)->(/layer3/layer3.4/act1/Relu_output_0) recons metrics was optimized from 0.014008 to 0.010995 (diff=-0.003013)[0m
[32m
[QUARK-INFO]: Quark_latency_profiler: finetuning layer 37, torch training time consumed 12.161570s[0m

 70%|#######   | 38/54 [13:53<07:33, 28.35s/it][33m
[QUARK-WARNING]: The custom ops library C:\Users\<user>\miniforge3\envs\resnet_env\Lib\site-packages\quark\onnx\operators\custom_ops\lib\custom_ops.dll does NOT exist.[0m
[33m
[QUARK-WARNING]: The custom ops library C:\Users\<user>\miniforge3\envs\resnet_env\Lib\site-packages\quark\onnx\operators\custom_ops\lib\custom_ops.dll does NOT exist.[0m
[33m
[QUARK-WARNING]: Failed to register custom op library C:\Users\<user>\miniforge3\envs\resnet_env\Lib\site-packages\quark\onnx\operators\custom_ops\lib\custom_ops.dll to ORT with [ONNXRuntimeError] : 1 : FAIL : Error loading "C:\Users\<user>\miniforge3\envs\resnet_env\Lib\site-packages\quark\onnx\operators\custom_ops\lib\custom_ops.dll" which is missing. (Error 126: "The specified module could not be found."),please check if the library has been compiled successfully.[0m
[32m
[QUARK-INFO]: Quark_latency_profiler: finetuning layer 38, onnx inference (quantized model + float model) time consumed 8.252611s[0m
[32m
[QUARK-INFO]: Module (/layer3/layer3.4/act1/Relu_output_0)->(/layer3/layer3.4/act2/Relu_output_0) will be optimized by adaround on cpu[0m
[32m
[QUARK-INFO]: adaround iterations=0, lr=0.100000, loss=14.640429 (Recons loss=14.640429, Rounding loss=0.000000)[0m
[32m
[QUARK-INFO]: adaround iterations=100, lr=0.100000, loss=10.270533 (Recons loss=10.270533, Rounding loss=0.000000)[0m
[32m
[QUARK-INFO]: adaround iterations=200, lr=0.100000, loss=14645.211914 (Recons loss=11.844319, Rounding loss=14633.367188)[0m
[32m
[QUARK-INFO]: adaround iterations=300, lr=0.100000, loss=3714.811279 (Recons loss=11.199821, Rounding loss=3703.611572)[0m
[32m
[QUARK-INFO]: adaround iterations=400, lr=0.100000, loss=1804.748047 (Recons loss=9.156446, Rounding loss=1795.591553)[0m
[32m
[QUARK-INFO]: adaround iterations=500, lr=0.100000, loss=893.736755 (Recons loss=15.602304, Rounding loss=878.134460)[0m
[32m
[QUARK-INFO]: adaround iterations=600, lr=0.100000, loss=333.875000 (Recons loss=8.253544, Rounding loss=325.621460)[0m
[32m
[QUARK-INFO]: adaround iterations=700, lr=0.100000, loss=72.859352 (Recons loss=7.969235, Rounding loss=64.890114)[0m
[32m
[QUARK-INFO]: adaround iterations=800, lr=0.100000, loss=16.863520 (Recons loss=15.269156, Rounding loss=1.594364)[0m
[32m
[QUARK-INFO]: adaround iterations=900, lr=0.100000, loss=10.271295 (Recons loss=10.271295, Rounding loss=0.000000)[0m
[32m
[QUARK-INFO]: adaround iterations=999, lr=0.100000, loss=9.354385 (Recons loss=9.354385, Rounding loss=0.000000)[0m
[32m
[QUARK-INFO]: Module (/layer3/layer3.4/act1/Relu_output_0)->(/layer3/layer3.4/act2/Relu_output_0) recons metrics was optimized from 0.037808 to 0.021962 (diff=-0.015846)[0m
[32m
[QUARK-INFO]: Quark_latency_profiler: finetuning layer 38, torch training time consumed 52.740151s[0m

 72%|#######2  | 39/54 [14:54<09:32, 38.14s/it][33m
[QUARK-WARNING]: The custom ops library C:\Users\<user>\miniforge3\envs\resnet_env\Lib\site-packages\quark\onnx\operators\custom_ops\lib\custom_ops.dll does NOT exist.[0m
[33m
[QUARK-WARNING]: The custom ops library C:\Users\<user>\miniforge3\envs\resnet_env\Lib\site-packages\quark\onnx\operators\custom_ops\lib\custom_ops.dll does NOT exist.[0m
[33m
[QUARK-WARNING]: Failed to register custom op library C:\Users\<user>\miniforge3\envs\resnet_env\Lib\site-packages\quark\onnx\operators\custom_ops\lib\custom_ops.dll to ORT with [ONNXRuntimeError] : 1 : FAIL : Error loading "C:\Users\<user>\miniforge3\envs\resnet_env\Lib\site-packages\quark\onnx\operators\custom_ops\lib\custom_ops.dll" which is missing. (Error 126: "The specified module could not be found."),please check if the library has been compiled successfully.[0m
[32m
[QUARK-INFO]: Quark_latency_profiler: finetuning layer 39, onnx inference (quantized model + float model) time consumed 8.614546s[0m
[32m
[QUARK-INFO]: Module (/layer3/layer3.4/act2/Relu_output_0)->(/layer3/layer3.4/conv3/Conv_output_0) will be optimized by adaround on cpu[0m
[32m
[QUARK-INFO]: adaround iterations=0, lr=0.100000, loss=82.824707 (Recons loss=82.824707, Rounding loss=0.000000)[0m
[32m
[QUARK-INFO]: adaround iterations=100, lr=0.100000, loss=39.761902 (Recons loss=39.761902, Rounding loss=0.000000)[0m
[32m
[QUARK-INFO]: adaround iterations=200, lr=0.100000, loss=4081.103760 (Recons loss=38.150013, Rounding loss=4042.953857)[0m
[32m
[QUARK-INFO]: adaround iterations=300, lr=0.100000, loss=1856.936035 (Recons loss=40.911274, Rounding loss=1816.024780)[0m
[32m
[QUARK-INFO]: adaround iterations=400, lr=0.100000, loss=1375.245239 (Recons loss=40.295570, Rounding loss=1334.949707)[0m
[32m
[QUARK-INFO]: adaround iterations=500, lr=0.100000, loss=1051.801147 (Recons loss=87.500320, Rounding loss=964.300842)[0m
[32m
[QUARK-INFO]: adaround iterations=600, lr=0.100000, loss=594.520630 (Recons loss=51.220798, Rounding loss=543.299805)[0m
[32m
[QUARK-INFO]: adaround iterations=700, lr=0.100000, loss=241.569260 (Recons loss=54.606995, Rounding loss=186.962265)[0m
[32m
[QUARK-INFO]: adaround iterations=800, lr=0.100000, loss=47.868553 (Recons loss=40.096539, Rounding loss=7.772014)[0m
[32m
[QUARK-INFO]: adaround iterations=900, lr=0.100000, loss=36.319836 (Recons loss=36.304790, Rounding loss=0.015046)[0m
[32m
[QUARK-INFO]: adaround iterations=999, lr=0.100000, loss=34.881077 (Recons loss=34.881077, Rounding loss=0.000000)[0m
[32m
[QUARK-INFO]: Module (/layer3/layer3.4/act2/Relu_output_0)->(/layer3/layer3.4/conv3/Conv_output_0) recons metrics was optimized from 0.056517 to 0.050096 (diff=-0.006421)[0m
[32m
[QUARK-INFO]: Quark_latency_profiler: finetuning layer 39, torch training time consumed 11.778161s[0m

 74%|#######4  | 40/54 [15:14<07:39, 32.82s/it][33m
[QUARK-WARNING]: The custom ops library C:\Users\<user>\miniforge3\envs\resnet_env\Lib\site-packages\quark\onnx\operators\custom_ops\lib\custom_ops.dll does NOT exist.[0m
[33m
[QUARK-WARNING]: The custom ops library C:\Users\<user>\miniforge3\envs\resnet_env\Lib\site-packages\quark\onnx\operators\custom_ops\lib\custom_ops.dll does NOT exist.[0m
[33m
[QUARK-WARNING]: Failed to register custom op library C:\Users\<user>\miniforge3\envs\resnet_env\Lib\site-packages\quark\onnx\operators\custom_ops\lib\custom_ops.dll to ORT with [ONNXRuntimeError] : 1 : FAIL : Error loading "C:\Users\<user>\miniforge3\envs\resnet_env\Lib\site-packages\quark\onnx\operators\custom_ops\lib\custom_ops.dll" which is missing. (Error 126: "The specified module could not be found."),please check if the library has been compiled successfully.[0m
[32m
[QUARK-INFO]: Quark_latency_profiler: finetuning layer 40, onnx inference (quantized model + float model) time consumed 8.519598s[0m
[32m
[QUARK-INFO]: Module (/layer3/layer3.4/act3/Relu_output_0)->(/layer3/layer3.5/act1/Relu_output_0) will be optimized by adaround on cpu[0m
[32m
[QUARK-INFO]: adaround iterations=0, lr=0.100000, loss=7.464561 (Recons loss=7.464561, Rounding loss=0.000000)[0m
[32m
[QUARK-INFO]: adaround iterations=100, lr=0.100000, loss=4.940803 (Recons loss=4.940803, Rounding loss=0.000000)[0m
[32m
[QUARK-INFO]: adaround iterations=200, lr=0.100000, loss=3100.967773 (Recons loss=3.132984, Rounding loss=3097.834717)[0m
[32m
[QUARK-INFO]: adaround iterations=300, lr=0.100000, loss=712.346497 (Recons loss=4.017777, Rounding loss=708.328735)[0m
[32m
[QUARK-INFO]: adaround iterations=400, lr=0.100000, loss=335.149536 (Recons loss=4.085390, Rounding loss=331.064148)[0m
[32m
[QUARK-INFO]: adaround iterations=500, lr=0.100000, loss=156.513947 (Recons loss=4.042603, Rounding loss=152.471344)[0m
[32m
[QUARK-INFO]: adaround iterations=600, lr=0.100000, loss=50.048847 (Recons loss=3.574725, Rounding loss=46.474121)[0m
[32m
[QUARK-INFO]: adaround iterations=700, lr=0.100000, loss=11.207527 (Recons loss=4.768974, Rounding loss=6.438553)[0m
[32m
[QUARK-INFO]: adaround iterations=800, lr=0.100000, loss=4.043955 (Recons loss=4.004494, Rounding loss=0.039461)[0m
[32m
[QUARK-INFO]: adaround iterations=900, lr=0.100000, loss=4.620046 (Recons loss=4.620046, Rounding loss=0.000000)[0m
[32m
[QUARK-INFO]: adaround iterations=999, lr=0.100000, loss=4.335486 (Recons loss=4.335486, Rounding loss=0.000000)[0m
[32m
[QUARK-INFO]: Module (/layer3/layer3.4/act3/Relu_output_0)->(/layer3/layer3.5/act1/Relu_output_0) recons metrics was optimized from 0.010811 to 0.008131 (diff=-0.002680)[0m
[32m
[QUARK-INFO]: Quark_latency_profiler: finetuning layer 40, torch training time consumed 12.050205s[0m

 76%|#######5  | 41/54 [15:35<06:18, 29.15s/it][33m
[QUARK-WARNING]: The custom ops library C:\Users\<user>\miniforge3\envs\resnet_env\Lib\site-packages\quark\onnx\operators\custom_ops\lib\custom_ops.dll does NOT exist.[0m
[33m
[QUARK-WARNING]: The custom ops library C:\Users\<user>\miniforge3\envs\resnet_env\Lib\site-packages\quark\onnx\operators\custom_ops\lib\custom_ops.dll does NOT exist.[0m
[33m
[QUARK-WARNING]: Failed to register custom op library C:\Users\<user>\miniforge3\envs\resnet_env\Lib\site-packages\quark\onnx\operators\custom_ops\lib\custom_ops.dll to ORT with [ONNXRuntimeError] : 1 : FAIL : Error loading "C:\Users\<user>\miniforge3\envs\resnet_env\Lib\site-packages\quark\onnx\operators\custom_ops\lib\custom_ops.dll" which is missing. (Error 126: "The specified module could not be found."),please check if the library has been compiled successfully.[0m
[32m
[QUARK-INFO]: Quark_latency_profiler: finetuning layer 41, onnx inference (quantized model + float model) time consumed 8.805697s[0m
[32m
[QUARK-INFO]: Module (/layer3/layer3.5/act1/Relu_output_0)->(/layer3/layer3.5/act2/Relu_output_0) will be optimized by adaround on cpu[0m
[32m
[QUARK-INFO]: adaround iterations=0, lr=0.100000, loss=7.541004 (Recons loss=7.541004, Rounding loss=0.000000)[0m
[32m
[QUARK-INFO]: adaround iterations=100, lr=0.100000, loss=5.080900 (Recons loss=5.080900, Rounding loss=0.000000)[0m
[32m
[QUARK-INFO]: adaround iterations=200, lr=0.100000, loss=13756.750977 (Recons loss=6.137170, Rounding loss=13750.614258)[0m
[32m
[QUARK-INFO]: adaround iterations=300, lr=0.100000, loss=2794.004395 (Recons loss=3.595706, Rounding loss=2790.408691)[0m
[32m
[QUARK-INFO]: adaround iterations=400, lr=0.100000, loss=1257.234741 (Recons loss=5.046715, Rounding loss=1252.187988)[0m
[32m
[QUARK-INFO]: adaround iterations=500, lr=0.100000, loss=482.990814 (Recons loss=5.510133, Rounding loss=477.480682)[0m
[32m
[QUARK-INFO]: adaround iterations=600, lr=0.100000, loss=135.082779 (Recons loss=6.824685, Rounding loss=128.258087)[0m
[32m
[QUARK-INFO]: adaround iterations=700, lr=0.100000, loss=20.641531 (Recons loss=5.540775, Rounding loss=15.100756)[0m
[32m
[QUARK-INFO]: adaround iterations=800, lr=0.100000, loss=4.851558 (Recons loss=4.720844, Rounding loss=0.130714)[0m
[32m
[QUARK-INFO]: adaround iterations=900, lr=0.100000, loss=5.090690 (Recons loss=5.090690, Rounding loss=0.000000)[0m
[32m
[QUARK-INFO]: adaround iterations=999, lr=0.100000, loss=4.781868 (Recons loss=4.781868, Rounding loss=0.000000)[0m
[32m
[QUARK-INFO]: Module (/layer3/layer3.5/act1/Relu_output_0)->(/layer3/layer3.5/act2/Relu_output_0) recons metrics was optimized from 0.018098 to 0.011783 (diff=-0.006315)[0m
[32m
[QUARK-INFO]: Quark_latency_profiler: finetuning layer 41, torch training time consumed 52.431133s[0m

 78%|#######7  | 42/54 [16:36<07:45, 38.78s/it][33m
[QUARK-WARNING]: The custom ops library C:\Users\<user>\miniforge3\envs\resnet_env\Lib\site-packages\quark\onnx\operators\custom_ops\lib\custom_ops.dll does NOT exist.[0m
[33m
[QUARK-WARNING]: The custom ops library C:\Users\<user>\miniforge3\envs\resnet_env\Lib\site-packages\quark\onnx\operators\custom_ops\lib\custom_ops.dll does NOT exist.[0m
[33m
[QUARK-WARNING]: Failed to register custom op library C:\Users\<user>\miniforge3\envs\resnet_env\Lib\site-packages\quark\onnx\operators\custom_ops\lib\custom_ops.dll to ORT with [ONNXRuntimeError] : 1 : FAIL : Error loading "C:\Users\<user>\miniforge3\envs\resnet_env\Lib\site-packages\quark\onnx\operators\custom_ops\lib\custom_ops.dll" which is missing. (Error 126: "The specified module could not be found."),please check if the library has been compiled successfully.[0m
[32m
[QUARK-INFO]: Quark_latency_profiler: finetuning layer 42, onnx inference (quantized model + float model) time consumed 9.243628s[0m
[32m
[QUARK-INFO]: Module (/layer3/layer3.5/act2/Relu_output_0)->(/layer3/layer3.5/conv3/Conv_output_0) will be optimized by adaround on cpu[0m
[32m
[QUARK-INFO]: adaround iterations=0, lr=0.100000, loss=30.904535 (Recons loss=30.904535, Rounding loss=0.000000)[0m
[32m
[QUARK-INFO]: adaround iterations=100, lr=0.100000, loss=32.699913 (Recons loss=32.699913, Rounding loss=0.000000)[0m
[32m
[QUARK-INFO]: adaround iterations=200, lr=0.100000, loss=3900.554932 (Recons loss=35.891441, Rounding loss=3864.663574)[0m
[32m
[QUARK-INFO]: adaround iterations=300, lr=0.100000, loss=1636.496460 (Recons loss=40.443371, Rounding loss=1596.053101)[0m
[32m
[QUARK-INFO]: adaround iterations=400, lr=0.100000, loss=1151.668579 (Recons loss=48.217632, Rounding loss=1103.450928)[0m
[32m
[QUARK-INFO]: adaround iterations=500, lr=0.100000, loss=748.649597 (Recons loss=30.152807, Rounding loss=718.496765)[0m
[32m
[QUARK-INFO]: adaround iterations=600, lr=0.100000, loss=430.981262 (Recons loss=32.191441, Rounding loss=398.789825)[0m
[32m
[QUARK-INFO]: adaround iterations=700, lr=0.100000, loss=165.220398 (Recons loss=46.879326, Rounding loss=118.341064)[0m
[32m
[QUARK-INFO]: adaround iterations=800, lr=0.100000, loss=51.200745 (Recons loss=48.454193, Rounding loss=2.746553)[0m
[32m
[QUARK-INFO]: adaround iterations=900, lr=0.100000, loss=36.288464 (Recons loss=36.288464, Rounding loss=0.000000)[0m
[32m
[QUARK-INFO]: adaround iterations=999, lr=0.100000, loss=35.767635 (Recons loss=35.767635, Rounding loss=0.000000)[0m
[32m
[QUARK-INFO]: Module (/layer3/layer3.5/act2/Relu_output_0)->(/layer3/layer3.5/conv3/Conv_output_0) recons metrics was optimized from 0.045499 to 0.039695 (diff=-0.005804)[0m
[32m
[QUARK-INFO]: Quark_latency_profiler: finetuning layer 42, torch training time consumed 12.230021s[0m

 80%|#######9  | 43/54 [16:58<06:09, 33.59s/it][33m
[QUARK-WARNING]: The custom ops library C:\Users\<user>\miniforge3\envs\resnet_env\Lib\site-packages\quark\onnx\operators\custom_ops\lib\custom_ops.dll does NOT exist.[0m
[33m
[QUARK-WARNING]: The custom ops library C:\Users\<user>\miniforge3\envs\resnet_env\Lib\site-packages\quark\onnx\operators\custom_ops\lib\custom_ops.dll does NOT exist.[0m
[33m
[QUARK-WARNING]: Failed to register custom op library C:\Users\<user>\miniforge3\envs\resnet_env\Lib\site-packages\quark\onnx\operators\custom_ops\lib\custom_ops.dll to ORT with [ONNXRuntimeError] : 1 : FAIL : Error loading "C:\Users\<user>\miniforge3\envs\resnet_env\Lib\site-packages\quark\onnx\operators\custom_ops\lib\custom_ops.dll" which is missing. (Error 126: "The specified module could not be found."),please check if the library has been compiled successfully.[0m
[32m
[QUARK-INFO]: Quark_latency_profiler: finetuning layer 43, onnx inference (quantized model + float model) time consumed 9.662145s[0m
[32m
[QUARK-INFO]: Module (/layer3/layer3.5/act3/Relu_output_0)->(/layer4/layer4.0/act1/Relu_output_0) will be optimized by adaround on cpu[0m
[32m
[QUARK-INFO]: adaround iterations=0, lr=0.100000, loss=7.375768 (Recons loss=7.375768, Rounding loss=0.000000)[0m
[32m
[QUARK-INFO]: adaround iterations=100, lr=0.100000, loss=7.402236 (Recons loss=7.402236, Rounding loss=0.000000)[0m
[32m
[QUARK-INFO]: adaround iterations=200, lr=0.100000, loss=6053.032715 (Recons loss=6.448120, Rounding loss=6046.584473)[0m
[32m
[QUARK-INFO]: adaround iterations=300, lr=0.100000, loss=1293.594971 (Recons loss=7.942390, Rounding loss=1285.652588)[0m
[32m
[QUARK-INFO]: adaround iterations=400, lr=0.100000, loss=565.046326 (Recons loss=5.789034, Rounding loss=559.257263)[0m
[32m
[QUARK-INFO]: adaround iterations=500, lr=0.100000, loss=240.714920 (Recons loss=9.383869, Rounding loss=231.331055)[0m
[32m
[QUARK-INFO]: adaround iterations=600, lr=0.100000, loss=82.532669 (Recons loss=9.647212, Rounding loss=72.885460)[0m
[32m
[QUARK-INFO]: adaround iterations=700, lr=0.100000, loss=14.475222 (Recons loss=6.574974, Rounding loss=7.900248)[0m
[32m
[QUARK-INFO]: adaround iterations=800, lr=0.100000, loss=4.470366 (Recons loss=4.406465, Rounding loss=0.063902)[0m
[32m
[QUARK-INFO]: adaround iterations=900, lr=0.100000, loss=7.227731 (Recons loss=7.227731, Rounding loss=0.000000)[0m
[32m
[QUARK-INFO]: adaround iterations=999, lr=0.100000, loss=5.070135 (Recons loss=5.070135, Rounding loss=0.000000)[0m
[32m
[QUARK-INFO]: Module (/layer3/layer3.5/act3/Relu_output_0)->(/layer4/layer4.0/act1/Relu_output_0) recons metrics was optimized from 0.007578 to 0.005715 (diff=-0.001863)[0m
[32m
[QUARK-INFO]: Quark_latency_profiler: finetuning layer 43, torch training time consumed 23.658370s[0m

 81%|########1 | 44/54 [17:31<05:35, 33.51s/it][33m
[QUARK-WARNING]: The custom ops library C:\Users\<user>\miniforge3\envs\resnet_env\Lib\site-packages\quark\onnx\operators\custom_ops\lib\custom_ops.dll does NOT exist.[0m
[33m
[QUARK-WARNING]: The custom ops library C:\Users\<user>\miniforge3\envs\resnet_env\Lib\site-packages\quark\onnx\operators\custom_ops\lib\custom_ops.dll does NOT exist.[0m
[33m
[QUARK-WARNING]: Failed to register custom op library C:\Users\<user>\miniforge3\envs\resnet_env\Lib\site-packages\quark\onnx\operators\custom_ops\lib\custom_ops.dll to ORT with [ONNXRuntimeError] : 1 : FAIL : Error loading "C:\Users\<user>\miniforge3\envs\resnet_env\Lib\site-packages\quark\onnx\operators\custom_ops\lib\custom_ops.dll" which is missing. (Error 126: "The specified module could not be found."),please check if the library has been compiled successfully.[0m
[32m
[QUARK-INFO]: Quark_latency_profiler: finetuning layer 44, onnx inference (quantized model + float model) time consumed 9.789021s[0m
[32m
[QUARK-INFO]: Module (/layer3/layer3.5/act3/Relu_output_0)->(/layer4/layer4.0/downsample/downsample.0/Conv_output_0) will be optimized by adaround on cpu[0m
[32m
[QUARK-INFO]: adaround iterations=0, lr=0.100000, loss=225.563690 (Recons loss=225.563690, Rounding loss=0.000000)[0m
[32m
[QUARK-INFO]: adaround iterations=100, lr=0.100000, loss=240.684036 (Recons loss=240.684036, Rounding loss=0.000000)[0m
[32m
[QUARK-INFO]: adaround iterations=200, lr=0.100000, loss=12030.588867 (Recons loss=207.984161, Rounding loss=11822.604492)[0m
[32m
[QUARK-INFO]: adaround iterations=300, lr=0.100000, loss=3538.958984 (Recons loss=252.680588, Rounding loss=3286.278320)[0m
[32m
[QUARK-INFO]: adaround iterations=400, lr=0.100000, loss=1898.493286 (Recons loss=208.580551, Rounding loss=1689.912720)[0m
[32m
[QUARK-INFO]: adaround iterations=500, lr=0.100000, loss=881.366211 (Recons loss=190.612625, Rounding loss=690.753601)[0m
[32m
[QUARK-INFO]: adaround iterations=600, lr=0.100000, loss=570.887695 (Recons loss=311.898682, Rounding loss=258.988983)[0m
[32m
[QUARK-INFO]: adaround iterations=700, lr=0.100000, loss=302.373138 (Recons loss=248.300797, Rounding loss=54.072338)[0m
[32m
[QUARK-INFO]: adaround iterations=800, lr=0.100000, loss=305.689545 (Recons loss=303.549561, Rounding loss=2.139990)[0m
[32m
[QUARK-INFO]: adaround iterations=900, lr=0.100000, loss=213.756531 (Recons loss=213.756531, Rounding loss=0.000000)[0m
[32m
[QUARK-INFO]: adaround iterations=999, lr=0.100000, loss=196.709183 (Recons loss=196.709183, Rounding loss=0.000000)[0m
[32m
[QUARK-INFO]: Module (/layer3/layer3.5/act3/Relu_output_0)->(/layer4/layer4.0/downsample/downsample.0/Conv_output_0) recons metrics was optimized from 0.134412 to 0.111719 (diff=-0.022692)[0m
[32m
[QUARK-INFO]: Quark_latency_profiler: finetuning layer 44, torch training time consumed 41.171204s[0m

 83%|########3 | 45/54 [18:22<05:48, 38.75s/it][33m
[QUARK-WARNING]: The custom ops library C:\Users\<user>\miniforge3\envs\resnet_env\Lib\site-packages\quark\onnx\operators\custom_ops\lib\custom_ops.dll does NOT exist.[0m
[33m
[QUARK-WARNING]: The custom ops library C:\Users\<user>\miniforge3\envs\resnet_env\Lib\site-packages\quark\onnx\operators\custom_ops\lib\custom_ops.dll does NOT exist.[0m
[33m
[QUARK-WARNING]: Failed to register custom op library C:\Users\<user>\miniforge3\envs\resnet_env\Lib\site-packages\quark\onnx\operators\custom_ops\lib\custom_ops.dll to ORT with [ONNXRuntimeError] : 1 : FAIL : Error loading "C:\Users\<user>\miniforge3\envs\resnet_env\Lib\site-packages\quark\onnx\operators\custom_ops\lib\custom_ops.dll" which is missing. (Error 126: "The specified module could not be found."),please check if the library has been compiled successfully.[0m
[32m
[QUARK-INFO]: Quark_latency_profiler: finetuning layer 45, onnx inference (quantized model + float model) time consumed 10.486576s[0m
[32m
[QUARK-INFO]: Module (/layer4/layer4.0/act1/Relu_output_0)->(/layer4/layer4.0/act2/Relu_output_0) will be optimized by adaround on cpu[0m
[32m
[QUARK-INFO]: adaround iterations=0, lr=0.100000, loss=11.671393 (Recons loss=11.671393, Rounding loss=0.000000)[0m
[32m
[QUARK-INFO]: adaround iterations=100, lr=0.100000, loss=5.102163 (Recons loss=5.102163, Rounding loss=0.000000)[0m
[32m
[QUARK-INFO]: adaround iterations=200, lr=0.100000, loss=59514.843750 (Recons loss=3.823691, Rounding loss=59511.019531)[0m
[32m
[QUARK-INFO]: adaround iterations=300, lr=0.100000, loss=13864.395508 (Recons loss=3.667957, Rounding loss=13860.727539)[0m
[32m
[QUARK-INFO]: adaround iterations=400, lr=0.100000, loss=7651.367676 (Recons loss=3.483516, Rounding loss=7647.884277)[0m
[32m
[QUARK-INFO]: adaround iterations=500, lr=0.100000, loss=4047.370850 (Recons loss=1.094667, Rounding loss=4046.276123)[0m
[32m
[QUARK-INFO]: adaround iterations=600, lr=0.100000, loss=1824.660278 (Recons loss=3.264862, Rounding loss=1821.395386)[0m
[32m
[QUARK-INFO]: adaround iterations=700, lr=0.100000, loss=471.818542 (Recons loss=2.612168, Rounding loss=469.206360)[0m
[32m
[QUARK-INFO]: adaround iterations=800, lr=0.100000, loss=17.323338 (Recons loss=2.355050, Rounding loss=14.968288)[0m
[32m
[QUARK-INFO]: adaround iterations=900, lr=0.100000, loss=3.964944 (Recons loss=3.964944, Rounding loss=0.000000)[0m
[32m
[QUARK-INFO]: adaround iterations=999, lr=0.100000, loss=2.816763 (Recons loss=2.816763, Rounding loss=0.000000)[0m
[32m
[QUARK-INFO]: Module (/layer4/layer4.0/act1/Relu_output_0)->(/layer4/layer4.0/act2/Relu_output_0) recons metrics was optimized from 0.013851 to 0.003335 (diff=-0.010516)[0m
[32m
[QUARK-INFO]: Quark_latency_profiler: finetuning layer 45, torch training time consumed 186.076651s[0m

 85%|########5 | 46/54 [21:38<11:28, 86.10s/it][33m
[QUARK-WARNING]: The custom ops library C:\Users\<user>\miniforge3\envs\resnet_env\Lib\site-packages\quark\onnx\operators\custom_ops\lib\custom_ops.dll does NOT exist.[0m
[33m
[QUARK-WARNING]: The custom ops library C:\Users\<user>\miniforge3\envs\resnet_env\Lib\site-packages\quark\onnx\operators\custom_ops\lib\custom_ops.dll does NOT exist.[0m
[33m
[QUARK-WARNING]: Failed to register custom op library C:\Users\<user>\miniforge3\envs\resnet_env\Lib\site-packages\quark\onnx\operators\custom_ops\lib\custom_ops.dll to ORT with [ONNXRuntimeError] : 1 : FAIL : Error loading "C:\Users\<user>\miniforge3\envs\resnet_env\Lib\site-packages\quark\onnx\operators\custom_ops\lib\custom_ops.dll" which is missing. (Error 126: "The specified module could not be found."),please check if the library has been compiled successfully.[0m
[32m
[QUARK-INFO]: Quark_latency_profiler: finetuning layer 46, onnx inference (quantized model + float model) time consumed 10.658473s[0m
[32m
[QUARK-INFO]: Module (/layer4/layer4.0/act2/Relu_output_0)->(/layer4/layer4.0/conv3/Conv_output_0) will be optimized by adaround on cpu[0m
[32m
[QUARK-INFO]: adaround iterations=0, lr=0.100000, loss=43.319172 (Recons loss=43.319172, Rounding loss=0.000000)[0m
[32m
[QUARK-INFO]: adaround iterations=100, lr=0.100000, loss=38.178253 (Recons loss=38.178253, Rounding loss=0.000000)[0m
[32m
[QUARK-INFO]: adaround iterations=200, lr=0.100000, loss=14730.610352 (Recons loss=25.127924, Rounding loss=14705.482422)[0m
[32m
[QUARK-INFO]: adaround iterations=300, lr=0.100000, loss=5546.410645 (Recons loss=48.753220, Rounding loss=5497.657227)[0m
[32m
[QUARK-INFO]: adaround iterations=400, lr=0.100000, loss=3508.831055 (Recons loss=41.573093, Rounding loss=3467.258057)[0m
[32m
[QUARK-INFO]: adaround iterations=500, lr=0.100000, loss=2193.762451 (Recons loss=28.825985, Rounding loss=2164.936523)[0m
[32m
[QUARK-INFO]: adaround iterations=600, lr=0.100000, loss=1020.268738 (Recons loss=35.762836, Rounding loss=984.505920)[0m
[32m
[QUARK-INFO]: adaround iterations=700, lr=0.100000, loss=243.401855 (Recons loss=42.712566, Rounding loss=200.689285)[0m
[32m
[QUARK-INFO]: adaround iterations=800, lr=0.100000, loss=31.881338 (Recons loss=26.950409, Rounding loss=4.930930)[0m
[32m
[QUARK-INFO]: adaround iterations=900, lr=0.100000, loss=49.672096 (Recons loss=49.662098, Rounding loss=0.010000)[0m
[32m
[QUARK-INFO]: adaround iterations=999, lr=0.100000, loss=69.805428 (Recons loss=69.805428, Rounding loss=0.000000)[0m
[32m
[QUARK-INFO]: Module (/layer4/layer4.0/act2/Relu_output_0)->(/layer4/layer4.0/conv3/Conv_output_0) recons metrics was optimized from 0.027920 to 0.020417 (diff=-0.007503)[0m
[32m
[QUARK-INFO]: Quark_latency_profiler: finetuning layer 46, torch training time consumed 39.079982s[0m

 87%|########7 | 47/54 [22:28<08:46, 75.20s/it][33m
[QUARK-WARNING]: The custom ops library C:\Users\<user>\miniforge3\envs\resnet_env\Lib\site-packages\quark\onnx\operators\custom_ops\lib\custom_ops.dll does NOT exist.[0m
[33m
[QUARK-WARNING]: The custom ops library C:\Users\<user>\miniforge3\envs\resnet_env\Lib\site-packages\quark\onnx\operators\custom_ops\lib\custom_ops.dll does NOT exist.[0m
[33m
[QUARK-WARNING]: Failed to register custom op library C:\Users\<user>\miniforge3\envs\resnet_env\Lib\site-packages\quark\onnx\operators\custom_ops\lib\custom_ops.dll to ORT with [ONNXRuntimeError] : 1 : FAIL : Error loading "C:\Users\<user>\miniforge3\envs\resnet_env\Lib\site-packages\quark\onnx\operators\custom_ops\lib\custom_ops.dll" which is missing. (Error 126: "The specified module could not be found."),please check if the library has been compiled successfully.[0m
[32m
[QUARK-INFO]: Quark_latency_profiler: finetuning layer 47, onnx inference (quantized model + float model) time consumed 10.686518s[0m
[32m
[QUARK-INFO]: Module (/layer4/layer4.0/act3/Relu_output_0)->(/layer4/layer4.1/act1/Relu_output_0) will be optimized by adaround on cpu[0m
[32m
[QUARK-INFO]: adaround iterations=0, lr=0.100000, loss=5.095628 (Recons loss=5.095628, Rounding loss=0.000000)[0m
[32m
[QUARK-INFO]: adaround iterations=100, lr=0.100000, loss=3.838309 (Recons loss=3.838309, Rounding loss=0.000000)[0m
[32m
[QUARK-INFO]: adaround iterations=200, lr=0.100000, loss=10582.879883 (Recons loss=3.969277, Rounding loss=10578.910156)[0m
[32m
[QUARK-INFO]: adaround iterations=300, lr=0.100000, loss=1648.101318 (Recons loss=3.779024, Rounding loss=1644.322266)[0m
[32m
[QUARK-INFO]: adaround iterations=400, lr=0.100000, loss=631.110229 (Recons loss=3.586265, Rounding loss=627.523987)[0m
[32m
[QUARK-INFO]: adaround iterations=500, lr=0.100000, loss=236.699142 (Recons loss=3.209378, Rounding loss=233.489761)[0m
[32m
[QUARK-INFO]: adaround iterations=600, lr=0.100000, loss=65.301994 (Recons loss=3.098736, Rounding loss=62.203259)[0m
[32m
[QUARK-INFO]: adaround iterations=700, lr=0.100000, loss=13.724764 (Recons loss=3.689814, Rounding loss=10.034949)[0m
[32m
[QUARK-INFO]: adaround iterations=800, lr=0.100000, loss=5.338853 (Recons loss=4.791669, Rounding loss=0.547183)[0m
[32m
[QUARK-INFO]: adaround iterations=900, lr=0.100000, loss=3.749859 (Recons loss=3.749859, Rounding loss=0.000000)[0m
[32m
[QUARK-INFO]: adaround iterations=999, lr=0.100000, loss=3.453083 (Recons loss=3.453083, Rounding loss=0.000000)[0m
[32m
[QUARK-INFO]: Module (/layer4/layer4.0/act3/Relu_output_0)->(/layer4/layer4.1/act1/Relu_output_0) recons metrics was optimized from 0.006305 to 0.004026 (diff=-0.002279)[0m
[32m
[QUARK-INFO]: Quark_latency_profiler: finetuning layer 47, torch training time consumed 39.203800s[0m

 89%|########8 | 48/54 [23:18<06:45, 67.61s/it][33m
[QUARK-WARNING]: The custom ops library C:\Users\<user>\miniforge3\envs\resnet_env\Lib\site-packages\quark\onnx\operators\custom_ops\lib\custom_ops.dll does NOT exist.[0m
[33m
[QUARK-WARNING]: The custom ops library C:\Users\<user>\miniforge3\envs\resnet_env\Lib\site-packages\quark\onnx\operators\custom_ops\lib\custom_ops.dll does NOT exist.[0m
[33m
[QUARK-WARNING]: Failed to register custom op library C:\Users\<user>\miniforge3\envs\resnet_env\Lib\site-packages\quark\onnx\operators\custom_ops\lib\custom_ops.dll to ORT with [ONNXRuntimeError] : 1 : FAIL : Error loading "C:\Users\<user>\miniforge3\envs\resnet_env\Lib\site-packages\quark\onnx\operators\custom_ops\lib\custom_ops.dll" which is missing. (Error 126: "The specified module could not be found."),please check if the library has been compiled successfully.[0m
[32m
[QUARK-INFO]: Quark_latency_profiler: finetuning layer 48, onnx inference (quantized model + float model) time consumed 10.988042s[0m
[32m
[QUARK-INFO]: Module (/layer4/layer4.1/act1/Relu_output_0)->(/layer4/layer4.1/act2/Relu_output_0) will be optimized by adaround on cpu[0m
[32m
[QUARK-INFO]: adaround iterations=0, lr=0.100000, loss=2.439951 (Recons loss=2.439951, Rounding loss=0.000000)[0m
[32m
[QUARK-INFO]: adaround iterations=100, lr=0.100000, loss=1.059698 (Recons loss=1.059698, Rounding loss=0.000000)[0m
[32m
[QUARK-INFO]: adaround iterations=200, lr=0.100000, loss=65404.222656 (Recons loss=0.660134, Rounding loss=65403.562500)[0m
[32m
[QUARK-INFO]: adaround iterations=300, lr=0.100000, loss=16736.761719 (Recons loss=0.570673, Rounding loss=16736.191406)[0m
[32m
[QUARK-INFO]: adaround iterations=400, lr=0.100000, loss=10952.709961 (Recons loss=0.572393, Rounding loss=10952.137695)[0m
[32m
[QUARK-INFO]: adaround iterations=500, lr=0.100000, loss=7086.634277 (Recons loss=0.506039, Rounding loss=7086.128418)[0m
[32m
[QUARK-INFO]: adaround iterations=600, lr=0.100000, loss=4042.482666 (Recons loss=0.429638, Rounding loss=4042.052979)[0m
[32m
[QUARK-INFO]: adaround iterations=700, lr=0.100000, loss=1323.373535 (Recons loss=0.416497, Rounding loss=1322.957031)[0m
[32m
[QUARK-INFO]: adaround iterations=800, lr=0.100000, loss=31.040659 (Recons loss=0.710863, Rounding loss=30.329796)[0m
[32m
[QUARK-INFO]: adaround iterations=900, lr=0.100000, loss=1.232657 (Recons loss=1.232657, Rounding loss=0.000000)[0m
[32m
[QUARK-INFO]: adaround iterations=999, lr=0.100000, loss=0.333925 (Recons loss=0.333925, Rounding loss=0.000000)[0m
[32m
[QUARK-INFO]: Module (/layer4/layer4.1/act1/Relu_output_0)->(/layer4/layer4.1/act2/Relu_output_0) recons metrics was optimized from 0.004237 to 0.000629 (diff=-0.003608)[0m
[32m
[QUARK-INFO]: Quark_latency_profiler: finetuning layer 48, torch training time consumed 180.478484s[0m

 91%|######### | 49/54 [26:30<08:43, 104.78s/it][33m
[QUARK-WARNING]: The custom ops library C:\Users\<user>\miniforge3\envs\resnet_env\Lib\site-packages\quark\onnx\operators\custom_ops\lib\custom_ops.dll does NOT exist.[0m
[33m
[QUARK-WARNING]: The custom ops library C:\Users\<user>\miniforge3\envs\resnet_env\Lib\site-packages\quark\onnx\operators\custom_ops\lib\custom_ops.dll does NOT exist.[0m
[33m
[QUARK-WARNING]: Failed to register custom op library C:\Users\<user>\miniforge3\envs\resnet_env\Lib\site-packages\quark\onnx\operators\custom_ops\lib\custom_ops.dll to ORT with [ONNXRuntimeError] : 1 : FAIL : Error loading "C:\Users\<user>\miniforge3\envs\resnet_env\Lib\site-packages\quark\onnx\operators\custom_ops\lib\custom_ops.dll" which is missing. (Error 126: "The specified module could not be found."),please check if the library has been compiled successfully.[0m
[32m
[QUARK-INFO]: Quark_latency_profiler: finetuning layer 49, onnx inference (quantized model + float model) time consumed 12.081942s[0m
[32m
[QUARK-INFO]: Module (/layer4/layer4.1/act2/Relu_output_0)->(/layer4/layer4.1/conv3/Conv_output_0) will be optimized by adaround on cpu[0m
[32m
[QUARK-INFO]: adaround iterations=0, lr=0.100000, loss=22.994526 (Recons loss=22.994526, Rounding loss=0.000000)[0m
[32m
[QUARK-INFO]: adaround iterations=100, lr=0.100000, loss=16.175613 (Recons loss=16.175613, Rounding loss=0.000000)[0m
[32m
[QUARK-INFO]: adaround iterations=200, lr=0.100000, loss=14719.804688 (Recons loss=23.098806, Rounding loss=14696.706055)[0m
[32m
[QUARK-INFO]: adaround iterations=300, lr=0.100000, loss=5295.881348 (Recons loss=23.654970, Rounding loss=5272.226562)[0m
[32m
[QUARK-INFO]: adaround iterations=400, lr=0.100000, loss=3492.419678 (Recons loss=17.640675, Rounding loss=3474.779053)[0m
[32m
[QUARK-INFO]: adaround iterations=500, lr=0.100000, loss=2264.208496 (Recons loss=24.183380, Rounding loss=2240.025146)[0m
[32m
[QUARK-INFO]: adaround iterations=600, lr=0.100000, loss=1126.747803 (Recons loss=23.015097, Rounding loss=1103.732666)[0m
[32m
[QUARK-INFO]: adaround iterations=700, lr=0.100000, loss=321.017212 (Recons loss=21.439322, Rounding loss=299.577881)[0m
[32m
[QUARK-INFO]: adaround iterations=800, lr=0.100000, loss=31.555504 (Recons loss=20.685158, Rounding loss=10.870345)[0m
[32m
[QUARK-INFO]: adaround iterations=900, lr=0.100000, loss=18.364777 (Recons loss=18.357840, Rounding loss=0.006937)[0m
[32m
[QUARK-INFO]: adaround iterations=999, lr=0.100000, loss=25.001060 (Recons loss=25.001060, Rounding loss=0.000000)[0m
[32m
[QUARK-INFO]: Module (/layer4/layer4.1/act2/Relu_output_0)->(/layer4/layer4.1/conv3/Conv_output_0) recons metrics was optimized from 0.015164 to 0.010112 (diff=-0.005053)[0m
[32m
[QUARK-INFO]: Quark_latency_profiler: finetuning layer 49, torch training time consumed 39.276273s[0m

 93%|#########2| 50/54 [27:21<05:55, 88.75s/it] [33m
[QUARK-WARNING]: The custom ops library C:\Users\<user>\miniforge3\envs\resnet_env\Lib\site-packages\quark\onnx\operators\custom_ops\lib\custom_ops.dll does NOT exist.[0m
[33m
[QUARK-WARNING]: The custom ops library C:\Users\<user>\miniforge3\envs\resnet_env\Lib\site-packages\quark\onnx\operators\custom_ops\lib\custom_ops.dll does NOT exist.[0m
[33m
[QUARK-WARNING]: Failed to register custom op library C:\Users\<user>\miniforge3\envs\resnet_env\Lib\site-packages\quark\onnx\operators\custom_ops\lib\custom_ops.dll to ORT with [ONNXRuntimeError] : 1 : FAIL : Error loading "C:\Users\<user>\miniforge3\envs\resnet_env\Lib\site-packages\quark\onnx\operators\custom_ops\lib\custom_ops.dll" which is missing. (Error 126: "The specified module could not be found."),please check if the library has been compiled successfully.[0m
[32m
[QUARK-INFO]: Quark_latency_profiler: finetuning layer 50, onnx inference (quantized model + float model) time consumed 11.852842s[0m
[32m
[QUARK-INFO]: Module (/layer4/layer4.1/act3/Relu_output_0)->(/layer4/layer4.2/act1/Relu_output_0) will be optimized by adaround on cpu[0m
[32m
[QUARK-INFO]: adaround iterations=0, lr=0.100000, loss=1.906424 (Recons loss=1.906424, Rounding loss=0.000000)[0m
[32m
[QUARK-INFO]: adaround iterations=100, lr=0.100000, loss=1.462370 (Recons loss=1.462370, Rounding loss=0.000000)[0m
[32m
[QUARK-INFO]: adaround iterations=200, lr=0.100000, loss=13128.426758 (Recons loss=1.323309, Rounding loss=13127.103516)[0m
[32m
[QUARK-INFO]: adaround iterations=300, lr=0.100000, loss=2790.835205 (Recons loss=1.513981, Rounding loss=2789.321289)[0m
[32m
[QUARK-INFO]: adaround iterations=400, lr=0.100000, loss=1585.464844 (Recons loss=1.043496, Rounding loss=1584.421387)[0m
[32m
[QUARK-INFO]: adaround iterations=500, lr=0.100000, loss=807.964294 (Recons loss=1.334405, Rounding loss=806.629883)[0m
[32m
[QUARK-INFO]: adaround iterations=600, lr=0.100000, loss=365.294891 (Recons loss=0.895319, Rounding loss=364.399567)[0m
[32m
[QUARK-INFO]: adaround iterations=700, lr=0.100000, loss=96.794968 (Recons loss=1.143720, Rounding loss=95.651245)[0m
[32m
[QUARK-INFO]: adaround iterations=800, lr=0.100000, loss=5.334702 (Recons loss=0.872115, Rounding loss=4.462586)[0m
[32m
[QUARK-INFO]: adaround iterations=900, lr=0.100000, loss=1.023539 (Recons loss=1.023539, Rounding loss=0.000000)[0m
[32m
[QUARK-INFO]: adaround iterations=999, lr=0.100000, loss=1.110614 (Recons loss=1.110614, Rounding loss=0.000000)[0m
[32m
[QUARK-INFO]: Module (/layer4/layer4.1/act3/Relu_output_0)->(/layer4/layer4.2/act1/Relu_output_0) recons metrics was optimized from 0.002677 to 0.001159 (diff=-0.001518)[0m
[32m
[QUARK-INFO]: Quark_latency_profiler: finetuning layer 50, torch training time consumed 38.548630s[0m

 94%|#########4| 51/54 [28:11<03:51, 77.25s/it][33m
[QUARK-WARNING]: The custom ops library C:\Users\<user>\miniforge3\envs\resnet_env\Lib\site-packages\quark\onnx\operators\custom_ops\lib\custom_ops.dll does NOT exist.[0m
[33m
[QUARK-WARNING]: The custom ops library C:\Users\<user>\miniforge3\envs\resnet_env\Lib\site-packages\quark\onnx\operators\custom_ops\lib\custom_ops.dll does NOT exist.[0m
[33m
[QUARK-WARNING]: Failed to register custom op library C:\Users\<user>\miniforge3\envs\resnet_env\Lib\site-packages\quark\onnx\operators\custom_ops\lib\custom_ops.dll to ORT with [ONNXRuntimeError] : 1 : FAIL : Error loading "C:\Users\<user>\miniforge3\envs\resnet_env\Lib\site-packages\quark\onnx\operators\custom_ops\lib\custom_ops.dll" which is missing. (Error 126: "The specified module could not be found."),please check if the library has been compiled successfully.[0m
[32m
[QUARK-INFO]: Quark_latency_profiler: finetuning layer 51, onnx inference (quantized model + float model) time consumed 12.537587s[0m
[32m
[QUARK-INFO]: Module (/layer4/layer4.2/act1/Relu_output_0)->(/layer4/layer4.2/act2/Relu_output_0) will be optimized by adaround on cpu[0m
[32m
[QUARK-INFO]: adaround iterations=0, lr=0.100000, loss=9.489935 (Recons loss=9.489935, Rounding loss=0.000000)[0m
[32m
[QUARK-INFO]: adaround iterations=100, lr=0.100000, loss=5.859977 (Recons loss=5.859977, Rounding loss=0.000000)[0m
[32m
[QUARK-INFO]: adaround iterations=200, lr=0.100000, loss=66955.031250 (Recons loss=1.787583, Rounding loss=66953.242188)[0m
[32m
[QUARK-INFO]: adaround iterations=300, lr=0.100000, loss=17646.656250 (Recons loss=0.637909, Rounding loss=17646.017578)[0m
[32m
[QUARK-INFO]: adaround iterations=400, lr=0.100000, loss=11817.929688 (Recons loss=0.549940, Rounding loss=11817.379883)[0m
[32m
[QUARK-INFO]: adaround iterations=500, lr=0.100000, loss=7743.924316 (Recons loss=1.171822, Rounding loss=7742.752441)[0m
[32m
[QUARK-INFO]: adaround iterations=600, lr=0.100000, loss=4474.756836 (Recons loss=0.792531, Rounding loss=4473.964355)[0m
[32m
[QUARK-INFO]: adaround iterations=700, lr=0.100000, loss=1487.777832 (Recons loss=0.723479, Rounding loss=1487.054321)[0m
[32m
[QUARK-INFO]: adaround iterations=800, lr=0.100000, loss=65.564186 (Recons loss=0.655361, Rounding loss=64.908821)[0m
[32m
[QUARK-INFO]: adaround iterations=900, lr=0.100000, loss=0.692271 (Recons loss=0.692271, Rounding loss=0.000000)[0m
[32m
[QUARK-INFO]: adaround iterations=999, lr=0.100000, loss=0.565426 (Recons loss=0.565426, Rounding loss=0.000000)[0m
[32m
[QUARK-INFO]: Module (/layer4/layer4.2/act1/Relu_output_0)->(/layer4/layer4.2/act2/Relu_output_0) recons metrics was optimized from 0.006420 to 0.001659 (diff=-0.004761)[0m
[32m
[QUARK-INFO]: Quark_latency_profiler: finetuning layer 51, torch training time consumed 178.967751s[0m

 96%|#########6| 52/54 [31:23<03:43, 111.54s/it][33m
[QUARK-WARNING]: The custom ops library C:\Users\<user>\miniforge3\envs\resnet_env\Lib\site-packages\quark\onnx\operators\custom_ops\lib\custom_ops.dll does NOT exist.[0m
[33m
[QUARK-WARNING]: The custom ops library C:\Users\<user>\miniforge3\envs\resnet_env\Lib\site-packages\quark\onnx\operators\custom_ops\lib\custom_ops.dll does NOT exist.[0m
[33m
[QUARK-WARNING]: Failed to register custom op library C:\Users\<user>\miniforge3\envs\resnet_env\Lib\site-packages\quark\onnx\operators\custom_ops\lib\custom_ops.dll to ORT with [ONNXRuntimeError] : 1 : FAIL : Error loading "C:\Users\<user>\miniforge3\envs\resnet_env\Lib\site-packages\quark\onnx\operators\custom_ops\lib\custom_ops.dll" which is missing. (Error 126: "The specified module could not be found."),please check if the library has been compiled successfully.[0m
[32m
[QUARK-INFO]: Quark_latency_profiler: finetuning layer 52, onnx inference (quantized model + float model) time consumed 12.804030s[0m
[32m
[QUARK-INFO]: Module (/layer4/layer4.2/act2/Relu_output_0)->(/layer4/layer4.2/conv3/Conv_output_0) will be optimized by adaround on cpu[0m
[32m
[QUARK-INFO]: adaround iterations=0, lr=0.100000, loss=15.572536 (Recons loss=15.572536, Rounding loss=0.000000)[0m
[32m
[QUARK-INFO]: adaround iterations=100, lr=0.100000, loss=17.202066 (Recons loss=17.202066, Rounding loss=0.000000)[0m
[32m
[QUARK-INFO]: adaround iterations=200, lr=0.100000, loss=12562.802734 (Recons loss=26.676245, Rounding loss=12536.126953)[0m
[32m
[QUARK-INFO]: adaround iterations=300, lr=0.100000, loss=3355.530518 (Recons loss=11.715527, Rounding loss=3343.814941)[0m
[32m
[QUARK-INFO]: adaround iterations=400, lr=0.100000, loss=1937.168091 (Recons loss=11.621864, Rounding loss=1925.546265)[0m
[32m
[QUARK-INFO]: adaround iterations=500, lr=0.100000, loss=1051.700073 (Recons loss=7.855626, Rounding loss=1043.844482)[0m
[32m
[QUARK-INFO]: adaround iterations=600, lr=0.100000, loss=436.092224 (Recons loss=9.011934, Rounding loss=427.080292)[0m
[32m
[QUARK-INFO]: adaround iterations=700, lr=0.100000, loss=104.106476 (Recons loss=10.316020, Rounding loss=93.790459)[0m
[32m
[QUARK-INFO]: adaround iterations=800, lr=0.100000, loss=51.210411 (Recons loss=47.238411, Rounding loss=3.971998)[0m
[32m
[QUARK-INFO]: adaround iterations=900, lr=0.100000, loss=12.505018 (Recons loss=12.505018, Rounding loss=0.000000)[0m
[32m
[QUARK-INFO]: adaround iterations=999, lr=0.100000, loss=10.598063 (Recons loss=10.598063, Rounding loss=0.000000)[0m
[32m
[QUARK-INFO]: Module (/layer4/layer4.2/act2/Relu_output_0)->(/layer4/layer4.2/conv3/Conv_output_0) recons metrics was optimized from 0.024418 to 0.015342 (diff=-0.009076)[0m
[32m
[QUARK-INFO]: Quark_latency_profiler: finetuning layer 52, torch training time consumed 38.219423s[0m

 98%|#########8| 53/54 [32:14<01:33, 93.39s/it] [33m
[QUARK-WARNING]: The custom ops library C:\Users\<user>\miniforge3\envs\resnet_env\Lib\site-packages\quark\onnx\operators\custom_ops\lib\custom_ops.dll does NOT exist.[0m
[33m
[QUARK-WARNING]: The custom ops library C:\Users\<user>\miniforge3\envs\resnet_env\Lib\site-packages\quark\onnx\operators\custom_ops\lib\custom_ops.dll does NOT exist.[0m
[33m
[QUARK-WARNING]: Failed to register custom op library C:\Users\<user>\miniforge3\envs\resnet_env\Lib\site-packages\quark\onnx\operators\custom_ops\lib\custom_ops.dll to ORT with [ONNXRuntimeError] : 1 : FAIL : Error loading "C:\Users\<user>\miniforge3\envs\resnet_env\Lib\site-packages\quark\onnx\operators\custom_ops\lib\custom_ops.dll" which is missing. (Error 126: "The specified module could not be found."),please check if the library has been compiled successfully.[0m
[32m
[QUARK-INFO]: Quark_latency_profiler: finetuning layer 53, onnx inference (quantized model + float model) time consumed 12.407648s[0m
[32m
[QUARK-INFO]: Module (/global_pool/flatten/Flatten_output_0)->(output_QuantizeLinear_Input) will be optimized by adaround on cpu[0m
[32m
[QUARK-INFO]: adaround iterations=0, lr=0.100000, loss=11.846244 (Recons loss=11.846244, Rounding loss=0.000000)[0m
[32m
[QUARK-INFO]: adaround iterations=100, lr=0.100000, loss=4.579315 (Recons loss=4.579315, Rounding loss=0.000000)[0m
[32m
[QUARK-INFO]: adaround iterations=200, lr=0.100000, loss=11642.560547 (Recons loss=3.969814, Rounding loss=11638.590820)[0m
[32m
[QUARK-INFO]: adaround iterations=300, lr=0.100000, loss=2656.144775 (Recons loss=2.569942, Rounding loss=2653.574951)[0m
[32m
[QUARK-INFO]: adaround iterations=400, lr=0.100000, loss=1308.022583 (Recons loss=1.717207, Rounding loss=1306.305420)[0m
[32m
[QUARK-INFO]: adaround iterations=500, lr=0.100000, loss=557.624329 (Recons loss=2.823177, Rounding loss=554.801147)[0m
[32m
[QUARK-INFO]: adaround iterations=600, lr=0.100000, loss=221.867050 (Recons loss=2.966300, Rounding loss=218.900757)[0m
[32m
[QUARK-INFO]: adaround iterations=700, lr=0.100000, loss=46.027039 (Recons loss=1.968837, Rounding loss=44.058201)[0m
[32m
[QUARK-INFO]: adaround iterations=800, lr=0.100000, loss=3.460231 (Recons loss=1.818153, Rounding loss=1.642079)[0m
[32m
[QUARK-INFO]: adaround iterations=900, lr=0.100000, loss=2.798816 (Recons loss=2.798816, Rounding loss=0.000000)[0m
[32m
[QUARK-INFO]: adaround iterations=999, lr=0.100000, loss=2.833888 (Recons loss=2.833888, Rounding loss=0.000000)[0m
[32m
[QUARK-INFO]: Module (/global_pool/flatten/Flatten_output_0)->(output_QuantizeLinear_Input) recons metrics was optimized from 0.014179 to 0.002235 (diff=-0.011945)[0m
[32m
[QUARK-INFO]: Quark_latency_profiler: finetuning layer 53, torch training time consumed 32.955024s[0m

100%|##########| 54/54 [32:59<00:00, 78.99s/it]
100%|##########| 54/54 [32:59<00:00, 36.66s/it]
[32m
[QUARK-INFO]: ONNX inference costs 337.6s and Torch training costs 1641.8s[0m
[32m
[QUARK-INFO]: The FastFinetune algorithm has been applied. It took 2018.0s to complete.[0m
[32m
[QUARK-INFO]: Quark_latency_profiler: e2e quantization time consumed:2177.818567[0m
[32m
[QUARK-INFO]: The operation types and their corresponding quantities of the input float model is shown in the table below.[0m
+-----------------------------------------------------------------+
| Op Type              | Float Model                              |
|----------------------+------------------------------------------|
| Conv                 | 53                                       |
| Relu                 | 49                                       |
| MaxPool              | 1                                        |
| Add                  | 16                                       |
| GlobalAveragePool    | 1                                        |
| Flatten              | 1                                        |
| Gemm                 | 1                                        |
|----------------------+------------------------------------------|
| Quantized model path | models/wide_resnet50_2_adaround_c64.onnx |
+-----------------------------------------------------------------+
[32m
[QUARK-INFO]: The quantized information for all operation types is shown in the table below.[0m
[32m
[QUARK-INFO]: The discrepancy between the operation types in the quantized model and the float model is due to the application of graph optimization.[0m
+------------------------------------------------------+
| Op Type           | Activation | Weights  | Bias     |
|-------------------+------------+----------+----------|
| Conv              | UINT8(53)  | INT8(53) | INT8(53) |
| MaxPool           | UINT8(1)   |          |          |
| Add               | UINT8(16)  |          |          |
| GlobalAveragePool | UINT8(1)   |          |          |
| Flatten           | UINT8(1)   |          |          |
| Gemm              | UINT8(1)   | INT8(1)  | INT8(1)  |
+------------------------------------------------------+

Wrote models/wide_resnet50_2_adaround_c64.onnx
