2026-09-08 23:35:36.4766155 [I:onnxruntime:, inference_session.cc:606 onnxruntime::InferenceSession::TraceSessionOptions] Session Options {  execution_mode:0 execution_order:DEFAULT enable_profiling:0 optimized_model_filepath: enable_mem_pattern:1 enable_mem_reuse:1 enable_cpu_mem_arena:1 profile_file_prefix:onnxruntime_profile_ session_logid: session_log_severity_level:1 session_log_verbosity_level:0 max_num_graph_transformation_steps:10 graph_optimization_level:4 intra_op_param:OrtThreadPoolParams { thread_pool_size: 0 auto_set_affinity: 0 allow_spinning: 1 dynamic_block_base_: 0 stack_size: 0 affinity_str:  set_denormal_as_zero: 0 } inter_op_param:OrtThreadPoolParams { thread_pool_size: 0 auto_set_affinity: 0 allow_spinning: 1 dynamic_block_base_: 0 stack_size: 0 affinity_str:  set_denormal_as_zero: 0 } use_per_session_threads:1 thread_pool_allow_spinning:1 use_deterministic_compute:0 ep_selection_policy:0 config_options: {  } }
2026-09-08 23:35:36.4779622 [I:onnxruntime:, inference_session.cc:414 onnxruntime::InferenceSession::ConstructorCommon::<lambda_cd5baf9f006fce338b072dac99354b33>::operator ()] Flush-to-zero and denormal-as-zero are off
2026-09-08 23:35:36.4786283 [I:onnxruntime:, inference_session.cc:422 onnxruntime::InferenceSession::ConstructorCommon] Creating and using per session threadpools since use_per_session_threads_ is true
2026-09-08 23:35:36.4799766 [I:onnxruntime:, inference_session.cc:446 onnxruntime::InferenceSession::ConstructorCommon] Dynamic block base set to 0
2026-09-08 23:35:36.8766941 [I:onnxruntime:, inference_session.cc:2042 onnxruntime::InferenceSession::Initialize] Initializing session.
2026-09-08 23:35:36.8768491 [I:onnxruntime:, inference_session.cc:2080 onnxruntime::InferenceSession::Initialize] Adding default CPU execution provider.
2026-09-08 23:35:36.8895162 [I:onnxruntime:, graph_partitioner.cc:1209 onnxruntime::GraphPartitioner::InlineFunctionsAOT] This model does not have any local functions defined. AOT Inlining is not performed
2026-09-08 23:35:36.8912663 [I:onnxruntime:, graph_transformer.cc:15 onnxruntime::GraphTransformer::Apply] GraphTransformer EnsureUniqueDQForNodeUnit modified: 1 with status: OK
2026-09-08 23:35:36.9034167 [I:onnxruntime:, graph_transformer.cc:15 onnxruntime::GraphTransformer::Apply] GraphTransformer Level1_RuleBasedTransformer modified: 0 with status: OK
2026-09-08 23:35:36.9045933 [I:onnxruntime:, graph_transformer.cc:15 onnxruntime::GraphTransformer::Apply] GraphTransformer DoubleQDQPairsRemover modified: 0 with status: OK
2026-09-08 23:35:36.9088401 [I:onnxruntime:, constant_sharing.cc:248 onnxruntime::ConstantSharing::ApplyImpl] Total shared scalar initializer count: 427
2026-09-08 23:35:36.9091708 [I:onnxruntime:, graph_transformer.cc:15 onnxruntime::GraphTransformer::Apply] GraphTransformer ConstantSharing modified: 1 with status: OK
2026-09-08 23:35:36.9223642 [I:onnxruntime:, graph_transformer.cc:15 onnxruntime::GraphTransformer::Apply] GraphTransformer CommonSubexpressionElimination modified: 0 with status: OK
2026-09-08 23:35:36.9246455 [I:onnxruntime:, graph_transformer.cc:15 onnxruntime::GraphTransformer::Apply] GraphTransformer ConstantFolding modified: 0 with status: OK
2026-09-08 23:35:36.9259274 [I:onnxruntime:, graph_transformer.cc:15 onnxruntime::GraphTransformer::Apply] GraphTransformer MatMulAddFusion modified: 0 with status: OK
2026-09-08 23:35:36.9263340 [I:onnxruntime:, graph_transformer.cc:15 onnxruntime::GraphTransformer::Apply] GraphTransformer ReshapeFusion modified: 0 with status: OK
2026-09-08 23:35:36.9264982 [I:onnxruntime:, graph_transformer.cc:15 onnxruntime::GraphTransformer::Apply] GraphTransformer FreeDimensionOverrideTransformer modified: 0 with status: OK
2026-09-08 23:35:36.9266859 [I:onnxruntime:, graph_transformer.cc:15 onnxruntime::GraphTransformer::Apply] GraphTransformer GeluFusionL1 modified: 0 with status: OK
2026-09-08 23:35:36.9270655 [I:onnxruntime:, graph_transformer.cc:15 onnxruntime::GraphTransformer::Apply] GraphTransformer LayerNormFusionL1 modified: 0 with status: OK
2026-09-08 23:35:36.9282737 [I:onnxruntime:, graph_transformer.cc:15 onnxruntime::GraphTransformer::Apply] GraphTransformer QDQPropagationTransformer modified: 0 with status: OK
2026-09-08 23:35:36.9297645 [I:onnxruntime:, graph_transformer.cc:15 onnxruntime::GraphTransformer::Apply] GraphTransformer WeightBiasQuantization modified: 0 with status: OK
2026-09-08 23:35:36.9306896 [I:onnxruntime:, graph_transformer.cc:15 onnxruntime::GraphTransformer::Apply] GraphTransformer EnsureUniqueDQForNodeUnit modified: 0 with status: OK
2026-09-08 23:35:36.9312565 [I:onnxruntime:, graph_transformer.cc:15 onnxruntime::GraphTransformer::Apply] GraphTransformer RocmBlasAltImpl modified: 0 with status: OK
2026-09-08 23:35:36.9343390 [I:onnxruntime:, graph_transformer.cc:15 onnxruntime::GraphTransformer::Apply] GraphTransformer TransposeOptimizer modified: 0 with status: OK
2026-09-08 23:35:36.9349562 [I:onnxruntime:, graph_transformer.cc:15 onnxruntime::GraphTransformer::Apply] GraphTransformer Level1_RuleBasedTransformer modified: 0 with status: OK
2026-09-08 23:35:36.9358101 [I:onnxruntime:, graph_transformer.cc:15 onnxruntime::GraphTransformer::Apply] GraphTransformer DoubleQDQPairsRemover modified: 0 with status: OK
2026-09-08 23:35:36.9374966 [I:onnxruntime:, graph_transformer.cc:15 onnxruntime::GraphTransformer::Apply] GraphTransformer CommonSubexpressionElimination modified: 0 with status: OK
2026-09-08 23:35:36.9384004 [I:onnxruntime:, graph_transformer.cc:15 onnxruntime::GraphTransformer::Apply] GraphTransformer ConstantFolding modified: 0 with status: OK
2026-09-08 23:35:36.9388396 [I:onnxruntime:, graph_transformer.cc:15 onnxruntime::GraphTransformer::Apply] GraphTransformer MatMulAddFusion modified: 0 with status: OK
2026-09-08 23:35:36.9392598 [I:onnxruntime:, graph_transformer.cc:15 onnxruntime::GraphTransformer::Apply] GraphTransformer ReshapeFusion modified: 0 with status: OK
2026-09-08 23:35:36.9394314 [I:onnxruntime:, graph_transformer.cc:15 onnxruntime::GraphTransformer::Apply] GraphTransformer FreeDimensionOverrideTransformer modified: 0 with status: OK
2026-09-08 23:35:36.9396237 [I:onnxruntime:, graph_transformer.cc:15 onnxruntime::GraphTransformer::Apply] GraphTransformer GeluFusionL1 modified: 0 with status: OK
2026-09-08 23:35:36.9400922 [I:onnxruntime:, graph_transformer.cc:15 onnxruntime::GraphTransformer::Apply] GraphTransformer LayerNormFusionL1 modified: 0 with status: OK
2026-09-08 23:35:36.9414293 [I:onnxruntime:, graph_transformer.cc:15 onnxruntime::GraphTransformer::Apply] GraphTransformer QDQPropagationTransformer modified: 0 with status: OK
2026-09-08 23:35:36.9419879 [I:onnxruntime:, graph_transformer.cc:15 onnxruntime::GraphTransformer::Apply] GraphTransformer WeightBiasQuantization modified: 0 with status: OK
2026-09-08 23:35:36.9426683 [I:onnxruntime:, graph_transformer.cc:15 onnxruntime::GraphTransformer::Apply] GraphTransformer EnsureUniqueDQForNodeUnit modified: 0 with status: OK
2026-09-08 23:35:36.9430038 [I:onnxruntime:, graph_transformer.cc:15 onnxruntime::GraphTransformer::Apply] GraphTransformer RocmBlasAltImpl modified: 0 with status: OK
2026-09-08 23:35:59.8438514 [I:onnxruntime:, graph.cc:4888 onnxruntime::Graph::CleanUnusedInitializersAndNodeArgs] Removing initializer '/model.10/Constant_output_0'. It is no longer used by any node.
2026-09-08 23:35:59.8440683 [I:onnxruntime:, graph.cc:4888 onnxruntime::Graph::CleanUnusedInitializersAndNodeArgs] Removing initializer 'model.16.conv.bias_quantized'. It is no longer used by any node.
2026-09-08 23:35:59.8442655 [I:onnxruntime:, graph.cc:4888 onnxruntime::Graph::CleanUnusedInitializersAndNodeArgs] Removing initializer '/model.4/m.1/cv1/conv/Conv_output_0_zero_point'. It is no longer used by any node.
2026-09-08 23:35:59.8444827 [I:onnxruntime:, graph.cc:4888 onnxruntime::Graph::CleanUnusedInitializersAndNodeArgs] Removing initializer 'model.15.cv1.conv.weight_zero_point'. It is no longer used by any node.
2026-09-08 23:35:59.8446809 [I:onnxruntime:, graph.cc:4888 onnxruntime::Graph::CleanUnusedInitializersAndNodeArgs] Removing initializer 'model.0.conv.weight_quantized'. It is no longer used by any node.
2026-09-08 23:35:59.8449238 [I:onnxruntime:, graph.cc:4888 onnxruntime::Graph::CleanUnusedInitializersAndNodeArgs] Removing initializer '/model.2/cv2/conv/Conv_output_0_zero_point'. It is no longer used by any node.
2026-09-08 23:35:59.8451297 [I:onnxruntime:, graph.cc:4888 onnxruntime::Graph::CleanUnusedInitializersAndNodeArgs] Removing initializer '/model.12/Constant_output_0'. It is no longer used by any node.
2026-09-08 23:35:59.8453271 [I:onnxruntime:, graph.cc:4888 onnxruntime::Graph::CleanUnusedInitializersAndNodeArgs] Removing initializer 'model.4.m.1.cv1.conv.bias_scale'. It is no longer used by any node.
2026-09-08 23:35:59.8455140 [I:onnxruntime:, graph.cc:4888 onnxruntime::Graph::CleanUnusedInitializersAndNodeArgs] Removing initializer 'model.22.cv3.2.1.conv.bias_zero_point'. It is no longer used by any node.
2026-09-08 23:35:59.8457116 [I:onnxruntime:, graph.cc:4888 onnxruntime::Graph::CleanUnusedInitializersAndNodeArgs] Removing initializer 'model.4.m.0.cv2.conv.weight_quantized'. It is no longer used by any node.
2026-09-08 23:35:59.8459331 [I:onnxruntime:, graph.cc:4888 onnxruntime::Graph::CleanUnusedInitializersAndNodeArgs] Removing initializer '/model.21/Slice_1_output_0_zero_point'. It is no longer used by any node.
2026-09-08 23:35:59.8461336 [I:onnxruntime:, graph.cc:4888 onnxruntime::Graph::CleanUnusedInitializersAndNodeArgs] Removing initializer '/model.12/Constant_1_output_0'. It is no longer used by any node.
2026-09-08 23:35:59.8463332 [I:onnxruntime:, graph.cc:4888 onnxruntime::Graph::CleanUnusedInitializersAndNodeArgs] Removing initializer '/model.12/Mul_1_output_0'. It is no longer used by any node.
2026-09-08 23:35:59.8465163 [I:onnxruntime:, graph.cc:4888 onnxruntime::Graph::CleanUnusedInitializersAndNodeArgs] Removing initializer '/model.12/Mul_output_0'. It is no longer used by any node.
2026-09-08 23:35:59.8466949 [I:onnxruntime:, graph.cc:4888 onnxruntime::Graph::CleanUnusedInitializersAndNodeArgs] Removing initializer '/model.15/m.0/cv1/act/Sigmoid_output_0_zero_point'. It is no longer used by any node.
2026-09-08 23:35:59.8469081 [I:onnxruntime:, graph.cc:4888 onnxruntime::Graph::CleanUnusedInitializersAndNodeArgs] Removing initializer '/model.2/m.0/cv1/act/Mul_output_0_zero_point'. It is no longer used by any node.
2026-09-08 23:35:59.8471085 [I:onnxruntime:, graph.cc:4888 onnxruntime::Graph::CleanUnusedInitializersAndNodeArgs] Removing initializer '/model.12/cv2/act/Mul_output_0_zero_point'. It is no longer used by any node.
2026-09-08 23:35:59.8473527 [I:onnxruntime:, graph.cc:4888 onnxruntime::Graph::CleanUnusedInitializersAndNodeArgs] Removing initializer '/model.15/cv2/act/Sigmoid_output_0_Scale'. It is no longer used by any node.
2026-09-08 23:35:59.8475519 [I:onnxruntime:, graph.cc:4888 onnxruntime::Graph::CleanUnusedInitializersAndNodeArgs] Removing initializer 'model.6.cv1.conv.weight_scale'. It is no longer used by any node.
2026-09-08 23:35:59.8477355 [I:onnxruntime:, graph.cc:4888 onnxruntime::Graph::CleanUnusedInitializersAndNodeArgs] Removing initializer 'model.2.m.0.cv1.conv.weight_quantized'. It is no longer used by any node.
2026-09-08 23:35:59.8479368 [I:onnxruntime:, graph.cc:4888 onnxruntime::Graph::CleanUnusedInitializersAndNodeArgs] Removing initializer '/model.12/cv2/conv/Conv_output_0_zero_point'. It is no longer used by any node.
2026-09-08 23:35:59.8481429 [I:onnxruntime:, graph.cc:4888 onnxruntime::Graph::CleanUnusedInitializersAndNodeArgs] Removing initializer '/model.1/act/Mul_output_0_zero_point'. It is no longer used by any node.
2026-09-08 23:35:59.8483504 [I:onnxruntime:, graph.cc:4888 onnxruntime::Graph::CleanUnusedInitializersAndNodeArgs] Removing initializer '/model.2/m.0/cv1/conv/Conv_output_0_zero_point'. It is no longer used by any node.
2026-09-08 23:35:59.8485520 [I:onnxruntime:, graph.cc:4888 onnxruntime::Graph::CleanUnusedInitializersAndNodeArgs] Removing initializer 'model.0.conv.bias_zero_point'. It is no longer used by any node.
2026-09-08 23:35:59.8487344 [I:onnxruntime:, graph.cc:4888 onnxruntime::Graph::CleanUnusedInitializersAndNodeArgs] Removing initializer '/model.2/cv1/act/Sigmoid_output_0_zero_point'. It is no longer used by any node.
2026-09-08 23:35:59.8489333 [I:onnxruntime:, graph.cc:4888 onnxruntime::Graph::CleanUnusedInitializersAndNodeArgs] Removing initializer 'model.22.cv2.0.1.conv.bias_zero_point'. It is no longer used by any node.
2026-09-08 23:35:59.8491349 [I:onnxruntime:, graph.cc:4888 onnxruntime::Graph::CleanUnusedInitializersAndNodeArgs] Removing initializer 'model.6.m.1.cv1.conv.bias_zero_point'. It is no longer used by any node.
2026-09-08 23:35:59.8493588 [I:onnxruntime:, graph.cc:4888 onnxruntime::Graph::CleanUnusedInitializersAndNodeArgs] Removing initializer '/model.15/Mul_output_0'. It is no longer used by any node.
2026-09-08 23:35:59.8495567 [I:onnxruntime:, graph.cc:4888 onnxruntime::Graph::CleanUnusedInitializersAndNodeArgs] Removing initializer '/model.21/Mul_1_output_0'. It is no longer used by any node.
2026-09-08 23:35:59.8497467 [I:onnxruntime:, graph.cc:4888 onnxruntime::Graph::CleanUnusedInitializersAndNodeArgs] Removing initializer 'model.2.m.0.cv1.conv.bias_zero_point'. It is no longer used by any node.
2026-09-08 23:35:59.8499423 [I:onnxruntime:, graph.cc:4888 onnxruntime::Graph::CleanUnusedInitializersAndNodeArgs] Removing initializer '/model.12/Slice_output_0_zero_point'. It is no longer used by any node.
2026-09-08 23:35:59.8501357 [I:onnxruntime:, graph.cc:4888 onnxruntime::Graph::CleanUnusedInitializersAndNodeArgs] Removing initializer '/model.0/conv/Conv_output_0_zero_point'. It is no longer used by any node.
2026-09-08 23:35:59.8503254 [I:onnxruntime:, graph.cc:4888 onnxruntime::Graph::CleanUnusedInitializersAndNodeArgs] Removing initializer 'model.0.conv.weight_zero_point'. It is no longer used by any node.
2026-09-08 23:35:59.8505106 [I:onnxruntime:, graph.cc:4888 onnxruntime::Graph::CleanUnusedInitializersAndNodeArgs] Removing initializer '/model.15/cv2/act/Mul_output_0_zero_point'. It is no longer used by any node.
2026-09-08 23:35:59.8507040 [I:onnxruntime:, graph.cc:4888 onnxruntime::Graph::CleanUnusedInitializersAndNodeArgs] Removing initializer 'model.1.conv.bias_quantized'. It is no longer used by any node.
2026-09-08 23:35:59.8508903 [I:onnxruntime:, graph.cc:4888 onnxruntime::Graph::CleanUnusedInitializersAndNodeArgs] Removing initializer 'model.22.cv2.0.0.conv.bias_quantized'. It is no longer used by any node.
2026-09-08 23:35:59.8510828 [I:onnxruntime:, graph.cc:4888 onnxruntime::Graph::CleanUnusedInitializersAndNodeArgs] Removing initializer 'model.21.cv2.conv.bias_zero_point'. It is no longer used by any node.
2026-09-08 23:35:59.8512705 [I:onnxruntime:, graph.cc:4888 onnxruntime::Graph::CleanUnusedInitializersAndNodeArgs] Removing initializer 'model.22.cv2.1.1.conv.weight_zero_point'. It is no longer used by any node.
2026-09-08 23:35:59.8514644 [I:onnxruntime:, graph.cc:4888 onnxruntime::Graph::CleanUnusedInitializersAndNodeArgs] Removing initializer 'model.0.conv.bias_quantized'. It is no longer used by any node.
2026-09-08 23:35:59.8516450 [I:onnxruntime:, graph.cc:4888 onnxruntime::Graph::CleanUnusedInitializersAndNodeArgs] Removing initializer '/model.2/Split_output_1_zero_point'. It is no longer used by any node.
2026-09-08 23:35:59.8518339 [I:onnxruntime:, graph.cc:4888 onnxruntime::Graph::CleanUnusedInitializersAndNodeArgs] Removing initializer 'model.4.cv1.conv.weight_quantized'. It is no longer used by any node.
2026-09-08 23:35:59.8520214 [I:onnxruntime:, graph.cc:4888 onnxruntime::Graph::CleanUnusedInitializersAndNodeArgs] Removing initializer '/model.0/act/Sigmoid_output_0_zero_point'. It is no longer used by any node.
2026-09-08 23:35:59.8522143 [I:onnxruntime:, graph.cc:4888 onnxruntime::Graph::CleanUnusedInitializersAndNodeArgs] Removing initializer 'model.2.m.0.cv1.conv.weight_zero_point'. It is no longer used by any node.
2026-09-08 23:35:59.8524064 [I:onnxruntime:, graph.cc:4888 onnxruntime::Graph::CleanUnusedInitializersAndNodeArgs] Removing initializer 'model.6.cv1.conv.bias_quantized'. It is no longer used by any node.
2026-09-08 23:35:59.8525910 [I:onnxruntime:, graph.cc:4888 onnxruntime::Graph::CleanUnusedInitializersAndNodeArgs] Removing initializer '/model.7/conv/Conv_output_0_zero_point'. It is no longer used by any node.
2026-09-08 23:35:59.8527898 [I:onnxruntime:, graph.cc:4888 onnxruntime::Graph::CleanUnusedInitializersAndNodeArgs] Removing initializer 'model.22.cv2.1.0.conv.weight_quantized'. It is no longer used by any node.
2026-09-08 23:35:59.8529950 [I:onnxruntime:, graph.cc:4888 onnxruntime::Graph::CleanUnusedInitializersAndNodeArgs] Removing initializer '/model.9/Concat_output_0_zero_point'. It is no longer used by any node.
2026-09-08 23:35:59.8531855 [I:onnxruntime:, graph.cc:4888 onnxruntime::Graph::CleanUnusedInitializersAndNodeArgs] Removing initializer '/model.0/act/Mul_output_0_zero_point'. It is no longer used by any node.
2026-09-08 23:35:59.8533788 [I:onnxruntime:, graph.cc:4888 onnxruntime::Graph::CleanUnusedInitializersAndNodeArgs] Removing initializer '/model.1/conv/Conv_output_0_zero_point'. It is no longer used by any node.
2026-09-08 23:35:59.8535718 [I:onnxruntime:, graph.cc:4888 onnxruntime::Graph::CleanUnusedInitializersAndNodeArgs] Removing initializer 'model.12.m.0.cv2.conv.bias_zero_point'. It is no longer used by any node.
2026-09-08 23:35:59.8537688 [I:onnxruntime:, graph.cc:4888 onnxruntime::Graph::CleanUnusedInitializersAndNodeArgs] Removing initializer 'model.2.cv1.conv.weight_quantized'. It is no longer used by any node.
2026-09-08 23:35:59.8540052 [I:onnxruntime:, graph.cc:4888 onnxruntime::Graph::CleanUnusedInitializersAndNodeArgs] Removing initializer '/model.9/cv1/act/Mul_output_0_zero_point'. It is no longer used by any node.
2026-09-08 23:35:59.8542312 [I:onnxruntime:, graph.cc:4888 onnxruntime::Graph::CleanUnusedInitializersAndNodeArgs] Removing initializer '/model.12/attn/Mul_output_0_weight_quantized'. It is no longer used by any node.
2026-09-08 23:35:59.8544360 [I:onnxruntime:, graph.cc:4888 onnxruntime::Graph::CleanUnusedInitializersAndNodeArgs] Removing initializer 'model.1.conv.weight_zero_point'. It is no longer used by any node.
2026-09-08 23:35:59.8546269 [I:onnxruntime:, graph.cc:4888 onnxruntime::Graph::CleanUnusedInitializersAndNodeArgs] Removing initializer 'model.1.conv.weight_quantized'. It is no longer used by any node.
2026-09-08 23:35:59.8548090 [I:onnxruntime:, graph.cc:4888 onnxruntime::Graph::CleanUnusedInitializersAndNodeArgs] Removing initializer '/model.15/m.0/cv1/act/Mul_output_0_zero_point'. It is no longer used by any node.
2026-09-08 23:35:59.8550084 [I:onnxruntime:, graph.cc:4888 onnxruntime::Graph::CleanUnusedInitializersAndNodeArgs] Removing initializer '/model.4/m.0/cv1/conv/Conv_output_0_zero_point'. It is no longer used by any node.
2026-09-08 23:35:59.8552092 [I:onnxruntime:, graph.cc:4888 onnxruntime::Graph::CleanUnusedInitializersAndNodeArgs] Removing initializer '/model.21/cv1/act/Sigmoid_output_0_zero_point'. It is no longer used by any node.
2026-09-08 23:35:59.8554187 [I:onnxruntime:, graph.cc:4888 onnxruntime::Graph::CleanUnusedInitializersAndNodeArgs] Removing initializer 'model.1.conv.bias_zero_point'. It is no longer used by any node.
2026-09-08 23:35:59.8555980 [I:onnxruntime:, graph.cc:4888 onnxruntime::Graph::CleanUnusedInitializersAndNodeArgs] Removing initializer 'model.4.m.1.cv1.conv.bias_zero_point'. It is no longer used by any node.
2026-09-08 23:35:59.8557937 [I:onnxruntime:, graph.cc:4888 onnxruntime::Graph::CleanUnusedInitializersAndNodeArgs] Removing initializer '/model.1/act/Sigmoid_output_0_zero_point'. It is no longer used by any node.
2026-09-08 23:35:59.8559834 [I:onnxruntime:, graph.cc:4888 onnxruntime::Graph::CleanUnusedInitializersAndNodeArgs] Removing initializer '/model.2/cv1/conv/Conv_output_0_zero_point'. It is no longer used by any node.
2026-09-08 23:35:59.8561762 [I:onnxruntime:, graph.cc:4888 onnxruntime::Graph::CleanUnusedInitializersAndNodeArgs] Removing initializer 'model.18.m.0.cv2.conv.bias_quantized'. It is no longer used by any node.
2026-09-08 23:35:59.8563681 [I:onnxruntime:, graph.cc:4888 onnxruntime::Graph::CleanUnusedInitializersAndNodeArgs] Removing initializer '/model.4/Split_output_1_zero_point'. It is no longer used by any node.
2026-09-08 23:35:59.8565545 [I:onnxruntime:, graph.cc:4888 onnxruntime::Graph::CleanUnusedInitializersAndNodeArgs] Removing initializer '/model.4/m.0/cv2/conv/Conv_output_0_zero_point'. It is no longer used by any node.
2026-09-08 23:35:59.8567494 [I:onnxruntime:, graph.cc:4888 onnxruntime::Graph::CleanUnusedInitializersAndNodeArgs] Removing initializer 'model.2.cv1.conv.weight_zero_point'. It is no longer used by any node.
2026-09-08 23:35:59.8599232 [I:onnxruntime:, graph.cc:4888 onnxruntime::Graph::CleanUnusedInitializersAndNodeArgs] Removing initializer 'model.18.m.0.cv1.conv.weight_quantized'. It is no longer used by any node.
2026-09-08 23:35:59.8613787 [I:onnxruntime:, graph.cc:4888 onnxruntime::Graph::CleanUnusedInitializersAndNodeArgs] Removing initializer 'onnx::Conv_630_zero_point'. It is no longer used by any node.
2026-09-08 23:35:59.8617384 [I:onnxruntime:, graph.cc:4888 onnxruntime::Graph::CleanUnusedInitializersAndNodeArgs] Removing initializer '/model.6/m.0/cv1/act/Mul_output_0_zero_point'. It is no longer used by any node.
2026-09-08 23:35:59.8620629 [I:onnxruntime:, graph.cc:4888 onnxruntime::Graph::CleanUnusedInitializersAndNodeArgs] Removing initializer '/model.8/m.0/cv2/act/Sigmoid_output_0_zero_point'. It is no longer used by any node.
2026-09-08 23:35:59.8623908 [I:onnxruntime:, graph.cc:4888 onnxruntime::Graph::CleanUnusedInitializersAndNodeArgs] Removing initializer 'model.2.cv1.conv.bias_zero_point'. It is no longer used by any node.
2026-09-08 23:35:59.8627047 [I:onnxruntime:, graph.cc:4888 onnxruntime::Graph::CleanUnusedInitializersAndNodeArgs] Removing initializer 'model.2.cv1.conv.bias_quantized'. It is no longer used by any node.
2026-09-08 23:35:59.8630202 [I:onnxruntime:, graph.cc:4888 onnxruntime::Graph::CleanUnusedInitializersAndNodeArgs] Removing initializer '/model.2/cv1/act/Mul_output_0_zero_point'. It is no longer used by any node.
2026-09-08 23:35:59.8633728 [I:onnxruntime:, graph.cc:4888 onnxruntime::Graph::CleanUnusedInitializersAndNodeArgs] Removing initializer 'model.22.cv3.2.1.conv.bias_quantized'. It is no longer used by any node.
2026-09-08 23:35:59.8637107 [I:onnxruntime:, graph.cc:4888 onnxruntime::Graph::CleanUnusedInitializersAndNodeArgs] Removing initializer '/model.2/Split_output_0_zero_point'. It is no longer used by any node.
2026-09-08 23:35:59.8641282 [I:onnxruntime:, graph.cc:4888 onnxruntime::Graph::CleanUnusedInitializersAndNodeArgs] Removing initializer '/model.4/m.0/cv2/act/Sigmoid_output_0_zero_point'. It is no longer used by any node.
2026-09-08 23:35:59.8644420 [I:onnxruntime:, graph.cc:4888 onnxruntime::Graph::CleanUnusedInitializersAndNodeArgs] Removing initializer 'onnx::Conv_634_zero_point'. It is no longer used by any node.
2026-09-08 23:35:59.8647232 [I:onnxruntime:, graph.cc:4888 onnxruntime::Graph::CleanUnusedInitializersAndNodeArgs] Removing initializer 'model.2.m.0.cv1.conv.bias_quantized'. It is no longer used by any node.
2026-09-08 23:35:59.8652801 [I:onnxruntime:, graph.cc:4888 onnxruntime::Graph::CleanUnusedInitializersAndNodeArgs] Removing initializer '/model.2/m.0/cv1/act/Sigmoid_output_0_zero_point'. It is no longer used by any node.
2026-09-08 23:35:59.8668303 [I:onnxruntime:, graph.cc:4888 onnxruntime::Graph::CleanUnusedInitializersAndNodeArgs] Removing initializer 'model.22.cv3.1.0.conv.bias_quantized'. It is no longer used by any node.
2026-09-08 23:35:59.8671589 [I:onnxruntime:, graph.cc:4888 onnxruntime::Graph::CleanUnusedInitializersAndNodeArgs] Removing initializer 'model.4.cv2.conv.bias_zero_point'. It is no longer used by any node.
2026-09-08 23:35:59.8674280 [I:onnxruntime:, graph.cc:4888 onnxruntime::Graph::CleanUnusedInitializersAndNodeArgs] Removing initializer '/model.2/m.0/cv2/conv/Conv_output_0_zero_point'. It is no longer used by any node.
2026-09-08 23:35:59.8677216 [I:onnxruntime:, graph.cc:4888 onnxruntime::Graph::CleanUnusedInitializersAndNodeArgs] Removing initializer 'model.4.m.1.cv1.conv.weight_quantized'. It is no longer used by any node.
2026-09-08 23:35:59.8682747 [I:onnxruntime:, graph.cc:4888 onnxruntime::Graph::CleanUnusedInitializersAndNodeArgs] Removing initializer 'model.2.m.0.cv2.conv.weight_zero_point'. It is no longer used by any node.
2026-09-08 23:35:59.8697018 [I:onnxruntime:, graph.cc:4888 onnxruntime::Graph::CleanUnusedInitializersAndNodeArgs] Removing initializer 'model.22.cv2.1.1.conv.bias_zero_point'. It is no longer used by any node.
2026-09-08 23:35:59.8705209 [I:onnxruntime:, graph.cc:4888 onnxruntime::Graph::CleanUnusedInitializersAndNodeArgs] Removing initializer 'model.2.m.0.cv2.conv.weight_quantized'. It is no longer used by any node.
2026-09-08 23:35:59.8713715 [I:onnxruntime:, graph.cc:4888 onnxruntime::Graph::CleanUnusedInitializersAndNodeArgs] Removing initializer '/model.6/cv2/act/Sigmoid_output_0_zero_point'. It is no longer used by any node.
2026-09-08 23:35:59.8722795 [I:onnxruntime:, graph.cc:4888 onnxruntime::Graph::CleanUnusedInitializersAndNodeArgs] Removing initializer 'model.2.m.0.cv2.conv.bias_zero_point'. It is no longer used by any node.
2026-09-08 23:35:59.8727640 [I:onnxruntime:, graph.cc:4888 onnxruntime::Graph::CleanUnusedInitializersAndNodeArgs] Removing initializer 'model.2.m.0.cv2.conv.bias_quantized'. It is no longer used by any node.
2026-09-08 23:35:59.8731155 [I:onnxruntime:, graph.cc:4888 onnxruntime::Graph::CleanUnusedInitializersAndNodeArgs] Removing initializer '/model.2/m.0/cv2/act/Sigmoid_output_0_zero_point'. It is no longer used by any node.
2026-09-08 23:35:59.8734421 [I:onnxruntime:, graph.cc:4888 onnxruntime::Graph::CleanUnusedInitializersAndNodeArgs] Removing initializer '/model.2/m.0/cv2/act/Mul_output_0_zero_point'. It is no longer used by any node.
2026-09-08 23:35:59.8737323 [I:onnxruntime:, graph.cc:4888 onnxruntime::Graph::CleanUnusedInitializersAndNodeArgs] Removing initializer '/model.15/Concat_output_0_zero_point'. It is no longer used by any node.
2026-09-08 23:35:59.8740100 [I:onnxruntime:, graph.cc:4888 onnxruntime::Graph::CleanUnusedInitializersAndNodeArgs] Removing initializer '/model.2/m.0/Add_output_0_zero_point'. It is no longer used by any node.
2026-09-08 23:35:59.8742857 [I:onnxruntime:, graph.cc:4888 onnxruntime::Graph::CleanUnusedInitializersAndNodeArgs] Removing initializer 'model.3.conv.weight_scale'. It is no longer used by any node.
2026-09-08 23:35:59.8745725 [I:onnxruntime:, graph.cc:4888 onnxruntime::Graph::CleanUnusedInitializersAndNodeArgs] Removing initializer 'model.8.cv1.conv.bias_zero_point'. It is no longer used by any node.
2026-09-08 23:35:59.8749389 [I:onnxruntime:, graph.cc:4888 onnxruntime::Graph::CleanUnusedInitializersAndNodeArgs] Removing initializer '/model.2/Concat_output_0_zero_point'. It is no longer used by any node.
2026-09-08 23:35:59.8752211 [I:onnxruntime:, graph.cc:4888 onnxruntime::Graph::CleanUnusedInitializersAndNodeArgs] Removing initializer 'model.15.m.0.cv2.conv.bias_quantized'. It is no longer used by any node.
2026-09-08 23:35:59.8755716 [I:onnxruntime:, graph.cc:4888 onnxruntime::Graph::CleanUnusedInitializersAndNodeArgs] Removing initializer '/model.3/act/Sigmoid_output_0_zero_point'. It is no longer used by any node.
2026-09-08 23:35:59.8758280 [I:onnxruntime:, graph.cc:4888 onnxruntime::Graph::CleanUnusedInitializersAndNodeArgs] Removing initializer 'model.2.cv2.conv.weight_zero_point'. It is no longer used by any node.
2026-09-08 23:35:59.8761560 [I:onnxruntime:, graph.cc:4888 onnxruntime::Graph::CleanUnusedInitializersAndNodeArgs] Removing initializer 'model.2.cv2.conv.weight_quantized'. It is no longer used by any node.
2026-09-08 23:35:59.8765060 [I:onnxruntime:, graph.cc:4888 onnxruntime::Graph::CleanUnusedInitializersAndNodeArgs] Removing initializer '/model.16/conv/Conv_output_0_zero_point'. It is no longer used by any node.
2026-09-08 23:35:59.8767961 [I:onnxruntime:, graph.cc:4888 onnxruntime::Graph::CleanUnusedInitializersAndNodeArgs] Removing initializer 'model.2.cv2.conv.bias_zero_point'. It is no longer used by any node.
2026-09-08 23:35:59.8771144 [I:onnxruntime:, graph.cc:4888 onnxruntime::Graph::CleanUnusedInitializersAndNodeArgs] Removing initializer 'model.7.conv.bias_quantized'. It is no longer used by any node.
2026-09-08 23:35:59.8775406 [I:onnxruntime:, graph.cc:4888 onnxruntime::Graph::CleanUnusedInitializersAndNodeArgs] Removing initializer 'model.2.cv2.conv.bias_quantized'. It is no longer used by any node.
2026-09-08 23:35:59.8778426 [I:onnxruntime:, graph.cc:4888 onnxruntime::Graph::CleanUnusedInitializersAndNodeArgs] Removing initializer 'model.18.m.0.cv1.conv.weight_zero_point'. It is no longer used by any node.
2026-09-08 23:35:59.8781854 [I:onnxruntime:, graph.cc:4888 onnxruntime::Graph::CleanUnusedInitializersAndNodeArgs] Removing initializer '/model.2/cv2/act/Sigmoid_output_0_zero_point'. It is no longer used by any node.
2026-09-08 23:35:59.8785059 [I:onnxruntime:, graph.cc:4888 onnxruntime::Graph::CleanUnusedInitializersAndNodeArgs] Removing initializer '/model.2/cv2/act/Mul_output_0_zero_point'. It is no longer used by any node.
2026-09-08 23:35:59.8788040 [I:onnxruntime:, graph.cc:4888 onnxruntime::Graph::CleanUnusedInitializersAndNodeArgs] Removing initializer '/model.6/cv1/act/Sigmoid_output_0_zero_point'. It is no longer used by any node.
2026-09-08 23:35:59.8791195 [I:onnxruntime:, graph.cc:4888 onnxruntime::Graph::CleanUnusedInitializersAndNodeArgs] Removing initializer '/model.3/conv/Conv_output_0_zero_point'. It is no longer used by any node.
2026-09-08 23:35:59.8794910 [I:onnxruntime:, graph.cc:4888 onnxruntime::Graph::CleanUnusedInitializersAndNodeArgs] Removing initializer 'model.3.conv.weight_zero_point'. It is no longer used by any node.
2026-09-08 23:35:59.8798335 [I:onnxruntime:, graph.cc:4888 onnxruntime::Graph::CleanUnusedInitializersAndNodeArgs] Removing initializer 'model.22.cv2.2.1.conv.bias_zero_point'. It is no longer used by any node.
2026-09-08 23:35:59.8801297 [I:onnxruntime:, graph.cc:4888 onnxruntime::Graph::CleanUnusedInitializersAndNodeArgs] Removing initializer 'model.3.conv.weight_quantized'. It is no longer used by any node.
2026-09-08 23:35:59.8804143 [I:onnxruntime:, graph.cc:4888 onnxruntime::Graph::CleanUnusedInitializersAndNodeArgs] Removing initializer 'model.3.conv.bias_zero_point'. It is no longer used by any node.
2026-09-08 23:35:59.8807158 [I:onnxruntime:, graph.cc:4888 onnxruntime::Graph::CleanUnusedInitializersAndNodeArgs] Removing initializer '/model.12/attn/Mul_output_0_zero_point'. It is no longer used by any node.
2026-09-08 23:35:59.8810060 [I:onnxruntime:, graph.cc:4888 onnxruntime::Graph::CleanUnusedInitializersAndNodeArgs] Removing initializer 'model.3.conv.bias_quantized'. It is no longer used by any node.
2026-09-08 23:35:59.8813109 [I:onnxruntime:, graph.cc:4888 onnxruntime::Graph::CleanUnusedInitializersAndNodeArgs] Removing initializer '/model.3/act/Mul_output_0_zero_point'. It is no longer used by any node.
2026-09-08 23:35:59.8816248 [I:onnxruntime:, graph.cc:4888 onnxruntime::Graph::CleanUnusedInitializersAndNodeArgs] Removing initializer '/model.8/Concat_output_0_zero_point'. It is no longer used by any node.
2026-09-08 23:35:59.8819258 [I:onnxruntime:, graph.cc:4888 onnxruntime::Graph::CleanUnusedInitializersAndNodeArgs] Removing initializer '/model.18/cv1/act/Mul_output_0_zero_point'. It is no longer used by any node.
2026-09-08 23:35:59.8822802 [I:onnxruntime:, graph.cc:4888 onnxruntime::Graph::CleanUnusedInitializersAndNodeArgs] Removing initializer 'model.6.cv2.conv.weight_zero_point'. It is no longer used by any node.
2026-09-08 23:35:59.8825074 [I:onnxruntime:, graph.cc:4888 onnxruntime::Graph::CleanUnusedInitializersAndNodeArgs] Removing initializer '/model.21/attn/Mul_output_0_weight_quantized'. It is no longer used by any node.
2026-09-08 23:35:59.8827324 [I:onnxruntime:, graph.cc:4888 onnxruntime::Graph::CleanUnusedInitializersAndNodeArgs] Removing initializer '/model.4/cv1/conv/Conv_output_0_zero_point'. It is no longer used by any node.
2026-09-08 23:35:59.8830900 [I:onnxruntime:, graph.cc:4888 onnxruntime::Graph::CleanUnusedInitializersAndNodeArgs] Removing initializer '/model.21/attn/Mul_output_0_bias_zero_point'. It is no longer used by any node.
2026-09-08 23:35:59.8834416 [I:onnxruntime:, graph.cc:4888 onnxruntime::Graph::CleanUnusedInitializersAndNodeArgs] Removing initializer 'model.6.m.0.cv1.conv.weight_zero_point'. It is no longer used by any node.
2026-09-08 23:35:59.8837144 [I:onnxruntime:, graph.cc:4888 onnxruntime::Graph::CleanUnusedInitializersAndNodeArgs] Removing initializer '/model.18/attn/Mul_output_0_zero_point'. It is no longer used by any node.
2026-09-08 23:35:59.8839539 [I:onnxruntime:, graph.cc:4888 onnxruntime::Graph::CleanUnusedInitializersAndNodeArgs] Removing initializer 'model.4.cv1.conv.weight_zero_point'. It is no longer used by any node.
2026-09-08 23:35:59.8841708 [I:onnxruntime:, graph.cc:4888 onnxruntime::Graph::CleanUnusedInitializersAndNodeArgs] Removing initializer '/model.8/cv2/act/Mul_output_0_zero_point'. It is no longer used by any node.
2026-09-08 23:35:59.8843954 [I:onnxruntime:, graph.cc:4888 onnxruntime::Graph::CleanUnusedInitializersAndNodeArgs] Removing initializer 'model.4.cv1.conv.bias_zero_point'. It is no longer used by any node.
2026-09-08 23:35:59.8846547 [I:onnxruntime:, graph.cc:4888 onnxruntime::Graph::CleanUnusedInitializersAndNodeArgs] Removing initializer 'model.6.cv2.conv.weight_quantized'. It is no longer used by any node.
2026-09-08 23:35:59.8849393 [I:onnxruntime:, graph.cc:4888 onnxruntime::Graph::CleanUnusedInitializersAndNodeArgs] Removing initializer '/model.6/cv1/conv/Conv_output_0_zero_point'. It is no longer used by any node.
2026-09-08 23:35:59.8852543 [I:onnxruntime:, graph.cc:4888 onnxruntime::Graph::CleanUnusedInitializersAndNodeArgs] Removing initializer '/model.6/m.1/cv2/act/Mul_output_0_zero_point'. It is no longer used by any node.
2026-09-08 23:35:59.8855495 [I:onnxruntime:, graph.cc:4888 onnxruntime::Graph::CleanUnusedInitializersAndNodeArgs] Removing initializer 'model.4.cv1.conv.bias_quantized'. It is no longer used by any node.
2026-09-08 23:35:59.8858445 [I:onnxruntime:, graph.cc:4888 onnxruntime::Graph::CleanUnusedInitializersAndNodeArgs] Removing initializer '/model.2/Split_output_0_ends_0'. It is no longer used by any node.
2026-09-08 23:35:59.8861388 [I:onnxruntime:, graph.cc:4888 onnxruntime::Graph::CleanUnusedInitializersAndNodeArgs] Removing initializer '/model.12/m.0/cv2/conv/Conv_output_0_zero_point'. It is no longer used by any node.
2026-09-08 23:35:59.8864185 [I:onnxruntime:, graph.cc:4888 onnxruntime::Graph::CleanUnusedInitializersAndNodeArgs] Removing initializer 'model.12.m.0.cv2.conv.weight_zero_point'. It is no longer used by any node.
2026-09-08 23:35:59.8866319 [I:onnxruntime:, graph.cc:4888 onnxruntime::Graph::CleanUnusedInitializersAndNodeArgs] Removing initializer '/model.4/cv1/act/Sigmoid_output_0_zero_point'. It is no longer used by any node.
2026-09-08 23:35:59.8868278 [I:onnxruntime:, graph.cc:4888 onnxruntime::Graph::CleanUnusedInitializersAndNodeArgs] Removing initializer 'model.15.cv2.conv.bias_zero_point'. It is no longer used by any node.
2026-09-08 23:35:59.8870160 [I:onnxruntime:, graph.cc:4888 onnxruntime::Graph::CleanUnusedInitializersAndNodeArgs] Removing initializer '/model.22/cv3.2/cv3.2.1/conv/Conv_output_0_zero_point'. It is no longer used by any node.
2026-09-08 23:35:59.8872186 [I:onnxruntime:, graph.cc:4888 onnxruntime::Graph::CleanUnusedInitializersAndNodeArgs] Removing initializer '/model.4/cv1/act/Mul_output_0_zero_point'. It is no longer used by any node.
2026-09-08 23:35:59.8874303 [I:onnxruntime:, graph.cc:4888 onnxruntime::Graph::CleanUnusedInitializersAndNodeArgs] Removing initializer '/model.4/Split_output_0_zero_point'. It is no longer used by any node.
2026-09-08 23:35:59.8876729 [I:onnxruntime:, graph.cc:4888 onnxruntime::Graph::CleanUnusedInitializersAndNodeArgs] Removing initializer '/model.7/act/Mul_output_0_zero_point'. It is no longer used by any node.
2026-09-08 23:35:59.8878675 [I:onnxruntime:, graph.cc:4888 onnxruntime::Graph::CleanUnusedInitializersAndNodeArgs] Removing initializer '/model.6/m.1/cv2/conv/Conv_output_0_zero_point'. It is no longer used by any node.
2026-09-08 23:35:59.8881084 [I:onnxruntime:, graph.cc:4888 onnxruntime::Graph::CleanUnusedInitializersAndNodeArgs] Removing initializer '/model.6/m.1/cv1/act/Mul_output_0_zero_point'. It is no longer used by any node.
2026-09-08 23:35:59.8883225 [I:onnxruntime:, graph.cc:4888 onnxruntime::Graph::CleanUnusedInitializersAndNodeArgs] Removing initializer 'model.8.m.0.cv2.conv.weight_zero_point'. It is no longer used by any node.
2026-09-08 23:35:59.8885372 [I:onnxruntime:, graph.cc:4888 onnxruntime::Graph::CleanUnusedInitializersAndNodeArgs] Removing initializer '/model.17/Concat_output_0_zero_point'. It is no longer used by any node.
2026-09-08 23:35:59.8893748 [I:onnxruntime:, graph.cc:4888 onnxruntime::Graph::CleanUnusedInitializersAndNodeArgs] Removing initializer 'model.4.m.0.cv1.conv.weight_zero_point'. It is no longer used by any node.
2026-09-08 23:35:59.8896375 [I:onnxruntime:, graph.cc:4888 onnxruntime::Graph::CleanUnusedInitializersAndNodeArgs] Removing initializer 'model.4.m.0.cv1.conv.weight_quantized'. It is no longer used by any node.
2026-09-08 23:35:59.8899531 [I:onnxruntime:, graph.cc:4888 onnxruntime::Graph::CleanUnusedInitializersAndNodeArgs] Removing initializer '/model.4/m.1/cv2/act/Sigmoid_output_0_zero_point'. It is no longer used by any node.
2026-09-08 23:35:59.8903120 [I:onnxruntime:, graph.cc:4888 onnxruntime::Graph::CleanUnusedInitializersAndNodeArgs] Removing initializer 'model.16.conv.weight_zero_point'. It is no longer used by any node.
2026-09-08 23:35:59.8905800 [I:onnxruntime:, graph.cc:4888 onnxruntime::Graph::CleanUnusedInitializersAndNodeArgs] Removing initializer '/model.22/cv2.2/cv2.2.0/conv/Conv_output_0_zero_point'. It is no longer used by any node.
2026-09-08 23:35:59.8910619 [I:onnxruntime:, graph.cc:4888 onnxruntime::Graph::CleanUnusedInitializersAndNodeArgs] Removing initializer 'model.4.m.0.cv1.conv.bias_zero_point'. It is no longer used by any node.
2026-09-08 23:35:59.8913612 [I:onnxruntime:, graph.cc:4888 onnxruntime::Graph::CleanUnusedInitializersAndNodeArgs] Removing initializer 'model.4.m.0.cv1.conv.bias_quantized'. It is no longer used by any node.
2026-09-08 23:35:59.8916713 [I:onnxruntime:, graph.cc:4888 onnxruntime::Graph::CleanUnusedInitializersAndNodeArgs] Removing initializer '/model.4/m.0/cv1/act/Sigmoid_output_0_zero_point'. It is no longer used by any node.
2026-09-08 23:35:59.8919468 [I:onnxruntime:, graph.cc:4888 onnxruntime::Graph::CleanUnusedInitializersAndNodeArgs] Removing initializer '/model.4/m.0/cv1/act/Mul_output_0_zero_point'. It is no longer used by any node.
2026-09-08 23:35:59.8922562 [I:onnxruntime:, graph.cc:4888 onnxruntime::Graph::CleanUnusedInitializersAndNodeArgs] Removing initializer 'model.4.m.0.cv2.conv.weight_zero_point'. It is no longer used by any node.
2026-09-08 23:35:59.8925809 [I:onnxruntime:, graph.cc:4888 onnxruntime::Graph::CleanUnusedInitializersAndNodeArgs] Removing initializer 'model.4.m.0.cv2.conv.bias_zero_point'. It is no longer used by any node.
2026-09-08 23:35:59.8928590 [I:onnxruntime:, graph.cc:4888 onnxruntime::Graph::CleanUnusedInitializersAndNodeArgs] Removing initializer 'model.4.m.0.cv2.conv.bias_quantized'. It is no longer used by any node.
2026-09-08 23:35:59.8931647 [I:onnxruntime:, graph.cc:4888 onnxruntime::Graph::CleanUnusedInitializersAndNodeArgs] Removing initializer '/model.15/m.0/cv1/conv/Conv_output_0_zero_point'. It is no longer used by any node.
2026-09-08 23:35:59.8995846 [I:onnxruntime:, graph.cc:4888 onnxruntime::Graph::CleanUnusedInitializersAndNodeArgs] Removing initializer 'model.6.cv1.conv.weight_zero_point'. It is no longer used by any node.
2026-09-08 23:35:59.8999197 [I:onnxruntime:, graph.cc:4888 onnxruntime::Graph::CleanUnusedInitializersAndNodeArgs] Removing initializer '/model.4/m.0/cv2/act/Mul_output_0_zero_point'. It is no longer used by any node.
2026-09-08 23:35:59.9002112 [I:onnxruntime:, graph.cc:4888 onnxruntime::Graph::CleanUnusedInitializersAndNodeArgs] Removing initializer '/model.4/m.0/Add_output_0_zero_point'. It is no longer used by any node.
2026-09-08 23:35:59.9004922 [I:onnxruntime:, graph.cc:4888 onnxruntime::Graph::CleanUnusedInitializersAndNodeArgs] Removing initializer 'model.22.cv3.2.1.conv.weight_quantized'. It is no longer used by any node.
2026-09-08 23:35:59.9007871 [I:onnxruntime:, graph.cc:4888 onnxruntime::Graph::CleanUnusedInitializersAndNodeArgs] Removing initializer 'model.18.cv2.conv.bias_zero_point'. It is no longer used by any node.
2026-09-08 23:35:59.9015607 [I:onnxruntime:, graph.cc:4888 onnxruntime::Graph::CleanUnusedInitializersAndNodeArgs] Removing initializer 'model.22.cv3.1.0.conv.bias_zero_point'. It is no longer used by any node.
2026-09-08 23:35:59.9019744 [I:onnxruntime:, graph.cc:4888 onnxruntime::Graph::CleanUnusedInitializersAndNodeArgs] Removing initializer '/model.18/cv1/act/Sigmoid_output_0_zero_point'. It is no longer used by any node.
2026-09-08 23:35:59.9023170 [I:onnxruntime:, graph.cc:4888 onnxruntime::Graph::CleanUnusedInitializersAndNodeArgs] Removing initializer 'model.4.m.1.cv1.conv.weight_zero_point'. It is no longer used by any node.
2026-09-08 23:35:59.9026121 [I:onnxruntime:, graph.cc:4888 onnxruntime::Graph::CleanUnusedInitializersAndNodeArgs] Removing initializer 'model.15.cv1.conv.bias_zero_point'. It is no longer used by any node.
2026-09-08 23:35:59.9029233 [I:onnxruntime:, graph.cc:4888 onnxruntime::Graph::CleanUnusedInitializersAndNodeArgs] Removing initializer 'model.4.m.1.cv1.conv.bias_quantized'. It is no longer used by any node.
2026-09-08 23:35:59.9032741 [I:onnxruntime:, graph.cc:4888 onnxruntime::Graph::CleanUnusedInitializersAndNodeArgs] Removing initializer '/model.9/cv2/act/Sigmoid_output_0_zero_point'. It is no longer used by any node.
2026-09-08 23:35:59.9035825 [I:onnxruntime:, graph.cc:4888 onnxruntime::Graph::CleanUnusedInitializersAndNodeArgs] Removing initializer '/model.4/m.1/cv1/act/Sigmoid_output_0_zero_point'. It is no longer used by any node.
2026-09-08 23:35:59.9039084 [I:onnxruntime:, graph.cc:4888 onnxruntime::Graph::CleanUnusedInitializersAndNodeArgs] Removing initializer 'model.22.cv2.1.0.conv.bias_zero_point'. It is no longer used by any node.
2026-09-08 23:35:59.9042395 [I:onnxruntime:, graph.cc:4888 onnxruntime::Graph::CleanUnusedInitializersAndNodeArgs] Removing initializer '/model.15/attn/Mul_output_0_zero_point'. It is no longer used by any node.
2026-09-08 23:35:59.9045612 [I:onnxruntime:, graph.cc:4888 onnxruntime::Graph::CleanUnusedInitializersAndNodeArgs] Removing initializer 'model.21.cv1.conv.weight_quantized'. It is no longer used by any node.
2026-09-08 23:35:59.9048374 [I:onnxruntime:, graph.cc:4888 onnxruntime::Graph::CleanUnusedInitializersAndNodeArgs] Removing initializer '/model.4/m.1/cv1/act/Mul_output_0_zero_point'. It is no longer used by any node.
2026-09-08 23:35:59.9051443 [I:onnxruntime:, graph.cc:4888 onnxruntime::Graph::CleanUnusedInitializersAndNodeArgs] Removing initializer 'model.22.cv3.1.0.conv.weight_quantized'. It is no longer used by any node.
2026-09-08 23:35:59.9054855 [I:onnxruntime:, graph.cc:4888 onnxruntime::Graph::CleanUnusedInitializersAndNodeArgs] Removing initializer '/model.4/m.1/cv2/conv/Conv_output_0_zero_point'. It is no longer used by any node.
2026-09-08 23:35:59.9058659 [I:onnxruntime:, graph.cc:4888 onnxruntime::Graph::CleanUnusedInitializersAndNodeArgs] Removing initializer 'model.4.m.1.cv2.conv.weight_zero_point'. It is no longer used by any node.
2026-09-08 23:35:59.9061888 [I:onnxruntime:, graph.cc:4888 onnxruntime::Graph::CleanUnusedInitializersAndNodeArgs] Removing initializer 'model.4.m.1.cv2.conv.weight_quantized'. It is no longer used by any node.
2026-09-08 23:35:59.9064705 [I:onnxruntime:, graph.cc:4888 onnxruntime::Graph::CleanUnusedInitializersAndNodeArgs] Removing initializer 'model.19.conv.weight_quantized'. It is no longer used by any node.
2026-09-08 23:35:59.9067782 [I:onnxruntime:, graph.cc:4888 onnxruntime::Graph::CleanUnusedInitializersAndNodeArgs] Removing initializer 'model.4.m.1.cv2.conv.bias_zero_point'. It is no longer used by any node.
2026-09-08 23:35:59.9070669 [I:onnxruntime:, graph.cc:4888 onnxruntime::Graph::CleanUnusedInitializersAndNodeArgs] Removing initializer 'model.4.m.1.cv2.conv.bias_quantized'. It is no longer used by any node.
2026-09-08 23:35:59.9073672 [I:onnxruntime:, graph.cc:4888 onnxruntime::Graph::CleanUnusedInitializersAndNodeArgs] Removing initializer '/model.18/Slice_output_0_zero_point'. It is no longer used by any node.
2026-09-08 23:35:59.9076898 [I:onnxruntime:, graph.cc:4888 onnxruntime::Graph::CleanUnusedInitializersAndNodeArgs] Removing initializer '/model.4/m.1/cv2/act/Mul_output_0_zero_point'. It is no longer used by any node.
2026-09-08 23:35:59.9080723 [I:onnxruntime:, graph.cc:4888 onnxruntime::Graph::CleanUnusedInitializersAndNodeArgs] Removing initializer '/model.22/cv3.1/cv3.1.1/conv/Conv_output_0_zero_point'. It is no longer used by any node.
2026-09-08 23:35:59.9083650 [I:onnxruntime:, graph.cc:4888 onnxruntime::Graph::CleanUnusedInitializersAndNodeArgs] Removing initializer '/model.4/m.1/Add_output_0_zero_point'. It is no longer used by any node.
2026-09-08 23:35:59.9086346 [I:onnxruntime:, graph.cc:4888 onnxruntime::Graph::CleanUnusedInitializersAndNodeArgs] Removing initializer '/model.22/cv2.2/cv2.2.0/act/Sigmoid_output_0_zero_point'. It is no longer used by any node.
2026-09-08 23:35:59.9089293 [I:onnxruntime:, graph.cc:4888 onnxruntime::Graph::CleanUnusedInitializersAndNodeArgs] Removing initializer '/model.4/Concat_output_0_zero_point'. It is no longer used by any node.
2026-09-08 23:35:59.9091964 [I:onnxruntime:, graph.cc:4888 onnxruntime::Graph::CleanUnusedInitializersAndNodeArgs] Removing initializer 'model.12.m.0.cv1.conv.bias_zero_point'. It is no longer used by any node.
2026-09-08 23:35:59.9095345 [I:onnxruntime:, graph.cc:4888 onnxruntime::Graph::CleanUnusedInitializersAndNodeArgs] Removing initializer '/model.21/cv1/act/Mul_output_0_zero_point'. It is no longer used by any node.
2026-09-08 23:35:59.9098782 [I:onnxruntime:, graph.cc:4888 onnxruntime::Graph::CleanUnusedInitializersAndNodeArgs] Removing initializer 'model.12.m.0.cv2.conv.bias_quantized'. It is no longer used by any node.
2026-09-08 23:35:59.9101880 [I:onnxruntime:, graph.cc:4888 onnxruntime::Graph::CleanUnusedInitializersAndNodeArgs] Removing initializer '/model.4/cv2/conv/Conv_output_0_zero_point'. It is no longer used by any node.
2026-09-08 23:35:59.9104896 [I:onnxruntime:, graph.cc:4888 onnxruntime::Graph::CleanUnusedInitializersAndNodeArgs] Removing initializer '/model.12/cv2/act/Sigmoid_output_0_zero_point'. It is no longer used by any node.
2026-09-08 23:35:59.9108017 [I:onnxruntime:, graph.cc:4888 onnxruntime::Graph::CleanUnusedInitializersAndNodeArgs] Removing initializer 'model.4.cv2.conv.weight_zero_point'. It is no longer used by any node.
2026-09-08 23:35:59.9111019 [I:onnxruntime:, graph.cc:4888 onnxruntime::Graph::CleanUnusedInitializersAndNodeArgs] Removing initializer 'model.8.m.0.cv2.conv.bias_zero_point'. It is no longer used by any node.
2026-09-08 23:35:59.9114378 [I:onnxruntime:, graph.cc:4888 onnxruntime::Graph::CleanUnusedInitializersAndNodeArgs] Removing initializer 'model.4.cv2.conv.weight_quantized'. It is no longer used by any node.
2026-09-08 23:35:59.9117345 [I:onnxruntime:, graph.cc:4888 onnxruntime::Graph::CleanUnusedInitializersAndNodeArgs] Removing initializer '/model.8/cv1/act/Mul_output_0_zero_point'. It is no longer used by any node.
2026-09-08 23:35:59.9120152 [I:onnxruntime:, graph.cc:4888 onnxruntime::Graph::CleanUnusedInitializersAndNodeArgs] Removing initializer 'model.4.cv2.conv.bias_quantized'. It is no longer used by any node.
2026-09-08 23:35:59.9123396 [I:onnxruntime:, graph.cc:4888 onnxruntime::Graph::CleanUnusedInitializersAndNodeArgs] Removing initializer '/model.12/attn/Mul_output_0_bias_quantized'. It is no longer used by any node.
2026-09-08 23:35:59.9126705 [I:onnxruntime:, graph.cc:4888 onnxruntime::Graph::CleanUnusedInitializersAndNodeArgs] Removing initializer '/model.4/cv2/act/Sigmoid_output_0_zero_point'. It is no longer used by any node.
2026-09-08 23:35:59.9131557 [I:onnxruntime:, graph.cc:4888 onnxruntime::Graph::CleanUnusedInitializersAndNodeArgs] Removing initializer '/model.22/cv2.1/cv2.1.1/conv/Conv_output_0_zero_point'. It is no longer used by any node.
2026-09-08 23:35:59.9140317 [I:onnxruntime:, graph.cc:4888 onnxruntime::Graph::CleanUnusedInitializersAndNodeArgs] Removing initializer 'model.7.conv.weight_zero_point'. It is no longer used by any node.
2026-09-08 23:35:59.9144114 [I:onnxruntime:, graph.cc:4888 onnxruntime::Graph::CleanUnusedInitializersAndNodeArgs] Removing initializer '/model.4/cv2/act/Mul_output_0_zero_point'. It is no longer used by any node.
2026-09-08 23:35:59.9147284 [I:onnxruntime:, graph.cc:4888 onnxruntime::Graph::CleanUnusedInitializersAndNodeArgs] Removing initializer '/model.5/conv/Conv_output_0_zero_point'. It is no longer used by any node.
2026-09-08 23:35:59.9150956 [I:onnxruntime:, graph.cc:4888 onnxruntime::Graph::CleanUnusedInitializersAndNodeArgs] Removing initializer '/model.5/act/Mul_output_0_zero_point'. It is no longer used by any node.
2026-09-08 23:35:59.9154257 [I:onnxruntime:, graph.cc:4888 onnxruntime::Graph::CleanUnusedInitializersAndNodeArgs] Removing initializer 'model.8.cv2.conv.bias_quantized'. It is no longer used by any node.
2026-09-08 23:35:59.9157993 [I:onnxruntime:, graph.cc:4888 onnxruntime::Graph::CleanUnusedInitializersAndNodeArgs] Removing initializer 'model.5.conv.weight_zero_point'. It is no longer used by any node.
2026-09-08 23:35:59.9160490 [I:onnxruntime:, graph.cc:4888 onnxruntime::Graph::CleanUnusedInitializersAndNodeArgs] Removing initializer 'model.5.conv.weight_quantized'. It is no longer used by any node.
2026-09-08 23:35:59.9163767 [I:onnxruntime:, graph.cc:4888 onnxruntime::Graph::CleanUnusedInitializersAndNodeArgs] Removing initializer '/model.6/m.1/Add_output_0_zero_point'. It is no longer used by any node.
2026-09-08 23:35:59.9166177 [I:onnxruntime:, graph.cc:4888 onnxruntime::Graph::CleanUnusedInitializersAndNodeArgs] Removing initializer 'model.5.conv.bias_zero_point'. It is no longer used by any node.
2026-09-08 23:35:59.9169131 [I:onnxruntime:, graph.cc:4888 onnxruntime::Graph::CleanUnusedInitializersAndNodeArgs] Removing initializer '/model.12/m.0/cv1/act/Sigmoid_output_0_zero_point'. It is no longer used by any node.
2026-09-08 23:35:59.9172280 [I:onnxruntime:, graph.cc:4888 onnxruntime::Graph::CleanUnusedInitializersAndNodeArgs] Removing initializer 'model.7.conv.weight_scale'. It is no longer used by any node.
2026-09-08 23:35:59.9175307 [I:onnxruntime:, graph.cc:4888 onnxruntime::Graph::CleanUnusedInitializersAndNodeArgs] Removing initializer 'model.5.conv.bias_quantized'. It is no longer used by any node.
2026-09-08 23:35:59.9178406 [I:onnxruntime:, graph.cc:4888 onnxruntime::Graph::CleanUnusedInitializersAndNodeArgs] Removing initializer '/model.5/act/Sigmoid_output_0_zero_point'. It is no longer used by any node.
2026-09-08 23:35:59.9181930 [I:onnxruntime:, graph.cc:4888 onnxruntime::Graph::CleanUnusedInitializersAndNodeArgs] Removing initializer 'model.6.cv1.conv.weight_quantized'. It is no longer used by any node.
2026-09-08 23:35:59.9185848 [I:onnxruntime:, graph.cc:4888 onnxruntime::Graph::CleanUnusedInitializersAndNodeArgs] Removing initializer '/model.18/m.0/cv1/act/Mul_output_0_zero_point'. It is no longer used by any node.
2026-09-08 23:35:59.9190340 [I:onnxruntime:, graph.cc:4888 onnxruntime::Graph::CleanUnusedInitializersAndNodeArgs] Removing initializer 'model.6.cv1.conv.bias_zero_point'. It is no longer used by any node.
2026-09-08 23:35:59.9194271 [I:onnxruntime:, graph.cc:4888 onnxruntime::Graph::CleanUnusedInitializersAndNodeArgs] Removing initializer '/model.6/cv1/act/Mul_output_0_zero_point'. It is no longer used by any node.
2026-09-08 23:35:59.9197742 [I:onnxruntime:, graph.cc:4888 onnxruntime::Graph::CleanUnusedInitializersAndNodeArgs] Removing initializer '/model.6/Split_output_0_zero_point'. It is no longer used by any node.
2026-09-08 23:35:59.9201404 [I:onnxruntime:, graph.cc:4888 onnxruntime::Graph::CleanUnusedInitializersAndNodeArgs] Removing initializer '/model.6/Split_output_1_zero_point'. It is no longer used by any node.
2026-09-08 23:35:59.9205271 [I:onnxruntime:, graph.cc:4888 onnxruntime::Graph::CleanUnusedInitializersAndNodeArgs] Removing initializer 'model.22.cv3.1.1.conv.bias_zero_point'. It is no longer used by any node.
2026-09-08 23:35:59.9208744 [I:onnxruntime:, graph.cc:4888 onnxruntime::Graph::CleanUnusedInitializersAndNodeArgs] Removing initializer 'onnx::Conv_631_quantized'. It is no longer used by any node.
2026-09-08 23:35:59.9211900 [I:onnxruntime:, graph.cc:4888 onnxruntime::Graph::CleanUnusedInitializersAndNodeArgs] Removing initializer '/model.6/m.0/cv1/conv/Conv_output_0_zero_point'. It is no longer used by any node.
2026-09-08 23:35:59.9214681 [I:onnxruntime:, graph.cc:4888 onnxruntime::Graph::CleanUnusedInitializersAndNodeArgs] Removing initializer 'model.12.cv2.conv.bias_zero_point'. It is no longer used by any node.
2026-09-08 23:35:59.9217407 [I:onnxruntime:, graph.cc:4888 onnxruntime::Graph::CleanUnusedInitializersAndNodeArgs] Removing initializer '/model.15/cv1/act/Mul_output_0_zero_point'. It is no longer used by any node.
2026-09-08 23:35:59.9220510 [I:onnxruntime:, graph.cc:4888 onnxruntime::Graph::CleanUnusedInitializersAndNodeArgs] Removing initializer 'model.6.m.0.cv1.conv.weight_quantized'. It is no longer used by any node.
2026-09-08 23:35:59.9223580 [I:onnxruntime:, graph.cc:4888 onnxruntime::Graph::CleanUnusedInitializersAndNodeArgs] Removing initializer 'model.6.m.0.cv2.conv.weight_quantized'. It is no longer used by any node.
2026-09-08 23:35:59.9226407 [I:onnxruntime:, graph.cc:4888 onnxruntime::Graph::CleanUnusedInitializersAndNodeArgs] Removing initializer 'model.6.m.0.cv1.conv.bias_zero_point'. It is no longer used by any node.
2026-09-08 23:35:59.9229549 [I:onnxruntime:, graph.cc:4888 onnxruntime::Graph::CleanUnusedInitializersAndNodeArgs] Removing initializer 'model.6.m.0.cv1.conv.bias_quantized'. It is no longer used by any node.
2026-09-08 23:35:59.9232366 [I:onnxruntime:, graph.cc:4888 onnxruntime::Graph::CleanUnusedInitializersAndNodeArgs] Removing initializer '/model.6/m.0/cv1/act/Sigmoid_output_0_zero_point'. It is no longer used by any node.
2026-09-08 23:35:59.9235659 [I:onnxruntime:, graph.cc:4888 onnxruntime::Graph::CleanUnusedInitializersAndNodeArgs] Removing initializer '/model.21/Concat_output_0_zero_point'. It is no longer used by any node.
2026-09-08 23:35:59.9238716 [I:onnxruntime:, graph.cc:4888 onnxruntime::Graph::CleanUnusedInitializersAndNodeArgs] Removing initializer 'model.12.cv2.conv.weight_quantized'. It is no longer used by any node.
2026-09-08 23:35:59.9241622 [I:onnxruntime:, graph.cc:4888 onnxruntime::Graph::CleanUnusedInitializersAndNodeArgs] Removing initializer '/model.6/m.0/cv2/conv/Conv_output_0_zero_point'. It is no longer used by any node.
2026-09-08 23:35:59.9244699 [I:onnxruntime:, graph.cc:4888 onnxruntime::Graph::CleanUnusedInitializersAndNodeArgs] Removing initializer 'onnx::Conv_633_quantized'. It is no longer used by any node.
2026-09-08 23:35:59.9248399 [I:onnxruntime:, graph.cc:4888 onnxruntime::Graph::CleanUnusedInitializersAndNodeArgs] Removing initializer 'model.22.cv2.0.2.weight_zero_point'. It is no longer used by any node.
2026-09-08 23:35:59.9253601 [I:onnxruntime:, graph.cc:4888 onnxruntime::Graph::CleanUnusedInitializersAndNodeArgs] Removing initializer 'model.6.m.0.cv2.conv.weight_zero_point'. It is no longer used by any node.
2026-09-08 23:35:59.9258357 [I:onnxruntime:, graph.cc:4888 onnxruntime::Graph::CleanUnusedInitializersAndNodeArgs] Removing initializer '/model.12/Slice_1_output_0_zero_point'. It is no longer used by any node.
2026-09-08 23:35:59.9266806 [I:onnxruntime:, graph.cc:4888 onnxruntime::Graph::CleanUnusedInitializersAndNodeArgs] Removing initializer 'model.6.m.0.cv2.conv.bias_zero_point'. It is no longer used by any node.
2026-09-08 23:35:59.9271469 [I:onnxruntime:, graph.cc:4888 onnxruntime::Graph::CleanUnusedInitializersAndNodeArgs] Removing initializer 'model.6.m.0.cv2.conv.bias_quantized'. It is no longer used by any node.
2026-09-08 23:35:59.9274511 [I:onnxruntime:, graph.cc:4888 onnxruntime::Graph::CleanUnusedInitializersAndNodeArgs] Removing initializer '/model.6/m.0/cv2/act/Sigmoid_output_0_zero_point'. It is no longer used by any node.
2026-09-08 23:35:59.9277377 [I:onnxruntime:, graph.cc:4888 onnxruntime::Graph::CleanUnusedInitializersAndNodeArgs] Removing initializer 'model.6.m.1.cv2.conv.bias_quantized'. It is no longer used by any node.
2026-09-08 23:35:59.9280151 [I:onnxruntime:, graph.cc:4888 onnxruntime::Graph::CleanUnusedInitializersAndNodeArgs] Removing initializer '/model.6/m.0/cv2/act/Mul_output_0_zero_point'. It is no longer used by any node.
2026-09-08 23:35:59.9282871 [I:onnxruntime:, graph.cc:4888 onnxruntime::Graph::CleanUnusedInitializersAndNodeArgs] Removing initializer '/model.6/m.0/Add_output_0_zero_point'. It is no longer used by any node.
2026-09-08 23:35:59.9285831 [I:onnxruntime:, graph.cc:4888 onnxruntime::Graph::CleanUnusedInitializersAndNodeArgs] Removing initializer '/model.8/Split_output_1_zero_point'. It is no longer used by any node.
2026-09-08 23:35:59.9289059 [I:onnxruntime:, graph.cc:4888 onnxruntime::Graph::CleanUnusedInitializersAndNodeArgs] Removing initializer '/model.6/m.1/cv1/conv/Conv_output_0_zero_point'. It is no longer used by any node.
2026-09-08 23:35:59.9292529 [I:onnxruntime:, graph.cc:4888 onnxruntime::Graph::CleanUnusedInitializersAndNodeArgs] Removing initializer 'model.6.cv2.conv.bias_zero_point'. It is no longer used by any node.
2026-09-08 23:35:59.9295712 [I:onnxruntime:, graph.cc:4888 onnxruntime::Graph::CleanUnusedInitializersAndNodeArgs] Removing initializer 'model.15.cv2.conv.weight_zero_point'. It is no longer used by any node.
2026-09-08 23:35:59.9298939 [I:onnxruntime:, graph.cc:4888 onnxruntime::Graph::CleanUnusedInitializersAndNodeArgs] Removing initializer 'model.22.cv2.0.1.conv.weight_zero_point'. It is no longer used by any node.
2026-09-08 23:35:59.9301970 [I:onnxruntime:, graph.cc:4888 onnxruntime::Graph::CleanUnusedInitializersAndNodeArgs] Removing initializer 'model.6.m.1.cv1.conv.weight_zero_point'. It is no longer used by any node.
2026-09-08 23:35:59.9304832 [I:onnxruntime:, graph.cc:4888 onnxruntime::Graph::CleanUnusedInitializersAndNodeArgs] Removing initializer 'model.22.cv2.0.1.conv.weight_quantized'. It is no longer used by any node.
2026-09-08 23:35:59.9307503 [I:onnxruntime:, graph.cc:4888 onnxruntime::Graph::CleanUnusedInitializersAndNodeArgs] Removing initializer 'model.6.m.1.cv1.conv.weight_quantized'. It is no longer used by any node.
2026-09-08 23:35:59.9309868 [I:onnxruntime:, graph.cc:4888 onnxruntime::Graph::CleanUnusedInitializersAndNodeArgs] Removing initializer 'model.22.cv2.0.1.conv.bias_quantized'. It is no longer used by any node.
2026-09-08 23:35:59.9312589 [I:onnxruntime:, graph.cc:4888 onnxruntime::Graph::CleanUnusedInitializersAndNodeArgs] Removing initializer 'model.6.m.1.cv1.conv.bias_quantized'. It is no longer used by any node.
2026-09-08 23:35:59.9315027 [I:onnxruntime:, graph.cc:4888 onnxruntime::Graph::CleanUnusedInitializersAndNodeArgs] Removing initializer '/model.6/m.1/cv1/act/Sigmoid_output_0_zero_point'. It is no longer used by any node.
2026-09-08 23:35:59.9317789 [I:onnxruntime:, graph.cc:4888 onnxruntime::Graph::CleanUnusedInitializersAndNodeArgs] Removing initializer '/model.21/m.0/cv2/conv/Conv_output_0_zero_point'. It is no longer used by any node.
2026-09-08 23:35:59.9320515 [I:onnxruntime:, graph.cc:4888 onnxruntime::Graph::CleanUnusedInitializersAndNodeArgs] Removing initializer 'model.6.m.1.cv2.conv.weight_zero_point'. It is no longer used by any node.
2026-09-08 23:35:59.9323543 [I:onnxruntime:, graph.cc:4888 onnxruntime::Graph::CleanUnusedInitializersAndNodeArgs] Removing initializer 'model.6.m.1.cv2.conv.weight_quantized'. It is no longer used by any node.
2026-09-08 23:35:59.9326445 [I:onnxruntime:, graph.cc:4888 onnxruntime::Graph::CleanUnusedInitializersAndNodeArgs] Removing initializer '/model.9/cv2/act/Mul_output_0_zero_point'. It is no longer used by any node.
2026-09-08 23:35:59.9330169 [I:onnxruntime:, graph.cc:4888 onnxruntime::Graph::CleanUnusedInitializersAndNodeArgs] Removing initializer 'model.6.m.1.cv2.conv.bias_zero_point'. It is no longer used by any node.
2026-09-08 23:35:59.9334538 [I:onnxruntime:, graph.cc:4888 onnxruntime::Graph::CleanUnusedInitializersAndNodeArgs] Removing initializer 'model.15.cv2.conv.bias_quantized'. It is no longer used by any node.
2026-09-08 23:35:59.9338698 [I:onnxruntime:, graph.cc:4888 onnxruntime::Graph::CleanUnusedInitializersAndNodeArgs] Removing initializer '/model.6/m.1/cv2/act/Sigmoid_output_0_zero_point'. It is no longer used by any node.
2026-09-08 23:35:59.9343220 [I:onnxruntime:, graph.cc:4888 onnxruntime::Graph::CleanUnusedInitializersAndNodeArgs] Removing initializer '/model.15/attn/Mul_output_0_bias_quantized'. It is no longer used by any node.
2026-09-08 23:35:59.9347666 [I:onnxruntime:, graph.cc:4888 onnxruntime::Graph::CleanUnusedInitializersAndNodeArgs] Removing initializer '/model.6/Concat_output_0_zero_point'. It is no longer used by any node.
2026-09-08 23:35:59.9351726 [I:onnxruntime:, graph.cc:4888 onnxruntime::Graph::CleanUnusedInitializersAndNodeArgs] Removing initializer '/model.6/cv2/conv/Conv_output_0_zero_point'. It is no longer used by any node.
2026-09-08 23:35:59.9356350 [I:onnxruntime:, graph.cc:4888 onnxruntime::Graph::CleanUnusedInitializersAndNodeArgs] Removing initializer 'model.6.cv2.conv.bias_quantized'. It is no longer used by any node.
2026-09-08 23:35:59.9359476 [I:onnxruntime:, graph.cc:4888 onnxruntime::Graph::CleanUnusedInitializersAndNodeArgs] Removing initializer '/model.6/cv2/act/Mul_output_0_zero_point'. It is no longer used by any node.
2026-09-08 23:35:59.9362734 [I:onnxruntime:, graph.cc:4888 onnxruntime::Graph::CleanUnusedInitializersAndNodeArgs] Removing initializer 'model.7.conv.weight_quantized'. It is no longer used by any node.
2026-09-08 23:35:59.9366409 [I:onnxruntime:, graph.cc:4888 onnxruntime::Graph::CleanUnusedInitializersAndNodeArgs] Removing initializer '/model.7/act/Sigmoid_output_0_zero_point'. It is no longer used by any node.
2026-09-08 23:35:59.9369485 [I:onnxruntime:, graph.cc:4888 onnxruntime::Graph::CleanUnusedInitializersAndNodeArgs] Removing initializer 'model.9.cv1.conv.bias_quantized'. It is no longer used by any node.
2026-09-08 23:35:59.9372632 [I:onnxruntime:, graph.cc:4888 onnxruntime::Graph::CleanUnusedInitializersAndNodeArgs] Removing initializer 'model.7.conv.bias_zero_point'. It is no longer used by any node.
2026-09-08 23:35:59.9375840 [I:onnxruntime:, graph.cc:4888 onnxruntime::Graph::CleanUnusedInitializersAndNodeArgs] Removing initializer '/model.8/cv1/conv/Conv_output_0_zero_point'. It is no longer used by any node.
2026-09-08 23:35:59.9379040 [I:onnxruntime:, graph.cc:4888 onnxruntime::Graph::CleanUnusedInitializersAndNodeArgs] Removing initializer 'model.21.cv2.conv.weight_quantized'. It is no longer used by any node.
2026-09-08 23:35:59.9382106 [I:onnxruntime:, graph.cc:4888 onnxruntime::Graph::CleanUnusedInitializersAndNodeArgs] Removing initializer 'model.8.cv1.conv.weight_zero_point'. It is no longer used by any node.
2026-09-08 23:35:59.9385140 [I:onnxruntime:, graph.cc:4888 onnxruntime::Graph::CleanUnusedInitializersAndNodeArgs] Removing initializer 'model.8.cv1.conv.weight_quantized'. It is no longer used by any node.
2026-09-08 23:35:59.9388585 [I:onnxruntime:, graph.cc:4888 onnxruntime::Graph::CleanUnusedInitializersAndNodeArgs] Removing initializer 'model.8.cv2.conv.bias_zero_point'. It is no longer used by any node.
2026-09-08 23:35:59.9392019 [I:onnxruntime:, graph.cc:4888 onnxruntime::Graph::CleanUnusedInitializersAndNodeArgs] Removing initializer 'onnx::Conv_633_zero_point'. It is no longer used by any node.
2026-09-08 23:35:59.9395394 [I:onnxruntime:, graph.cc:4888 onnxruntime::Graph::CleanUnusedInitializersAndNodeArgs] Removing initializer 'model.8.cv1.conv.bias_quantized'. It is no longer used by any node.
2026-09-08 23:35:59.9398323 [I:onnxruntime:, graph.cc:4888 onnxruntime::Graph::CleanUnusedInitializersAndNodeArgs] Removing initializer '/model.8/cv1/act/Sigmoid_output_0_zero_point'. It is no longer used by any node.
2026-09-08 23:35:59.9401600 [I:onnxruntime:, graph.cc:4888 onnxruntime::Graph::CleanUnusedInitializersAndNodeArgs] Removing initializer '/model.8/Split_output_0_zero_point'. It is no longer used by any node.
2026-09-08 23:35:59.9404671 [I:onnxruntime:, graph.cc:4888 onnxruntime::Graph::CleanUnusedInitializersAndNodeArgs] Removing initializer 'model.15.cv1.conv.weight_quantized'. It is no longer used by any node.
2026-09-08 23:35:59.9407591 [I:onnxruntime:, graph.cc:4888 onnxruntime::Graph::CleanUnusedInitializersAndNodeArgs] Removing initializer '/model.8/m.0/cv1/conv/Conv_output_0_zero_point'. It is no longer used by any node.
2026-09-08 23:35:59.9465084 [I:onnxruntime:, graph.cc:4888 onnxruntime::Graph::CleanUnusedInitializersAndNodeArgs] Removing initializer 'model.15.m.0.cv2.conv.weight_quantized'. It is no longer used by any node.
2026-09-08 23:35:59.9469392 [I:onnxruntime:, graph.cc:4888 onnxruntime::Graph::CleanUnusedInitializersAndNodeArgs] Removing initializer 'model.8.m.0.cv1.conv.weight_zero_point'. It is no longer used by any node.
2026-09-08 23:35:59.9472391 [I:onnxruntime:, graph.cc:4888 onnxruntime::Graph::CleanUnusedInitializersAndNodeArgs] Removing initializer '/model.15/Slice_output_0_zero_point'. It is no longer used by any node.
2026-09-08 23:35:59.9474999 [I:onnxruntime:, graph.cc:4888 onnxruntime::Graph::CleanUnusedInitializersAndNodeArgs] Removing initializer 'model.8.m.0.cv1.conv.weight_quantized'. It is no longer used by any node.
2026-09-08 23:35:59.9477599 [I:onnxruntime:, graph.cc:4888 onnxruntime::Graph::CleanUnusedInitializersAndNodeArgs] Removing initializer '/model.22/cv2.0/cv2.0.0/conv/Conv_output_0_zero_point'. It is no longer used by any node.
2026-09-08 23:35:59.9482489 [I:onnxruntime:, graph.cc:4888 onnxruntime::Graph::CleanUnusedInitializersAndNodeArgs] Removing initializer 'model.8.m.0.cv1.conv.bias_zero_point'. It is no longer used by any node.
2026-09-08 23:35:59.9486335 [I:onnxruntime:, graph.cc:4888 onnxruntime::Graph::CleanUnusedInitializersAndNodeArgs] Removing initializer 'model.8.m.0.cv1.conv.bias_quantized'. It is no longer used by any node.
2026-09-08 23:35:59.9490172 [I:onnxruntime:, graph.cc:4888 onnxruntime::Graph::CleanUnusedInitializersAndNodeArgs] Removing initializer '/model.8/m.0/cv1/act/Sigmoid_output_0_zero_point'. It is no longer used by any node.
2026-09-08 23:35:59.9494312 [I:onnxruntime:, graph.cc:4888 onnxruntime::Graph::CleanUnusedInitializersAndNodeArgs] Removing initializer 'model.8.cv2.conv.weight_quantized'. It is no longer used by any node.
2026-09-08 23:35:59.9498517 [I:onnxruntime:, graph.cc:4888 onnxruntime::Graph::CleanUnusedInitializersAndNodeArgs] Removing initializer '/model.8/m.0/cv1/act/Mul_output_0_zero_point'. It is no longer used by any node.
2026-09-08 23:35:59.9502460 [I:onnxruntime:, graph.cc:4888 onnxruntime::Graph::CleanUnusedInitializersAndNodeArgs] Removing initializer '/model.8/m.0/cv2/conv/Conv_output_0_zero_point'. It is no longer used by any node.
2026-09-08 23:35:59.9506067 [I:onnxruntime:, graph.cc:4888 onnxruntime::Graph::CleanUnusedInitializersAndNodeArgs] Removing initializer 'model.8.m.0.cv2.conv.weight_quantized'. It is no longer used by any node.
2026-09-08 23:35:59.9509529 [I:onnxruntime:, graph.cc:4888 onnxruntime::Graph::CleanUnusedInitializersAndNodeArgs] Removing initializer 'model.8.m.0.cv2.conv.bias_quantized'. It is no longer used by any node.
2026-09-08 23:35:59.9513154 [I:onnxruntime:, graph.cc:4888 onnxruntime::Graph::CleanUnusedInitializersAndNodeArgs] Removing initializer '/model.9/cv2/conv/Conv_output_0_zero_point'. It is no longer used by any node.
2026-09-08 23:35:59.9516418 [I:onnxruntime:, graph.cc:4888 onnxruntime::Graph::CleanUnusedInitializersAndNodeArgs] Removing initializer '/model.8/m.0/cv2/act/Mul_output_0_zero_point'. It is no longer used by any node.
2026-09-08 23:35:59.9520062 [I:onnxruntime:, graph.cc:4888 onnxruntime::Graph::CleanUnusedInitializersAndNodeArgs] Removing initializer 'model.22.cv2.0.2.weight_quantized'. It is no longer used by any node.
2026-09-08 23:35:59.9523527 [I:onnxruntime:, graph.cc:4888 onnxruntime::Graph::CleanUnusedInitializersAndNodeArgs] Removing initializer '/model.8/m.0/Add_output_0_zero_point'. It is no longer used by any node.
2026-09-08 23:35:59.9526535 [I:onnxruntime:, graph.cc:4888 onnxruntime::Graph::CleanUnusedInitializersAndNodeArgs] Removing initializer '/model.8/cv2/conv/Conv_output_0_zero_point'. It is no longer used by any node.
2026-09-08 23:35:59.9529389 [I:onnxruntime:, graph.cc:4888 onnxruntime::Graph::CleanUnusedInitializersAndNodeArgs] Removing initializer 'onnx::Conv_634_quantized'. It is no longer used by any node.
2026-09-08 23:35:59.9532026 [I:onnxruntime:, graph.cc:4888 onnxruntime::Graph::CleanUnusedInitializersAndNodeArgs] Removing initializer 'model.8.cv2.conv.weight_zero_point'. It is no longer used by any node.
2026-09-08 23:35:59.9534580 [I:onnxruntime:, graph.cc:4888 onnxruntime::Graph::CleanUnusedInitializersAndNodeArgs] Removing initializer 'model.22.cv2.1.0.conv.bias_quantized'. It is no longer used by any node.
2026-09-08 23:35:59.9537189 [I:onnxruntime:, graph.cc:4888 onnxruntime::Graph::CleanUnusedInitializersAndNodeArgs] Removing initializer '/model.22/cv2.0/cv2.0.0/act/Mul_output_0_zero_point'. It is no longer used by any node.
2026-09-08 23:35:59.9540098 [I:onnxruntime:, graph.cc:4888 onnxruntime::Graph::CleanUnusedInitializersAndNodeArgs] Removing initializer '/model.8/cv2/act/Sigmoid_output_0_zero_point'. It is no longer used by any node.
2026-09-08 23:35:59.9543036 [I:onnxruntime:, graph.cc:4888 onnxruntime::Graph::CleanUnusedInitializersAndNodeArgs] Removing initializer '/model.12/m.0/cv1/act/Mul_output_0_zero_point'. It is no longer used by any node.
2026-09-08 23:35:59.9546408 [I:onnxruntime:, graph.cc:4888 onnxruntime::Graph::CleanUnusedInitializersAndNodeArgs] Removing initializer '/model.9/cv1/conv/Conv_output_0_zero_point'. It is no longer used by any node.
2026-09-08 23:35:59.9550916 [I:onnxruntime:, graph.cc:4888 onnxruntime::Graph::CleanUnusedInitializersAndNodeArgs] Removing initializer 'model.16.conv.weight_quantized'. It is no longer used by any node.
2026-09-08 23:35:59.9553931 [I:onnxruntime:, graph.cc:4888 onnxruntime::Graph::CleanUnusedInitializersAndNodeArgs] Removing initializer 'model.9.cv1.conv.weight_zero_point'. It is no longer used by any node.
2026-09-08 23:35:59.9556931 [I:onnxruntime:, graph.cc:4888 onnxruntime::Graph::CleanUnusedInitializersAndNodeArgs] Removing initializer '/model.15/attn/Mul_output_0_bias_zero_point'. It is no longer used by any node.
2026-09-08 23:35:59.9560327 [I:onnxruntime:, graph.cc:4888 onnxruntime::Graph::CleanUnusedInitializersAndNodeArgs] Removing initializer 'model.9.cv1.conv.weight_quantized'. It is no longer used by any node.
2026-09-08 23:35:59.9563467 [I:onnxruntime:, graph.cc:4888 onnxruntime::Graph::CleanUnusedInitializersAndNodeArgs] Removing initializer '/model.12/m.0/cv2/act/Mul_output_0_zero_point'. It is no longer used by any node.
2026-09-08 23:35:59.9568323 [I:onnxruntime:, graph.cc:4888 onnxruntime::Graph::CleanUnusedInitializersAndNodeArgs] Removing initializer 'model.9.cv1.conv.bias_zero_point'. It is no longer used by any node.
2026-09-08 23:35:59.9571337 [I:onnxruntime:, graph.cc:4888 onnxruntime::Graph::CleanUnusedInitializersAndNodeArgs] Removing initializer '/model.9/cv1/act/Sigmoid_output_0_zero_point'. It is no longer used by any node.
2026-09-08 23:35:59.9574452 [I:onnxruntime:, graph.cc:4888 onnxruntime::Graph::CleanUnusedInitializersAndNodeArgs] Removing initializer '/model.12/cv1/conv/Conv_output_0_zero_point'. It is no longer used by any node.
2026-09-08 23:35:59.9577683 [I:onnxruntime:, graph.cc:4888 onnxruntime::Graph::CleanUnusedInitializersAndNodeArgs] Removing initializer '/model.12/m.0/cv2/act/Sigmoid_output_0_zero_point'. It is no longer used by any node.
2026-09-08 23:35:59.9581086 [I:onnxruntime:, graph.cc:4888 onnxruntime::Graph::CleanUnusedInitializersAndNodeArgs] Removing initializer '/model.15/m.0/cv2/act/Mul_output_0_zero_point'. It is no longer used by any node.
2026-09-08 23:35:59.9584404 [I:onnxruntime:, graph.cc:4888 onnxruntime::Graph::CleanUnusedInitializersAndNodeArgs] Removing initializer 'model.9.cv2.conv.weight_zero_point'. It is no longer used by any node.
2026-09-08 23:35:59.9587325 [I:onnxruntime:, graph.cc:4888 onnxruntime::Graph::CleanUnusedInitializersAndNodeArgs] Removing initializer 'model.9.cv2.conv.weight_quantized'. It is no longer used by any node.
2026-09-08 23:35:59.9590436 [I:onnxruntime:, graph.cc:4888 onnxruntime::Graph::CleanUnusedInitializersAndNodeArgs] Removing initializer 'model.9.cv2.conv.bias_zero_point'. It is no longer used by any node.
2026-09-08 23:35:59.9593362 [I:onnxruntime:, graph.cc:4888 onnxruntime::Graph::CleanUnusedInitializersAndNodeArgs] Removing initializer 'model.9.cv2.conv.bias_quantized'. It is no longer used by any node.
2026-09-08 23:35:59.9596216 [I:onnxruntime:, graph.cc:4888 onnxruntime::Graph::CleanUnusedInitializersAndNodeArgs] Removing initializer '/model.11/Concat_output_0_zero_point'. It is no longer used by any node.
2026-09-08 23:35:59.9599229 [I:onnxruntime:, graph.cc:4888 onnxruntime::Graph::CleanUnusedInitializersAndNodeArgs] Removing initializer '/model.15/m.0/cv2/act/Sigmoid_output_0_zero_point'. It is no longer used by any node.
2026-09-08 23:35:59.9602475 [I:onnxruntime:, graph.cc:4888 onnxruntime::Graph::CleanUnusedInitializersAndNodeArgs] Removing initializer 'model.12.cv1.conv.weight_zero_point'. It is no longer used by any node.
2026-09-08 23:35:59.9605530 [I:onnxruntime:, graph.cc:4888 onnxruntime::Graph::CleanUnusedInitializersAndNodeArgs] Removing initializer 'model.12.cv1.conv.weight_quantized'. It is no longer used by any node.
2026-09-08 23:35:59.9607919 [I:onnxruntime:, graph.cc:4888 onnxruntime::Graph::CleanUnusedInitializersAndNodeArgs] Removing initializer 'model.12.cv1.conv.bias_zero_point'. It is no longer used by any node.
2026-09-08 23:35:59.9610324 [I:onnxruntime:, graph.cc:4888 onnxruntime::Graph::CleanUnusedInitializersAndNodeArgs] Removing initializer 'model.12.cv1.conv.bias_quantized'. It is no longer used by any node.
2026-09-08 23:35:59.9612577 [I:onnxruntime:, graph.cc:4888 onnxruntime::Graph::CleanUnusedInitializersAndNodeArgs] Removing initializer '/model.12/cv1/act/Sigmoid_output_0_zero_point'. It is no longer used by any node.
2026-09-08 23:35:59.9615154 [I:onnxruntime:, graph.cc:4888 onnxruntime::Graph::CleanUnusedInitializersAndNodeArgs] Removing initializer '/model.12/attn/Mul_output_0_bias_zero_point'. It is no longer used by any node.
2026-09-08 23:35:59.9619575 [I:onnxruntime:, graph.cc:4888 onnxruntime::Graph::CleanUnusedInitializersAndNodeArgs] Removing initializer '/model.12/cv1/act/Mul_output_0_zero_point'. It is no longer used by any node.
2026-09-08 23:35:59.9623334 [I:onnxruntime:, graph.cc:4888 onnxruntime::Graph::CleanUnusedInitializersAndNodeArgs] Removing initializer '/model.12/Concat_output_0_zero_point'. It is no longer used by any node.
2026-09-08 23:35:59.9626726 [I:onnxruntime:, graph.cc:4888 onnxruntime::Graph::CleanUnusedInitializersAndNodeArgs] Removing initializer 'model.12.cv2.conv.bias_scale'. It is no longer used by any node.
2026-09-08 23:35:59.9629878 [I:onnxruntime:, graph.cc:4888 onnxruntime::Graph::CleanUnusedInitializersAndNodeArgs] Removing initializer '/model.12/m.0/cv1/conv/Conv_output_0_zero_point'. It is no longer used by any node.
2026-09-08 23:35:59.9633512 [I:onnxruntime:, graph.cc:4888 onnxruntime::Graph::CleanUnusedInitializersAndNodeArgs] Removing initializer 'model.12.cv2.conv.weight_zero_point'. It is no longer used by any node.
2026-09-08 23:35:59.9636274 [I:onnxruntime:, graph.cc:4888 onnxruntime::Graph::CleanUnusedInitializersAndNodeArgs] Removing initializer '/model.12/attn/Mul_output_0_weight_zero_point'. It is no longer used by any node.
2026-09-08 23:35:59.9639271 [I:onnxruntime:, graph.cc:4888 onnxruntime::Graph::CleanUnusedInitializersAndNodeArgs] Removing initializer 'model.22.cv2.0.0.conv.weight_quantized'. It is no longer used by any node.
2026-09-08 23:35:59.9642013 [I:onnxruntime:, graph.cc:4888 onnxruntime::Graph::CleanUnusedInitializersAndNodeArgs] Removing initializer 'model.12.m.0.cv1.conv.weight_zero_point'. It is no longer used by any node.
2026-09-08 23:35:59.9644785 [I:onnxruntime:, graph.cc:4888 onnxruntime::Graph::CleanUnusedInitializersAndNodeArgs] Removing initializer 'model.12.m.0.cv1.conv.weight_quantized'. It is no longer used by any node.
2026-09-08 23:35:59.9647495 [I:onnxruntime:, graph.cc:4888 onnxruntime::Graph::CleanUnusedInitializersAndNodeArgs] Removing initializer '/model.22/cv2.0/cv2.0.1/act/Mul_output_0_zero_point'. It is no longer used by any node.
2026-09-08 23:35:59.9650342 [I:onnxruntime:, graph.cc:4888 onnxruntime::Graph::CleanUnusedInitializersAndNodeArgs] Removing initializer 'model.12.m.0.cv1.conv.bias_quantized'. It is no longer used by any node.
2026-09-08 23:35:59.9653056 [I:onnxruntime:, graph.cc:4888 onnxruntime::Graph::CleanUnusedInitializersAndNodeArgs] Removing initializer 'model.12.m.0.cv2.conv.weight_quantized'. It is no longer used by any node.
2026-09-08 23:35:59.9655929 [I:onnxruntime:, graph.cc:4888 onnxruntime::Graph::CleanUnusedInitializersAndNodeArgs] Removing initializer '/model.21/m.0/cv1/act/Mul_output_0_zero_point'. It is no longer used by any node.
2026-09-08 23:35:59.9658377 [I:onnxruntime:, graph.cc:4888 onnxruntime::Graph::CleanUnusedInitializersAndNodeArgs] Removing initializer '/model.18/attn/Mul_output_0_bias_zero_point'. It is no longer used by any node.
2026-09-08 23:35:59.9660709 [I:onnxruntime:, graph.cc:4888 onnxruntime::Graph::CleanUnusedInitializersAndNodeArgs] Removing initializer 'model.21.cv2.conv.weight_zero_point'. It is no longer used by any node.
2026-09-08 23:35:59.9663001 [I:onnxruntime:, graph.cc:4888 onnxruntime::Graph::CleanUnusedInitializersAndNodeArgs] Removing initializer 'model.15.m.0.cv1.conv.bias_quantized'. It is no longer used by any node.
2026-09-08 23:35:59.9665283 [I:onnxruntime:, graph.cc:4888 onnxruntime::Graph::CleanUnusedInitializersAndNodeArgs] Removing initializer 'model.21.cv1.conv.weight_zero_point'. It is no longer used by any node.
2026-09-08 23:35:59.9669461 [I:onnxruntime:, graph.cc:4888 onnxruntime::Graph::CleanUnusedInitializersAndNodeArgs] Removing initializer 'model.12.cv2.conv.bias_quantized'. It is no longer used by any node.
2026-09-08 23:35:59.9674362 [I:onnxruntime:, graph.cc:4888 onnxruntime::Graph::CleanUnusedInitializersAndNodeArgs] Removing initializer '/model.14/Concat_output_0_zero_point'. It is no longer used by any node.
2026-09-08 23:35:59.9678785 [I:onnxruntime:, graph.cc:4888 onnxruntime::Graph::CleanUnusedInitializersAndNodeArgs] Removing initializer '/model.15/cv1/conv/Conv_output_0_zero_point'. It is no longer used by any node.
2026-09-08 23:35:59.9681855 [I:onnxruntime:, graph.cc:4888 onnxruntime::Graph::CleanUnusedInitializersAndNodeArgs] Removing initializer 'model.15.m.0.cv1.conv.bias_zero_point'. It is no longer used by any node.
2026-09-08 23:35:59.9685266 [I:onnxruntime:, graph.cc:4888 onnxruntime::Graph::CleanUnusedInitializersAndNodeArgs] Removing initializer 'model.15.cv1.conv.bias_quantized'. It is no longer used by any node.
2026-09-08 23:35:59.9688668 [I:onnxruntime:, graph.cc:4888 onnxruntime::Graph::CleanUnusedInitializersAndNodeArgs] Removing initializer '/model.15/cv1/act/Sigmoid_output_0_zero_point'. It is no longer used by any node.
2026-09-08 23:35:59.9692127 [I:onnxruntime:, graph.cc:4888 onnxruntime::Graph::CleanUnusedInitializersAndNodeArgs] Removing initializer '/model.15/Slice_1_output_0_zero_point'. It is no longer used by any node.
2026-09-08 23:35:59.9695265 [I:onnxruntime:, graph.cc:4888 onnxruntime::Graph::CleanUnusedInitializersAndNodeArgs] Removing initializer 'model.15.m.0.cv1.conv.weight_zero_point'. It is no longer used by any node.
2026-09-08 23:35:59.9698244 [I:onnxruntime:, graph.cc:4888 onnxruntime::Graph::CleanUnusedInitializersAndNodeArgs] Removing initializer 'model.15.m.0.cv1.conv.weight_quantized'. It is no longer used by any node.
2026-09-08 23:35:59.9701818 [I:onnxruntime:, graph.cc:4888 onnxruntime::Graph::CleanUnusedInitializersAndNodeArgs] Removing initializer '/model.19/act/Mul_output_0_zero_point'. It is no longer used by any node.
2026-09-08 23:35:59.9706150 [I:onnxruntime:, graph.cc:4888 onnxruntime::Graph::CleanUnusedInitializersAndNodeArgs] Removing initializer '/model.15/m.0/cv2/conv/Conv_output_0_zero_point'. It is no longer used by any node.
2026-09-08 23:35:59.9713039 [I:onnxruntime:, graph.cc:4888 onnxruntime::Graph::CleanUnusedInitializersAndNodeArgs] Removing initializer 'model.15.m.0.cv2.conv.weight_zero_point'. It is no longer used by any node.
2026-09-08 23:35:59.9716700 [I:onnxruntime:, graph.cc:4888 onnxruntime::Graph::CleanUnusedInitializersAndNodeArgs] Removing initializer 'model.15.m.0.cv2.conv.bias_zero_point'. It is no longer used by any node.
2026-09-08 23:35:59.9719818 [I:onnxruntime:, graph.cc:4888 onnxruntime::Graph::CleanUnusedInitializersAndNodeArgs] Removing initializer '/model.15/attn/Mul_output_0_weight_zero_point'. It is no longer used by any node.
2026-09-08 23:35:59.9723205 [I:onnxruntime:, graph.cc:4888 onnxruntime::Graph::CleanUnusedInitializersAndNodeArgs] Removing initializer '/model.15/attn/Mul_output_0_weight_quantized'. It is no longer used by any node.
2026-09-08 23:35:59.9726574 [I:onnxruntime:, graph.cc:4888 onnxruntime::Graph::CleanUnusedInitializersAndNodeArgs] Removing initializer '/model.15/cv2/conv/Conv_output_0_zero_point'. It is no longer used by any node.
2026-09-08 23:35:59.9729845 [I:onnxruntime:, graph.cc:4888 onnxruntime::Graph::CleanUnusedInitializersAndNodeArgs] Removing initializer 'model.15.cv2.conv.weight_quantized'. It is no longer used by any node.
2026-09-08 23:35:59.9733516 [I:onnxruntime:, graph.cc:4888 onnxruntime::Graph::CleanUnusedInitializersAndNodeArgs] Removing initializer 'model.22.cv2.2.0.conv.weight_zero_point'. It is no longer used by any node.
2026-09-08 23:35:59.9736665 [I:onnxruntime:, graph.cc:4888 onnxruntime::Graph::CleanUnusedInitializersAndNodeArgs] Removing initializer 'model.18.cv1.conv.weight_quantized'. It is no longer used by any node.
2026-09-08 23:35:59.9739945 [I:onnxruntime:, graph.cc:4888 onnxruntime::Graph::CleanUnusedInitializersAndNodeArgs] Removing initializer 'model.22.cv2.2.0.conv.bias_zero_point'. It is no longer used by any node.
2026-09-08 23:35:59.9743419 [I:onnxruntime:, graph.cc:4888 onnxruntime::Graph::CleanUnusedInitializersAndNodeArgs] Removing initializer '/model.15/cv2/act/Sigmoid_output_0_zero_point'. It is no longer used by any node.
2026-09-08 23:35:59.9746671 [I:onnxruntime:, graph.cc:4888 onnxruntime::Graph::CleanUnusedInitializersAndNodeArgs] Removing initializer 'model.16.conv.bias_zero_point'. It is no longer used by any node.
2026-09-08 23:35:59.9750779 [I:onnxruntime:, graph.cc:4888 onnxruntime::Graph::CleanUnusedInitializersAndNodeArgs] Removing initializer '/model.22/cv2.0/cv2.0.1/act/Sigmoid_output_0_zero_point'. It is no longer used by any node.
2026-09-08 23:35:59.9754174 [I:onnxruntime:, graph.cc:4888 onnxruntime::Graph::CleanUnusedInitializersAndNodeArgs] Removing initializer 'model.22.cv2.0.0.conv.weight_zero_point'. It is no longer used by any node.
2026-09-08 23:35:59.9757460 [I:onnxruntime:, graph.cc:4888 onnxruntime::Graph::CleanUnusedInitializersAndNodeArgs] Removing initializer 'model.22.cv2.0.0.conv.bias_zero_point'. It is no longer used by any node.
2026-09-08 23:35:59.9760683 [I:onnxruntime:, graph.cc:4888 onnxruntime::Graph::CleanUnusedInitializersAndNodeArgs] Removing initializer '/model.22/cv3.0/cv3.0.0/conv/Conv_output_0_zero_point'. It is no longer used by any node.
2026-09-08 23:35:59.9763862 [I:onnxruntime:, graph.cc:4888 onnxruntime::Graph::CleanUnusedInitializersAndNodeArgs] Removing initializer 'model.22.cv3.0.0.conv.weight_zero_point'. It is no longer used by any node.
2026-09-08 23:35:59.9767200 [I:onnxruntime:, graph.cc:4888 onnxruntime::Graph::CleanUnusedInitializersAndNodeArgs] Removing initializer 'model.22.cv3.0.0.conv.weight_quantized'. It is no longer used by any node.
2026-09-08 23:35:59.9771474 [I:onnxruntime:, graph.cc:4888 onnxruntime::Graph::CleanUnusedInitializersAndNodeArgs] Removing initializer 'model.22.cv3.0.0.conv.bias_zero_point'. It is no longer used by any node.
2026-09-08 23:35:59.9774612 [I:onnxruntime:, graph.cc:4888 onnxruntime::Graph::CleanUnusedInitializersAndNodeArgs] Removing initializer 'model.22.cv3.0.0.conv.bias_quantized'. It is no longer used by any node.
2026-09-08 23:35:59.9778096 [I:onnxruntime:, graph.cc:4888 onnxruntime::Graph::CleanUnusedInitializersAndNodeArgs] Removing initializer '/model.16/act/Sigmoid_output_0_zero_point'. It is no longer used by any node.
2026-09-08 23:35:59.9783187 [I:onnxruntime:, graph.cc:4888 onnxruntime::Graph::CleanUnusedInitializersAndNodeArgs] Removing initializer '/model.22/cv2.0/cv2.0.0/act/Sigmoid_output_0_zero_point'. It is no longer used by any node.
2026-09-08 23:35:59.9786311 [I:onnxruntime:, graph.cc:4888 onnxruntime::Graph::CleanUnusedInitializersAndNodeArgs] Removing initializer '/model.22/cv3.0/cv3.0.0/act/Sigmoid_output_0_zero_point'. It is no longer used by any node.
2026-09-08 23:35:59.9789343 [I:onnxruntime:, graph.cc:4888 onnxruntime::Graph::CleanUnusedInitializersAndNodeArgs] Removing initializer '/model.16/act/Mul_output_0_zero_point'. It is no longer used by any node.
2026-09-08 23:35:59.9792129 [I:onnxruntime:, graph.cc:4888 onnxruntime::Graph::CleanUnusedInitializersAndNodeArgs] Removing initializer '/model.22/cv3.2/cv3.2.0/conv/Conv_output_0_zero_point'. It is no longer used by any node.
2026-09-08 23:35:59.9795058 [I:onnxruntime:, graph.cc:4888 onnxruntime::Graph::CleanUnusedInitializersAndNodeArgs] Removing initializer '/model.22/cv3.0/cv3.0.0/act/Mul_output_0_zero_point'. It is no longer used by any node.
2026-09-08 23:35:59.9797678 [I:onnxruntime:, graph.cc:4888 onnxruntime::Graph::CleanUnusedInitializersAndNodeArgs] Removing initializer '/model.22/cv2.0/cv2.0.1/conv/Conv_output_0_zero_point'. It is no longer used by any node.
2026-09-08 23:35:59.9829719 [I:onnxruntime:, graph.cc:4888 onnxruntime::Graph::CleanUnusedInitializersAndNodeArgs] Removing initializer '/model.22/cv3.0/cv3.0.1/conv/Conv_output_0_zero_point'. It is no longer used by any node.
2026-09-08 23:35:59.9833118 [I:onnxruntime:, graph.cc:4888 onnxruntime::Graph::CleanUnusedInitializersAndNodeArgs] Removing initializer 'model.22.cv3.0.1.conv.weight_zero_point'. It is no longer used by any node.
2026-09-08 23:35:59.9836102 [I:onnxruntime:, graph.cc:4888 onnxruntime::Graph::CleanUnusedInitializersAndNodeArgs] Removing initializer 'model.22.cv3.0.1.conv.weight_quantized'. It is no longer used by any node.
2026-09-08 23:35:59.9840643 [I:onnxruntime:, graph.cc:4888 onnxruntime::Graph::CleanUnusedInitializersAndNodeArgs] Removing initializer 'model.22.cv3.0.1.conv.bias_zero_point'. It is no longer used by any node.
2026-09-08 23:35:59.9845809 [I:onnxruntime:, graph.cc:4888 onnxruntime::Graph::CleanUnusedInitializersAndNodeArgs] Removing initializer 'model.22.cv3.0.1.conv.bias_quantized'. It is no longer used by any node.
2026-09-08 23:35:59.9849151 [I:onnxruntime:, graph.cc:4888 onnxruntime::Graph::CleanUnusedInitializersAndNodeArgs] Removing initializer '/model.22/cv2.2/cv2.2.0/act/Mul_output_0_zero_point'. It is no longer used by any node.
2026-09-08 23:35:59.9852147 [I:onnxruntime:, graph.cc:4888 onnxruntime::Graph::CleanUnusedInitializersAndNodeArgs] Removing initializer '/model.18/cv1/conv/Conv_output_0_zero_point'. It is no longer used by any node.
2026-09-08 23:35:59.9854930 [I:onnxruntime:, graph.cc:4888 onnxruntime::Graph::CleanUnusedInitializersAndNodeArgs] Removing initializer 'model.18.cv1.conv.weight_zero_point'. It is no longer used by any node.
2026-09-08 23:35:59.9976626 [I:onnxruntime:, graph.cc:4888 onnxruntime::Graph::CleanUnusedInitializersAndNodeArgs] Removing initializer '/model.18/m.0/cv2/act/Sigmoid_output_0_zero_point'. It is no longer used by any node.
2026-09-08 23:35:59.9991801 [I:onnxruntime:, graph.cc:4888 onnxruntime::Graph::CleanUnusedInitializersAndNodeArgs] Removing initializer 'model.18.cv1.conv.bias_zero_point'. It is no longer used by any node.
2026-09-08 23:36:00.0012243 [I:onnxruntime:, graph.cc:4888 onnxruntime::Graph::CleanUnusedInitializersAndNodeArgs] Removing initializer 'model.18.cv1.conv.bias_quantized'. It is no longer used by any node.
2026-09-08 23:36:00.0016505 [I:onnxruntime:, graph.cc:4888 onnxruntime::Graph::CleanUnusedInitializersAndNodeArgs] Removing initializer '/model.22/cv3.0/cv3.0.1/act/Sigmoid_output_0_zero_point'. It is no longer used by any node.
2026-09-08 23:36:00.0048753 [I:onnxruntime:, graph.cc:4888 onnxruntime::Graph::CleanUnusedInitializersAndNodeArgs] Removing initializer 'model.22.cv2.1.1.conv.bias_quantized'. It is no longer used by any node.
2026-09-08 23:36:00.0054792 [I:onnxruntime:, graph.cc:4888 onnxruntime::Graph::CleanUnusedInitializersAndNodeArgs] Removing initializer '/model.22/cv3.0/cv3.0.1/act/Mul_output_0_zero_point'. It is no longer used by any node.
2026-09-08 23:36:00.0058053 [I:onnxruntime:, graph.cc:4888 onnxruntime::Graph::CleanUnusedInitializersAndNodeArgs] Removing initializer 'model.22.cv3.1.1.conv.weight_quantized'. It is no longer used by any node.
2026-09-08 23:36:00.0060775 [I:onnxruntime:, graph.cc:4888 onnxruntime::Graph::CleanUnusedInitializersAndNodeArgs] Removing initializer 'model.22.cv2.0.2.bias_zero_point'. It is no longer used by any node.
2026-09-08 23:36:00.0063490 [I:onnxruntime:, graph.cc:4888 onnxruntime::Graph::CleanUnusedInitializersAndNodeArgs] Removing initializer 'model.22.cv2.0.2.bias_quantized'. It is no longer used by any node.
2026-09-08 23:36:00.0067001 [I:onnxruntime:, graph.cc:4888 onnxruntime::Graph::CleanUnusedInitializersAndNodeArgs] Removing initializer 'onnx::Conv_630_quantized'. It is no longer used by any node.
2026-09-08 23:36:00.0069893 [I:onnxruntime:, graph.cc:4888 onnxruntime::Graph::CleanUnusedInitializersAndNodeArgs] Removing initializer 'onnx::Conv_631_zero_point'. It is no longer used by any node.
2026-09-08 23:36:00.0073179 [I:onnxruntime:, graph.cc:4888 onnxruntime::Graph::CleanUnusedInitializersAndNodeArgs] Removing initializer 'model.22.cv3.2.0.conv.bias_quantized'. It is no longer used by any node.
2026-09-08 23:36:00.0076029 [I:onnxruntime:, graph.cc:4888 onnxruntime::Graph::CleanUnusedInitializersAndNodeArgs] Removing initializer '/model.18/Slice_1_output_0_zero_point'. It is no longer used by any node.
2026-09-08 23:36:00.0078918 [I:onnxruntime:, graph.cc:4888 onnxruntime::Graph::CleanUnusedInitializersAndNodeArgs] Removing initializer '/model.18/m.0/cv1/conv/Conv_output_0_zero_point'. It is no longer used by any node.
2026-09-08 23:36:00.0082028 [I:onnxruntime:, graph.cc:4888 onnxruntime::Graph::CleanUnusedInitializersAndNodeArgs] Removing initializer 'model.22.cv2.1.2.bias_quantized'. It is no longer used by any node.
2026-09-08 23:36:00.0085050 [I:onnxruntime:, graph.cc:4888 onnxruntime::Graph::CleanUnusedInitializersAndNodeArgs] Removing initializer 'model.18.m.0.cv1.conv.bias_zero_point'. It is no longer used by any node.
2026-09-08 23:36:00.0087982 [I:onnxruntime:, graph.cc:4888 onnxruntime::Graph::CleanUnusedInitializersAndNodeArgs] Removing initializer '/model.21/cv2/conv/Conv_output_0_zero_point'. It is no longer used by any node.
2026-09-08 23:36:00.0090841 [I:onnxruntime:, graph.cc:4888 onnxruntime::Graph::CleanUnusedInitializersAndNodeArgs] Removing initializer 'model.18.m.0.cv1.conv.bias_quantized'. It is no longer used by any node.
2026-09-08 23:36:00.0094164 [I:onnxruntime:, graph.cc:4888 onnxruntime::Graph::CleanUnusedInitializersAndNodeArgs] Removing initializer '/model.18/m.0/cv1/act/Sigmoid_output_0_zero_point'. It is no longer used by any node.
2026-09-08 23:36:00.0097183 [I:onnxruntime:, graph.cc:4888 onnxruntime::Graph::CleanUnusedInitializersAndNodeArgs] Removing initializer '/model.18/m.0/cv2/act/Mul_output_0_zero_point'. It is no longer used by any node.
2026-09-08 23:36:00.0099914 [I:onnxruntime:, graph.cc:4888 onnxruntime::Graph::CleanUnusedInitializersAndNodeArgs] Removing initializer '/model.18/m.0/cv2/conv/Conv_output_0_zero_point'. It is no longer used by any node.
2026-09-08 23:36:00.0102307 [I:onnxruntime:, graph.cc:4888 onnxruntime::Graph::CleanUnusedInitializersAndNodeArgs] Removing initializer 'model.18.m.0.cv2.conv.weight_zero_point'. It is no longer used by any node.
2026-09-08 23:36:00.0104990 [I:onnxruntime:, graph.cc:4888 onnxruntime::Graph::CleanUnusedInitializersAndNodeArgs] Removing initializer 'model.18.m.0.cv2.conv.weight_quantized'. It is no longer used by any node.
2026-09-08 23:36:00.0107748 [I:onnxruntime:, graph.cc:4888 onnxruntime::Graph::CleanUnusedInitializersAndNodeArgs] Removing initializer 'model.18.m.0.cv2.conv.bias_zero_point'. It is no longer used by any node.
2026-09-08 23:36:00.0110685 [I:onnxruntime:, graph.cc:4888 onnxruntime::Graph::CleanUnusedInitializersAndNodeArgs] Removing initializer '/model.18/attn/Mul_output_0_weight_zero_point'. It is no longer used by any node.
2026-09-08 23:36:00.0113552 [I:onnxruntime:, graph.cc:4888 onnxruntime::Graph::CleanUnusedInitializersAndNodeArgs] Removing initializer '/model.22/cv2.1/cv2.1.1/act/Mul_output_0_zero_point'. It is no longer used by any node.
2026-09-08 23:36:00.0116564 [I:onnxruntime:, graph.cc:4888 onnxruntime::Graph::CleanUnusedInitializersAndNodeArgs] Removing initializer '/model.18/attn/Mul_output_0_weight_quantized'. It is no longer used by any node.
2026-09-08 23:36:00.0119673 [I:onnxruntime:, graph.cc:4888 onnxruntime::Graph::CleanUnusedInitializersAndNodeArgs] Removing initializer '/model.18/attn/Mul_output_0_bias_quantized'. It is no longer used by any node.
2026-09-08 23:36:00.0137571 [I:onnxruntime:, graph.cc:4888 onnxruntime::Graph::CleanUnusedInitializersAndNodeArgs] Removing initializer 'model.21.m.0.cv1.conv.weight_quantized'. It is no longer used by any node.
2026-09-08 23:36:00.0151902 [I:onnxruntime:, graph.cc:4888 onnxruntime::Graph::CleanUnusedInitializersAndNodeArgs] Removing initializer '/model.18/Concat_output_0_zero_point'. It is no longer used by any node.
2026-09-08 23:36:00.0193003 [I:onnxruntime:, graph.cc:4888 onnxruntime::Graph::CleanUnusedInitializersAndNodeArgs] Removing initializer '/model.18/cv2/conv/Conv_output_0_zero_point'. It is no longer used by any node.
2026-09-08 23:36:00.0199086 [I:onnxruntime:, graph.cc:4888 onnxruntime::Graph::CleanUnusedInitializersAndNodeArgs] Removing initializer 'model.18.cv2.conv.weight_zero_point'. It is no longer used by any node.
2026-09-08 23:36:00.0202322 [I:onnxruntime:, graph.cc:4888 onnxruntime::Graph::CleanUnusedInitializersAndNodeArgs] Removing initializer 'model.18.cv2.conv.weight_quantized'. It is no longer used by any node.
2026-09-08 23:36:00.0218413 [I:onnxruntime:, graph.cc:4888 onnxruntime::Graph::CleanUnusedInitializersAndNodeArgs] Removing initializer 'model.18.cv2.conv.bias_scale'. It is no longer used by any node.
2026-09-08 23:36:00.0222151 [I:onnxruntime:, graph.cc:4888 onnxruntime::Graph::CleanUnusedInitializersAndNodeArgs] Removing initializer 'model.18.cv2.conv.bias_quantized'. It is no longer used by any node.
2026-09-08 23:36:00.0225002 [I:onnxruntime:, graph.cc:4888 onnxruntime::Graph::CleanUnusedInitializersAndNodeArgs] Removing initializer '/model.18/cv2/act/Sigmoid_output_0_zero_point'. It is no longer used by any node.
2026-09-08 23:36:00.0232315 [I:onnxruntime:, graph.cc:4888 onnxruntime::Graph::CleanUnusedInitializersAndNodeArgs] Removing initializer '/model.18/cv2/act/Mul_output_0_zero_point'. It is no longer used by any node.
2026-09-08 23:36:00.0236001 [I:onnxruntime:, graph.cc:4888 onnxruntime::Graph::CleanUnusedInitializersAndNodeArgs] Removing initializer '/model.19/conv/Conv_output_0_zero_point'. It is no longer used by any node.
2026-09-08 23:36:00.0242853 [I:onnxruntime:, graph.cc:4888 onnxruntime::Graph::CleanUnusedInitializersAndNodeArgs] Removing initializer 'model.19.conv.weight_zero_point'. It is no longer used by any node.
2026-09-08 23:36:00.0246692 [I:onnxruntime:, graph.cc:4888 onnxruntime::Graph::CleanUnusedInitializersAndNodeArgs] Removing initializer 'model.19.conv.bias_zero_point'. It is no longer used by any node.
2026-09-08 23:36:00.0250724 [I:onnxruntime:, graph.cc:4888 onnxruntime::Graph::CleanUnusedInitializersAndNodeArgs] Removing initializer 'model.19.conv.bias_quantized'. It is no longer used by any node.
2026-09-08 23:36:00.0254846 [I:onnxruntime:, graph.cc:4888 onnxruntime::Graph::CleanUnusedInitializersAndNodeArgs] Removing initializer '/model.22/cv2.1/cv2.1.0/conv/Conv_output_0_zero_point'. It is no longer used by any node.
2026-09-08 23:36:00.0258317 [I:onnxruntime:, graph.cc:4888 onnxruntime::Graph::CleanUnusedInitializersAndNodeArgs] Removing initializer 'model.22.cv2.1.0.conv.weight_zero_point'. It is no longer used by any node.
2026-09-08 23:36:00.0261580 [I:onnxruntime:, graph.cc:4888 onnxruntime::Graph::CleanUnusedInitializersAndNodeArgs] Removing initializer '/model.22/cv3.1/cv3.1.0/conv/Conv_output_0_zero_point'. It is no longer used by any node.
2026-09-08 23:36:00.0264558 [I:onnxruntime:, graph.cc:4888 onnxruntime::Graph::CleanUnusedInitializersAndNodeArgs] Removing initializer 'model.22.cv3.1.0.conv.weight_zero_point'. It is no longer used by any node.
2026-09-08 23:36:00.0267372 [I:onnxruntime:, graph.cc:4888 onnxruntime::Graph::CleanUnusedInitializersAndNodeArgs] Removing initializer '/model.19/act/Sigmoid_output_0_zero_point'. It is no longer used by any node.
2026-09-08 23:36:00.0270111 [I:onnxruntime:, graph.cc:4888 onnxruntime::Graph::CleanUnusedInitializersAndNodeArgs] Removing initializer 'model.22.cv2.1.2.weight_quantized'. It is no longer used by any node.
2026-09-08 23:36:00.0273062 [I:onnxruntime:, graph.cc:4888 onnxruntime::Graph::CleanUnusedInitializersAndNodeArgs] Removing initializer '/model.22/cv2.1/cv2.1.0/act/Sigmoid_output_0_zero_point'. It is no longer used by any node.
2026-09-08 23:36:00.0276070 [I:onnxruntime:, graph.cc:4888 onnxruntime::Graph::CleanUnusedInitializersAndNodeArgs] Removing initializer '/model.22/cv3.1/cv3.1.0/act/Sigmoid_output_0_zero_point'. It is no longer used by any node.
2026-09-08 23:36:00.0278930 [I:onnxruntime:, graph.cc:4888 onnxruntime::Graph::CleanUnusedInitializersAndNodeArgs] Removing initializer '/model.22/cv2.1/cv2.1.0/act/Mul_output_0_zero_point'. It is no longer used by any node.
2026-09-08 23:36:00.0281773 [I:onnxruntime:, graph.cc:4888 onnxruntime::Graph::CleanUnusedInitializersAndNodeArgs] Removing initializer '/model.22/cv3.1/cv3.1.0/act/Mul_output_0_zero_point'. It is no longer used by any node.
2026-09-08 23:36:00.0284568 [I:onnxruntime:, graph.cc:4888 onnxruntime::Graph::CleanUnusedInitializersAndNodeArgs] Removing initializer '/model.20/Concat_output_0_zero_point'. It is no longer used by any node.
2026-09-08 23:36:00.0287230 [I:onnxruntime:, graph.cc:4888 onnxruntime::Graph::CleanUnusedInitializersAndNodeArgs] Removing initializer 'model.21.cv2.conv.bias_quantized'. It is no longer used by any node.
2026-09-08 23:36:00.0289817 [I:onnxruntime:, graph.cc:4888 onnxruntime::Graph::CleanUnusedInitializersAndNodeArgs] Removing initializer 'model.22.cv2.1.1.conv.weight_quantized'. It is no longer used by any node.
2026-09-08 23:36:00.0292495 [I:onnxruntime:, graph.cc:4888 onnxruntime::Graph::CleanUnusedInitializersAndNodeArgs] Removing initializer 'model.22.cv3.1.1.conv.weight_zero_point'. It is no longer used by any node.
2026-09-08 23:36:00.0295613 [I:onnxruntime:, graph.cc:4888 onnxruntime::Graph::CleanUnusedInitializersAndNodeArgs] Removing initializer 'model.22.cv3.1.1.conv.bias_quantized'. It is no longer used by any node.
2026-09-08 23:36:00.0298452 [I:onnxruntime:, graph.cc:4888 onnxruntime::Graph::CleanUnusedInitializersAndNodeArgs] Removing initializer '/model.21/cv1/conv/Conv_output_0_zero_point'. It is no longer used by any node.
2026-09-08 23:36:00.0301208 [I:onnxruntime:, graph.cc:4888 onnxruntime::Graph::CleanUnusedInitializersAndNodeArgs] Removing initializer 'model.21.cv1.conv.bias_zero_point'. It is no longer used by any node.
2026-09-08 23:36:00.0303848 [I:onnxruntime:, graph.cc:4888 onnxruntime::Graph::CleanUnusedInitializersAndNodeArgs] Removing initializer 'model.21.cv1.conv.bias_quantized'. It is no longer used by any node.
2026-09-08 23:36:00.0306447 [I:onnxruntime:, graph.cc:4888 onnxruntime::Graph::CleanUnusedInitializersAndNodeArgs] Removing initializer '/model.22/cv2.1/cv2.1.1/act/Sigmoid_output_0_zero_point'. It is no longer used by any node.
2026-09-08 23:36:00.0309279 [I:onnxruntime:, graph.cc:4888 onnxruntime::Graph::CleanUnusedInitializersAndNodeArgs] Removing initializer '/model.22/cv3.1/cv3.1.1/act/Sigmoid_output_0_zero_point'. It is no longer used by any node.
2026-09-08 23:36:00.0312030 [I:onnxruntime:, graph.cc:4888 onnxruntime::Graph::CleanUnusedInitializersAndNodeArgs] Removing initializer '/model.22/cv3.1/cv3.1.1/act/Mul_output_0_zero_point'. It is no longer used by any node.
2026-09-08 23:36:00.0315773 [I:onnxruntime:, graph.cc:4888 onnxruntime::Graph::CleanUnusedInitializersAndNodeArgs] Removing initializer '/model.21/cv2/act/Mul_output_0_zero_point'. It is no longer used by any node.
2026-09-08 23:36:00.0318766 [I:onnxruntime:, graph.cc:4888 onnxruntime::Graph::CleanUnusedInitializersAndNodeArgs] Removing initializer 'model.22.cv2.1.2.weight_zero_point'. It is no longer used by any node.
2026-09-08 23:36:00.0322264 [I:onnxruntime:, graph.cc:4888 onnxruntime::Graph::CleanUnusedInitializersAndNodeArgs] Removing initializer 'model.22.cv2.1.2.bias_zero_point'. It is no longer used by any node.
2026-09-08 23:36:00.0325497 [I:onnxruntime:, graph.cc:4888 onnxruntime::Graph::CleanUnusedInitializersAndNodeArgs] Removing initializer '/model.21/Slice_output_0_zero_point'. It is no longer used by any node.
2026-09-08 23:36:00.0328976 [I:onnxruntime:, graph.cc:4888 onnxruntime::Graph::CleanUnusedInitializersAndNodeArgs] Removing initializer '/model.21/m.0/cv1/conv/Conv_output_0_zero_point'. It is no longer used by any node.
2026-09-08 23:36:00.0331919 [I:onnxruntime:, graph.cc:4888 onnxruntime::Graph::CleanUnusedInitializersAndNodeArgs] Removing initializer 'model.21.m.0.cv1.conv.weight_zero_point'. It is no longer used by any node.
2026-09-08 23:36:00.0334932 [I:onnxruntime:, graph.cc:4888 onnxruntime::Graph::CleanUnusedInitializersAndNodeArgs] Removing initializer 'model.21.m.0.cv1.conv.bias_zero_point'. It is no longer used by any node.
2026-09-08 23:36:00.0337215 [I:onnxruntime:, graph.cc:4888 onnxruntime::Graph::CleanUnusedInitializersAndNodeArgs] Removing initializer 'model.21.m.0.cv1.conv.bias_quantized'. It is no longer used by any node.
2026-09-08 23:36:00.0340098 [I:onnxruntime:, graph.cc:4888 onnxruntime::Graph::CleanUnusedInitializersAndNodeArgs] Removing initializer '/model.21/m.0/cv1/act/Sigmoid_output_0_zero_point'. It is no longer used by any node.
2026-09-08 23:36:00.0343417 [I:onnxruntime:, graph.cc:4888 onnxruntime::Graph::CleanUnusedInitializersAndNodeArgs] Removing initializer 'model.21.m.0.cv2.conv.weight_zero_point'. It is no longer used by any node.
2026-09-08 23:36:00.0346887 [I:onnxruntime:, graph.cc:4888 onnxruntime::Graph::CleanUnusedInitializersAndNodeArgs] Removing initializer 'model.21.m.0.cv2.conv.weight_quantized'. It is no longer used by any node.
2026-09-08 23:36:00.0350401 [I:onnxruntime:, graph.cc:4888 onnxruntime::Graph::CleanUnusedInitializersAndNodeArgs] Removing initializer 'model.21.m.0.cv2.conv.bias_zero_point'. It is no longer used by any node.
2026-09-08 23:36:00.0353387 [I:onnxruntime:, graph.cc:4888 onnxruntime::Graph::CleanUnusedInitializersAndNodeArgs] Removing initializer 'model.21.m.0.cv2.conv.bias_quantized'. It is no longer used by any node.
2026-09-08 23:36:00.0356470 [I:onnxruntime:, graph.cc:4888 onnxruntime::Graph::CleanUnusedInitializersAndNodeArgs] Removing initializer '/model.21/m.0/cv2/act/Sigmoid_output_0_zero_point'. It is no longer used by any node.
2026-09-08 23:36:00.0359953 [I:onnxruntime:, graph.cc:4888 onnxruntime::Graph::CleanUnusedInitializersAndNodeArgs] Removing initializer '/model.21/m.0/cv2/act/Mul_output_0_zero_point'. It is no longer used by any node.
2026-09-08 23:36:00.0362895 [I:onnxruntime:, graph.cc:4888 onnxruntime::Graph::CleanUnusedInitializersAndNodeArgs] Removing initializer '/model.21/attn/Mul_output_0_zero_point'. It is no longer used by any node.
2026-09-08 23:36:00.0366703 [I:onnxruntime:, graph.cc:4888 onnxruntime::Graph::CleanUnusedInitializersAndNodeArgs] Removing initializer '/model.21/attn/Mul_output_0_weight_zero_point'. It is no longer used by any node.
2026-09-08 23:36:00.0369887 [I:onnxruntime:, graph.cc:4888 onnxruntime::Graph::CleanUnusedInitializersAndNodeArgs] Removing initializer '/model.21/attn/Mul_output_0_bias_quantized'. It is no longer used by any node.
2026-09-08 23:36:00.0373206 [I:onnxruntime:, graph.cc:4888 onnxruntime::Graph::CleanUnusedInitializersAndNodeArgs] Removing initializer 'model.22.cv2.2.1.conv.bias_quantized'. It is no longer used by any node.
2026-09-08 23:36:00.0376381 [I:onnxruntime:, graph.cc:4888 onnxruntime::Graph::CleanUnusedInitializersAndNodeArgs] Removing initializer '/model.21/cv2/act/Sigmoid_output_0_zero_point'. It is no longer used by any node.
2026-09-08 23:36:00.0379497 [I:onnxruntime:, graph.cc:4888 onnxruntime::Graph::CleanUnusedInitializersAndNodeArgs] Removing initializer 'model.22.cv2.2.0.conv.weight_quantized'. It is no longer used by any node.
2026-09-08 23:36:00.0382722 [I:onnxruntime:, graph.cc:4888 onnxruntime::Graph::CleanUnusedInitializersAndNodeArgs] Removing initializer 'model.22.cv2.2.0.conv.bias_quantized'. It is no longer used by any node.
2026-09-08 23:36:00.0385920 [I:onnxruntime:, graph.cc:4888 onnxruntime::Graph::CleanUnusedInitializersAndNodeArgs] Removing initializer 'model.22.cv3.2.0.conv.weight_zero_point'. It is no longer used by any node.
2026-09-08 23:36:00.0389244 [I:onnxruntime:, graph.cc:4888 onnxruntime::Graph::CleanUnusedInitializersAndNodeArgs] Removing initializer 'model.22.cv3.2.0.conv.weight_quantized'. It is no longer used by any node.
2026-09-08 23:36:00.0393002 [I:onnxruntime:, graph.cc:4888 onnxruntime::Graph::CleanUnusedInitializersAndNodeArgs] Removing initializer 'model.22.cv3.2.0.conv.bias_zero_point'. It is no longer used by any node.
2026-09-08 23:36:00.0396763 [I:onnxruntime:, graph.cc:4888 onnxruntime::Graph::CleanUnusedInitializersAndNodeArgs] Removing initializer '/model.22/cv3.2/cv3.2.0/act/Sigmoid_output_0_zero_point'. It is no longer used by any node.
2026-09-08 23:36:00.0399571 [I:onnxruntime:, graph.cc:4888 onnxruntime::Graph::CleanUnusedInitializersAndNodeArgs] Removing initializer '/model.22/cv3.2/cv3.2.0/act/Mul_output_0_zero_point'. It is no longer used by any node.
2026-09-08 23:36:00.0402366 [I:onnxruntime:, graph.cc:4888 onnxruntime::Graph::CleanUnusedInitializersAndNodeArgs] Removing initializer '/model.22/cv2.2/cv2.2.1/conv/Conv_output_0_zero_point'. It is no longer used by any node.
2026-09-08 23:36:00.0407867 [I:onnxruntime:, graph.cc:4888 onnxruntime::Graph::CleanUnusedInitializersAndNodeArgs] Removing initializer 'model.22.cv2.2.1.conv.weight_zero_point'. It is no longer used by any node.
2026-09-08 23:36:00.0410828 [I:onnxruntime:, graph.cc:4888 onnxruntime::Graph::CleanUnusedInitializersAndNodeArgs] Removing initializer 'model.22.cv2.2.1.conv.weight_quantized'. It is no longer used by any node.
2026-09-08 23:36:00.0413558 [I:onnxruntime:, graph.cc:4888 onnxruntime::Graph::CleanUnusedInitializersAndNodeArgs] Removing initializer 'model.22.cv3.2.1.conv.weight_zero_point'. It is no longer used by any node.
2026-09-08 23:36:00.0415914 [I:onnxruntime:, graph.cc:4888 onnxruntime::Graph::CleanUnusedInitializersAndNodeArgs] Removing initializer '/model.22/cv2.2/cv2.2.1/act/Sigmoid_output_0_zero_point'. It is no longer used by any node.
2026-09-08 23:36:00.0418555 [I:onnxruntime:, graph.cc:4888 onnxruntime::Graph::CleanUnusedInitializersAndNodeArgs] Removing initializer '/model.22/cv3.2/cv3.2.1/act/Sigmoid_output_0_zero_point'. It is no longer used by any node.
2026-09-08 23:36:00.0421093 [I:onnxruntime:, graph.cc:4888 onnxruntime::Graph::CleanUnusedInitializersAndNodeArgs] Removing initializer '/model.22/cv2.2/cv2.2.1/act/Mul_output_0_zero_point'. It is no longer used by any node.
2026-09-08 23:36:00.0423568 [I:onnxruntime:, graph.cc:4888 onnxruntime::Graph::CleanUnusedInitializersAndNodeArgs] Removing initializer '/model.22/cv3.2/cv3.2.1/act/Mul_output_0_zero_point'. It is no longer used by any node.
2026-09-08 23:36:00.0426119 [I:onnxruntime:, graph.cc:4888 onnxruntime::Graph::CleanUnusedInitializersAndNodeArgs] Removing initializer 'model.22.cv2.2.2.weight_zero_point'. It is no longer used by any node.
2026-09-08 23:36:00.0428925 [I:onnxruntime:, graph.cc:4888 onnxruntime::Graph::CleanUnusedInitializersAndNodeArgs] Removing initializer 'model.22.cv2.2.2.weight_quantized'. It is no longer used by any node.
2026-09-08 23:36:00.0431334 [I:onnxruntime:, graph.cc:4888 onnxruntime::Graph::CleanUnusedInitializersAndNodeArgs] Removing initializer 'model.22.cv2.2.2.bias_zero_point'. It is no longer used by any node.
2026-09-08 23:36:00.0433804 [I:onnxruntime:, graph.cc:4888 onnxruntime::Graph::CleanUnusedInitializersAndNodeArgs] Removing initializer 'model.22.cv2.2.2.bias_quantized'. It is no longer used by any node.
2026-09-08 23:36:00.0436199 [I:onnxruntime:, graph.cc:4888 onnxruntime::Graph::CleanUnusedInitializersAndNodeArgs] Removing initializer 'onnx::Conv_636_zero_point'. It is no longer used by any node.
2026-09-08 23:36:00.0460287 [I:onnxruntime:, graph.cc:4888 onnxruntime::Graph::CleanUnusedInitializersAndNodeArgs] Removing initializer 'onnx::Conv_636_quantized'. It is no longer used by any node.
2026-09-08 23:36:00.0463711 [I:onnxruntime:, graph.cc:4888 onnxruntime::Graph::CleanUnusedInitializersAndNodeArgs] Removing initializer 'onnx::Conv_637_zero_point'. It is no longer used by any node.
2026-09-08 23:36:00.0467401 [I:onnxruntime:, graph.cc:4888 onnxruntime::Graph::CleanUnusedInitializersAndNodeArgs] Removing initializer 'onnx::Conv_637_quantized'. It is no longer used by any node.
2026-09-08 23:36:00.0502384 [I:onnxruntime:, inference_session.cc:1465 onnxruntime::InferenceSession::TransformGraph] Running graph optimizations in loop 1 time/s (Graph Optimizations Loop Level : 1)
2026-09-08 23:36:00.0506043 [I:onnxruntime:, graph_transformer.cc:15 onnxruntime::GraphTransformer::Apply] GraphTransformer Level2_RuleBasedTransformer modified: 0 with status: OK
2026-09-08 23:36:00.0508926 [I:onnxruntime:, graph_transformer.cc:15 onnxruntime::GraphTransformer::Apply] GraphTransformer TransposeOptimizer_CPUExecutionProvider modified: 0 with status: OK
2026-09-08 23:36:00.0511407 [I:onnxruntime:, graph_transformer.cc:15 onnxruntime::GraphTransformer::Apply] GraphTransformer QDQS8ToU8Transformer modified: 0 with status: OK
2026-09-08 23:36:00.0513619 [I:onnxruntime:, graph_transformer.cc:15 onnxruntime::GraphTransformer::Apply] GraphTransformer QDQSelectorActionTransformer modified: 0 with status: OK
2026-09-08 23:36:00.0517629 [I:onnxruntime:, graph_transformer.cc:15 onnxruntime::GraphTransformer::Apply] GraphTransformer GemmActivationFusion modified: 0 with status: OK
2026-09-08 23:36:00.0520203 [I:onnxruntime:, graph_transformer.cc:15 onnxruntime::GraphTransformer::Apply] GraphTransformer MatMulIntegerToFloatFusion modified: 0 with status: OK
2026-09-08 23:36:00.0522654 [I:onnxruntime:, graph_transformer.cc:15 onnxruntime::GraphTransformer::Apply] GraphTransformer DynamicQuantizeMatMulFusion modified: 0 with status: OK
2026-09-08 23:36:00.0525175 [I:onnxruntime:, graph_transformer.cc:15 onnxruntime::GraphTransformer::Apply] GraphTransformer ConvActivationFusion modified: 0 with status: OK
2026-09-08 23:36:00.0527560 [I:onnxruntime:, graph_transformer.cc:15 onnxruntime::GraphTransformer::Apply] GraphTransformer GeluFusionL2 modified: 0 with status: OK
2026-09-08 23:36:00.0529965 [I:onnxruntime:, graph_transformer.cc:15 onnxruntime::GraphTransformer::Apply] GraphTransformer LayerNormFusionL2 modified: 0 with status: OK
2026-09-08 23:36:00.0532393 [I:onnxruntime:, graph_transformer.cc:15 onnxruntime::GraphTransformer::Apply] GraphTransformer SimplifiedLayerNormFusion modified: 0 with status: OK
2026-09-08 23:36:00.0534966 [I:onnxruntime:, graph_transformer.cc:15 onnxruntime::GraphTransformer::Apply] GraphTransformer AttentionFusion modified: 0 with status: OK
2026-09-08 23:36:00.0537083 [I:onnxruntime:, graph_transformer.cc:15 onnxruntime::GraphTransformer::Apply] GraphTransformer EmbedLayerNormFusion modified: 0 with status: OK
2026-09-08 23:36:00.0539677 [I:onnxruntime:, graph_transformer.cc:15 onnxruntime::GraphTransformer::Apply] GraphTransformer GatherSliceToSplitFusion modified: 0 with status: OK
2026-09-08 23:36:00.0542024 [I:onnxruntime:, graph_transformer.cc:15 onnxruntime::GraphTransformer::Apply] GraphTransformer GatherToSliceFusion modified: 0 with status: OK
2026-09-08 23:36:00.0546356 [I:onnxruntime:, graph_transformer.cc:15 onnxruntime::GraphTransformer::Apply] GraphTransformer MatmulTransposeFusion modified: 0 with status: OK
2026-09-08 23:36:00.0549516 [I:onnxruntime:, graph_transformer.cc:15 onnxruntime::GraphTransformer::Apply] GraphTransformer BiasGeluFusion modified: 0 with status: OK
2026-09-08 23:36:00.0552698 [I:onnxruntime:, graph_transformer.cc:15 onnxruntime::GraphTransformer::Apply] GraphTransformer GroupQueryAttentionFusion modified: 0 with status: OK
2026-09-08 23:36:00.0555456 [I:onnxruntime:, graph_transformer.cc:15 onnxruntime::GraphTransformer::Apply] GraphTransformer MatMulAddFusion modified: 0 with status: OK
2026-09-08 23:36:00.0558107 [I:onnxruntime:, graph_transformer.cc:15 onnxruntime::GraphTransformer::Apply] GraphTransformer SkipLayerNormFusion modified: 0 with status: OK
2026-09-08 23:36:00.0560786 [I:onnxruntime:, graph_transformer.cc:15 onnxruntime::GraphTransformer::Apply] GraphTransformer FastGeluFusion modified: 0 with status: OK
2026-09-08 23:36:00.0564101 [I:onnxruntime:, graph_transformer.cc:15 onnxruntime::GraphTransformer::Apply] GraphTransformer QuickGeluFusion modified: 0 with status: OK
2026-09-08 23:36:00.0566837 [I:onnxruntime:, graph_transformer.cc:15 onnxruntime::GraphTransformer::Apply] GraphTransformer BiasSoftmaxFusion modified: 0 with status: OK
2026-09-08 23:36:00.0569560 [I:onnxruntime:, graph_transformer.cc:15 onnxruntime::GraphTransformer::Apply] GraphTransformer BiasDropoutFusion modified: 0 with status: OK
2026-09-08 23:36:00.0572294 [I:onnxruntime:, graph_transformer.cc:15 onnxruntime::GraphTransformer::Apply] GraphTransformer MatMulScaleFusion modified: 0 with status: OK
2026-09-08 23:36:00.0575091 [I:onnxruntime:, graph_transformer.cc:15 onnxruntime::GraphTransformer::Apply] GraphTransformer MatMulActivationFusion modified: 0 with status: OK
2026-09-08 23:36:00.0577608 [I:onnxruntime:, graph_transformer.cc:15 onnxruntime::GraphTransformer::Apply] GraphTransformer MatMulNBitsFusion modified: 0 with status: OK
2026-09-08 23:36:00.0579999 [I:onnxruntime:, graph_transformer.cc:15 onnxruntime::GraphTransformer::Apply] GraphTransformer QDQFinalCleanupTransformer modified: 0 with status: OK
2026-09-08 23:36:00.0582723 [I:onnxruntime:, graph_transformer.cc:15 onnxruntime::GraphTransformer::Apply] GraphTransformer NchwcTransformer modified: 0 with status: OK
2026-09-08 23:36:00.0585505 [I:onnxruntime:, graph_transformer.cc:15 onnxruntime::GraphTransformer::Apply] GraphTransformer NhwcTransformer modified: 0 with status: OK
2026-09-08 23:36:00.0588589 [I:onnxruntime:, graph_transformer.cc:15 onnxruntime::GraphTransformer::Apply] GraphTransformer ConvAddActivationFusion modified: 0 with status: OK
2026-09-08 23:36:00.0591688 [I:onnxruntime:, graph_transformer.cc:15 onnxruntime::GraphTransformer::Apply] GraphTransformer RemoveDuplicateCastTransformer modified: 0 with status: OK
2026-09-08 23:36:00.0594998 [I:onnxruntime:, graph_transformer.cc:15 onnxruntime::GraphTransformer::Apply] GraphTransformer CastFloat16Transformer modified: 0 with status: OK
2026-09-08 23:36:00.0597886 [I:onnxruntime:, graph_transformer.cc:15 onnxruntime::GraphTransformer::Apply] GraphTransformer FuseFp16InitializerToFp32NodeTransformer modified: 0 with status: OK
2026-09-08 23:36:00.0601283 [I:onnxruntime:, graph_transformer.cc:15 onnxruntime::GraphTransformer::Apply] GraphTransformer MemcpyTransformer modified: 0 with status: OK
2026-09-08 23:36:00.0609235 [I:onnxruntime:, allocation_planner.cc:2659 onnxruntime::IGraphPartitioner::CreateGraphPartitioner] Use DeviceBasedPartition as default
2026-09-08 23:36:00.0618710 [I:onnxruntime:, session_state_utils.cc:243 onnxruntime::session_state_utils::SaveInitializedTensors] Saving initialized tensors.
2026-09-08 23:36:00.0623543 [I:onnxruntime:, session_state_utils.cc:438 onnxruntime::session_state_utils::SaveInitializedTensors] Done saving initialized tensors
2026-09-08 23:36:00.7908597 [I:onnxruntime:, inference_session.cc:2532 onnxruntime::InferenceSession::Initialize] Session successfully initialized.
deleted stale cache C:\Users\<user>\PycharmProjects\ryzen-ai-xdna1-quantization\yolownoattncachekey
RYZEN_AI_INSTALLATION_PATH = C:\Program Files\RyzenAI\1.7.1
xclbin: C:\Program Files\RyzenAI\1.7.1\voe-4.0-win_amd64\xclbins\phoenix\4x4.xclbin
onnxruntime 1.23.3.dev20260320  providers: ['VitisAIExecutionProvider', 'DmlExecutionProvider', 'CPUExecutionProvider']
cache:  C:\Users\<user>\PycharmProjects\ryzen-ai-xdna1-quantization\yolownoattncachekey
First run compiles the model. It takes a while and looks frozen. It isn't.
model: head-cut (6 outputs), contrastive + DFL decode runs in numpy

=== NPU | models/yolov8s-worldv2_no_attn_cut_xint8.onnx | 640px | assets/test_image.jpg ===
infer   mean 16.43 ms   median 15.92 ms   p95 19.48 ms   (60.9 fps)
post    mean 14.40 ms
0 detections:
