model: models/wide_resnet101_2_xint8_c64.onnx
pool: 1000 labeled images, 40 per stream
sweep: [32, 48, 64, 96, 128] streams

=== solo reference (1 session, no contention) ===
RYZEN_AI_INSTALLATION_PATH = C:\Program Files\RyzenAI\1.7.1
xclbin: C:\Program Files\RyzenAI\1.7.1\voe-4.0-win_amd64\xclbins\phoenix\4x4.xclbin
onnxruntime 1.23.3.dev20260320  providers: ['VitisAIExecutionProvider', 'DmlExecutionProvider', 'CPUExecutionProvider']
cache:  C:\Users\<user>\PycharmProjects\ryzen-ai-xdna1-quantization\modelcachekey
First run compiles the model. It takes a while and looks frozen. It isn't.
  top-1 77.50%  (40 images)  25.0 fps

=== 32 concurrent stream(s), all on the same 40 images ===
RYZEN_AI_INSTALLATION_PATH = C:\Program Files\RyzenAI\1.7.1
xclbin: C:\Program Files\RyzenAI\1.7.1\voe-4.0-win_amd64\xclbins\phoenix\4x4.xclbin
onnxruntime 1.23.3.dev20260320  providers: ['VitisAIExecutionProvider', 'DmlExecutionProvider', 'CPUExecutionProvider']
cache:  C:\Users\<user>\PycharmProjects\ryzen-ai-xdna1-quantization\modelcachekey
First run compiles the model. It takes a while and looks frozen. It isn't.
RYZEN_AI_INSTALLATION_PATH = C:\Program Files\RyzenAI\1.7.1
xclbin: C:\Program Files\RyzenAI\1.7.1\voe-4.0-win_amd64\xclbins\phoenix\4x4.xclbin
onnxruntime 1.23.3.dev20260320  providers: ['VitisAIExecutionProvider', 'DmlExecutionProvider', 'CPUExecutionProvider']
cache:  C:\Users\<user>\PycharmProjects\ryzen-ai-xdna1-quantization\modelcachekey
First run compiles the model. It takes a while and looks frozen. It isn't.
RYZEN_AI_INSTALLATION_PATH = C:\Program Files\RyzenAI\1.7.1
xclbin: C:\Program Files\RyzenAI\1.7.1\voe-4.0-win_amd64\xclbins\phoenix\4x4.xclbin
onnxruntime 1.23.3.dev20260320  providers: ['VitisAIExecutionProvider', 'DmlExecutionProvider', 'CPUExecutionProvider']
cache:  C:\Users\<user>\PycharmProjects\ryzen-ai-xdna1-quantization\modelcachekey
First run compiles the model. It takes a while and looks frozen. It isn't.
RYZEN_AI_INSTALLATION_PATH = C:\Program Files\RyzenAI\1.7.1
xclbin: C:\Program Files\RyzenAI\1.7.1\voe-4.0-win_amd64\xclbins\phoenix\4x4.xclbin
onnxruntime 1.23.3.dev20260320  providers: ['VitisAIExecutionProvider', 'DmlExecutionProvider', 'CPUExecutionProvider']
cache:  C:\Users\<user>\PycharmProjects\ryzen-ai-xdna1-quantization\modelcachekey
First run compiles the model. It takes a while and looks frozen. It isn't.
RYZEN_AI_INSTALLATION_PATH = C:\Program Files\RyzenAI\1.7.1
xclbin: C:\Program Files\RyzenAI\1.7.1\voe-4.0-win_amd64\xclbins\phoenix\4x4.xclbin
onnxruntime 1.23.3.dev20260320  providers: ['VitisAIExecutionProvider', 'DmlExecutionProvider', 'CPUExecutionProvider']
cache:  C:\Users\<user>\PycharmProjects\ryzen-ai-xdna1-quantization\modelcachekey
First run compiles the model. It takes a while and looks frozen. It isn't.
RYZEN_AI_INSTALLATION_PATH = C:\Program Files\RyzenAI\1.7.1
xclbin: C:\Program Files\RyzenAI\1.7.1\voe-4.0-win_amd64\xclbins\phoenix\4x4.xclbin
onnxruntime 1.23.3.dev20260320  providers: ['VitisAIExecutionProvider', 'DmlExecutionProvider', 'CPUExecutionProvider']
cache:  C:\Users\<user>\PycharmProjects\ryzen-ai-xdna1-quantization\modelcachekey
First run compiles the model. It takes a while and looks frozen. It isn't.
RYZEN_AI_INSTALLATION_PATH = C:\Program Files\RyzenAI\1.7.1
xclbin: C:\Program Files\RyzenAI\1.7.1\voe-4.0-win_amd64\xclbins\phoenix\4x4.xclbin
onnxruntime 1.23.3.dev20260320  providers: ['VitisAIExecutionProvider', 'DmlExecutionProvider', 'CPUExecutionProvider']
cache:  C:\Users\<user>\PycharmProjects\ryzen-ai-xdna1-quantization\modelcachekey
First run compiles the model. It takes a while and looks frozen. It isn't.
RYZEN_AI_INSTALLATION_PATH = C:\Program Files\RyzenAI\1.7.1
xclbin: C:\Program Files\RyzenAI\1.7.1\voe-4.0-win_amd64\xclbins\phoenix\4x4.xclbin
onnxruntime 1.23.3.dev20260320  providers: ['VitisAIExecutionProvider', 'DmlExecutionProvider', 'CPUExecutionProvider']
cache:  C:\Users\<user>\PycharmProjects\ryzen-ai-xdna1-quantization\modelcachekey
First run compiles the model. It takes a while and looks frozen. It isn't.
RYZEN_AI_INSTALLATION_PATH = C:\Program Files\RyzenAI\1.7.1
xclbin: C:\Program Files\RyzenAI\1.7.1\voe-4.0-win_amd64\xclbins\phoenix\4x4.xclbin
onnxruntime 1.23.3.dev20260320  providers: ['VitisAIExecutionProvider', 'DmlExecutionProvider', 'CPUExecutionProvider']
cache:  C:\Users\<user>\PycharmProjects\ryzen-ai-xdna1-quantization\modelcachekey
First run compiles the model. It takes a while and looks frozen. It isn't.
RYZEN_AI_INSTALLATION_PATH = C:\Program Files\RyzenAI\1.7.1
xclbin: C:\Program Files\RyzenAI\1.7.1\voe-4.0-win_amd64\xclbins\phoenix\4x4.xclbin
onnxruntime 1.23.3.dev20260320  providers: ['VitisAIExecutionProvider', 'DmlExecutionProvider', 'CPUExecutionProvider']
cache:  C:\Users\<user>\PycharmProjects\ryzen-ai-xdna1-quantization\modelcachekey
First run compiles the model. It takes a while and looks frozen. It isn't.
RYZEN_AI_INSTALLATION_PATH = C:\Program Files\RyzenAI\1.7.1
xclbin: C:\Program Files\RyzenAI\1.7.1\voe-4.0-win_amd64\xclbins\phoenix\4x4.xclbin
onnxruntime 1.23.3.dev20260320  providers: ['VitisAIExecutionProvider', 'DmlExecutionProvider', 'CPUExecutionProvider']
cache:  C:\Users\<user>\PycharmProjects\ryzen-ai-xdna1-quantization\modelcachekey
First run compiles the model. It takes a while and looks frozen. It isn't.
RYZEN_AI_INSTALLATION_PATH = C:\Program Files\RyzenAI\1.7.1
xclbin: C:\Program Files\RyzenAI\1.7.1\voe-4.0-win_amd64\xclbins\phoenix\4x4.xclbin
onnxruntime 1.23.3.dev20260320  providers: ['VitisAIExecutionProvider', 'DmlExecutionProvider', 'CPUExecutionProvider']
cache:  C:\Users\<user>\PycharmProjects\ryzen-ai-xdna1-quantization\modelcachekey
First run compiles the model. It takes a while and looks frozen. It isn't.
RYZEN_AI_INSTALLATION_PATH = C:\Program Files\RyzenAI\1.7.1
xclbin: C:\Program Files\RyzenAI\1.7.1\voe-4.0-win_amd64\xclbins\phoenix\4x4.xclbin
onnxruntime 1.23.3.dev20260320  providers: ['VitisAIExecutionProvider', 'DmlExecutionProvider', 'CPUExecutionProvider']
cache:  C:\Users\<user>\PycharmProjects\ryzen-ai-xdna1-quantization\modelcachekey
First run compiles the model. It takes a while and looks frozen. It isn't.
RYZEN_AI_INSTALLATION_PATH = C:\Program Files\RyzenAI\1.7.1
xclbin: C:\Program Files\RyzenAI\1.7.1\voe-4.0-win_amd64\xclbins\phoenix\4x4.xclbin
onnxruntime 1.23.3.dev20260320  providers: ['VitisAIExecutionProvider', 'DmlExecutionProvider', 'CPUExecutionProvider']
cache:  C:\Users\<user>\PycharmProjects\ryzen-ai-xdna1-quantization\modelcachekey
First run compiles the model. It takes a while and looks frozen. It isn't.
RYZEN_AI_INSTALLATION_PATH = C:\Program Files\RyzenAI\1.7.1
xclbin: C:\Program Files\RyzenAI\1.7.1\voe-4.0-win_amd64\xclbins\phoenix\4x4.xclbin
onnxruntime 1.23.3.dev20260320  providers: ['VitisAIExecutionProvider', 'DmlExecutionProvider', 'CPUExecutionProvider']
cache:  C:\Users\<user>\PycharmProjects\ryzen-ai-xdna1-quantization\modelcachekey
First run compiles the model. It takes a while and looks frozen. It isn't.
RYZEN_AI_INSTALLATION_PATH = C:\Program Files\RyzenAI\1.7.1
xclbin: C:\Program Files\RyzenAI\1.7.1\voe-4.0-win_amd64\xclbins\phoenix\4x4.xclbin
onnxruntime 1.23.3.dev20260320  providers: ['VitisAIExecutionProvider', 'DmlExecutionProvider', 'CPUExecutionProvider']
cache:  C:\Users\<user>\PycharmProjects\ryzen-ai-xdna1-quantization\modelcachekey
First run compiles the model. It takes a while and looks frozen. It isn't.
RYZEN_AI_INSTALLATION_PATH = C:\Program Files\RyzenAI\1.7.1
xclbin: C:\Program Files\RyzenAI\1.7.1\voe-4.0-win_amd64\xclbins\phoenix\4x4.xclbin
onnxruntime 1.23.3.dev20260320  providers: ['VitisAIExecutionProvider', 'DmlExecutionProvider', 'CPUExecutionProvider']
cache:  C:\Users\<user>\PycharmProjects\ryzen-ai-xdna1-quantization\modelcachekey
First run compiles the model. It takes a while and looks frozen. It isn't.
RYZEN_AI_INSTALLATION_PATH = C:\Program Files\RyzenAI\1.7.1
xclbin: C:\Program Files\RyzenAI\1.7.1\voe-4.0-win_amd64\xclbins\phoenix\4x4.xclbin
onnxruntime 1.23.3.dev20260320  providers: ['VitisAIExecutionProvider', 'DmlExecutionProvider', 'CPUExecutionProvider']
cache:  C:\Users\<user>\PycharmProjects\ryzen-ai-xdna1-quantization\modelcachekey
First run compiles the model. It takes a while and looks frozen. It isn't.
RYZEN_AI_INSTALLATION_PATH = C:\Program Files\RyzenAI\1.7.1
xclbin: C:\Program Files\RyzenAI\1.7.1\voe-4.0-win_amd64\xclbins\phoenix\4x4.xclbin
onnxruntime 1.23.3.dev20260320  providers: ['VitisAIExecutionProvider', 'DmlExecutionProvider', 'CPUExecutionProvider']
cache:  C:\Users\<user>\PycharmProjects\ryzen-ai-xdna1-quantization\modelcachekey
First run compiles the model. It takes a while and looks frozen. It isn't.
RYZEN_AI_INSTALLATION_PATH = C:\Program Files\RyzenAI\1.7.1
xclbin: C:\Program Files\RyzenAI\1.7.1\voe-4.0-win_amd64\xclbins\phoenix\4x4.xclbin
onnxruntime 1.23.3.dev20260320  providers: ['VitisAIExecutionProvider', 'DmlExecutionProvider', 'CPUExecutionProvider']
cache:  C:\Users\<user>\PycharmProjects\ryzen-ai-xdna1-quantization\modelcachekey
First run compiles the model. It takes a while and looks frozen. It isn't.
RYZEN_AI_INSTALLATION_PATH = C:\Program Files\RyzenAI\1.7.1
xclbin: C:\Program Files\RyzenAI\1.7.1\voe-4.0-win_amd64\xclbins\phoenix\4x4.xclbin
onnxruntime 1.23.3.dev20260320  providers: ['VitisAIExecutionProvider', 'DmlExecutionProvider', 'CPUExecutionProvider']
cache:  C:\Users\<user>\PycharmProjects\ryzen-ai-xdna1-quantization\modelcachekey
First run compiles the model. It takes a while and looks frozen. It isn't.
RYZEN_AI_INSTALLATION_PATH = C:\Program Files\RyzenAI\1.7.1
xclbin: C:\Program Files\RyzenAI\1.7.1\voe-4.0-win_amd64\xclbins\phoenix\4x4.xclbin
onnxruntime 1.23.3.dev20260320  providers: ['VitisAIExecutionProvider', 'DmlExecutionProvider', 'CPUExecutionProvider']
cache:  C:\Users\<user>\PycharmProjects\ryzen-ai-xdna1-quantization\modelcachekey
First run compiles the model. It takes a while and looks frozen. It isn't.
RYZEN_AI_INSTALLATION_PATH = C:\Program Files\RyzenAI\1.7.1
xclbin: C:\Program Files\RyzenAI\1.7.1\voe-4.0-win_amd64\xclbins\phoenix\4x4.xclbin
onnxruntime 1.23.3.dev20260320  providers: ['VitisAIExecutionProvider', 'DmlExecutionProvider', 'CPUExecutionProvider']
cache:  C:\Users\<user>\PycharmProjects\ryzen-ai-xdna1-quantization\modelcachekey
First run compiles the model. It takes a while and looks frozen. It isn't.
RYZEN_AI_INSTALLATION_PATH = C:\Program Files\RyzenAI\1.7.1
xclbin: C:\Program Files\RyzenAI\1.7.1\voe-4.0-win_amd64\xclbins\phoenix\4x4.xclbin
onnxruntime 1.23.3.dev20260320  providers: ['VitisAIExecutionProvider', 'DmlExecutionProvider', 'CPUExecutionProvider']
cache:  C:\Users\<user>\PycharmProjects\ryzen-ai-xdna1-quantization\modelcachekey
First run compiles the model. It takes a while and looks frozen. It isn't.
RYZEN_AI_INSTALLATION_PATH = C:\Program Files\RyzenAI\1.7.1
xclbin: C:\Program Files\RyzenAI\1.7.1\voe-4.0-win_amd64\xclbins\phoenix\4x4.xclbin
onnxruntime 1.23.3.dev20260320  providers: ['VitisAIExecutionProvider', 'DmlExecutionProvider', 'CPUExecutionProvider']
cache:  C:\Users\<user>\PycharmProjects\ryzen-ai-xdna1-quantization\modelcachekey
First run compiles the model. It takes a while and looks frozen. It isn't.
RYZEN_AI_INSTALLATION_PATH = C:\Program Files\RyzenAI\1.7.1
xclbin: C:\Program Files\RyzenAI\1.7.1\voe-4.0-win_amd64\xclbins\phoenix\4x4.xclbin
onnxruntime 1.23.3.dev20260320  providers: ['VitisAIExecutionProvider', 'DmlExecutionProvider', 'CPUExecutionProvider']
cache:  C:\Users\<user>\PycharmProjects\ryzen-ai-xdna1-quantization\modelcachekey
First run compiles the model. It takes a while and looks frozen. It isn't.
RYZEN_AI_INSTALLATION_PATH = C:\Program Files\RyzenAI\1.7.1
xclbin: C:\Program Files\RyzenAI\1.7.1\voe-4.0-win_amd64\xclbins\phoenix\4x4.xclbin
onnxruntime 1.23.3.dev20260320  providers: ['VitisAIExecutionProvider', 'DmlExecutionProvider', 'CPUExecutionProvider']
cache:  C:\Users\<user>\PycharmProjects\ryzen-ai-xdna1-quantization\modelcachekey
First run compiles the model. It takes a while and looks frozen. It isn't.
RYZEN_AI_INSTALLATION_PATH = C:\Program Files\RyzenAI\1.7.1
xclbin: C:\Program Files\RyzenAI\1.7.1\voe-4.0-win_amd64\xclbins\phoenix\4x4.xclbin
onnxruntime 1.23.3.dev20260320  providers: ['VitisAIExecutionProvider', 'DmlExecutionProvider', 'CPUExecutionProvider']
cache:  C:\Users\<user>\PycharmProjects\ryzen-ai-xdna1-quantization\modelcachekey
First run compiles the model. It takes a while and looks frozen. It isn't.
RYZEN_AI_INSTALLATION_PATH = C:\Program Files\RyzenAI\1.7.1
xclbin: C:\Program Files\RyzenAI\1.7.1\voe-4.0-win_amd64\xclbins\phoenix\4x4.xclbin
onnxruntime 1.23.3.dev20260320  providers: ['VitisAIExecutionProvider', 'DmlExecutionProvider', 'CPUExecutionProvider']
cache:  C:\Users\<user>\PycharmProjects\ryzen-ai-xdna1-quantization\modelcachekey
First run compiles the model. It takes a while and looks frozen. It isn't.
RYZEN_AI_INSTALLATION_PATH = C:\Program Files\RyzenAI\1.7.1
xclbin: C:\Program Files\RyzenAI\1.7.1\voe-4.0-win_amd64\xclbins\phoenix\4x4.xclbin
onnxruntime 1.23.3.dev20260320  providers: ['VitisAIExecutionProvider', 'DmlExecutionProvider', 'CPUExecutionProvider']
cache:  C:\Users\<user>\PycharmProjects\ryzen-ai-xdna1-quantization\modelcachekey
First run compiles the model. It takes a while and looks frozen. It isn't.
RYZEN_AI_INSTALLATION_PATH = C:\Program Files\RyzenAI\1.7.1
xclbin: C:\Program Files\RyzenAI\1.7.1\voe-4.0-win_amd64\xclbins\phoenix\4x4.xclbin
onnxruntime 1.23.3.dev20260320  providers: ['VitisAIExecutionProvider', 'DmlExecutionProvider', 'CPUExecutionProvider']
cache:  C:\Users\<user>\PycharmProjects\ryzen-ai-xdna1-quantization\modelcachekey
First run compiles the model. It takes a while and looks frozen. It isn't.
RYZEN_AI_INSTALLATION_PATH = C:\Program Files\RyzenAI\1.7.1
xclbin: C:\Program Files\RyzenAI\1.7.1\voe-4.0-win_amd64\xclbins\phoenix\4x4.xclbin
onnxruntime 1.23.3.dev20260320  providers: ['VitisAIExecutionProvider', 'DmlExecutionProvider', 'CPUExecutionProvider']
cache:  C:\Users\<user>\PycharmProjects\ryzen-ai-xdna1-quantization\modelcachekey
First run compiles the model. It takes a while and looks frozen. It isn't.
  combined 61.9 fps  (1.00x vs 1-stream)  mean top-1 77.50%  per-stream top-1: [77.5, 77.5, 77.5, 77.5, 77.5, 77.5, 77.5, 77.5, 77.5, 77.5, 77.5, 77.5, 77.5, 77.5, 77.5, 77.5, 77.5, 77.5, 77.5, 77.5, 77.5, 77.5, 77.5, 77.5, 77.5, 77.5, 77.5, 77.5, 77.5, 77.5, 77.5, 77.5]  worst mismatch-vs-solo 0.00%

=== 48 concurrent stream(s), all on the same 40 images ===
RYZEN_AI_INSTALLATION_PATH = C:\Program Files\RyzenAI\1.7.1
xclbin: C:\Program Files\RyzenAI\1.7.1\voe-4.0-win_amd64\xclbins\phoenix\4x4.xclbin
onnxruntime 1.23.3.dev20260320  providers: ['VitisAIExecutionProvider', 'DmlExecutionProvider', 'CPUExecutionProvider']
cache:  C:\Users\<user>\PycharmProjects\ryzen-ai-xdna1-quantization\modelcachekey
First run compiles the model. It takes a while and looks frozen. It isn't.
RYZEN_AI_INSTALLATION_PATH = C:\Program Files\RyzenAI\1.7.1
xclbin: C:\Program Files\RyzenAI\1.7.1\voe-4.0-win_amd64\xclbins\phoenix\4x4.xclbin
onnxruntime 1.23.3.dev20260320  providers: ['VitisAIExecutionProvider', 'DmlExecutionProvider', 'CPUExecutionProvider']
cache:  C:\Users\<user>\PycharmProjects\ryzen-ai-xdna1-quantization\modelcachekey
First run compiles the model. It takes a while and looks frozen. It isn't.
RYZEN_AI_INSTALLATION_PATH = C:\Program Files\RyzenAI\1.7.1
xclbin: C:\Program Files\RyzenAI\1.7.1\voe-4.0-win_amd64\xclbins\phoenix\4x4.xclbin
onnxruntime 1.23.3.dev20260320  providers: ['VitisAIExecutionProvider', 'DmlExecutionProvider', 'CPUExecutionProvider']
cache:  C:\Users\<user>\PycharmProjects\ryzen-ai-xdna1-quantization\modelcachekey
First run compiles the model. It takes a while and looks frozen. It isn't.
RYZEN_AI_INSTALLATION_PATH = C:\Program Files\RyzenAI\1.7.1
xclbin: C:\Program Files\RyzenAI\1.7.1\voe-4.0-win_amd64\xclbins\phoenix\4x4.xclbin
onnxruntime 1.23.3.dev20260320  providers: ['VitisAIExecutionProvider', 'DmlExecutionProvider', 'CPUExecutionProvider']
cache:  C:\Users\<user>\PycharmProjects\ryzen-ai-xdna1-quantization\modelcachekey
First run compiles the model. It takes a while and looks frozen. It isn't.
RYZEN_AI_INSTALLATION_PATH = C:\Program Files\RyzenAI\1.7.1
xclbin: C:\Program Files\RyzenAI\1.7.1\voe-4.0-win_amd64\xclbins\phoenix\4x4.xclbin
onnxruntime 1.23.3.dev20260320  providers: ['VitisAIExecutionProvider', 'DmlExecutionProvider', 'CPUExecutionProvider']
cache:  C:\Users\<user>\PycharmProjects\ryzen-ai-xdna1-quantization\modelcachekey
First run compiles the model. It takes a while and looks frozen. It isn't.
RYZEN_AI_INSTALLATION_PATH = C:\Program Files\RyzenAI\1.7.1
xclbin: C:\Program Files\RyzenAI\1.7.1\voe-4.0-win_amd64\xclbins\phoenix\4x4.xclbin
onnxruntime 1.23.3.dev20260320  providers: ['VitisAIExecutionProvider', 'DmlExecutionProvider', 'CPUExecutionProvider']
cache:  C:\Users\<user>\PycharmProjects\ryzen-ai-xdna1-quantization\modelcachekey
First run compiles the model. It takes a while and looks frozen. It isn't.
RYZEN_AI_INSTALLATION_PATH = C:\Program Files\RyzenAI\1.7.1
xclbin: C:\Program Files\RyzenAI\1.7.1\voe-4.0-win_amd64\xclbins\phoenix\4x4.xclbin
onnxruntime 1.23.3.dev20260320  providers: ['VitisAIExecutionProvider', 'DmlExecutionProvider', 'CPUExecutionProvider']
cache:  C:\Users\<user>\PycharmProjects\ryzen-ai-xdna1-quantization\modelcachekey
First run compiles the model. It takes a while and looks frozen. It isn't.
RYZEN_AI_INSTALLATION_PATH = C:\Program Files\RyzenAI\1.7.1
xclbin: C:\Program Files\RyzenAI\1.7.1\voe-4.0-win_amd64\xclbins\phoenix\4x4.xclbin
onnxruntime 1.23.3.dev20260320  providers: ['VitisAIExecutionProvider', 'DmlExecutionProvider', 'CPUExecutionProvider']
cache:  C:\Users\<user>\PycharmProjects\ryzen-ai-xdna1-quantization\modelcachekey
First run compiles the model. It takes a while and looks frozen. It isn't.
RYZEN_AI_INSTALLATION_PATH = C:\Program Files\RyzenAI\1.7.1
xclbin: C:\Program Files\RyzenAI\1.7.1\voe-4.0-win_amd64\xclbins\phoenix\4x4.xclbin
onnxruntime 1.23.3.dev20260320  providers: ['VitisAIExecutionProvider', 'DmlExecutionProvider', 'CPUExecutionProvider']
cache:  C:\Users\<user>\PycharmProjects\ryzen-ai-xdna1-quantization\modelcachekey
First run compiles the model. It takes a while and looks frozen. It isn't.
RYZEN_AI_INSTALLATION_PATH = C:\Program Files\RyzenAI\1.7.1
xclbin: C:\Program Files\RyzenAI\1.7.1\voe-4.0-win_amd64\xclbins\phoenix\4x4.xclbin
onnxruntime 1.23.3.dev20260320  providers: ['VitisAIExecutionProvider', 'DmlExecutionProvider', 'CPUExecutionProvider']
cache:  C:\Users\<user>\PycharmProjects\ryzen-ai-xdna1-quantization\modelcachekey
First run compiles the model. It takes a while and looks frozen. It isn't.
RYZEN_AI_INSTALLATION_PATH = C:\Program Files\RyzenAI\1.7.1
xclbin: C:\Program Files\RyzenAI\1.7.1\voe-4.0-win_amd64\xclbins\phoenix\4x4.xclbin
onnxruntime 1.23.3.dev20260320  providers: ['VitisAIExecutionProvider', 'DmlExecutionProvider', 'CPUExecutionProvider']
cache:  C:\Users\<user>\PycharmProjects\ryzen-ai-xdna1-quantization\modelcachekey
First run compiles the model. It takes a while and looks frozen. It isn't.
RYZEN_AI_INSTALLATION_PATH = C:\Program Files\RyzenAI\1.7.1
xclbin: C:\Program Files\RyzenAI\1.7.1\voe-4.0-win_amd64\xclbins\phoenix\4x4.xclbin
onnxruntime 1.23.3.dev20260320  providers: ['VitisAIExecutionProvider', 'DmlExecutionProvider', 'CPUExecutionProvider']
cache:  C:\Users\<user>\PycharmProjects\ryzen-ai-xdna1-quantization\modelcachekey
First run compiles the model. It takes a while and looks frozen. It isn't.
RYZEN_AI_INSTALLATION_PATH = C:\Program Files\RyzenAI\1.7.1
xclbin: C:\Program Files\RyzenAI\1.7.1\voe-4.0-win_amd64\xclbins\phoenix\4x4.xclbin
onnxruntime 1.23.3.dev20260320  providers: ['VitisAIExecutionProvider', 'DmlExecutionProvider', 'CPUExecutionProvider']
cache:  C:\Users\<user>\PycharmProjects\ryzen-ai-xdna1-quantization\modelcachekey
First run compiles the model. It takes a while and looks frozen. It isn't.
RYZEN_AI_INSTALLATION_PATH = C:\Program Files\RyzenAI\1.7.1
xclbin: C:\Program Files\RyzenAI\1.7.1\voe-4.0-win_amd64\xclbins\phoenix\4x4.xclbin
onnxruntime 1.23.3.dev20260320  providers: ['VitisAIExecutionProvider', 'DmlExecutionProvider', 'CPUExecutionProvider']
cache:  C:\Users\<user>\PycharmProjects\ryzen-ai-xdna1-quantization\modelcachekey
First run compiles the model. It takes a while and looks frozen. It isn't.
RYZEN_AI_INSTALLATION_PATH = C:\Program Files\RyzenAI\1.7.1
xclbin: C:\Program Files\RyzenAI\1.7.1\voe-4.0-win_amd64\xclbins\phoenix\4x4.xclbin
onnxruntime 1.23.3.dev20260320  providers: ['VitisAIExecutionProvider', 'DmlExecutionProvider', 'CPUExecutionProvider']
cache:  C:\Users\<user>\PycharmProjects\ryzen-ai-xdna1-quantization\modelcachekey
First run compiles the model. It takes a while and looks frozen. It isn't.
RYZEN_AI_INSTALLATION_PATH = C:\Program Files\RyzenAI\1.7.1
xclbin: C:\Program Files\RyzenAI\1.7.1\voe-4.0-win_amd64\xclbins\phoenix\4x4.xclbin
onnxruntime 1.23.3.dev20260320  providers: ['VitisAIExecutionProvider', 'DmlExecutionProvider', 'CPUExecutionProvider']
cache:  C:\Users\<user>\PycharmProjects\ryzen-ai-xdna1-quantization\modelcachekey
First run compiles the model. It takes a while and looks frozen. It isn't.
RYZEN_AI_INSTALLATION_PATH = C:\Program Files\RyzenAI\1.7.1
xclbin: C:\Program Files\RyzenAI\1.7.1\voe-4.0-win_amd64\xclbins\phoenix\4x4.xclbin
onnxruntime 1.23.3.dev20260320  providers: ['VitisAIExecutionProvider', 'DmlExecutionProvider', 'CPUExecutionProvider']
cache:  C:\Users\<user>\PycharmProjects\ryzen-ai-xdna1-quantization\modelcachekey
First run compiles the model. It takes a while and looks frozen. It isn't.
RYZEN_AI_INSTALLATION_PATH = C:\Program Files\RyzenAI\1.7.1
xclbin: C:\Program Files\RyzenAI\1.7.1\voe-4.0-win_amd64\xclbins\phoenix\4x4.xclbin
onnxruntime 1.23.3.dev20260320  providers: ['VitisAIExecutionProvider', 'DmlExecutionProvider', 'CPUExecutionProvider']
cache:  C:\Users\<user>\PycharmProjects\ryzen-ai-xdna1-quantization\modelcachekey
First run compiles the model. It takes a while and looks frozen. It isn't.
RYZEN_AI_INSTALLATION_PATH = C:\Program Files\RyzenAI\1.7.1
xclbin: C:\Program Files\RyzenAI\1.7.1\voe-4.0-win_amd64\xclbins\phoenix\4x4.xclbin
onnxruntime 1.23.3.dev20260320  providers: ['VitisAIExecutionProvider', 'DmlExecutionProvider', 'CPUExecutionProvider']
cache:  C:\Users\<user>\PycharmProjects\ryzen-ai-xdna1-quantization\modelcachekey
First run compiles the model. It takes a while and looks frozen. It isn't.
RYZEN_AI_INSTALLATION_PATH = C:\Program Files\RyzenAI\1.7.1
xclbin: C:\Program Files\RyzenAI\1.7.1\voe-4.0-win_amd64\xclbins\phoenix\4x4.xclbin
onnxruntime 1.23.3.dev20260320  providers: ['VitisAIExecutionProvider', 'DmlExecutionProvider', 'CPUExecutionProvider']
cache:  C:\Users\<user>\PycharmProjects\ryzen-ai-xdna1-quantization\modelcachekey
First run compiles the model. It takes a while and looks frozen. It isn't.
RYZEN_AI_INSTALLATION_PATH = C:\Program Files\RyzenAI\1.7.1
xclbin: C:\Program Files\RyzenAI\1.7.1\voe-4.0-win_amd64\xclbins\phoenix\4x4.xclbin
onnxruntime 1.23.3.dev20260320  providers: ['VitisAIExecutionProvider', 'DmlExecutionProvider', 'CPUExecutionProvider']
cache:  C:\Users\<user>\PycharmProjects\ryzen-ai-xdna1-quantization\modelcachekey
First run compiles the model. It takes a while and looks frozen. It isn't.
RYZEN_AI_INSTALLATION_PATH = C:\Program Files\RyzenAI\1.7.1
xclbin: C:\Program Files\RyzenAI\1.7.1\voe-4.0-win_amd64\xclbins\phoenix\4x4.xclbin
onnxruntime 1.23.3.dev20260320  providers: ['VitisAIExecutionProvider', 'DmlExecutionProvider', 'CPUExecutionProvider']
cache:  C:\Users\<user>\PycharmProjects\ryzen-ai-xdna1-quantization\modelcachekey
First run compiles the model. It takes a while and looks frozen. It isn't.
RYZEN_AI_INSTALLATION_PATH = C:\Program Files\RyzenAI\1.7.1
xclbin: C:\Program Files\RyzenAI\1.7.1\voe-4.0-win_amd64\xclbins\phoenix\4x4.xclbin
onnxruntime 1.23.3.dev20260320  providers: ['VitisAIExecutionProvider', 'DmlExecutionProvider', 'CPUExecutionProvider']
cache:  C:\Users\<user>\PycharmProjects\ryzen-ai-xdna1-quantization\modelcachekey
First run compiles the model. It takes a while and looks frozen. It isn't.
RYZEN_AI_INSTALLATION_PATH = C:\Program Files\RyzenAI\1.7.1
xclbin: C:\Program Files\RyzenAI\1.7.1\voe-4.0-win_amd64\xclbins\phoenix\4x4.xclbin
onnxruntime 1.23.3.dev20260320  providers: ['VitisAIExecutionProvider', 'DmlExecutionProvider', 'CPUExecutionProvider']
cache:  C:\Users\<user>\PycharmProjects\ryzen-ai-xdna1-quantization\modelcachekey
First run compiles the model. It takes a while and looks frozen. It isn't.
RYZEN_AI_INSTALLATION_PATH = C:\Program Files\RyzenAI\1.7.1
xclbin: C:\Program Files\RyzenAI\1.7.1\voe-4.0-win_amd64\xclbins\phoenix\4x4.xclbin
onnxruntime 1.23.3.dev20260320  providers: ['VitisAIExecutionProvider', 'DmlExecutionProvider', 'CPUExecutionProvider']
cache:  C:\Users\<user>\PycharmProjects\ryzen-ai-xdna1-quantization\modelcachekey
First run compiles the model. It takes a while and looks frozen. It isn't.
RYZEN_AI_INSTALLATION_PATH = C:\Program Files\RyzenAI\1.7.1
xclbin: C:\Program Files\RyzenAI\1.7.1\voe-4.0-win_amd64\xclbins\phoenix\4x4.xclbin
onnxruntime 1.23.3.dev20260320  providers: ['VitisAIExecutionProvider', 'DmlExecutionProvider', 'CPUExecutionProvider']
cache:  C:\Users\<user>\PycharmProjects\ryzen-ai-xdna1-quantization\modelcachekey
First run compiles the model. It takes a while and looks frozen. It isn't.
RYZEN_AI_INSTALLATION_PATH = C:\Program Files\RyzenAI\1.7.1
xclbin: C:\Program Files\RyzenAI\1.7.1\voe-4.0-win_amd64\xclbins\phoenix\4x4.xclbin
onnxruntime 1.23.3.dev20260320  providers: ['VitisAIExecutionProvider', 'DmlExecutionProvider', 'CPUExecutionProvider']
cache:  C:\Users\<user>\PycharmProjects\ryzen-ai-xdna1-quantization\modelcachekey
First run compiles the model. It takes a while and looks frozen. It isn't.
RYZEN_AI_INSTALLATION_PATH = C:\Program Files\RyzenAI\1.7.1
xclbin: C:\Program Files\RyzenAI\1.7.1\voe-4.0-win_amd64\xclbins\phoenix\4x4.xclbin
onnxruntime 1.23.3.dev20260320  providers: ['VitisAIExecutionProvider', 'DmlExecutionProvider', 'CPUExecutionProvider']
cache:  C:\Users\<user>\PycharmProjects\ryzen-ai-xdna1-quantization\modelcachekey
First run compiles the model. It takes a while and looks frozen. It isn't.
RYZEN_AI_INSTALLATION_PATH = C:\Program Files\RyzenAI\1.7.1
xclbin: C:\Program Files\RyzenAI\1.7.1\voe-4.0-win_amd64\xclbins\phoenix\4x4.xclbin
onnxruntime 1.23.3.dev20260320  providers: ['VitisAIExecutionProvider', 'DmlExecutionProvider', 'CPUExecutionProvider']
cache:  C:\Users\<user>\PycharmProjects\ryzen-ai-xdna1-quantization\modelcachekey
First run compiles the model. It takes a while and looks frozen. It isn't.
RYZEN_AI_INSTALLATION_PATH = C:\Program Files\RyzenAI\1.7.1
xclbin: C:\Program Files\RyzenAI\1.7.1\voe-4.0-win_amd64\xclbins\phoenix\4x4.xclbin
onnxruntime 1.23.3.dev20260320  providers: ['VitisAIExecutionProvider', 'DmlExecutionProvider', 'CPUExecutionProvider']
cache:  C:\Users\<user>\PycharmProjects\ryzen-ai-xdna1-quantization\modelcachekey
First run compiles the model. It takes a while and looks frozen. It isn't.
RYZEN_AI_INSTALLATION_PATH = C:\Program Files\RyzenAI\1.7.1
xclbin: C:\Program Files\RyzenAI\1.7.1\voe-4.0-win_amd64\xclbins\phoenix\4x4.xclbin
onnxruntime 1.23.3.dev20260320  providers: ['VitisAIExecutionProvider', 'DmlExecutionProvider', 'CPUExecutionProvider']
cache:  C:\Users\<user>\PycharmProjects\ryzen-ai-xdna1-quantization\modelcachekey
First run compiles the model. It takes a while and looks frozen. It isn't.
RYZEN_AI_INSTALLATION_PATH = C:\Program Files\RyzenAI\1.7.1
xclbin: C:\Program Files\RyzenAI\1.7.1\voe-4.0-win_amd64\xclbins\phoenix\4x4.xclbin
onnxruntime 1.23.3.dev20260320  providers: ['VitisAIExecutionProvider', 'DmlExecutionProvider', 'CPUExecutionProvider']
cache:  C:\Users\<user>\PycharmProjects\ryzen-ai-xdna1-quantization\modelcachekey
First run compiles the model. It takes a while and looks frozen. It isn't.
RYZEN_AI_INSTALLATION_PATH = C:\Program Files\RyzenAI\1.7.1
xclbin: C:\Program Files\RyzenAI\1.7.1\voe-4.0-win_amd64\xclbins\phoenix\4x4.xclbin
onnxruntime 1.23.3.dev20260320  providers: ['VitisAIExecutionProvider', 'DmlExecutionProvider', 'CPUExecutionProvider']
cache:  C:\Users\<user>\PycharmProjects\ryzen-ai-xdna1-quantization\modelcachekey
First run compiles the model. It takes a while and looks frozen. It isn't.
RYZEN_AI_INSTALLATION_PATH = C:\Program Files\RyzenAI\1.7.1
xclbin: C:\Program Files\RyzenAI\1.7.1\voe-4.0-win_amd64\xclbins\phoenix\4x4.xclbin
onnxruntime 1.23.3.dev20260320  providers: ['VitisAIExecutionProvider', 'DmlExecutionProvider', 'CPUExecutionProvider']
cache:  C:\Users\<user>\PycharmProjects\ryzen-ai-xdna1-quantization\modelcachekey
First run compiles the model. It takes a while and looks frozen. It isn't.
RYZEN_AI_INSTALLATION_PATH = C:\Program Files\RyzenAI\1.7.1
xclbin: C:\Program Files\RyzenAI\1.7.1\voe-4.0-win_amd64\xclbins\phoenix\4x4.xclbin
onnxruntime 1.23.3.dev20260320  providers: ['VitisAIExecutionProvider', 'DmlExecutionProvider', 'CPUExecutionProvider']
cache:  C:\Users\<user>\PycharmProjects\ryzen-ai-xdna1-quantization\modelcachekey
First run compiles the model. It takes a while and looks frozen. It isn't.
RYZEN_AI_INSTALLATION_PATH = C:\Program Files\RyzenAI\1.7.1
xclbin: C:\Program Files\RyzenAI\1.7.1\voe-4.0-win_amd64\xclbins\phoenix\4x4.xclbin
onnxruntime 1.23.3.dev20260320  providers: ['VitisAIExecutionProvider', 'DmlExecutionProvider', 'CPUExecutionProvider']
cache:  C:\Users\<user>\PycharmProjects\ryzen-ai-xdna1-quantization\modelcachekey
First run compiles the model. It takes a while and looks frozen. It isn't.
RYZEN_AI_INSTALLATION_PATH = C:\Program Files\RyzenAI\1.7.1
xclbin: C:\Program Files\RyzenAI\1.7.1\voe-4.0-win_amd64\xclbins\phoenix\4x4.xclbin
onnxruntime 1.23.3.dev20260320  providers: ['VitisAIExecutionProvider', 'DmlExecutionProvider', 'CPUExecutionProvider']
cache:  C:\Users\<user>\PycharmProjects\ryzen-ai-xdna1-quantization\modelcachekey
First run compiles the model. It takes a while and looks frozen. It isn't.
RYZEN_AI_INSTALLATION_PATH = C:\Program Files\RyzenAI\1.7.1
xclbin: C:\Program Files\RyzenAI\1.7.1\voe-4.0-win_amd64\xclbins\phoenix\4x4.xclbin
onnxruntime 1.23.3.dev20260320  providers: ['VitisAIExecutionProvider', 'DmlExecutionProvider', 'CPUExecutionProvider']
cache:  C:\Users\<user>\PycharmProjects\ryzen-ai-xdna1-quantization\modelcachekey
First run compiles the model. It takes a while and looks frozen. It isn't.
RYZEN_AI_INSTALLATION_PATH = C:\Program Files\RyzenAI\1.7.1
xclbin: C:\Program Files\RyzenAI\1.7.1\voe-4.0-win_amd64\xclbins\phoenix\4x4.xclbin
onnxruntime 1.23.3.dev20260320  providers: ['VitisAIExecutionProvider', 'DmlExecutionProvider', 'CPUExecutionProvider']
cache:  C:\Users\<user>\PycharmProjects\ryzen-ai-xdna1-quantization\modelcachekey
First run compiles the model. It takes a while and looks frozen. It isn't.
RYZEN_AI_INSTALLATION_PATH = C:\Program Files\RyzenAI\1.7.1
xclbin: C:\Program Files\RyzenAI\1.7.1\voe-4.0-win_amd64\xclbins\phoenix\4x4.xclbin
onnxruntime 1.23.3.dev20260320  providers: ['VitisAIExecutionProvider', 'DmlExecutionProvider', 'CPUExecutionProvider']
cache:  C:\Users\<user>\PycharmProjects\ryzen-ai-xdna1-quantization\modelcachekey
First run compiles the model. It takes a while and looks frozen. It isn't.
RYZEN_AI_INSTALLATION_PATH = C:\Program Files\RyzenAI\1.7.1
xclbin: C:\Program Files\RyzenAI\1.7.1\voe-4.0-win_amd64\xclbins\phoenix\4x4.xclbin
onnxruntime 1.23.3.dev20260320  providers: ['VitisAIExecutionProvider', 'DmlExecutionProvider', 'CPUExecutionProvider']
cache:  C:\Users\<user>\PycharmProjects\ryzen-ai-xdna1-quantization\modelcachekey
First run compiles the model. It takes a while and looks frozen. It isn't.
RYZEN_AI_INSTALLATION_PATH = C:\Program Files\RyzenAI\1.7.1
xclbin: C:\Program Files\RyzenAI\1.7.1\voe-4.0-win_amd64\xclbins\phoenix\4x4.xclbin
onnxruntime 1.23.3.dev20260320  providers: ['VitisAIExecutionProvider', 'DmlExecutionProvider', 'CPUExecutionProvider']
cache:  C:\Users\<user>\PycharmProjects\ryzen-ai-xdna1-quantization\modelcachekey
First run compiles the model. It takes a while and looks frozen. It isn't.
RYZEN_AI_INSTALLATION_PATH = C:\Program Files\RyzenAI\1.7.1
xclbin: C:\Program Files\RyzenAI\1.7.1\voe-4.0-win_amd64\xclbins\phoenix\4x4.xclbin
onnxruntime 1.23.3.dev20260320  providers: ['VitisAIExecutionProvider', 'DmlExecutionProvider', 'CPUExecutionProvider']
cache:  C:\Users\<user>\PycharmProjects\ryzen-ai-xdna1-quantization\modelcachekey
First run compiles the model. It takes a while and looks frozen. It isn't.
RYZEN_AI_INSTALLATION_PATH = C:\Program Files\RyzenAI\1.7.1
xclbin: C:\Program Files\RyzenAI\1.7.1\voe-4.0-win_amd64\xclbins\phoenix\4x4.xclbin
onnxruntime 1.23.3.dev20260320  providers: ['VitisAIExecutionProvider', 'DmlExecutionProvider', 'CPUExecutionProvider']
cache:  C:\Users\<user>\PycharmProjects\ryzen-ai-xdna1-quantization\modelcachekey
First run compiles the model. It takes a while and looks frozen. It isn't.
RYZEN_AI_INSTALLATION_PATH = C:\Program Files\RyzenAI\1.7.1
xclbin: C:\Program Files\RyzenAI\1.7.1\voe-4.0-win_amd64\xclbins\phoenix\4x4.xclbin
onnxruntime 1.23.3.dev20260320  providers: ['VitisAIExecutionProvider', 'DmlExecutionProvider', 'CPUExecutionProvider']
cache:  C:\Users\<user>\PycharmProjects\ryzen-ai-xdna1-quantization\modelcachekey
First run compiles the model. It takes a while and looks frozen. It isn't.
RYZEN_AI_INSTALLATION_PATH = C:\Program Files\RyzenAI\1.7.1
xclbin: C:\Program Files\RyzenAI\1.7.1\voe-4.0-win_amd64\xclbins\phoenix\4x4.xclbin
onnxruntime 1.23.3.dev20260320  providers: ['VitisAIExecutionProvider', 'DmlExecutionProvider', 'CPUExecutionProvider']
cache:  C:\Users\<user>\PycharmProjects\ryzen-ai-xdna1-quantization\modelcachekey
First run compiles the model. It takes a while and looks frozen. It isn't.
RYZEN_AI_INSTALLATION_PATH = C:\Program Files\RyzenAI\1.7.1
xclbin: C:\Program Files\RyzenAI\1.7.1\voe-4.0-win_amd64\xclbins\phoenix\4x4.xclbin
onnxruntime 1.23.3.dev20260320  providers: ['VitisAIExecutionProvider', 'DmlExecutionProvider', 'CPUExecutionProvider']
cache:  C:\Users\<user>\PycharmProjects\ryzen-ai-xdna1-quantization\modelcachekey
First run compiles the model. It takes a while and looks frozen. It isn't.
RYZEN_AI_INSTALLATION_PATH = C:\Program Files\RyzenAI\1.7.1
xclbin: C:\Program Files\RyzenAI\1.7.1\voe-4.0-win_amd64\xclbins\phoenix\4x4.xclbin
onnxruntime 1.23.3.dev20260320  providers: ['VitisAIExecutionProvider', 'DmlExecutionProvider', 'CPUExecutionProvider']
cache:  C:\Users\<user>\PycharmProjects\ryzen-ai-xdna1-quantization\modelcachekey
First run compiles the model. It takes a while and looks frozen. It isn't.
  combined 62.1 fps  (1.00x vs 1-stream)  mean top-1 77.50%  per-stream top-1: [77.5, 77.5, 77.5, 77.5, 77.5, 77.5, 77.5, 77.5, 77.5, 77.5, 77.5, 77.5, 77.5, 77.5, 77.5, 77.5, 77.5, 77.5, 77.5, 77.5, 77.5, 77.5, 77.5, 77.5, 77.5, 77.5, 77.5, 77.5, 77.5, 77.5, 77.5, 77.5, 77.5, 77.5, 77.5, 77.5, 77.5, 77.5, 77.5, 77.5, 77.5, 77.5, 77.5, 77.5, 77.5, 77.5, 77.5, 77.5]  worst mismatch-vs-solo 0.00%

=== 64 concurrent stream(s), all on the same 40 images ===
RYZEN_AI_INSTALLATION_PATH = C:\Program Files\RyzenAI\1.7.1
xclbin: C:\Program Files\RyzenAI\1.7.1\voe-4.0-win_amd64\xclbins\phoenix\4x4.xclbin
onnxruntime 1.23.3.dev20260320  providers: ['VitisAIExecutionProvider', 'DmlExecutionProvider', 'CPUExecutionProvider']
cache:  C:\Users\<user>\PycharmProjects\ryzen-ai-xdna1-quantization\modelcachekey
First run compiles the model. It takes a while and looks frozen. It isn't.
RYZEN_AI_INSTALLATION_PATH = C:\Program Files\RyzenAI\1.7.1
xclbin: C:\Program Files\RyzenAI\1.7.1\voe-4.0-win_amd64\xclbins\phoenix\4x4.xclbin
onnxruntime 1.23.3.dev20260320  providers: ['VitisAIExecutionProvider', 'DmlExecutionProvider', 'CPUExecutionProvider']
cache:  C:\Users\<user>\PycharmProjects\ryzen-ai-xdna1-quantization\modelcachekey
First run compiles the model. It takes a while and looks frozen. It isn't.
RYZEN_AI_INSTALLATION_PATH = C:\Program Files\RyzenAI\1.7.1
xclbin: C:\Program Files\RyzenAI\1.7.1\voe-4.0-win_amd64\xclbins\phoenix\4x4.xclbin
onnxruntime 1.23.3.dev20260320  providers: ['VitisAIExecutionProvider', 'DmlExecutionProvider', 'CPUExecutionProvider']
cache:  C:\Users\<user>\PycharmProjects\ryzen-ai-xdna1-quantization\modelcachekey
First run compiles the model. It takes a while and looks frozen. It isn't.
RYZEN_AI_INSTALLATION_PATH = C:\Program Files\RyzenAI\1.7.1
xclbin: C:\Program Files\RyzenAI\1.7.1\voe-4.0-win_amd64\xclbins\phoenix\4x4.xclbin
onnxruntime 1.23.3.dev20260320  providers: ['VitisAIExecutionProvider', 'DmlExecutionProvider', 'CPUExecutionProvider']
cache:  C:\Users\<user>\PycharmProjects\ryzen-ai-xdna1-quantization\modelcachekey
First run compiles the model. It takes a while and looks frozen. It isn't.
RYZEN_AI_INSTALLATION_PATH = C:\Program Files\RyzenAI\1.7.1
xclbin: C:\Program Files\RyzenAI\1.7.1\voe-4.0-win_amd64\xclbins\phoenix\4x4.xclbin
onnxruntime 1.23.3.dev20260320  providers: ['VitisAIExecutionProvider', 'DmlExecutionProvider', 'CPUExecutionProvider']
cache:  C:\Users\<user>\PycharmProjects\ryzen-ai-xdna1-quantization\modelcachekey
First run compiles the model. It takes a while and looks frozen. It isn't.
RYZEN_AI_INSTALLATION_PATH = C:\Program Files\RyzenAI\1.7.1
xclbin: C:\Program Files\RyzenAI\1.7.1\voe-4.0-win_amd64\xclbins\phoenix\4x4.xclbin
onnxruntime 1.23.3.dev20260320  providers: ['VitisAIExecutionProvider', 'DmlExecutionProvider', 'CPUExecutionProvider']
cache:  C:\Users\<user>\PycharmProjects\ryzen-ai-xdna1-quantization\modelcachekey
First run compiles the model. It takes a while and looks frozen. It isn't.
RYZEN_AI_INSTALLATION_PATH = C:\Program Files\RyzenAI\1.7.1
xclbin: C:\Program Files\RyzenAI\1.7.1\voe-4.0-win_amd64\xclbins\phoenix\4x4.xclbin
onnxruntime 1.23.3.dev20260320  providers: ['VitisAIExecutionProvider', 'DmlExecutionProvider', 'CPUExecutionProvider']
cache:  C:\Users\<user>\PycharmProjects\ryzen-ai-xdna1-quantization\modelcachekey
First run compiles the model. It takes a while and looks frozen. It isn't.
RYZEN_AI_INSTALLATION_PATH = C:\Program Files\RyzenAI\1.7.1
xclbin: C:\Program Files\RyzenAI\1.7.1\voe-4.0-win_amd64\xclbins\phoenix\4x4.xclbin
onnxruntime 1.23.3.dev20260320  providers: ['VitisAIExecutionProvider', 'DmlExecutionProvider', 'CPUExecutionProvider']
cache:  C:\Users\<user>\PycharmProjects\ryzen-ai-xdna1-quantization\modelcachekey
First run compiles the model. It takes a while and looks frozen. It isn't.
RYZEN_AI_INSTALLATION_PATH = C:\Program Files\RyzenAI\1.7.1
xclbin: C:\Program Files\RyzenAI\1.7.1\voe-4.0-win_amd64\xclbins\phoenix\4x4.xclbin
onnxruntime 1.23.3.dev20260320  providers: ['VitisAIExecutionProvider', 'DmlExecutionProvider', 'CPUExecutionProvider']
cache:  C:\Users\<user>\PycharmProjects\ryzen-ai-xdna1-quantization\modelcachekey
First run compiles the model. It takes a while and looks frozen. It isn't.
RYZEN_AI_INSTALLATION_PATH = C:\Program Files\RyzenAI\1.7.1
xclbin: C:\Program Files\RyzenAI\1.7.1\voe-4.0-win_amd64\xclbins\phoenix\4x4.xclbin
onnxruntime 1.23.3.dev20260320  providers: ['VitisAIExecutionProvider', 'DmlExecutionProvider', 'CPUExecutionProvider']
cache:  C:\Users\<user>\PycharmProjects\ryzen-ai-xdna1-quantization\modelcachekey
First run compiles the model. It takes a while and looks frozen. It isn't.
RYZEN_AI_INSTALLATION_PATH = C:\Program Files\RyzenAI\1.7.1
xclbin: C:\Program Files\RyzenAI\1.7.1\voe-4.0-win_amd64\xclbins\phoenix\4x4.xclbin
onnxruntime 1.23.3.dev20260320  providers: ['VitisAIExecutionProvider', 'DmlExecutionProvider', 'CPUExecutionProvider']
cache:  C:\Users\<user>\PycharmProjects\ryzen-ai-xdna1-quantization\modelcachekey
First run compiles the model. It takes a while and looks frozen. It isn't.
RYZEN_AI_INSTALLATION_PATH = C:\Program Files\RyzenAI\1.7.1
xclbin: C:\Program Files\RyzenAI\1.7.1\voe-4.0-win_amd64\xclbins\phoenix\4x4.xclbin
onnxruntime 1.23.3.dev20260320  providers: ['VitisAIExecutionProvider', 'DmlExecutionProvider', 'CPUExecutionProvider']
cache:  C:\Users\<user>\PycharmProjects\ryzen-ai-xdna1-quantization\modelcachekey
First run compiles the model. It takes a while and looks frozen. It isn't.
RYZEN_AI_INSTALLATION_PATH = C:\Program Files\RyzenAI\1.7.1
xclbin: C:\Program Files\RyzenAI\1.7.1\voe-4.0-win_amd64\xclbins\phoenix\4x4.xclbin
onnxruntime 1.23.3.dev20260320  providers: ['VitisAIExecutionProvider', 'DmlExecutionProvider', 'CPUExecutionProvider']
cache:  C:\Users\<user>\PycharmProjects\ryzen-ai-xdna1-quantization\modelcachekey
First run compiles the model. It takes a while and looks frozen. It isn't.
RYZEN_AI_INSTALLATION_PATH = C:\Program Files\RyzenAI\1.7.1
xclbin: C:\Program Files\RyzenAI\1.7.1\voe-4.0-win_amd64\xclbins\phoenix\4x4.xclbin
onnxruntime 1.23.3.dev20260320  providers: ['VitisAIExecutionProvider', 'DmlExecutionProvider', 'CPUExecutionProvider']
cache:  C:\Users\<user>\PycharmProjects\ryzen-ai-xdna1-quantization\modelcachekey
First run compiles the model. It takes a while and looks frozen. It isn't.
RYZEN_AI_INSTALLATION_PATH = C:\Program Files\RyzenAI\1.7.1
xclbin: C:\Program Files\RyzenAI\1.7.1\voe-4.0-win_amd64\xclbins\phoenix\4x4.xclbin
onnxruntime 1.23.3.dev20260320  providers: ['VitisAIExecutionProvider', 'DmlExecutionProvider', 'CPUExecutionProvider']
cache:  C:\Users\<user>\PycharmProjects\ryzen-ai-xdna1-quantization\modelcachekey
First run compiles the model. It takes a while and looks frozen. It isn't.
RYZEN_AI_INSTALLATION_PATH = C:\Program Files\RyzenAI\1.7.1
xclbin: C:\Program Files\RyzenAI\1.7.1\voe-4.0-win_amd64\xclbins\phoenix\4x4.xclbin
onnxruntime 1.23.3.dev20260320  providers: ['VitisAIExecutionProvider', 'DmlExecutionProvider', 'CPUExecutionProvider']
cache:  C:\Users\<user>\PycharmProjects\ryzen-ai-xdna1-quantization\modelcachekey
First run compiles the model. It takes a while and looks frozen. It isn't.
RYZEN_AI_INSTALLATION_PATH = C:\Program Files\RyzenAI\1.7.1
xclbin: C:\Program Files\RyzenAI\1.7.1\voe-4.0-win_amd64\xclbins\phoenix\4x4.xclbin
onnxruntime 1.23.3.dev20260320  providers: ['VitisAIExecutionProvider', 'DmlExecutionProvider', 'CPUExecutionProvider']
cache:  C:\Users\<user>\PycharmProjects\ryzen-ai-xdna1-quantization\modelcachekey
First run compiles the model. It takes a while and looks frozen. It isn't.
RYZEN_AI_INSTALLATION_PATH = C:\Program Files\RyzenAI\1.7.1
xclbin: C:\Program Files\RyzenAI\1.7.1\voe-4.0-win_amd64\xclbins\phoenix\4x4.xclbin
onnxruntime 1.23.3.dev20260320  providers: ['VitisAIExecutionProvider', 'DmlExecutionProvider', 'CPUExecutionProvider']
cache:  C:\Users\<user>\PycharmProjects\ryzen-ai-xdna1-quantization\modelcachekey
First run compiles the model. It takes a while and looks frozen. It isn't.
RYZEN_AI_INSTALLATION_PATH = C:\Program Files\RyzenAI\1.7.1
xclbin: C:\Program Files\RyzenAI\1.7.1\voe-4.0-win_amd64\xclbins\phoenix\4x4.xclbin
onnxruntime 1.23.3.dev20260320  providers: ['VitisAIExecutionProvider', 'DmlExecutionProvider', 'CPUExecutionProvider']
cache:  C:\Users\<user>\PycharmProjects\ryzen-ai-xdna1-quantization\modelcachekey
First run compiles the model. It takes a while and looks frozen. It isn't.
RYZEN_AI_INSTALLATION_PATH = C:\Program Files\RyzenAI\1.7.1
xclbin: C:\Program Files\RyzenAI\1.7.1\voe-4.0-win_amd64\xclbins\phoenix\4x4.xclbin
onnxruntime 1.23.3.dev20260320  providers: ['VitisAIExecutionProvider', 'DmlExecutionProvider', 'CPUExecutionProvider']
cache:  C:\Users\<user>\PycharmProjects\ryzen-ai-xdna1-quantization\modelcachekey
First run compiles the model. It takes a while and looks frozen. It isn't.
RYZEN_AI_INSTALLATION_PATH = C:\Program Files\RyzenAI\1.7.1
xclbin: C:\Program Files\RyzenAI\1.7.1\voe-4.0-win_amd64\xclbins\phoenix\4x4.xclbin
onnxruntime 1.23.3.dev20260320  providers: ['VitisAIExecutionProvider', 'DmlExecutionProvider', 'CPUExecutionProvider']
cache:  C:\Users\<user>\PycharmProjects\ryzen-ai-xdna1-quantization\modelcachekey
First run compiles the model. It takes a while and looks frozen. It isn't.
RYZEN_AI_INSTALLATION_PATH = C:\Program Files\RyzenAI\1.7.1
xclbin: C:\Program Files\RyzenAI\1.7.1\voe-4.0-win_amd64\xclbins\phoenix\4x4.xclbin
onnxruntime 1.23.3.dev20260320  providers: ['VitisAIExecutionProvider', 'DmlExecutionProvider', 'CPUExecutionProvider']
cache:  C:\Users\<user>\PycharmProjects\ryzen-ai-xdna1-quantization\modelcachekey
First run compiles the model. It takes a while and looks frozen. It isn't.
RYZEN_AI_INSTALLATION_PATH = C:\Program Files\RyzenAI\1.7.1
xclbin: C:\Program Files\RyzenAI\1.7.1\voe-4.0-win_amd64\xclbins\phoenix\4x4.xclbin
onnxruntime 1.23.3.dev20260320  providers: ['VitisAIExecutionProvider', 'DmlExecutionProvider', 'CPUExecutionProvider']
cache:  C:\Users\<user>\PycharmProjects\ryzen-ai-xdna1-quantization\modelcachekey
First run compiles the model. It takes a while and looks frozen. It isn't.
RYZEN_AI_INSTALLATION_PATH = C:\Program Files\RyzenAI\1.7.1
xclbin: C:\Program Files\RyzenAI\1.7.1\voe-4.0-win_amd64\xclbins\phoenix\4x4.xclbin
onnxruntime 1.23.3.dev20260320  providers: ['VitisAIExecutionProvider', 'DmlExecutionProvider', 'CPUExecutionProvider']
cache:  C:\Users\<user>\PycharmProjects\ryzen-ai-xdna1-quantization\modelcachekey
First run compiles the model. It takes a while and looks frozen. It isn't.
RYZEN_AI_INSTALLATION_PATH = C:\Program Files\RyzenAI\1.7.1
xclbin: C:\Program Files\RyzenAI\1.7.1\voe-4.0-win_amd64\xclbins\phoenix\4x4.xclbin
onnxruntime 1.23.3.dev20260320  providers: ['VitisAIExecutionProvider', 'DmlExecutionProvider', 'CPUExecutionProvider']
cache:  C:\Users\<user>\PycharmProjects\ryzen-ai-xdna1-quantization\modelcachekey
First run compiles the model. It takes a while and looks frozen. It isn't.
RYZEN_AI_INSTALLATION_PATH = C:\Program Files\RyzenAI\1.7.1
xclbin: C:\Program Files\RyzenAI\1.7.1\voe-4.0-win_amd64\xclbins\phoenix\4x4.xclbin
onnxruntime 1.23.3.dev20260320  providers: ['VitisAIExecutionProvider', 'DmlExecutionProvider', 'CPUExecutionProvider']
cache:  C:\Users\<user>\PycharmProjects\ryzen-ai-xdna1-quantization\modelcachekey
First run compiles the model. It takes a while and looks frozen. It isn't.
RYZEN_AI_INSTALLATION_PATH = C:\Program Files\RyzenAI\1.7.1
xclbin: C:\Program Files\RyzenAI\1.7.1\voe-4.0-win_amd64\xclbins\phoenix\4x4.xclbin
onnxruntime 1.23.3.dev20260320  providers: ['VitisAIExecutionProvider', 'DmlExecutionProvider', 'CPUExecutionProvider']
cache:  C:\Users\<user>\PycharmProjects\ryzen-ai-xdna1-quantization\modelcachekey
First run compiles the model. It takes a while and looks frozen. It isn't.
RYZEN_AI_INSTALLATION_PATH = C:\Program Files\RyzenAI\1.7.1
xclbin: C:\Program Files\RyzenAI\1.7.1\voe-4.0-win_amd64\xclbins\phoenix\4x4.xclbin
onnxruntime 1.23.3.dev20260320  providers: ['VitisAIExecutionProvider', 'DmlExecutionProvider', 'CPUExecutionProvider']
cache:  C:\Users\<user>\PycharmProjects\ryzen-ai-xdna1-quantization\modelcachekey
First run compiles the model. It takes a while and looks frozen. It isn't.
RYZEN_AI_INSTALLATION_PATH = C:\Program Files\RyzenAI\1.7.1
xclbin: C:\Program Files\RyzenAI\1.7.1\voe-4.0-win_amd64\xclbins\phoenix\4x4.xclbin
onnxruntime 1.23.3.dev20260320  providers: ['VitisAIExecutionProvider', 'DmlExecutionProvider', 'CPUExecutionProvider']
cache:  C:\Users\<user>\PycharmProjects\ryzen-ai-xdna1-quantization\modelcachekey
First run compiles the model. It takes a while and looks frozen. It isn't.
RYZEN_AI_INSTALLATION_PATH = C:\Program Files\RyzenAI\1.7.1
xclbin: C:\Program Files\RyzenAI\1.7.1\voe-4.0-win_amd64\xclbins\phoenix\4x4.xclbin
onnxruntime 1.23.3.dev20260320  providers: ['VitisAIExecutionProvider', 'DmlExecutionProvider', 'CPUExecutionProvider']
cache:  C:\Users\<user>\PycharmProjects\ryzen-ai-xdna1-quantization\modelcachekey
First run compiles the model. It takes a while and looks frozen. It isn't.
RYZEN_AI_INSTALLATION_PATH = C:\Program Files\RyzenAI\1.7.1
xclbin: C:\Program Files\RyzenAI\1.7.1\voe-4.0-win_amd64\xclbins\phoenix\4x4.xclbin
onnxruntime 1.23.3.dev20260320  providers: ['VitisAIExecutionProvider', 'DmlExecutionProvider', 'CPUExecutionProvider']
cache:  C:\Users\<user>\PycharmProjects\ryzen-ai-xdna1-quantization\modelcachekey
First run compiles the model. It takes a while and looks frozen. It isn't.
RYZEN_AI_INSTALLATION_PATH = C:\Program Files\RyzenAI\1.7.1
xclbin: C:\Program Files\RyzenAI\1.7.1\voe-4.0-win_amd64\xclbins\phoenix\4x4.xclbin
onnxruntime 1.23.3.dev20260320  providers: ['VitisAIExecutionProvider', 'DmlExecutionProvider', 'CPUExecutionProvider']
cache:  C:\Users\<user>\PycharmProjects\ryzen-ai-xdna1-quantization\modelcachekey
First run compiles the model. It takes a while and looks frozen. It isn't.
RYZEN_AI_INSTALLATION_PATH = C:\Program Files\RyzenAI\1.7.1
xclbin: C:\Program Files\RyzenAI\1.7.1\voe-4.0-win_amd64\xclbins\phoenix\4x4.xclbin
onnxruntime 1.23.3.dev20260320  providers: ['VitisAIExecutionProvider', 'DmlExecutionProvider', 'CPUExecutionProvider']
cache:  C:\Users\<user>\PycharmProjects\ryzen-ai-xdna1-quantization\modelcachekey
First run compiles the model. It takes a while and looks frozen. It isn't.
RYZEN_AI_INSTALLATION_PATH = C:\Program Files\RyzenAI\1.7.1
xclbin: C:\Program Files\RyzenAI\1.7.1\voe-4.0-win_amd64\xclbins\phoenix\4x4.xclbin
onnxruntime 1.23.3.dev20260320  providers: ['VitisAIExecutionProvider', 'DmlExecutionProvider', 'CPUExecutionProvider']
cache:  C:\Users\<user>\PycharmProjects\ryzen-ai-xdna1-quantization\modelcachekey
First run compiles the model. It takes a while and looks frozen. It isn't.
RYZEN_AI_INSTALLATION_PATH = C:\Program Files\RyzenAI\1.7.1
xclbin: C:\Program Files\RyzenAI\1.7.1\voe-4.0-win_amd64\xclbins\phoenix\4x4.xclbin
onnxruntime 1.23.3.dev20260320  providers: ['VitisAIExecutionProvider', 'DmlExecutionProvider', 'CPUExecutionProvider']
cache:  C:\Users\<user>\PycharmProjects\ryzen-ai-xdna1-quantization\modelcachekey
First run compiles the model. It takes a while and looks frozen. It isn't.
RYZEN_AI_INSTALLATION_PATH = C:\Program Files\RyzenAI\1.7.1
xclbin: C:\Program Files\RyzenAI\1.7.1\voe-4.0-win_amd64\xclbins\phoenix\4x4.xclbin
onnxruntime 1.23.3.dev20260320  providers: ['VitisAIExecutionProvider', 'DmlExecutionProvider', 'CPUExecutionProvider']
cache:  C:\Users\<user>\PycharmProjects\ryzen-ai-xdna1-quantization\modelcachekey
First run compiles the model. It takes a while and looks frozen. It isn't.
RYZEN_AI_INSTALLATION_PATH = C:\Program Files\RyzenAI\1.7.1
xclbin: C:\Program Files\RyzenAI\1.7.1\voe-4.0-win_amd64\xclbins\phoenix\4x4.xclbin
onnxruntime 1.23.3.dev20260320  providers: ['VitisAIExecutionProvider', 'DmlExecutionProvider', 'CPUExecutionProvider']
cache:  C:\Users\<user>\PycharmProjects\ryzen-ai-xdna1-quantization\modelcachekey
First run compiles the model. It takes a while and looks frozen. It isn't.
RYZEN_AI_INSTALLATION_PATH = C:\Program Files\RyzenAI\1.7.1
xclbin: C:\Program Files\RyzenAI\1.7.1\voe-4.0-win_amd64\xclbins\phoenix\4x4.xclbin
onnxruntime 1.23.3.dev20260320  providers: ['VitisAIExecutionProvider', 'DmlExecutionProvider', 'CPUExecutionProvider']
cache:  C:\Users\<user>\PycharmProjects\ryzen-ai-xdna1-quantization\modelcachekey
First run compiles the model. It takes a while and looks frozen. It isn't.
RYZEN_AI_INSTALLATION_PATH = C:\Program Files\RyzenAI\1.7.1
xclbin: C:\Program Files\RyzenAI\1.7.1\voe-4.0-win_amd64\xclbins\phoenix\4x4.xclbin
onnxruntime 1.23.3.dev20260320  providers: ['VitisAIExecutionProvider', 'DmlExecutionProvider', 'CPUExecutionProvider']
cache:  C:\Users\<user>\PycharmProjects\ryzen-ai-xdna1-quantization\modelcachekey
First run compiles the model. It takes a while and looks frozen. It isn't.
RYZEN_AI_INSTALLATION_PATH = C:\Program Files\RyzenAI\1.7.1
xclbin: C:\Program Files\RyzenAI\1.7.1\voe-4.0-win_amd64\xclbins\phoenix\4x4.xclbin
onnxruntime 1.23.3.dev20260320  providers: ['VitisAIExecutionProvider', 'DmlExecutionProvider', 'CPUExecutionProvider']
cache:  C:\Users\<user>\PycharmProjects\ryzen-ai-xdna1-quantization\modelcachekey
First run compiles the model. It takes a while and looks frozen. It isn't.
RYZEN_AI_INSTALLATION_PATH = C:\Program Files\RyzenAI\1.7.1
xclbin: C:\Program Files\RyzenAI\1.7.1\voe-4.0-win_amd64\xclbins\phoenix\4x4.xclbin
onnxruntime 1.23.3.dev20260320  providers: ['VitisAIExecutionProvider', 'DmlExecutionProvider', 'CPUExecutionProvider']
cache:  C:\Users\<user>\PycharmProjects\ryzen-ai-xdna1-quantization\modelcachekey
First run compiles the model. It takes a while and looks frozen. It isn't.
RYZEN_AI_INSTALLATION_PATH = C:\Program Files\RyzenAI\1.7.1
xclbin: C:\Program Files\RyzenAI\1.7.1\voe-4.0-win_amd64\xclbins\phoenix\4x4.xclbin
onnxruntime 1.23.3.dev20260320  providers: ['VitisAIExecutionProvider', 'DmlExecutionProvider', 'CPUExecutionProvider']
cache:  C:\Users\<user>\PycharmProjects\ryzen-ai-xdna1-quantization\modelcachekey
First run compiles the model. It takes a while and looks frozen. It isn't.
RYZEN_AI_INSTALLATION_PATH = C:\Program Files\RyzenAI\1.7.1
xclbin: C:\Program Files\RyzenAI\1.7.1\voe-4.0-win_amd64\xclbins\phoenix\4x4.xclbin
onnxruntime 1.23.3.dev20260320  providers: ['VitisAIExecutionProvider', 'DmlExecutionProvider', 'CPUExecutionProvider']
cache:  C:\Users\<user>\PycharmProjects\ryzen-ai-xdna1-quantization\modelcachekey
First run compiles the model. It takes a while and looks frozen. It isn't.
RYZEN_AI_INSTALLATION_PATH = C:\Program Files\RyzenAI\1.7.1
xclbin: C:\Program Files\RyzenAI\1.7.1\voe-4.0-win_amd64\xclbins\phoenix\4x4.xclbin
onnxruntime 1.23.3.dev20260320  providers: ['VitisAIExecutionProvider', 'DmlExecutionProvider', 'CPUExecutionProvider']
cache:  C:\Users\<user>\PycharmProjects\ryzen-ai-xdna1-quantization\modelcachekey
First run compiles the model. It takes a while and looks frozen. It isn't.
RYZEN_AI_INSTALLATION_PATH = C:\Program Files\RyzenAI\1.7.1
xclbin: C:\Program Files\RyzenAI\1.7.1\voe-4.0-win_amd64\xclbins\phoenix\4x4.xclbin
onnxruntime 1.23.3.dev20260320  providers: ['VitisAIExecutionProvider', 'DmlExecutionProvider', 'CPUExecutionProvider']
cache:  C:\Users\<user>\PycharmProjects\ryzen-ai-xdna1-quantization\modelcachekey
First run compiles the model. It takes a while and looks frozen. It isn't.
RYZEN_AI_INSTALLATION_PATH = C:\Program Files\RyzenAI\1.7.1
xclbin: C:\Program Files\RyzenAI\1.7.1\voe-4.0-win_amd64\xclbins\phoenix\4x4.xclbin
onnxruntime 1.23.3.dev20260320  providers: ['VitisAIExecutionProvider', 'DmlExecutionProvider', 'CPUExecutionProvider']
cache:  C:\Users\<user>\PycharmProjects\ryzen-ai-xdna1-quantization\modelcachekey
First run compiles the model. It takes a while and looks frozen. It isn't.
RYZEN_AI_INSTALLATION_PATH = C:\Program Files\RyzenAI\1.7.1
xclbin: C:\Program Files\RyzenAI\1.7.1\voe-4.0-win_amd64\xclbins\phoenix\4x4.xclbin
onnxruntime 1.23.3.dev20260320  providers: ['VitisAIExecutionProvider', 'DmlExecutionProvider', 'CPUExecutionProvider']
cache:  C:\Users\<user>\PycharmProjects\ryzen-ai-xdna1-quantization\modelcachekey
First run compiles the model. It takes a while and looks frozen. It isn't.
RYZEN_AI_INSTALLATION_PATH = C:\Program Files\RyzenAI\1.7.1
xclbin: C:\Program Files\RyzenAI\1.7.1\voe-4.0-win_amd64\xclbins\phoenix\4x4.xclbin
onnxruntime 1.23.3.dev20260320  providers: ['VitisAIExecutionProvider', 'DmlExecutionProvider', 'CPUExecutionProvider']
cache:  C:\Users\<user>\PycharmProjects\ryzen-ai-xdna1-quantization\modelcachekey
First run compiles the model. It takes a while and looks frozen. It isn't.
RYZEN_AI_INSTALLATION_PATH = C:\Program Files\RyzenAI\1.7.1
xclbin: C:\Program Files\RyzenAI\1.7.1\voe-4.0-win_amd64\xclbins\phoenix\4x4.xclbin
onnxruntime 1.23.3.dev20260320  providers: ['VitisAIExecutionProvider', 'DmlExecutionProvider', 'CPUExecutionProvider']
cache:  C:\Users\<user>\PycharmProjects\ryzen-ai-xdna1-quantization\modelcachekey
First run compiles the model. It takes a while and looks frozen. It isn't.
RYZEN_AI_INSTALLATION_PATH = C:\Program Files\RyzenAI\1.7.1
xclbin: C:\Program Files\RyzenAI\1.7.1\voe-4.0-win_amd64\xclbins\phoenix\4x4.xclbin
onnxruntime 1.23.3.dev20260320  providers: ['VitisAIExecutionProvider', 'DmlExecutionProvider', 'CPUExecutionProvider']
cache:  C:\Users\<user>\PycharmProjects\ryzen-ai-xdna1-quantization\modelcachekey
First run compiles the model. It takes a while and looks frozen. It isn't.
RYZEN_AI_INSTALLATION_PATH = C:\Program Files\RyzenAI\1.7.1
xclbin: C:\Program Files\RyzenAI\1.7.1\voe-4.0-win_amd64\xclbins\phoenix\4x4.xclbin
onnxruntime 1.23.3.dev20260320  providers: ['VitisAIExecutionProvider', 'DmlExecutionProvider', 'CPUExecutionProvider']
cache:  C:\Users\<user>\PycharmProjects\ryzen-ai-xdna1-quantization\modelcachekey
First run compiles the model. It takes a while and looks frozen. It isn't.
RYZEN_AI_INSTALLATION_PATH = C:\Program Files\RyzenAI\1.7.1
xclbin: C:\Program Files\RyzenAI\1.7.1\voe-4.0-win_amd64\xclbins\phoenix\4x4.xclbin
onnxruntime 1.23.3.dev20260320  providers: ['VitisAIExecutionProvider', 'DmlExecutionProvider', 'CPUExecutionProvider']
cache:  C:\Users\<user>\PycharmProjects\ryzen-ai-xdna1-quantization\modelcachekey
First run compiles the model. It takes a while and looks frozen. It isn't.
RYZEN_AI_INSTALLATION_PATH = C:\Program Files\RyzenAI\1.7.1
xclbin: C:\Program Files\RyzenAI\1.7.1\voe-4.0-win_amd64\xclbins\phoenix\4x4.xclbin
onnxruntime 1.23.3.dev20260320  providers: ['VitisAIExecutionProvider', 'DmlExecutionProvider', 'CPUExecutionProvider']
cache:  C:\Users\<user>\PycharmProjects\ryzen-ai-xdna1-quantization\modelcachekey
First run compiles the model. It takes a while and looks frozen. It isn't.
RYZEN_AI_INSTALLATION_PATH = C:\Program Files\RyzenAI\1.7.1
xclbin: C:\Program Files\RyzenAI\1.7.1\voe-4.0-win_amd64\xclbins\phoenix\4x4.xclbin
onnxruntime 1.23.3.dev20260320  providers: ['VitisAIExecutionProvider', 'DmlExecutionProvider', 'CPUExecutionProvider']
cache:  C:\Users\<user>\PycharmProjects\ryzen-ai-xdna1-quantization\modelcachekey
First run compiles the model. It takes a while and looks frozen. It isn't.
RYZEN_AI_INSTALLATION_PATH = C:\Program Files\RyzenAI\1.7.1
xclbin: C:\Program Files\RyzenAI\1.7.1\voe-4.0-win_amd64\xclbins\phoenix\4x4.xclbin
onnxruntime 1.23.3.dev20260320  providers: ['VitisAIExecutionProvider', 'DmlExecutionProvider', 'CPUExecutionProvider']
cache:  C:\Users\<user>\PycharmProjects\ryzen-ai-xdna1-quantization\modelcachekey
First run compiles the model. It takes a while and looks frozen. It isn't.
RYZEN_AI_INSTALLATION_PATH = C:\Program Files\RyzenAI\1.7.1
xclbin: C:\Program Files\RyzenAI\1.7.1\voe-4.0-win_amd64\xclbins\phoenix\4x4.xclbin
onnxruntime 1.23.3.dev20260320  providers: ['VitisAIExecutionProvider', 'DmlExecutionProvider', 'CPUExecutionProvider']
cache:  C:\Users\<user>\PycharmProjects\ryzen-ai-xdna1-quantization\modelcachekey
First run compiles the model. It takes a while and looks frozen. It isn't.
RYZEN_AI_INSTALLATION_PATH = C:\Program Files\RyzenAI\1.7.1
xclbin: C:\Program Files\RyzenAI\1.7.1\voe-4.0-win_amd64\xclbins\phoenix\4x4.xclbin
onnxruntime 1.23.3.dev20260320  providers: ['VitisAIExecutionProvider', 'DmlExecutionProvider', 'CPUExecutionProvider']
cache:  C:\Users\<user>\PycharmProjects\ryzen-ai-xdna1-quantization\modelcachekey
First run compiles the model. It takes a while and looks frozen. It isn't.
RYZEN_AI_INSTALLATION_PATH = C:\Program Files\RyzenAI\1.7.1
xclbin: C:\Program Files\RyzenAI\1.7.1\voe-4.0-win_amd64\xclbins\phoenix\4x4.xclbin
onnxruntime 1.23.3.dev20260320  providers: ['VitisAIExecutionProvider', 'DmlExecutionProvider', 'CPUExecutionProvider']
cache:  C:\Users\<user>\PycharmProjects\ryzen-ai-xdna1-quantization\modelcachekey
First run compiles the model. It takes a while and looks frozen. It isn't.
RYZEN_AI_INSTALLATION_PATH = C:\Program Files\RyzenAI\1.7.1
xclbin: C:\Program Files\RyzenAI\1.7.1\voe-4.0-win_amd64\xclbins\phoenix\4x4.xclbin
onnxruntime 1.23.3.dev20260320  providers: ['VitisAIExecutionProvider', 'DmlExecutionProvider', 'CPUExecutionProvider']
cache:  C:\Users\<user>\PycharmProjects\ryzen-ai-xdna1-quantization\modelcachekey
First run compiles the model. It takes a while and looks frozen. It isn't.
RYZEN_AI_INSTALLATION_PATH = C:\Program Files\RyzenAI\1.7.1
xclbin: C:\Program Files\RyzenAI\1.7.1\voe-4.0-win_amd64\xclbins\phoenix\4x4.xclbin
onnxruntime 1.23.3.dev20260320  providers: ['VitisAIExecutionProvider', 'DmlExecutionProvider', 'CPUExecutionProvider']
cache:  C:\Users\<user>\PycharmProjects\ryzen-ai-xdna1-quantization\modelcachekey
First run compiles the model. It takes a while and looks frozen. It isn't.
RYZEN_AI_INSTALLATION_PATH = C:\Program Files\RyzenAI\1.7.1
xclbin: C:\Program Files\RyzenAI\1.7.1\voe-4.0-win_amd64\xclbins\phoenix\4x4.xclbin
onnxruntime 1.23.3.dev20260320  providers: ['VitisAIExecutionProvider', 'DmlExecutionProvider', 'CPUExecutionProvider']
cache:  C:\Users\<user>\PycharmProjects\ryzen-ai-xdna1-quantization\modelcachekey
First run compiles the model. It takes a while and looks frozen. It isn't.
RYZEN_AI_INSTALLATION_PATH = C:\Program Files\RyzenAI\1.7.1
xclbin: C:\Program Files\RyzenAI\1.7.1\voe-4.0-win_amd64\xclbins\phoenix\4x4.xclbin
onnxruntime 1.23.3.dev20260320  providers: ['VitisAIExecutionProvider', 'DmlExecutionProvider', 'CPUExecutionProvider']
cache:  C:\Users\<user>\PycharmProjects\ryzen-ai-xdna1-quantization\modelcachekey
First run compiles the model. It takes a while and looks frozen. It isn't.
RYZEN_AI_INSTALLATION_PATH = C:\Program Files\RyzenAI\1.7.1
xclbin: C:\Program Files\RyzenAI\1.7.1\voe-4.0-win_amd64\xclbins\phoenix\4x4.xclbin
onnxruntime 1.23.3.dev20260320  providers: ['VitisAIExecutionProvider', 'DmlExecutionProvider', 'CPUExecutionProvider']
cache:  C:\Users\<user>\PycharmProjects\ryzen-ai-xdna1-quantization\modelcachekey
First run compiles the model. It takes a while and looks frozen. It isn't.
RYZEN_AI_INSTALLATION_PATH = C:\Program Files\RyzenAI\1.7.1
xclbin: C:\Program Files\RyzenAI\1.7.1\voe-4.0-win_amd64\xclbins\phoenix\4x4.xclbin
onnxruntime 1.23.3.dev20260320  providers: ['VitisAIExecutionProvider', 'DmlExecutionProvider', 'CPUExecutionProvider']
cache:  C:\Users\<user>\PycharmProjects\ryzen-ai-xdna1-quantization\modelcachekey
First run compiles the model. It takes a while and looks frozen. It isn't.
  combined 62.3 fps  (1.01x vs 1-stream)  mean top-1 77.50%  per-stream top-1: [77.5, 77.5, 77.5, 77.5, 77.5, 77.5, 77.5, 77.5, 77.5, 77.5, 77.5, 77.5, 77.5, 77.5, 77.5, 77.5, 77.5, 77.5, 77.5, 77.5, 77.5, 77.5, 77.5, 77.5, 77.5, 77.5, 77.5, 77.5, 77.5, 77.5, 77.5, 77.5, 77.5, 77.5, 77.5, 77.5, 77.5, 77.5, 77.5, 77.5, 77.5, 77.5, 77.5, 77.5, 77.5, 77.5, 77.5, 77.5, 77.5, 77.5, 77.5, 77.5, 77.5, 77.5, 77.5, 77.5, 77.5, 77.5, 77.5, 77.5, 77.5, 77.5, 77.5, 77.5]  worst mismatch-vs-solo 0.00%

=== 96 concurrent stream(s), all on the same 40 images ===
RYZEN_AI_INSTALLATION_PATH = C:\Program Files\RyzenAI\1.7.1
xclbin: C:\Program Files\RyzenAI\1.7.1\voe-4.0-win_amd64\xclbins\phoenix\4x4.xclbin
onnxruntime 1.23.3.dev20260320  providers: ['VitisAIExecutionProvider', 'DmlExecutionProvider', 'CPUExecutionProvider']
cache:  C:\Users\<user>\PycharmProjects\ryzen-ai-xdna1-quantization\modelcachekey
First run compiles the model. It takes a while and looks frozen. It isn't.
RYZEN_AI_INSTALLATION_PATH = C:\Program Files\RyzenAI\1.7.1
xclbin: C:\Program Files\RyzenAI\1.7.1\voe-4.0-win_amd64\xclbins\phoenix\4x4.xclbin
onnxruntime 1.23.3.dev20260320  providers: ['VitisAIExecutionProvider', 'DmlExecutionProvider', 'CPUExecutionProvider']
cache:  C:\Users\<user>\PycharmProjects\ryzen-ai-xdna1-quantization\modelcachekey
First run compiles the model. It takes a while and looks frozen. It isn't.
RYZEN_AI_INSTALLATION_PATH = C:\Program Files\RyzenAI\1.7.1
xclbin: C:\Program Files\RyzenAI\1.7.1\voe-4.0-win_amd64\xclbins\phoenix\4x4.xclbin
onnxruntime 1.23.3.dev20260320  providers: ['VitisAIExecutionProvider', 'DmlExecutionProvider', 'CPUExecutionProvider']
cache:  C:\Users\<user>\PycharmProjects\ryzen-ai-xdna1-quantization\modelcachekey
First run compiles the model. It takes a while and looks frozen. It isn't.
RYZEN_AI_INSTALLATION_PATH = C:\Program Files\RyzenAI\1.7.1
xclbin: C:\Program Files\RyzenAI\1.7.1\voe-4.0-win_amd64\xclbins\phoenix\4x4.xclbin
onnxruntime 1.23.3.dev20260320  providers: ['VitisAIExecutionProvider', 'DmlExecutionProvider', 'CPUExecutionProvider']
cache:  C:\Users\<user>\PycharmProjects\ryzen-ai-xdna1-quantization\modelcachekey
First run compiles the model. It takes a while and looks frozen. It isn't.
RYZEN_AI_INSTALLATION_PATH = C:\Program Files\RyzenAI\1.7.1
xclbin: C:\Program Files\RyzenAI\1.7.1\voe-4.0-win_amd64\xclbins\phoenix\4x4.xclbin
onnxruntime 1.23.3.dev20260320  providers: ['VitisAIExecutionProvider', 'DmlExecutionProvider', 'CPUExecutionProvider']
cache:  C:\Users\<user>\PycharmProjects\ryzen-ai-xdna1-quantization\modelcachekey
First run compiles the model. It takes a while and looks frozen. It isn't.
RYZEN_AI_INSTALLATION_PATH = C:\Program Files\RyzenAI\1.7.1
xclbin: C:\Program Files\RyzenAI\1.7.1\voe-4.0-win_amd64\xclbins\phoenix\4x4.xclbin
onnxruntime 1.23.3.dev20260320  providers: ['VitisAIExecutionProvider', 'DmlExecutionProvider', 'CPUExecutionProvider']
cache:  C:\Users\<user>\PycharmProjects\ryzen-ai-xdna1-quantization\modelcachekey
First run compiles the model. It takes a while and looks frozen. It isn't.
RYZEN_AI_INSTALLATION_PATH = C:\Program Files\RyzenAI\1.7.1
xclbin: C:\Program Files\RyzenAI\1.7.1\voe-4.0-win_amd64\xclbins\phoenix\4x4.xclbin
onnxruntime 1.23.3.dev20260320  providers: ['VitisAIExecutionProvider', 'DmlExecutionProvider', 'CPUExecutionProvider']
cache:  C:\Users\<user>\PycharmProjects\ryzen-ai-xdna1-quantization\modelcachekey
First run compiles the model. It takes a while and looks frozen. It isn't.
RYZEN_AI_INSTALLATION_PATH = C:\Program Files\RyzenAI\1.7.1
xclbin: C:\Program Files\RyzenAI\1.7.1\voe-4.0-win_amd64\xclbins\phoenix\4x4.xclbin
onnxruntime 1.23.3.dev20260320  providers: ['VitisAIExecutionProvider', 'DmlExecutionProvider', 'CPUExecutionProvider']
cache:  C:\Users\<user>\PycharmProjects\ryzen-ai-xdna1-quantization\modelcachekey
First run compiles the model. It takes a while and looks frozen. It isn't.
RYZEN_AI_INSTALLATION_PATH = C:\Program Files\RyzenAI\1.7.1
xclbin: C:\Program Files\RyzenAI\1.7.1\voe-4.0-win_amd64\xclbins\phoenix\4x4.xclbin
onnxruntime 1.23.3.dev20260320  providers: ['VitisAIExecutionProvider', 'DmlExecutionProvider', 'CPUExecutionProvider']
cache:  C:\Users\<user>\PycharmProjects\ryzen-ai-xdna1-quantization\modelcachekey
First run compiles the model. It takes a while and looks frozen. It isn't.
RYZEN_AI_INSTALLATION_PATH = C:\Program Files\RyzenAI\1.7.1
xclbin: C:\Program Files\RyzenAI\1.7.1\voe-4.0-win_amd64\xclbins\phoenix\4x4.xclbin
onnxruntime 1.23.3.dev20260320  providers: ['VitisAIExecutionProvider', 'DmlExecutionProvider', 'CPUExecutionProvider']
cache:  C:\Users\<user>\PycharmProjects\ryzen-ai-xdna1-quantization\modelcachekey
First run compiles the model. It takes a while and looks frozen. It isn't.
RYZEN_AI_INSTALLATION_PATH = C:\Program Files\RyzenAI\1.7.1
xclbin: C:\Program Files\RyzenAI\1.7.1\voe-4.0-win_amd64\xclbins\phoenix\4x4.xclbin
onnxruntime 1.23.3.dev20260320  providers: ['VitisAIExecutionProvider', 'DmlExecutionProvider', 'CPUExecutionProvider']
cache:  C:\Users\<user>\PycharmProjects\ryzen-ai-xdna1-quantization\modelcachekey
First run compiles the model. It takes a while and looks frozen. It isn't.
RYZEN_AI_INSTALLATION_PATH = C:\Program Files\RyzenAI\1.7.1
xclbin: C:\Program Files\RyzenAI\1.7.1\voe-4.0-win_amd64\xclbins\phoenix\4x4.xclbin
onnxruntime 1.23.3.dev20260320  providers: ['VitisAIExecutionProvider', 'DmlExecutionProvider', 'CPUExecutionProvider']
cache:  C:\Users\<user>\PycharmProjects\ryzen-ai-xdna1-quantization\modelcachekey
First run compiles the model. It takes a while and looks frozen. It isn't.
RYZEN_AI_INSTALLATION_PATH = C:\Program Files\RyzenAI\1.7.1
xclbin: C:\Program Files\RyzenAI\1.7.1\voe-4.0-win_amd64\xclbins\phoenix\4x4.xclbin
onnxruntime 1.23.3.dev20260320  providers: ['VitisAIExecutionProvider', 'DmlExecutionProvider', 'CPUExecutionProvider']
cache:  C:\Users\<user>\PycharmProjects\ryzen-ai-xdna1-quantization\modelcachekey
First run compiles the model. It takes a while and looks frozen. It isn't.
RYZEN_AI_INSTALLATION_PATH = C:\Program Files\RyzenAI\1.7.1
xclbin: C:\Program Files\RyzenAI\1.7.1\voe-4.0-win_amd64\xclbins\phoenix\4x4.xclbin
onnxruntime 1.23.3.dev20260320  providers: ['VitisAIExecutionProvider', 'DmlExecutionProvider', 'CPUExecutionProvider']
cache:  C:\Users\<user>\PycharmProjects\ryzen-ai-xdna1-quantization\modelcachekey
First run compiles the model. It takes a while and looks frozen. It isn't.
RYZEN_AI_INSTALLATION_PATH = C:\Program Files\RyzenAI\1.7.1
xclbin: C:\Program Files\RyzenAI\1.7.1\voe-4.0-win_amd64\xclbins\phoenix\4x4.xclbin
onnxruntime 1.23.3.dev20260320  providers: ['VitisAIExecutionProvider', 'DmlExecutionProvider', 'CPUExecutionProvider']
cache:  C:\Users\<user>\PycharmProjects\ryzen-ai-xdna1-quantization\modelcachekey
First run compiles the model. It takes a while and looks frozen. It isn't.
RYZEN_AI_INSTALLATION_PATH = C:\Program Files\RyzenAI\1.7.1
xclbin: C:\Program Files\RyzenAI\1.7.1\voe-4.0-win_amd64\xclbins\phoenix\4x4.xclbin
onnxruntime 1.23.3.dev20260320  providers: ['VitisAIExecutionProvider', 'DmlExecutionProvider', 'CPUExecutionProvider']
cache:  C:\Users\<user>\PycharmProjects\ryzen-ai-xdna1-quantization\modelcachekey
First run compiles the model. It takes a while and looks frozen. It isn't.
RYZEN_AI_INSTALLATION_PATH = C:\Program Files\RyzenAI\1.7.1
xclbin: C:\Program Files\RyzenAI\1.7.1\voe-4.0-win_amd64\xclbins\phoenix\4x4.xclbin
onnxruntime 1.23.3.dev20260320  providers: ['VitisAIExecutionProvider', 'DmlExecutionProvider', 'CPUExecutionProvider']
cache:  C:\Users\<user>\PycharmProjects\ryzen-ai-xdna1-quantization\modelcachekey
First run compiles the model. It takes a while and looks frozen. It isn't.
RYZEN_AI_INSTALLATION_PATH = C:\Program Files\RyzenAI\1.7.1
xclbin: C:\Program Files\RyzenAI\1.7.1\voe-4.0-win_amd64\xclbins\phoenix\4x4.xclbin
onnxruntime 1.23.3.dev20260320  providers: ['VitisAIExecutionProvider', 'DmlExecutionProvider', 'CPUExecutionProvider']
cache:  C:\Users\<user>\PycharmProjects\ryzen-ai-xdna1-quantization\modelcachekey
First run compiles the model. It takes a while and looks frozen. It isn't.
RYZEN_AI_INSTALLATION_PATH = C:\Program Files\RyzenAI\1.7.1
xclbin: C:\Program Files\RyzenAI\1.7.1\voe-4.0-win_amd64\xclbins\phoenix\4x4.xclbin
onnxruntime 1.23.3.dev20260320  providers: ['VitisAIExecutionProvider', 'DmlExecutionProvider', 'CPUExecutionProvider']
cache:  C:\Users\<user>\PycharmProjects\ryzen-ai-xdna1-quantization\modelcachekey
First run compiles the model. It takes a while and looks frozen. It isn't.
RYZEN_AI_INSTALLATION_PATH = C:\Program Files\RyzenAI\1.7.1
xclbin: C:\Program Files\RyzenAI\1.7.1\voe-4.0-win_amd64\xclbins\phoenix\4x4.xclbin
onnxruntime 1.23.3.dev20260320  providers: ['VitisAIExecutionProvider', 'DmlExecutionProvider', 'CPUExecutionProvider']
cache:  C:\Users\<user>\PycharmProjects\ryzen-ai-xdna1-quantization\modelcachekey
First run compiles the model. It takes a while and looks frozen. It isn't.
RYZEN_AI_INSTALLATION_PATH = C:\Program Files\RyzenAI\1.7.1
xclbin: C:\Program Files\RyzenAI\1.7.1\voe-4.0-win_amd64\xclbins\phoenix\4x4.xclbin
onnxruntime 1.23.3.dev20260320  providers: ['VitisAIExecutionProvider', 'DmlExecutionProvider', 'CPUExecutionProvider']
cache:  C:\Users\<user>\PycharmProjects\ryzen-ai-xdna1-quantization\modelcachekey
First run compiles the model. It takes a while and looks frozen. It isn't.
RYZEN_AI_INSTALLATION_PATH = C:\Program Files\RyzenAI\1.7.1
xclbin: C:\Program Files\RyzenAI\1.7.1\voe-4.0-win_amd64\xclbins\phoenix\4x4.xclbin
onnxruntime 1.23.3.dev20260320  providers: ['VitisAIExecutionProvider', 'DmlExecutionProvider', 'CPUExecutionProvider']
cache:  C:\Users\<user>\PycharmProjects\ryzen-ai-xdna1-quantization\modelcachekey
First run compiles the model. It takes a while and looks frozen. It isn't.
RYZEN_AI_INSTALLATION_PATH = C:\Program Files\RyzenAI\1.7.1
xclbin: C:\Program Files\RyzenAI\1.7.1\voe-4.0-win_amd64\xclbins\phoenix\4x4.xclbin
onnxruntime 1.23.3.dev20260320  providers: ['VitisAIExecutionProvider', 'DmlExecutionProvider', 'CPUExecutionProvider']
cache:  C:\Users\<user>\PycharmProjects\ryzen-ai-xdna1-quantization\modelcachekey
First run compiles the model. It takes a while and looks frozen. It isn't.
RYZEN_AI_INSTALLATION_PATH = C:\Program Files\RyzenAI\1.7.1
xclbin: C:\Program Files\RyzenAI\1.7.1\voe-4.0-win_amd64\xclbins\phoenix\4x4.xclbin
onnxruntime 1.23.3.dev20260320  providers: ['VitisAIExecutionProvider', 'DmlExecutionProvider', 'CPUExecutionProvider']
cache:  C:\Users\<user>\PycharmProjects\ryzen-ai-xdna1-quantization\modelcachekey
First run compiles the model. It takes a while and looks frozen. It isn't.
RYZEN_AI_INSTALLATION_PATH = C:\Program Files\RyzenAI\1.7.1
xclbin: C:\Program Files\RyzenAI\1.7.1\voe-4.0-win_amd64\xclbins\phoenix\4x4.xclbin
onnxruntime 1.23.3.dev20260320  providers: ['VitisAIExecutionProvider', 'DmlExecutionProvider', 'CPUExecutionProvider']
cache:  C:\Users\<user>\PycharmProjects\ryzen-ai-xdna1-quantization\modelcachekey
First run compiles the model. It takes a while and looks frozen. It isn't.
RYZEN_AI_INSTALLATION_PATH = C:\Program Files\RyzenAI\1.7.1
xclbin: C:\Program Files\RyzenAI\1.7.1\voe-4.0-win_amd64\xclbins\phoenix\4x4.xclbin
onnxruntime 1.23.3.dev20260320  providers: ['VitisAIExecutionProvider', 'DmlExecutionProvider', 'CPUExecutionProvider']
cache:  C:\Users\<user>\PycharmProjects\ryzen-ai-xdna1-quantization\modelcachekey
First run compiles the model. It takes a while and looks frozen. It isn't.
RYZEN_AI_INSTALLATION_PATH = C:\Program Files\RyzenAI\1.7.1
xclbin: C:\Program Files\RyzenAI\1.7.1\voe-4.0-win_amd64\xclbins\phoenix\4x4.xclbin
onnxruntime 1.23.3.dev20260320  providers: ['VitisAIExecutionProvider', 'DmlExecutionProvider', 'CPUExecutionProvider']
cache:  C:\Users\<user>\PycharmProjects\ryzen-ai-xdna1-quantization\modelcachekey
First run compiles the model. It takes a while and looks frozen. It isn't.
RYZEN_AI_INSTALLATION_PATH = C:\Program Files\RyzenAI\1.7.1
xclbin: C:\Program Files\RyzenAI\1.7.1\voe-4.0-win_amd64\xclbins\phoenix\4x4.xclbin
onnxruntime 1.23.3.dev20260320  providers: ['VitisAIExecutionProvider', 'DmlExecutionProvider', 'CPUExecutionProvider']
cache:  C:\Users\<user>\PycharmProjects\ryzen-ai-xdna1-quantization\modelcachekey
First run compiles the model. It takes a while and looks frozen. It isn't.
RYZEN_AI_INSTALLATION_PATH = C:\Program Files\RyzenAI\1.7.1
xclbin: C:\Program Files\RyzenAI\1.7.1\voe-4.0-win_amd64\xclbins\phoenix\4x4.xclbin
onnxruntime 1.23.3.dev20260320  providers: ['VitisAIExecutionProvider', 'DmlExecutionProvider', 'CPUExecutionProvider']
cache:  C:\Users\<user>\PycharmProjects\ryzen-ai-xdna1-quantization\modelcachekey
First run compiles the model. It takes a while and looks frozen. It isn't.
RYZEN_AI_INSTALLATION_PATH = C:\Program Files\RyzenAI\1.7.1
xclbin: C:\Program Files\RyzenAI\1.7.1\voe-4.0-win_amd64\xclbins\phoenix\4x4.xclbin
onnxruntime 1.23.3.dev20260320  providers: ['VitisAIExecutionProvider', 'DmlExecutionProvider', 'CPUExecutionProvider']
cache:  C:\Users\<user>\PycharmProjects\ryzen-ai-xdna1-quantization\modelcachekey
First run compiles the model. It takes a while and looks frozen. It isn't.
RYZEN_AI_INSTALLATION_PATH = C:\Program Files\RyzenAI\1.7.1
xclbin: C:\Program Files\RyzenAI\1.7.1\voe-4.0-win_amd64\xclbins\phoenix\4x4.xclbin
onnxruntime 1.23.3.dev20260320  providers: ['VitisAIExecutionProvider', 'DmlExecutionProvider', 'CPUExecutionProvider']
cache:  C:\Users\<user>\PycharmProjects\ryzen-ai-xdna1-quantization\modelcachekey
First run compiles the model. It takes a while and looks frozen. It isn't.
RYZEN_AI_INSTALLATION_PATH = C:\Program Files\RyzenAI\1.7.1
xclbin: C:\Program Files\RyzenAI\1.7.1\voe-4.0-win_amd64\xclbins\phoenix\4x4.xclbin
onnxruntime 1.23.3.dev20260320  providers: ['VitisAIExecutionProvider', 'DmlExecutionProvider', 'CPUExecutionProvider']
cache:  C:\Users\<user>\PycharmProjects\ryzen-ai-xdna1-quantization\modelcachekey
First run compiles the model. It takes a while and looks frozen. It isn't.
RYZEN_AI_INSTALLATION_PATH = C:\Program Files\RyzenAI\1.7.1
xclbin: C:\Program Files\RyzenAI\1.7.1\voe-4.0-win_amd64\xclbins\phoenix\4x4.xclbin
onnxruntime 1.23.3.dev20260320  providers: ['VitisAIExecutionProvider', 'DmlExecutionProvider', 'CPUExecutionProvider']
cache:  C:\Users\<user>\PycharmProjects\ryzen-ai-xdna1-quantization\modelcachekey
First run compiles the model. It takes a while and looks frozen. It isn't.
RYZEN_AI_INSTALLATION_PATH = C:\Program Files\RyzenAI\1.7.1
xclbin: C:\Program Files\RyzenAI\1.7.1\voe-4.0-win_amd64\xclbins\phoenix\4x4.xclbin
onnxruntime 1.23.3.dev20260320  providers: ['VitisAIExecutionProvider', 'DmlExecutionProvider', 'CPUExecutionProvider']
cache:  C:\Users\<user>\PycharmProjects\ryzen-ai-xdna1-quantization\modelcachekey
First run compiles the model. It takes a while and looks frozen. It isn't.
RYZEN_AI_INSTALLATION_PATH = C:\Program Files\RyzenAI\1.7.1
xclbin: C:\Program Files\RyzenAI\1.7.1\voe-4.0-win_amd64\xclbins\phoenix\4x4.xclbin
onnxruntime 1.23.3.dev20260320  providers: ['VitisAIExecutionProvider', 'DmlExecutionProvider', 'CPUExecutionProvider']
cache:  C:\Users\<user>\PycharmProjects\ryzen-ai-xdna1-quantization\modelcachekey
First run compiles the model. It takes a while and looks frozen. It isn't.
RYZEN_AI_INSTALLATION_PATH = C:\Program Files\RyzenAI\1.7.1
xclbin: C:\Program Files\RyzenAI\1.7.1\voe-4.0-win_amd64\xclbins\phoenix\4x4.xclbin
onnxruntime 1.23.3.dev20260320  providers: ['VitisAIExecutionProvider', 'DmlExecutionProvider', 'CPUExecutionProvider']
cache:  C:\Users\<user>\PycharmProjects\ryzen-ai-xdna1-quantization\modelcachekey
First run compiles the model. It takes a while and looks frozen. It isn't.
RYZEN_AI_INSTALLATION_PATH = C:\Program Files\RyzenAI\1.7.1
xclbin: C:\Program Files\RyzenAI\1.7.1\voe-4.0-win_amd64\xclbins\phoenix\4x4.xclbin
onnxruntime 1.23.3.dev20260320  providers: ['VitisAIExecutionProvider', 'DmlExecutionProvider', 'CPUExecutionProvider']
cache:  C:\Users\<user>\PycharmProjects\ryzen-ai-xdna1-quantization\modelcachekey
First run compiles the model. It takes a while and looks frozen. It isn't.
RYZEN_AI_INSTALLATION_PATH = C:\Program Files\RyzenAI\1.7.1
xclbin: C:\Program Files\RyzenAI\1.7.1\voe-4.0-win_amd64\xclbins\phoenix\4x4.xclbin
onnxruntime 1.23.3.dev20260320  providers: ['VitisAIExecutionProvider', 'DmlExecutionProvider', 'CPUExecutionProvider']
cache:  C:\Users\<user>\PycharmProjects\ryzen-ai-xdna1-quantization\modelcachekey
First run compiles the model. It takes a while and looks frozen. It isn't.
RYZEN_AI_INSTALLATION_PATH = C:\Program Files\RyzenAI\1.7.1
xclbin: C:\Program Files\RyzenAI\1.7.1\voe-4.0-win_amd64\xclbins\phoenix\4x4.xclbin
onnxruntime 1.23.3.dev20260320  providers: ['VitisAIExecutionProvider', 'DmlExecutionProvider', 'CPUExecutionProvider']
cache:  C:\Users\<user>\PycharmProjects\ryzen-ai-xdna1-quantization\modelcachekey
First run compiles the model. It takes a while and looks frozen. It isn't.
RYZEN_AI_INSTALLATION_PATH = C:\Program Files\RyzenAI\1.7.1
xclbin: C:\Program Files\RyzenAI\1.7.1\voe-4.0-win_amd64\xclbins\phoenix\4x4.xclbin
onnxruntime 1.23.3.dev20260320  providers: ['VitisAIExecutionProvider', 'DmlExecutionProvider', 'CPUExecutionProvider']
cache:  C:\Users\<user>\PycharmProjects\ryzen-ai-xdna1-quantization\modelcachekey
First run compiles the model. It takes a while and looks frozen. It isn't.
RYZEN_AI_INSTALLATION_PATH = C:\Program Files\RyzenAI\1.7.1
xclbin: C:\Program Files\RyzenAI\1.7.1\voe-4.0-win_amd64\xclbins\phoenix\4x4.xclbin
onnxruntime 1.23.3.dev20260320  providers: ['VitisAIExecutionProvider', 'DmlExecutionProvider', 'CPUExecutionProvider']
cache:  C:\Users\<user>\PycharmProjects\ryzen-ai-xdna1-quantization\modelcachekey
First run compiles the model. It takes a while and looks frozen. It isn't.
RYZEN_AI_INSTALLATION_PATH = C:\Program Files\RyzenAI\1.7.1
xclbin: C:\Program Files\RyzenAI\1.7.1\voe-4.0-win_amd64\xclbins\phoenix\4x4.xclbin
onnxruntime 1.23.3.dev20260320  providers: ['VitisAIExecutionProvider', 'DmlExecutionProvider', 'CPUExecutionProvider']
cache:  C:\Users\<user>\PycharmProjects\ryzen-ai-xdna1-quantization\modelcachekey
First run compiles the model. It takes a while and looks frozen. It isn't.
RYZEN_AI_INSTALLATION_PATH = C:\Program Files\RyzenAI\1.7.1
xclbin: C:\Program Files\RyzenAI\1.7.1\voe-4.0-win_amd64\xclbins\phoenix\4x4.xclbin
onnxruntime 1.23.3.dev20260320  providers: ['VitisAIExecutionProvider', 'DmlExecutionProvider', 'CPUExecutionProvider']
cache:  C:\Users\<user>\PycharmProjects\ryzen-ai-xdna1-quantization\modelcachekey
First run compiles the model. It takes a while and looks frozen. It isn't.
RYZEN_AI_INSTALLATION_PATH = C:\Program Files\RyzenAI\1.7.1
xclbin: C:\Program Files\RyzenAI\1.7.1\voe-4.0-win_amd64\xclbins\phoenix\4x4.xclbin
onnxruntime 1.23.3.dev20260320  providers: ['VitisAIExecutionProvider', 'DmlExecutionProvider', 'CPUExecutionProvider']
cache:  C:\Users\<user>\PycharmProjects\ryzen-ai-xdna1-quantization\modelcachekey
First run compiles the model. It takes a while and looks frozen. It isn't.
RYZEN_AI_INSTALLATION_PATH = C:\Program Files\RyzenAI\1.7.1
xclbin: C:\Program Files\RyzenAI\1.7.1\voe-4.0-win_amd64\xclbins\phoenix\4x4.xclbin
onnxruntime 1.23.3.dev20260320  providers: ['VitisAIExecutionProvider', 'DmlExecutionProvider', 'CPUExecutionProvider']
cache:  C:\Users\<user>\PycharmProjects\ryzen-ai-xdna1-quantization\modelcachekey
First run compiles the model. It takes a while and looks frozen. It isn't.
RYZEN_AI_INSTALLATION_PATH = C:\Program Files\RyzenAI\1.7.1
xclbin: C:\Program Files\RyzenAI\1.7.1\voe-4.0-win_amd64\xclbins\phoenix\4x4.xclbin
onnxruntime 1.23.3.dev20260320  providers: ['VitisAIExecutionProvider', 'DmlExecutionProvider', 'CPUExecutionProvider']
cache:  C:\Users\<user>\PycharmProjects\ryzen-ai-xdna1-quantization\modelcachekey
First run compiles the model. It takes a while and looks frozen. It isn't.
RYZEN_AI_INSTALLATION_PATH = C:\Program Files\RyzenAI\1.7.1
xclbin: C:\Program Files\RyzenAI\1.7.1\voe-4.0-win_amd64\xclbins\phoenix\4x4.xclbin
onnxruntime 1.23.3.dev20260320  providers: ['VitisAIExecutionProvider', 'DmlExecutionProvider', 'CPUExecutionProvider']
cache:  C:\Users\<user>\PycharmProjects\ryzen-ai-xdna1-quantization\modelcachekey
First run compiles the model. It takes a while and looks frozen. It isn't.
RYZEN_AI_INSTALLATION_PATH = C:\Program Files\RyzenAI\1.7.1
xclbin: C:\Program Files\RyzenAI\1.7.1\voe-4.0-win_amd64\xclbins\phoenix\4x4.xclbin
onnxruntime 1.23.3.dev20260320  providers: ['VitisAIExecutionProvider', 'DmlExecutionProvider', 'CPUExecutionProvider']
cache:  C:\Users\<user>\PycharmProjects\ryzen-ai-xdna1-quantization\modelcachekey
First run compiles the model. It takes a while and looks frozen. It isn't.
RYZEN_AI_INSTALLATION_PATH = C:\Program Files\RyzenAI\1.7.1
xclbin: C:\Program Files\RyzenAI\1.7.1\voe-4.0-win_amd64\xclbins\phoenix\4x4.xclbin
onnxruntime 1.23.3.dev20260320  providers: ['VitisAIExecutionProvider', 'DmlExecutionProvider', 'CPUExecutionProvider']
cache:  C:\Users\<user>\PycharmProjects\ryzen-ai-xdna1-quantization\modelcachekey
First run compiles the model. It takes a while and looks frozen. It isn't.
RYZEN_AI_INSTALLATION_PATH = C:\Program Files\RyzenAI\1.7.1
xclbin: C:\Program Files\RyzenAI\1.7.1\voe-4.0-win_amd64\xclbins\phoenix\4x4.xclbin
onnxruntime 1.23.3.dev20260320  providers: ['VitisAIExecutionProvider', 'DmlExecutionProvider', 'CPUExecutionProvider']
cache:  C:\Users\<user>\PycharmProjects\ryzen-ai-xdna1-quantization\modelcachekey
First run compiles the model. It takes a while and looks frozen. It isn't.
RYZEN_AI_INSTALLATION_PATH = C:\Program Files\RyzenAI\1.7.1
xclbin: C:\Program Files\RyzenAI\1.7.1\voe-4.0-win_amd64\xclbins\phoenix\4x4.xclbin
onnxruntime 1.23.3.dev20260320  providers: ['VitisAIExecutionProvider', 'DmlExecutionProvider', 'CPUExecutionProvider']
cache:  C:\Users\<user>\PycharmProjects\ryzen-ai-xdna1-quantization\modelcachekey
First run compiles the model. It takes a while and looks frozen. It isn't.
RYZEN_AI_INSTALLATION_PATH = C:\Program Files\RyzenAI\1.7.1
xclbin: C:\Program Files\RyzenAI\1.7.1\voe-4.0-win_amd64\xclbins\phoenix\4x4.xclbin
onnxruntime 1.23.3.dev20260320  providers: ['VitisAIExecutionProvider', 'DmlExecutionProvider', 'CPUExecutionProvider']
cache:  C:\Users\<user>\PycharmProjects\ryzen-ai-xdna1-quantization\modelcachekey
First run compiles the model. It takes a while and looks frozen. It isn't.
RYZEN_AI_INSTALLATION_PATH = C:\Program Files\RyzenAI\1.7.1
xclbin: C:\Program Files\RyzenAI\1.7.1\voe-4.0-win_amd64\xclbins\phoenix\4x4.xclbin
onnxruntime 1.23.3.dev20260320  providers: ['VitisAIExecutionProvider', 'DmlExecutionProvider', 'CPUExecutionProvider']
cache:  C:\Users\<user>\PycharmProjects\ryzen-ai-xdna1-quantization\modelcachekey
First run compiles the model. It takes a while and looks frozen. It isn't.
RYZEN_AI_INSTALLATION_PATH = C:\Program Files\RyzenAI\1.7.1
xclbin: C:\Program Files\RyzenAI\1.7.1\voe-4.0-win_amd64\xclbins\phoenix\4x4.xclbin
onnxruntime 1.23.3.dev20260320  providers: ['VitisAIExecutionProvider', 'DmlExecutionProvider', 'CPUExecutionProvider']
cache:  C:\Users\<user>\PycharmProjects\ryzen-ai-xdna1-quantization\modelcachekey
First run compiles the model. It takes a while and looks frozen. It isn't.
RYZEN_AI_INSTALLATION_PATH = C:\Program Files\RyzenAI\1.7.1
xclbin: C:\Program Files\RyzenAI\1.7.1\voe-4.0-win_amd64\xclbins\phoenix\4x4.xclbin
onnxruntime 1.23.3.dev20260320  providers: ['VitisAIExecutionProvider', 'DmlExecutionProvider', 'CPUExecutionProvider']
cache:  C:\Users\<user>\PycharmProjects\ryzen-ai-xdna1-quantization\modelcachekey
First run compiles the model. It takes a while and looks frozen. It isn't.
RYZEN_AI_INSTALLATION_PATH = C:\Program Files\RyzenAI\1.7.1
xclbin: C:\Program Files\RyzenAI\1.7.1\voe-4.0-win_amd64\xclbins\phoenix\4x4.xclbin
onnxruntime 1.23.3.dev20260320  providers: ['VitisAIExecutionProvider', 'DmlExecutionProvider', 'CPUExecutionProvider']
cache:  C:\Users\<user>\PycharmProjects\ryzen-ai-xdna1-quantization\modelcachekey
First run compiles the model. It takes a while and looks frozen. It isn't.
RYZEN_AI_INSTALLATION_PATH = C:\Program Files\RyzenAI\1.7.1
xclbin: C:\Program Files\RyzenAI\1.7.1\voe-4.0-win_amd64\xclbins\phoenix\4x4.xclbin
onnxruntime 1.23.3.dev20260320  providers: ['VitisAIExecutionProvider', 'DmlExecutionProvider', 'CPUExecutionProvider']
cache:  C:\Users\<user>\PycharmProjects\ryzen-ai-xdna1-quantization\modelcachekey
First run compiles the model. It takes a while and looks frozen. It isn't.
RYZEN_AI_INSTALLATION_PATH = C:\Program Files\RyzenAI\1.7.1
xclbin: C:\Program Files\RyzenAI\1.7.1\voe-4.0-win_amd64\xclbins\phoenix\4x4.xclbin
onnxruntime 1.23.3.dev20260320  providers: ['VitisAIExecutionProvider', 'DmlExecutionProvider', 'CPUExecutionProvider']
cache:  C:\Users\<user>\PycharmProjects\ryzen-ai-xdna1-quantization\modelcachekey
First run compiles the model. It takes a while and looks frozen. It isn't.
RYZEN_AI_INSTALLATION_PATH = C:\Program Files\RyzenAI\1.7.1
xclbin: C:\Program Files\RyzenAI\1.7.1\voe-4.0-win_amd64\xclbins\phoenix\4x4.xclbin
onnxruntime 1.23.3.dev20260320  providers: ['VitisAIExecutionProvider', 'DmlExecutionProvider', 'CPUExecutionProvider']
cache:  C:\Users\<user>\PycharmProjects\ryzen-ai-xdna1-quantization\modelcachekey
First run compiles the model. It takes a while and looks frozen. It isn't.
RYZEN_AI_INSTALLATION_PATH = C:\Program Files\RyzenAI\1.7.1
xclbin: C:\Program Files\RyzenAI\1.7.1\voe-4.0-win_amd64\xclbins\phoenix\4x4.xclbin
onnxruntime 1.23.3.dev20260320  providers: ['VitisAIExecutionProvider', 'DmlExecutionProvider', 'CPUExecutionProvider']
cache:  C:\Users\<user>\PycharmProjects\ryzen-ai-xdna1-quantization\modelcachekey
First run compiles the model. It takes a while and looks frozen. It isn't.
RYZEN_AI_INSTALLATION_PATH = C:\Program Files\RyzenAI\1.7.1
xclbin: C:\Program Files\RyzenAI\1.7.1\voe-4.0-win_amd64\xclbins\phoenix\4x4.xclbin
onnxruntime 1.23.3.dev20260320  providers: ['VitisAIExecutionProvider', 'DmlExecutionProvider', 'CPUExecutionProvider']
cache:  C:\Users\<user>\PycharmProjects\ryzen-ai-xdna1-quantization\modelcachekey
First run compiles the model. It takes a while and looks frozen. It isn't.
RYZEN_AI_INSTALLATION_PATH = C:\Program Files\RyzenAI\1.7.1
xclbin: C:\Program Files\RyzenAI\1.7.1\voe-4.0-win_amd64\xclbins\phoenix\4x4.xclbin
onnxruntime 1.23.3.dev20260320  providers: ['VitisAIExecutionProvider', 'DmlExecutionProvider', 'CPUExecutionProvider']
cache:  C:\Users\<user>\PycharmProjects\ryzen-ai-xdna1-quantization\modelcachekey
First run compiles the model. It takes a while and looks frozen. It isn't.
RYZEN_AI_INSTALLATION_PATH = C:\Program Files\RyzenAI\1.7.1
xclbin: C:\Program Files\RyzenAI\1.7.1\voe-4.0-win_amd64\xclbins\phoenix\4x4.xclbin
onnxruntime 1.23.3.dev20260320  providers: ['VitisAIExecutionProvider', 'DmlExecutionProvider', 'CPUExecutionProvider']
cache:  C:\Users\<user>\PycharmProjects\ryzen-ai-xdna1-quantization\modelcachekey
First run compiles the model. It takes a while and looks frozen. It isn't.
RYZEN_AI_INSTALLATION_PATH = C:\Program Files\RyzenAI\1.7.1
xclbin: C:\Program Files\RyzenAI\1.7.1\voe-4.0-win_amd64\xclbins\phoenix\4x4.xclbin
onnxruntime 1.23.3.dev20260320  providers: ['VitisAIExecutionProvider', 'DmlExecutionProvider', 'CPUExecutionProvider']
cache:  C:\Users\<user>\PycharmProjects\ryzen-ai-xdna1-quantization\modelcachekey
First run compiles the model. It takes a while and looks frozen. It isn't.
RYZEN_AI_INSTALLATION_PATH = C:\Program Files\RyzenAI\1.7.1
xclbin: C:\Program Files\RyzenAI\1.7.1\voe-4.0-win_amd64\xclbins\phoenix\4x4.xclbin
onnxruntime 1.23.3.dev20260320  providers: ['VitisAIExecutionProvider', 'DmlExecutionProvider', 'CPUExecutionProvider']
cache:  C:\Users\<user>\PycharmProjects\ryzen-ai-xdna1-quantization\modelcachekey
First run compiles the model. It takes a while and looks frozen. It isn't.
RYZEN_AI_INSTALLATION_PATH = C:\Program Files\RyzenAI\1.7.1
xclbin: C:\Program Files\RyzenAI\1.7.1\voe-4.0-win_amd64\xclbins\phoenix\4x4.xclbin
onnxruntime 1.23.3.dev20260320  providers: ['VitisAIExecutionProvider', 'DmlExecutionProvider', 'CPUExecutionProvider']
cache:  C:\Users\<user>\PycharmProjects\ryzen-ai-xdna1-quantization\modelcachekey
First run compiles the model. It takes a while and looks frozen. It isn't.
RYZEN_AI_INSTALLATION_PATH = C:\Program Files\RyzenAI\1.7.1
xclbin: C:\Program Files\RyzenAI\1.7.1\voe-4.0-win_amd64\xclbins\phoenix\4x4.xclbin
onnxruntime 1.23.3.dev20260320  providers: ['VitisAIExecutionProvider', 'DmlExecutionProvider', 'CPUExecutionProvider']
cache:  C:\Users\<user>\PycharmProjects\ryzen-ai-xdna1-quantization\modelcachekey
First run compiles the model. It takes a while and looks frozen. It isn't.
RYZEN_AI_INSTALLATION_PATH = C:\Program Files\RyzenAI\1.7.1
xclbin: C:\Program Files\RyzenAI\1.7.1\voe-4.0-win_amd64\xclbins\phoenix\4x4.xclbin
onnxruntime 1.23.3.dev20260320  providers: ['VitisAIExecutionProvider', 'DmlExecutionProvider', 'CPUExecutionProvider']
cache:  C:\Users\<user>\PycharmProjects\ryzen-ai-xdna1-quantization\modelcachekey
First run compiles the model. It takes a while and looks frozen. It isn't.
RYZEN_AI_INSTALLATION_PATH = C:\Program Files\RyzenAI\1.7.1
xclbin: C:\Program Files\RyzenAI\1.7.1\voe-4.0-win_amd64\xclbins\phoenix\4x4.xclbin
onnxruntime 1.23.3.dev20260320  providers: ['VitisAIExecutionProvider', 'DmlExecutionProvider', 'CPUExecutionProvider']
cache:  C:\Users\<user>\PycharmProjects\ryzen-ai-xdna1-quantization\modelcachekey
First run compiles the model. It takes a while and looks frozen. It isn't.
RYZEN_AI_INSTALLATION_PATH = C:\Program Files\RyzenAI\1.7.1
xclbin: C:\Program Files\RyzenAI\1.7.1\voe-4.0-win_amd64\xclbins\phoenix\4x4.xclbin
onnxruntime 1.23.3.dev20260320  providers: ['VitisAIExecutionProvider', 'DmlExecutionProvider', 'CPUExecutionProvider']
cache:  C:\Users\<user>\PycharmProjects\ryzen-ai-xdna1-quantization\modelcachekey
First run compiles the model. It takes a while and looks frozen. It isn't.
RYZEN_AI_INSTALLATION_PATH = C:\Program Files\RyzenAI\1.7.1
xclbin: C:\Program Files\RyzenAI\1.7.1\voe-4.0-win_amd64\xclbins\phoenix\4x4.xclbin
onnxruntime 1.23.3.dev20260320  providers: ['VitisAIExecutionProvider', 'DmlExecutionProvider', 'CPUExecutionProvider']
cache:  C:\Users\<user>\PycharmProjects\ryzen-ai-xdna1-quantization\modelcachekey
First run compiles the model. It takes a while and looks frozen. It isn't.
RYZEN_AI_INSTALLATION_PATH = C:\Program Files\RyzenAI\1.7.1
xclbin: C:\Program Files\RyzenAI\1.7.1\voe-4.0-win_amd64\xclbins\phoenix\4x4.xclbin
onnxruntime 1.23.3.dev20260320  providers: ['VitisAIExecutionProvider', 'DmlExecutionProvider', 'CPUExecutionProvider']
cache:  C:\Users\<user>\PycharmProjects\ryzen-ai-xdna1-quantization\modelcachekey
First run compiles the model. It takes a while and looks frozen. It isn't.
RYZEN_AI_INSTALLATION_PATH = C:\Program Files\RyzenAI\1.7.1
xclbin: C:\Program Files\RyzenAI\1.7.1\voe-4.0-win_amd64\xclbins\phoenix\4x4.xclbin
onnxruntime 1.23.3.dev20260320  providers: ['VitisAIExecutionProvider', 'DmlExecutionProvider', 'CPUExecutionProvider']
cache:  C:\Users\<user>\PycharmProjects\ryzen-ai-xdna1-quantization\modelcachekey
First run compiles the model. It takes a while and looks frozen. It isn't.
RYZEN_AI_INSTALLATION_PATH = C:\Program Files\RyzenAI\1.7.1
xclbin: C:\Program Files\RyzenAI\1.7.1\voe-4.0-win_amd64\xclbins\phoenix\4x4.xclbin
onnxruntime 1.23.3.dev20260320  providers: ['VitisAIExecutionProvider', 'DmlExecutionProvider', 'CPUExecutionProvider']
cache:  C:\Users\<user>\PycharmProjects\ryzen-ai-xdna1-quantization\modelcachekey
First run compiles the model. It takes a while and looks frozen. It isn't.
RYZEN_AI_INSTALLATION_PATH = C:\Program Files\RyzenAI\1.7.1
xclbin: C:\Program Files\RyzenAI\1.7.1\voe-4.0-win_amd64\xclbins\phoenix\4x4.xclbin
onnxruntime 1.23.3.dev20260320  providers: ['VitisAIExecutionProvider', 'DmlExecutionProvider', 'CPUExecutionProvider']
cache:  C:\Users\<user>\PycharmProjects\ryzen-ai-xdna1-quantization\modelcachekey
First run compiles the model. It takes a while and looks frozen. It isn't.
RYZEN_AI_INSTALLATION_PATH = C:\Program Files\RyzenAI\1.7.1
xclbin: C:\Program Files\RyzenAI\1.7.1\voe-4.0-win_amd64\xclbins\phoenix\4x4.xclbin
onnxruntime 1.23.3.dev20260320  providers: ['VitisAIExecutionProvider', 'DmlExecutionProvider', 'CPUExecutionProvider']
cache:  C:\Users\<user>\PycharmProjects\ryzen-ai-xdna1-quantization\modelcachekey
First run compiles the model. It takes a while and looks frozen. It isn't.
RYZEN_AI_INSTALLATION_PATH = C:\Program Files\RyzenAI\1.7.1
xclbin: C:\Program Files\RyzenAI\1.7.1\voe-4.0-win_amd64\xclbins\phoenix\4x4.xclbin
onnxruntime 1.23.3.dev20260320  providers: ['VitisAIExecutionProvider', 'DmlExecutionProvider', 'CPUExecutionProvider']
cache:  C:\Users\<user>\PycharmProjects\ryzen-ai-xdna1-quantization\modelcachekey
First run compiles the model. It takes a while and looks frozen. It isn't.
RYZEN_AI_INSTALLATION_PATH = C:\Program Files\RyzenAI\1.7.1
xclbin: C:\Program Files\RyzenAI\1.7.1\voe-4.0-win_amd64\xclbins\phoenix\4x4.xclbin
onnxruntime 1.23.3.dev20260320  providers: ['VitisAIExecutionProvider', 'DmlExecutionProvider', 'CPUExecutionProvider']
cache:  C:\Users\<user>\PycharmProjects\ryzen-ai-xdna1-quantization\modelcachekey
First run compiles the model. It takes a while and looks frozen. It isn't.
RYZEN_AI_INSTALLATION_PATH = C:\Program Files\RyzenAI\1.7.1
xclbin: C:\Program Files\RyzenAI\1.7.1\voe-4.0-win_amd64\xclbins\phoenix\4x4.xclbin
onnxruntime 1.23.3.dev20260320  providers: ['VitisAIExecutionProvider', 'DmlExecutionProvider', 'CPUExecutionProvider']
cache:  C:\Users\<user>\PycharmProjects\ryzen-ai-xdna1-quantization\modelcachekey
First run compiles the model. It takes a while and looks frozen. It isn't.
RYZEN_AI_INSTALLATION_PATH = C:\Program Files\RyzenAI\1.7.1
xclbin: C:\Program Files\RyzenAI\1.7.1\voe-4.0-win_amd64\xclbins\phoenix\4x4.xclbin
onnxruntime 1.23.3.dev20260320  providers: ['VitisAIExecutionProvider', 'DmlExecutionProvider', 'CPUExecutionProvider']
cache:  C:\Users\<user>\PycharmProjects\ryzen-ai-xdna1-quantization\modelcachekey
First run compiles the model. It takes a while and looks frozen. It isn't.
RYZEN_AI_INSTALLATION_PATH = C:\Program Files\RyzenAI\1.7.1
xclbin: C:\Program Files\RyzenAI\1.7.1\voe-4.0-win_amd64\xclbins\phoenix\4x4.xclbin
onnxruntime 1.23.3.dev20260320  providers: ['VitisAIExecutionProvider', 'DmlExecutionProvider', 'CPUExecutionProvider']
cache:  C:\Users\<user>\PycharmProjects\ryzen-ai-xdna1-quantization\modelcachekey
First run compiles the model. It takes a while and looks frozen. It isn't.
RYZEN_AI_INSTALLATION_PATH = C:\Program Files\RyzenAI\1.7.1
xclbin: C:\Program Files\RyzenAI\1.7.1\voe-4.0-win_amd64\xclbins\phoenix\4x4.xclbin
onnxruntime 1.23.3.dev20260320  providers: ['VitisAIExecutionProvider', 'DmlExecutionProvider', 'CPUExecutionProvider']
cache:  C:\Users\<user>\PycharmProjects\ryzen-ai-xdna1-quantization\modelcachekey
First run compiles the model. It takes a while and looks frozen. It isn't.
RYZEN_AI_INSTALLATION_PATH = C:\Program Files\RyzenAI\1.7.1
xclbin: C:\Program Files\RyzenAI\1.7.1\voe-4.0-win_amd64\xclbins\phoenix\4x4.xclbin
onnxruntime 1.23.3.dev20260320  providers: ['VitisAIExecutionProvider', 'DmlExecutionProvider', 'CPUExecutionProvider']
cache:  C:\Users\<user>\PycharmProjects\ryzen-ai-xdna1-quantization\modelcachekey
First run compiles the model. It takes a while and looks frozen. It isn't.
RYZEN_AI_INSTALLATION_PATH = C:\Program Files\RyzenAI\1.7.1
xclbin: C:\Program Files\RyzenAI\1.7.1\voe-4.0-win_amd64\xclbins\phoenix\4x4.xclbin
onnxruntime 1.23.3.dev20260320  providers: ['VitisAIExecutionProvider', 'DmlExecutionProvider', 'CPUExecutionProvider']
cache:  C:\Users\<user>\PycharmProjects\ryzen-ai-xdna1-quantization\modelcachekey
First run compiles the model. It takes a while and looks frozen. It isn't.
RYZEN_AI_INSTALLATION_PATH = C:\Program Files\RyzenAI\1.7.1
xclbin: C:\Program Files\RyzenAI\1.7.1\voe-4.0-win_amd64\xclbins\phoenix\4x4.xclbin
onnxruntime 1.23.3.dev20260320  providers: ['VitisAIExecutionProvider', 'DmlExecutionProvider', 'CPUExecutionProvider']
cache:  C:\Users\<user>\PycharmProjects\ryzen-ai-xdna1-quantization\modelcachekey
First run compiles the model. It takes a while and looks frozen. It isn't.
RYZEN_AI_INSTALLATION_PATH = C:\Program Files\RyzenAI\1.7.1
xclbin: C:\Program Files\RyzenAI\1.7.1\voe-4.0-win_amd64\xclbins\phoenix\4x4.xclbin
onnxruntime 1.23.3.dev20260320  providers: ['VitisAIExecutionProvider', 'DmlExecutionProvider', 'CPUExecutionProvider']
cache:  C:\Users\<user>\PycharmProjects\ryzen-ai-xdna1-quantization\modelcachekey
First run compiles the model. It takes a while and looks frozen. It isn't.
RYZEN_AI_INSTALLATION_PATH = C:\Program Files\RyzenAI\1.7.1
xclbin: C:\Program Files\RyzenAI\1.7.1\voe-4.0-win_amd64\xclbins\phoenix\4x4.xclbin
onnxruntime 1.23.3.dev20260320  providers: ['VitisAIExecutionProvider', 'DmlExecutionProvider', 'CPUExecutionProvider']
cache:  C:\Users\<user>\PycharmProjects\ryzen-ai-xdna1-quantization\modelcachekey
First run compiles the model. It takes a while and looks frozen. It isn't.
RYZEN_AI_INSTALLATION_PATH = C:\Program Files\RyzenAI\1.7.1
xclbin: C:\Program Files\RyzenAI\1.7.1\voe-4.0-win_amd64\xclbins\phoenix\4x4.xclbin
onnxruntime 1.23.3.dev20260320  providers: ['VitisAIExecutionProvider', 'DmlExecutionProvider', 'CPUExecutionProvider']
cache:  C:\Users\<user>\PycharmProjects\ryzen-ai-xdna1-quantization\modelcachekey
First run compiles the model. It takes a while and looks frozen. It isn't.
RYZEN_AI_INSTALLATION_PATH = C:\Program Files\RyzenAI\1.7.1
xclbin: C:\Program Files\RyzenAI\1.7.1\voe-4.0-win_amd64\xclbins\phoenix\4x4.xclbin
onnxruntime 1.23.3.dev20260320  providers: ['VitisAIExecutionProvider', 'DmlExecutionProvider', 'CPUExecutionProvider']
cache:  C:\Users\<user>\PycharmProjects\ryzen-ai-xdna1-quantization\modelcachekey
First run compiles the model. It takes a while and looks frozen. It isn't.
RYZEN_AI_INSTALLATION_PATH = C:\Program Files\RyzenAI\1.7.1
xclbin: C:\Program Files\RyzenAI\1.7.1\voe-4.0-win_amd64\xclbins\phoenix\4x4.xclbin
onnxruntime 1.23.3.dev20260320  providers: ['VitisAIExecutionProvider', 'DmlExecutionProvider', 'CPUExecutionProvider']
cache:  C:\Users\<user>\PycharmProjects\ryzen-ai-xdna1-quantization\modelcachekey
First run compiles the model. It takes a while and looks frozen. It isn't.
RYZEN_AI_INSTALLATION_PATH = C:\Program Files\RyzenAI\1.7.1
xclbin: C:\Program Files\RyzenAI\1.7.1\voe-4.0-win_amd64\xclbins\phoenix\4x4.xclbin
onnxruntime 1.23.3.dev20260320  providers: ['VitisAIExecutionProvider', 'DmlExecutionProvider', 'CPUExecutionProvider']
cache:  C:\Users\<user>\PycharmProjects\ryzen-ai-xdna1-quantization\modelcachekey
First run compiles the model. It takes a while and looks frozen. It isn't.
RYZEN_AI_INSTALLATION_PATH = C:\Program Files\RyzenAI\1.7.1
xclbin: C:\Program Files\RyzenAI\1.7.1\voe-4.0-win_amd64\xclbins\phoenix\4x4.xclbin
onnxruntime 1.23.3.dev20260320  providers: ['VitisAIExecutionProvider', 'DmlExecutionProvider', 'CPUExecutionProvider']
cache:  C:\Users\<user>\PycharmProjects\ryzen-ai-xdna1-quantization\modelcachekey
First run compiles the model. It takes a while and looks frozen. It isn't.
RYZEN_AI_INSTALLATION_PATH = C:\Program Files\RyzenAI\1.7.1
xclbin: C:\Program Files\RyzenAI\1.7.1\voe-4.0-win_amd64\xclbins\phoenix\4x4.xclbin
onnxruntime 1.23.3.dev20260320  providers: ['VitisAIExecutionProvider', 'DmlExecutionProvider', 'CPUExecutionProvider']
cache:  C:\Users\<user>\PycharmProjects\ryzen-ai-xdna1-quantization\modelcachekey
First run compiles the model. It takes a while and looks frozen. It isn't.
RYZEN_AI_INSTALLATION_PATH = C:\Program Files\RyzenAI\1.7.1
xclbin: C:\Program Files\RyzenAI\1.7.1\voe-4.0-win_amd64\xclbins\phoenix\4x4.xclbin
onnxruntime 1.23.3.dev20260320  providers: ['VitisAIExecutionProvider', 'DmlExecutionProvider', 'CPUExecutionProvider']
cache:  C:\Users\<user>\PycharmProjects\ryzen-ai-xdna1-quantization\modelcachekey
First run compiles the model. It takes a while and looks frozen. It isn't.
RYZEN_AI_INSTALLATION_PATH = C:\Program Files\RyzenAI\1.7.1
xclbin: C:\Program Files\RyzenAI\1.7.1\voe-4.0-win_amd64\xclbins\phoenix\4x4.xclbin
onnxruntime 1.23.3.dev20260320  providers: ['VitisAIExecutionProvider', 'DmlExecutionProvider', 'CPUExecutionProvider']
cache:  C:\Users\<user>\PycharmProjects\ryzen-ai-xdna1-quantization\modelcachekey
First run compiles the model. It takes a while and looks frozen. It isn't.
RYZEN_AI_INSTALLATION_PATH = C:\Program Files\RyzenAI\1.7.1
xclbin: C:\Program Files\RyzenAI\1.7.1\voe-4.0-win_amd64\xclbins\phoenix\4x4.xclbin
onnxruntime 1.23.3.dev20260320  providers: ['VitisAIExecutionProvider', 'DmlExecutionProvider', 'CPUExecutionProvider']
cache:  C:\Users\<user>\PycharmProjects\ryzen-ai-xdna1-quantization\modelcachekey
First run compiles the model. It takes a while and looks frozen. It isn't.
  combined 61.9 fps  (1.00x vs 1-stream)  mean top-1 77.50%  per-stream top-1: [77.5, 77.5, 77.5, 77.5, 77.5, 77.5, 77.5, 77.5, 77.5, 77.5, 77.5, 77.5, 77.5, 77.5, 77.5, 77.5, 77.5, 77.5, 77.5, 77.5, 77.5, 77.5, 77.5, 77.5, 77.5, 77.5, 77.5, 77.5, 77.5, 77.5, 77.5, 77.5, 77.5, 77.5, 77.5, 77.5, 77.5, 77.5, 77.5, 77.5, 77.5, 77.5, 77.5, 77.5, 77.5, 77.5, 77.5, 77.5, 77.5, 77.5, 77.5, 77.5, 77.5, 77.5, 77.5, 77.5, 77.5, 77.5, 77.5, 77.5, 77.5, 77.5, 77.5, 77.5, 77.5, 77.5, 77.5, 77.5, 77.5, 77.5, 77.5, 77.5, 77.5, 77.5, 77.5, 77.5, 77.5, 77.5, 77.5, 77.5, 77.5, 77.5, 77.5, 77.5, 77.5, 77.5, 77.5, 77.5, 77.5, 77.5, 77.5, 77.5, 77.5, 77.5, 77.5, 77.5]  worst mismatch-vs-solo 0.00%

=== 128 concurrent stream(s), all on the same 40 images ===
RYZEN_AI_INSTALLATION_PATH = C:\Program Files\RyzenAI\1.7.1
xclbin: C:\Program Files\RyzenAI\1.7.1\voe-4.0-win_amd64\xclbins\phoenix\4x4.xclbin
onnxruntime 1.23.3.dev20260320  providers: ['VitisAIExecutionProvider', 'DmlExecutionProvider', 'CPUExecutionProvider']
cache:  C:\Users\<user>\PycharmProjects\ryzen-ai-xdna1-quantization\modelcachekey
First run compiles the model. It takes a while and looks frozen. It isn't.
RYZEN_AI_INSTALLATION_PATH = C:\Program Files\RyzenAI\1.7.1
xclbin: C:\Program Files\RyzenAI\1.7.1\voe-4.0-win_amd64\xclbins\phoenix\4x4.xclbin
onnxruntime 1.23.3.dev20260320  providers: ['VitisAIExecutionProvider', 'DmlExecutionProvider', 'CPUExecutionProvider']
cache:  C:\Users\<user>\PycharmProjects\ryzen-ai-xdna1-quantization\modelcachekey
First run compiles the model. It takes a while and looks frozen. It isn't.
RYZEN_AI_INSTALLATION_PATH = C:\Program Files\RyzenAI\1.7.1
xclbin: C:\Program Files\RyzenAI\1.7.1\voe-4.0-win_amd64\xclbins\phoenix\4x4.xclbin
onnxruntime 1.23.3.dev20260320  providers: ['VitisAIExecutionProvider', 'DmlExecutionProvider', 'CPUExecutionProvider']
cache:  C:\Users\<user>\PycharmProjects\ryzen-ai-xdna1-quantization\modelcachekey
First run compiles the model. It takes a while and looks frozen. It isn't.
RYZEN_AI_INSTALLATION_PATH = C:\Program Files\RyzenAI\1.7.1
xclbin: C:\Program Files\RyzenAI\1.7.1\voe-4.0-win_amd64\xclbins\phoenix\4x4.xclbin
onnxruntime 1.23.3.dev20260320  providers: ['VitisAIExecutionProvider', 'DmlExecutionProvider', 'CPUExecutionProvider']
cache:  C:\Users\<user>\PycharmProjects\ryzen-ai-xdna1-quantization\modelcachekey
First run compiles the model. It takes a while and looks frozen. It isn't.
RYZEN_AI_INSTALLATION_PATH = C:\Program Files\RyzenAI\1.7.1
xclbin: C:\Program Files\RyzenAI\1.7.1\voe-4.0-win_amd64\xclbins\phoenix\4x4.xclbin
onnxruntime 1.23.3.dev20260320  providers: ['VitisAIExecutionProvider', 'DmlExecutionProvider', 'CPUExecutionProvider']
cache:  C:\Users\<user>\PycharmProjects\ryzen-ai-xdna1-quantization\modelcachekey
First run compiles the model. It takes a while and looks frozen. It isn't.
RYZEN_AI_INSTALLATION_PATH = C:\Program Files\RyzenAI\1.7.1
xclbin: C:\Program Files\RyzenAI\1.7.1\voe-4.0-win_amd64\xclbins\phoenix\4x4.xclbin
onnxruntime 1.23.3.dev20260320  providers: ['VitisAIExecutionProvider', 'DmlExecutionProvider', 'CPUExecutionProvider']
cache:  C:\Users\<user>\PycharmProjects\ryzen-ai-xdna1-quantization\modelcachekey
First run compiles the model. It takes a while and looks frozen. It isn't.
RYZEN_AI_INSTALLATION_PATH = C:\Program Files\RyzenAI\1.7.1
xclbin: C:\Program Files\RyzenAI\1.7.1\voe-4.0-win_amd64\xclbins\phoenix\4x4.xclbin
onnxruntime 1.23.3.dev20260320  providers: ['VitisAIExecutionProvider', 'DmlExecutionProvider', 'CPUExecutionProvider']
cache:  C:\Users\<user>\PycharmProjects\ryzen-ai-xdna1-quantization\modelcachekey
First run compiles the model. It takes a while and looks frozen. It isn't.
RYZEN_AI_INSTALLATION_PATH = C:\Program Files\RyzenAI\1.7.1
xclbin: C:\Program Files\RyzenAI\1.7.1\voe-4.0-win_amd64\xclbins\phoenix\4x4.xclbin
onnxruntime 1.23.3.dev20260320  providers: ['VitisAIExecutionProvider', 'DmlExecutionProvider', 'CPUExecutionProvider']
cache:  C:\Users\<user>\PycharmProjects\ryzen-ai-xdna1-quantization\modelcachekey
First run compiles the model. It takes a while and looks frozen. It isn't.
RYZEN_AI_INSTALLATION_PATH = C:\Program Files\RyzenAI\1.7.1
xclbin: C:\Program Files\RyzenAI\1.7.1\voe-4.0-win_amd64\xclbins\phoenix\4x4.xclbin
onnxruntime 1.23.3.dev20260320  providers: ['VitisAIExecutionProvider', 'DmlExecutionProvider', 'CPUExecutionProvider']
cache:  C:\Users\<user>\PycharmProjects\ryzen-ai-xdna1-quantization\modelcachekey
First run compiles the model. It takes a while and looks frozen. It isn't.
RYZEN_AI_INSTALLATION_PATH = C:\Program Files\RyzenAI\1.7.1
xclbin: C:\Program Files\RyzenAI\1.7.1\voe-4.0-win_amd64\xclbins\phoenix\4x4.xclbin
onnxruntime 1.23.3.dev20260320  providers: ['VitisAIExecutionProvider', 'DmlExecutionProvider', 'CPUExecutionProvider']
cache:  C:\Users\<user>\PycharmProjects\ryzen-ai-xdna1-quantization\modelcachekey
First run compiles the model. It takes a while and looks frozen. It isn't.
RYZEN_AI_INSTALLATION_PATH = C:\Program Files\RyzenAI\1.7.1
xclbin: C:\Program Files\RyzenAI\1.7.1\voe-4.0-win_amd64\xclbins\phoenix\4x4.xclbin
onnxruntime 1.23.3.dev20260320  providers: ['VitisAIExecutionProvider', 'DmlExecutionProvider', 'CPUExecutionProvider']
cache:  C:\Users\<user>\PycharmProjects\ryzen-ai-xdna1-quantization\modelcachekey
First run compiles the model. It takes a while and looks frozen. It isn't.
RYZEN_AI_INSTALLATION_PATH = C:\Program Files\RyzenAI\1.7.1
xclbin: C:\Program Files\RyzenAI\1.7.1\voe-4.0-win_amd64\xclbins\phoenix\4x4.xclbin
onnxruntime 1.23.3.dev20260320  providers: ['VitisAIExecutionProvider', 'DmlExecutionProvider', 'CPUExecutionProvider']
cache:  C:\Users\<user>\PycharmProjects\ryzen-ai-xdna1-quantization\modelcachekey
First run compiles the model. It takes a while and looks frozen. It isn't.
RYZEN_AI_INSTALLATION_PATH = C:\Program Files\RyzenAI\1.7.1
xclbin: C:\Program Files\RyzenAI\1.7.1\voe-4.0-win_amd64\xclbins\phoenix\4x4.xclbin
onnxruntime 1.23.3.dev20260320  providers: ['VitisAIExecutionProvider', 'DmlExecutionProvider', 'CPUExecutionProvider']
cache:  C:\Users\<user>\PycharmProjects\ryzen-ai-xdna1-quantization\modelcachekey
First run compiles the model. It takes a while and looks frozen. It isn't.
RYZEN_AI_INSTALLATION_PATH = C:\Program Files\RyzenAI\1.7.1
xclbin: C:\Program Files\RyzenAI\1.7.1\voe-4.0-win_amd64\xclbins\phoenix\4x4.xclbin
onnxruntime 1.23.3.dev20260320  providers: ['VitisAIExecutionProvider', 'DmlExecutionProvider', 'CPUExecutionProvider']
cache:  C:\Users\<user>\PycharmProjects\ryzen-ai-xdna1-quantization\modelcachekey
First run compiles the model. It takes a while and looks frozen. It isn't.
RYZEN_AI_INSTALLATION_PATH = C:\Program Files\RyzenAI\1.7.1
xclbin: C:\Program Files\RyzenAI\1.7.1\voe-4.0-win_amd64\xclbins\phoenix\4x4.xclbin
onnxruntime 1.23.3.dev20260320  providers: ['VitisAIExecutionProvider', 'DmlExecutionProvider', 'CPUExecutionProvider']
cache:  C:\Users\<user>\PycharmProjects\ryzen-ai-xdna1-quantization\modelcachekey
First run compiles the model. It takes a while and looks frozen. It isn't.
RYZEN_AI_INSTALLATION_PATH = C:\Program Files\RyzenAI\1.7.1
xclbin: C:\Program Files\RyzenAI\1.7.1\voe-4.0-win_amd64\xclbins\phoenix\4x4.xclbin
onnxruntime 1.23.3.dev20260320  providers: ['VitisAIExecutionProvider', 'DmlExecutionProvider', 'CPUExecutionProvider']
cache:  C:\Users\<user>\PycharmProjects\ryzen-ai-xdna1-quantization\modelcachekey
First run compiles the model. It takes a while and looks frozen. It isn't.
RYZEN_AI_INSTALLATION_PATH = C:\Program Files\RyzenAI\1.7.1
xclbin: C:\Program Files\RyzenAI\1.7.1\voe-4.0-win_amd64\xclbins\phoenix\4x4.xclbin
onnxruntime 1.23.3.dev20260320  providers: ['VitisAIExecutionProvider', 'DmlExecutionProvider', 'CPUExecutionProvider']
cache:  C:\Users\<user>\PycharmProjects\ryzen-ai-xdna1-quantization\modelcachekey
First run compiles the model. It takes a while and looks frozen. It isn't.
RYZEN_AI_INSTALLATION_PATH = C:\Program Files\RyzenAI\1.7.1
xclbin: C:\Program Files\RyzenAI\1.7.1\voe-4.0-win_amd64\xclbins\phoenix\4x4.xclbin
onnxruntime 1.23.3.dev20260320  providers: ['VitisAIExecutionProvider', 'DmlExecutionProvider', 'CPUExecutionProvider']
cache:  C:\Users\<user>\PycharmProjects\ryzen-ai-xdna1-quantization\modelcachekey
First run compiles the model. It takes a while and looks frozen. It isn't.
RYZEN_AI_INSTALLATION_PATH = C:\Program Files\RyzenAI\1.7.1
xclbin: C:\Program Files\RyzenAI\1.7.1\voe-4.0-win_amd64\xclbins\phoenix\4x4.xclbin
onnxruntime 1.23.3.dev20260320  providers: ['VitisAIExecutionProvider', 'DmlExecutionProvider', 'CPUExecutionProvider']
cache:  C:\Users\<user>\PycharmProjects\ryzen-ai-xdna1-quantization\modelcachekey
First run compiles the model. It takes a while and looks frozen. It isn't.
RYZEN_AI_INSTALLATION_PATH = C:\Program Files\RyzenAI\1.7.1
xclbin: C:\Program Files\RyzenAI\1.7.1\voe-4.0-win_amd64\xclbins\phoenix\4x4.xclbin
onnxruntime 1.23.3.dev20260320  providers: ['VitisAIExecutionProvider', 'DmlExecutionProvider', 'CPUExecutionProvider']
cache:  C:\Users\<user>\PycharmProjects\ryzen-ai-xdna1-quantization\modelcachekey
First run compiles the model. It takes a while and looks frozen. It isn't.
RYZEN_AI_INSTALLATION_PATH = C:\Program Files\RyzenAI\1.7.1
xclbin: C:\Program Files\RyzenAI\1.7.1\voe-4.0-win_amd64\xclbins\phoenix\4x4.xclbin
onnxruntime 1.23.3.dev20260320  providers: ['VitisAIExecutionProvider', 'DmlExecutionProvider', 'CPUExecutionProvider']
cache:  C:\Users\<user>\PycharmProjects\ryzen-ai-xdna1-quantization\modelcachekey
First run compiles the model. It takes a while and looks frozen. It isn't.
RYZEN_AI_INSTALLATION_PATH = C:\Program Files\RyzenAI\1.7.1
xclbin: C:\Program Files\RyzenAI\1.7.1\voe-4.0-win_amd64\xclbins\phoenix\4x4.xclbin
onnxruntime 1.23.3.dev20260320  providers: ['VitisAIExecutionProvider', 'DmlExecutionProvider', 'CPUExecutionProvider']
cache:  C:\Users\<user>\PycharmProjects\ryzen-ai-xdna1-quantization\modelcachekey
First run compiles the model. It takes a while and looks frozen. It isn't.
RYZEN_AI_INSTALLATION_PATH = C:\Program Files\RyzenAI\1.7.1
xclbin: C:\Program Files\RyzenAI\1.7.1\voe-4.0-win_amd64\xclbins\phoenix\4x4.xclbin
onnxruntime 1.23.3.dev20260320  providers: ['VitisAIExecutionProvider', 'DmlExecutionProvider', 'CPUExecutionProvider']
cache:  C:\Users\<user>\PycharmProjects\ryzen-ai-xdna1-quantization\modelcachekey
First run compiles the model. It takes a while and looks frozen. It isn't.
RYZEN_AI_INSTALLATION_PATH = C:\Program Files\RyzenAI\1.7.1
xclbin: C:\Program Files\RyzenAI\1.7.1\voe-4.0-win_amd64\xclbins\phoenix\4x4.xclbin
onnxruntime 1.23.3.dev20260320  providers: ['VitisAIExecutionProvider', 'DmlExecutionProvider', 'CPUExecutionProvider']
cache:  C:\Users\<user>\PycharmProjects\ryzen-ai-xdna1-quantization\modelcachekey
First run compiles the model. It takes a while and looks frozen. It isn't.
RYZEN_AI_INSTALLATION_PATH = C:\Program Files\RyzenAI\1.7.1
xclbin: C:\Program Files\RyzenAI\1.7.1\voe-4.0-win_amd64\xclbins\phoenix\4x4.xclbin
onnxruntime 1.23.3.dev20260320  providers: ['VitisAIExecutionProvider', 'DmlExecutionProvider', 'CPUExecutionProvider']
cache:  C:\Users\<user>\PycharmProjects\ryzen-ai-xdna1-quantization\modelcachekey
First run compiles the model. It takes a while and looks frozen. It isn't.
RYZEN_AI_INSTALLATION_PATH = C:\Program Files\RyzenAI\1.7.1
xclbin: C:\Program Files\RyzenAI\1.7.1\voe-4.0-win_amd64\xclbins\phoenix\4x4.xclbin
onnxruntime 1.23.3.dev20260320  providers: ['VitisAIExecutionProvider', 'DmlExecutionProvider', 'CPUExecutionProvider']
cache:  C:\Users\<user>\PycharmProjects\ryzen-ai-xdna1-quantization\modelcachekey
First run compiles the model. It takes a while and looks frozen. It isn't.
RYZEN_AI_INSTALLATION_PATH = C:\Program Files\RyzenAI\1.7.1
xclbin: C:\Program Files\RyzenAI\1.7.1\voe-4.0-win_amd64\xclbins\phoenix\4x4.xclbin
onnxruntime 1.23.3.dev20260320  providers: ['VitisAIExecutionProvider', 'DmlExecutionProvider', 'CPUExecutionProvider']
cache:  C:\Users\<user>\PycharmProjects\ryzen-ai-xdna1-quantization\modelcachekey
First run compiles the model. It takes a while and looks frozen. It isn't.
RYZEN_AI_INSTALLATION_PATH = C:\Program Files\RyzenAI\1.7.1
xclbin: C:\Program Files\RyzenAI\1.7.1\voe-4.0-win_amd64\xclbins\phoenix\4x4.xclbin
onnxruntime 1.23.3.dev20260320  providers: ['VitisAIExecutionProvider', 'DmlExecutionProvider', 'CPUExecutionProvider']
cache:  C:\Users\<user>\PycharmProjects\ryzen-ai-xdna1-quantization\modelcachekey
First run compiles the model. It takes a while and looks frozen. It isn't.
RYZEN_AI_INSTALLATION_PATH = C:\Program Files\RyzenAI\1.7.1
xclbin: C:\Program Files\RyzenAI\1.7.1\voe-4.0-win_amd64\xclbins\phoenix\4x4.xclbin
onnxruntime 1.23.3.dev20260320  providers: ['VitisAIExecutionProvider', 'DmlExecutionProvider', 'CPUExecutionProvider']
cache:  C:\Users\<user>\PycharmProjects\ryzen-ai-xdna1-quantization\modelcachekey
First run compiles the model. It takes a while and looks frozen. It isn't.
RYZEN_AI_INSTALLATION_PATH = C:\Program Files\RyzenAI\1.7.1
xclbin: C:\Program Files\RyzenAI\1.7.1\voe-4.0-win_amd64\xclbins\phoenix\4x4.xclbin
onnxruntime 1.23.3.dev20260320  providers: ['VitisAIExecutionProvider', 'DmlExecutionProvider', 'CPUExecutionProvider']
cache:  C:\Users\<user>\PycharmProjects\ryzen-ai-xdna1-quantization\modelcachekey
First run compiles the model. It takes a while and looks frozen. It isn't.
RYZEN_AI_INSTALLATION_PATH = C:\Program Files\RyzenAI\1.7.1
xclbin: C:\Program Files\RyzenAI\1.7.1\voe-4.0-win_amd64\xclbins\phoenix\4x4.xclbin
onnxruntime 1.23.3.dev20260320  providers: ['VitisAIExecutionProvider', 'DmlExecutionProvider', 'CPUExecutionProvider']
cache:  C:\Users\<user>\PycharmProjects\ryzen-ai-xdna1-quantization\modelcachekey
First run compiles the model. It takes a while and looks frozen. It isn't.
RYZEN_AI_INSTALLATION_PATH = C:\Program Files\RyzenAI\1.7.1
xclbin: C:\Program Files\RyzenAI\1.7.1\voe-4.0-win_amd64\xclbins\phoenix\4x4.xclbin
onnxruntime 1.23.3.dev20260320  providers: ['VitisAIExecutionProvider', 'DmlExecutionProvider', 'CPUExecutionProvider']
cache:  C:\Users\<user>\PycharmProjects\ryzen-ai-xdna1-quantization\modelcachekey
First run compiles the model. It takes a while and looks frozen. It isn't.
RYZEN_AI_INSTALLATION_PATH = C:\Program Files\RyzenAI\1.7.1
xclbin: C:\Program Files\RyzenAI\1.7.1\voe-4.0-win_amd64\xclbins\phoenix\4x4.xclbin
onnxruntime 1.23.3.dev20260320  providers: ['VitisAIExecutionProvider', 'DmlExecutionProvider', 'CPUExecutionProvider']
cache:  C:\Users\<user>\PycharmProjects\ryzen-ai-xdna1-quantization\modelcachekey
First run compiles the model. It takes a while and looks frozen. It isn't.
RYZEN_AI_INSTALLATION_PATH = C:\Program Files\RyzenAI\1.7.1
xclbin: C:\Program Files\RyzenAI\1.7.1\voe-4.0-win_amd64\xclbins\phoenix\4x4.xclbin
onnxruntime 1.23.3.dev20260320  providers: ['VitisAIExecutionProvider', 'DmlExecutionProvider', 'CPUExecutionProvider']
cache:  C:\Users\<user>\PycharmProjects\ryzen-ai-xdna1-quantization\modelcachekey
First run compiles the model. It takes a while and looks frozen. It isn't.
RYZEN_AI_INSTALLATION_PATH = C:\Program Files\RyzenAI\1.7.1
xclbin: C:\Program Files\RyzenAI\1.7.1\voe-4.0-win_amd64\xclbins\phoenix\4x4.xclbin
onnxruntime 1.23.3.dev20260320  providers: ['VitisAIExecutionProvider', 'DmlExecutionProvider', 'CPUExecutionProvider']
cache:  C:\Users\<user>\PycharmProjects\ryzen-ai-xdna1-quantization\modelcachekey
First run compiles the model. It takes a while and looks frozen. It isn't.
RYZEN_AI_INSTALLATION_PATH = C:\Program Files\RyzenAI\1.7.1
xclbin: C:\Program Files\RyzenAI\1.7.1\voe-4.0-win_amd64\xclbins\phoenix\4x4.xclbin
onnxruntime 1.23.3.dev20260320  providers: ['VitisAIExecutionProvider', 'DmlExecutionProvider', 'CPUExecutionProvider']
cache:  C:\Users\<user>\PycharmProjects\ryzen-ai-xdna1-quantization\modelcachekey
First run compiles the model. It takes a while and looks frozen. It isn't.
RYZEN_AI_INSTALLATION_PATH = C:\Program Files\RyzenAI\1.7.1
xclbin: C:\Program Files\RyzenAI\1.7.1\voe-4.0-win_amd64\xclbins\phoenix\4x4.xclbin
onnxruntime 1.23.3.dev20260320  providers: ['VitisAIExecutionProvider', 'DmlExecutionProvider', 'CPUExecutionProvider']
cache:  C:\Users\<user>\PycharmProjects\ryzen-ai-xdna1-quantization\modelcachekey
First run compiles the model. It takes a while and looks frozen. It isn't.
RYZEN_AI_INSTALLATION_PATH = C:\Program Files\RyzenAI\1.7.1
xclbin: C:\Program Files\RyzenAI\1.7.1\voe-4.0-win_amd64\xclbins\phoenix\4x4.xclbin
onnxruntime 1.23.3.dev20260320  providers: ['VitisAIExecutionProvider', 'DmlExecutionProvider', 'CPUExecutionProvider']
cache:  C:\Users\<user>\PycharmProjects\ryzen-ai-xdna1-quantization\modelcachekey
First run compiles the model. It takes a while and looks frozen. It isn't.
RYZEN_AI_INSTALLATION_PATH = C:\Program Files\RyzenAI\1.7.1
xclbin: C:\Program Files\RyzenAI\1.7.1\voe-4.0-win_amd64\xclbins\phoenix\4x4.xclbin
onnxruntime 1.23.3.dev20260320  providers: ['VitisAIExecutionProvider', 'DmlExecutionProvider', 'CPUExecutionProvider']
cache:  C:\Users\<user>\PycharmProjects\ryzen-ai-xdna1-quantization\modelcachekey
First run compiles the model. It takes a while and looks frozen. It isn't.
RYZEN_AI_INSTALLATION_PATH = C:\Program Files\RyzenAI\1.7.1
xclbin: C:\Program Files\RyzenAI\1.7.1\voe-4.0-win_amd64\xclbins\phoenix\4x4.xclbin
onnxruntime 1.23.3.dev20260320  providers: ['VitisAIExecutionProvider', 'DmlExecutionProvider', 'CPUExecutionProvider']
cache:  C:\Users\<user>\PycharmProjects\ryzen-ai-xdna1-quantization\modelcachekey
First run compiles the model. It takes a while and looks frozen. It isn't.
RYZEN_AI_INSTALLATION_PATH = C:\Program Files\RyzenAI\1.7.1
xclbin: C:\Program Files\RyzenAI\1.7.1\voe-4.0-win_amd64\xclbins\phoenix\4x4.xclbin
onnxruntime 1.23.3.dev20260320  providers: ['VitisAIExecutionProvider', 'DmlExecutionProvider', 'CPUExecutionProvider']
cache:  C:\Users\<user>\PycharmProjects\ryzen-ai-xdna1-quantization\modelcachekey
First run compiles the model. It takes a while and looks frozen. It isn't.
RYZEN_AI_INSTALLATION_PATH = C:\Program Files\RyzenAI\1.7.1
xclbin: C:\Program Files\RyzenAI\1.7.1\voe-4.0-win_amd64\xclbins\phoenix\4x4.xclbin
onnxruntime 1.23.3.dev20260320  providers: ['VitisAIExecutionProvider', 'DmlExecutionProvider', 'CPUExecutionProvider']
cache:  C:\Users\<user>\PycharmProjects\ryzen-ai-xdna1-quantization\modelcachekey
First run compiles the model. It takes a while and looks frozen. It isn't.
RYZEN_AI_INSTALLATION_PATH = C:\Program Files\RyzenAI\1.7.1
xclbin: C:\Program Files\RyzenAI\1.7.1\voe-4.0-win_amd64\xclbins\phoenix\4x4.xclbin
onnxruntime 1.23.3.dev20260320  providers: ['VitisAIExecutionProvider', 'DmlExecutionProvider', 'CPUExecutionProvider']
cache:  C:\Users\<user>\PycharmProjects\ryzen-ai-xdna1-quantization\modelcachekey
First run compiles the model. It takes a while and looks frozen. It isn't.
RYZEN_AI_INSTALLATION_PATH = C:\Program Files\RyzenAI\1.7.1
xclbin: C:\Program Files\RyzenAI\1.7.1\voe-4.0-win_amd64\xclbins\phoenix\4x4.xclbin
onnxruntime 1.23.3.dev20260320  providers: ['VitisAIExecutionProvider', 'DmlExecutionProvider', 'CPUExecutionProvider']
cache:  C:\Users\<user>\PycharmProjects\ryzen-ai-xdna1-quantization\modelcachekey
First run compiles the model. It takes a while and looks frozen. It isn't.
RYZEN_AI_INSTALLATION_PATH = C:\Program Files\RyzenAI\1.7.1
xclbin: C:\Program Files\RyzenAI\1.7.1\voe-4.0-win_amd64\xclbins\phoenix\4x4.xclbin
onnxruntime 1.23.3.dev20260320  providers: ['VitisAIExecutionProvider', 'DmlExecutionProvider', 'CPUExecutionProvider']
cache:  C:\Users\<user>\PycharmProjects\ryzen-ai-xdna1-quantization\modelcachekey
First run compiles the model. It takes a while and looks frozen. It isn't.
RYZEN_AI_INSTALLATION_PATH = C:\Program Files\RyzenAI\1.7.1
xclbin: C:\Program Files\RyzenAI\1.7.1\voe-4.0-win_amd64\xclbins\phoenix\4x4.xclbin
onnxruntime 1.23.3.dev20260320  providers: ['VitisAIExecutionProvider', 'DmlExecutionProvider', 'CPUExecutionProvider']
cache:  C:\Users\<user>\PycharmProjects\ryzen-ai-xdna1-quantization\modelcachekey
First run compiles the model. It takes a while and looks frozen. It isn't.
RYZEN_AI_INSTALLATION_PATH = C:\Program Files\RyzenAI\1.7.1
xclbin: C:\Program Files\RyzenAI\1.7.1\voe-4.0-win_amd64\xclbins\phoenix\4x4.xclbin
onnxruntime 1.23.3.dev20260320  providers: ['VitisAIExecutionProvider', 'DmlExecutionProvider', 'CPUExecutionProvider']
cache:  C:\Users\<user>\PycharmProjects\ryzen-ai-xdna1-quantization\modelcachekey
First run compiles the model. It takes a while and looks frozen. It isn't.
RYZEN_AI_INSTALLATION_PATH = C:\Program Files\RyzenAI\1.7.1
xclbin: C:\Program Files\RyzenAI\1.7.1\voe-4.0-win_amd64\xclbins\phoenix\4x4.xclbin
onnxruntime 1.23.3.dev20260320  providers: ['VitisAIExecutionProvider', 'DmlExecutionProvider', 'CPUExecutionProvider']
cache:  C:\Users\<user>\PycharmProjects\ryzen-ai-xdna1-quantization\modelcachekey
First run compiles the model. It takes a while and looks frozen. It isn't.
RYZEN_AI_INSTALLATION_PATH = C:\Program Files\RyzenAI\1.7.1
xclbin: C:\Program Files\RyzenAI\1.7.1\voe-4.0-win_amd64\xclbins\phoenix\4x4.xclbin
onnxruntime 1.23.3.dev20260320  providers: ['VitisAIExecutionProvider', 'DmlExecutionProvider', 'CPUExecutionProvider']
cache:  C:\Users\<user>\PycharmProjects\ryzen-ai-xdna1-quantization\modelcachekey
First run compiles the model. It takes a while and looks frozen. It isn't.
RYZEN_AI_INSTALLATION_PATH = C:\Program Files\RyzenAI\1.7.1
xclbin: C:\Program Files\RyzenAI\1.7.1\voe-4.0-win_amd64\xclbins\phoenix\4x4.xclbin
onnxruntime 1.23.3.dev20260320  providers: ['VitisAIExecutionProvider', 'DmlExecutionProvider', 'CPUExecutionProvider']
cache:  C:\Users\<user>\PycharmProjects\ryzen-ai-xdna1-quantization\modelcachekey
First run compiles the model. It takes a while and looks frozen. It isn't.
RYZEN_AI_INSTALLATION_PATH = C:\Program Files\RyzenAI\1.7.1
xclbin: C:\Program Files\RyzenAI\1.7.1\voe-4.0-win_amd64\xclbins\phoenix\4x4.xclbin
onnxruntime 1.23.3.dev20260320  providers: ['VitisAIExecutionProvider', 'DmlExecutionProvider', 'CPUExecutionProvider']
cache:  C:\Users\<user>\PycharmProjects\ryzen-ai-xdna1-quantization\modelcachekey
First run compiles the model. It takes a while and looks frozen. It isn't.
RYZEN_AI_INSTALLATION_PATH = C:\Program Files\RyzenAI\1.7.1
xclbin: C:\Program Files\RyzenAI\1.7.1\voe-4.0-win_amd64\xclbins\phoenix\4x4.xclbin
onnxruntime 1.23.3.dev20260320  providers: ['VitisAIExecutionProvider', 'DmlExecutionProvider', 'CPUExecutionProvider']
cache:  C:\Users\<user>\PycharmProjects\ryzen-ai-xdna1-quantization\modelcachekey
First run compiles the model. It takes a while and looks frozen. It isn't.
RYZEN_AI_INSTALLATION_PATH = C:\Program Files\RyzenAI\1.7.1
xclbin: C:\Program Files\RyzenAI\1.7.1\voe-4.0-win_amd64\xclbins\phoenix\4x4.xclbin
onnxruntime 1.23.3.dev20260320  providers: ['VitisAIExecutionProvider', 'DmlExecutionProvider', 'CPUExecutionProvider']
cache:  C:\Users\<user>\PycharmProjects\ryzen-ai-xdna1-quantization\modelcachekey
First run compiles the model. It takes a while and looks frozen. It isn't.
RYZEN_AI_INSTALLATION_PATH = C:\Program Files\RyzenAI\1.7.1
xclbin: C:\Program Files\RyzenAI\1.7.1\voe-4.0-win_amd64\xclbins\phoenix\4x4.xclbin
onnxruntime 1.23.3.dev20260320  providers: ['VitisAIExecutionProvider', 'DmlExecutionProvider', 'CPUExecutionProvider']
cache:  C:\Users\<user>\PycharmProjects\ryzen-ai-xdna1-quantization\modelcachekey
First run compiles the model. It takes a while and looks frozen. It isn't.
RYZEN_AI_INSTALLATION_PATH = C:\Program Files\RyzenAI\1.7.1
xclbin: C:\Program Files\RyzenAI\1.7.1\voe-4.0-win_amd64\xclbins\phoenix\4x4.xclbin
onnxruntime 1.23.3.dev20260320  providers: ['VitisAIExecutionProvider', 'DmlExecutionProvider', 'CPUExecutionProvider']
cache:  C:\Users\<user>\PycharmProjects\ryzen-ai-xdna1-quantization\modelcachekey
First run compiles the model. It takes a while and looks frozen. It isn't.
RYZEN_AI_INSTALLATION_PATH = C:\Program Files\RyzenAI\1.7.1
xclbin: C:\Program Files\RyzenAI\1.7.1\voe-4.0-win_amd64\xclbins\phoenix\4x4.xclbin
onnxruntime 1.23.3.dev20260320  providers: ['VitisAIExecutionProvider', 'DmlExecutionProvider', 'CPUExecutionProvider']
cache:  C:\Users\<user>\PycharmProjects\ryzen-ai-xdna1-quantization\modelcachekey
First run compiles the model. It takes a while and looks frozen. It isn't.
RYZEN_AI_INSTALLATION_PATH = C:\Program Files\RyzenAI\1.7.1
xclbin: C:\Program Files\RyzenAI\1.7.1\voe-4.0-win_amd64\xclbins\phoenix\4x4.xclbin
onnxruntime 1.23.3.dev20260320  providers: ['VitisAIExecutionProvider', 'DmlExecutionProvider', 'CPUExecutionProvider']
cache:  C:\Users\<user>\PycharmProjects\ryzen-ai-xdna1-quantization\modelcachekey
First run compiles the model. It takes a while and looks frozen. It isn't.
RYZEN_AI_INSTALLATION_PATH = C:\Program Files\RyzenAI\1.7.1
xclbin: C:\Program Files\RyzenAI\1.7.1\voe-4.0-win_amd64\xclbins\phoenix\4x4.xclbin
onnxruntime 1.23.3.dev20260320  providers: ['VitisAIExecutionProvider', 'DmlExecutionProvider', 'CPUExecutionProvider']
cache:  C:\Users\<user>\PycharmProjects\ryzen-ai-xdna1-quantization\modelcachekey
First run compiles the model. It takes a while and looks frozen. It isn't.
RYZEN_AI_INSTALLATION_PATH = C:\Program Files\RyzenAI\1.7.1
xclbin: C:\Program Files\RyzenAI\1.7.1\voe-4.0-win_amd64\xclbins\phoenix\4x4.xclbin
onnxruntime 1.23.3.dev20260320  providers: ['VitisAIExecutionProvider', 'DmlExecutionProvider', 'CPUExecutionProvider']
cache:  C:\Users\<user>\PycharmProjects\ryzen-ai-xdna1-quantization\modelcachekey
First run compiles the model. It takes a while and looks frozen. It isn't.
RYZEN_AI_INSTALLATION_PATH = C:\Program Files\RyzenAI\1.7.1
xclbin: C:\Program Files\RyzenAI\1.7.1\voe-4.0-win_amd64\xclbins\phoenix\4x4.xclbin
onnxruntime 1.23.3.dev20260320  providers: ['VitisAIExecutionProvider', 'DmlExecutionProvider', 'CPUExecutionProvider']
cache:  C:\Users\<user>\PycharmProjects\ryzen-ai-xdna1-quantization\modelcachekey
First run compiles the model. It takes a while and looks frozen. It isn't.
RYZEN_AI_INSTALLATION_PATH = C:\Program Files\RyzenAI\1.7.1
xclbin: C:\Program Files\RyzenAI\1.7.1\voe-4.0-win_amd64\xclbins\phoenix\4x4.xclbin
onnxruntime 1.23.3.dev20260320  providers: ['VitisAIExecutionProvider', 'DmlExecutionProvider', 'CPUExecutionProvider']
cache:  C:\Users\<user>\PycharmProjects\ryzen-ai-xdna1-quantization\modelcachekey
First run compiles the model. It takes a while and looks frozen. It isn't.
RYZEN_AI_INSTALLATION_PATH = C:\Program Files\RyzenAI\1.7.1
xclbin: C:\Program Files\RyzenAI\1.7.1\voe-4.0-win_amd64\xclbins\phoenix\4x4.xclbin
onnxruntime 1.23.3.dev20260320  providers: ['VitisAIExecutionProvider', 'DmlExecutionProvider', 'CPUExecutionProvider']
cache:  C:\Users\<user>\PycharmProjects\ryzen-ai-xdna1-quantization\modelcachekey
First run compiles the model. It takes a while and looks frozen. It isn't.
RYZEN_AI_INSTALLATION_PATH = C:\Program Files\RyzenAI\1.7.1
xclbin: C:\Program Files\RyzenAI\1.7.1\voe-4.0-win_amd64\xclbins\phoenix\4x4.xclbin
onnxruntime 1.23.3.dev20260320  providers: ['VitisAIExecutionProvider', 'DmlExecutionProvider', 'CPUExecutionProvider']
cache:  C:\Users\<user>\PycharmProjects\ryzen-ai-xdna1-quantization\modelcachekey
First run compiles the model. It takes a while and looks frozen. It isn't.
RYZEN_AI_INSTALLATION_PATH = C:\Program Files\RyzenAI\1.7.1
xclbin: C:\Program Files\RyzenAI\1.7.1\voe-4.0-win_amd64\xclbins\phoenix\4x4.xclbin
onnxruntime 1.23.3.dev20260320  providers: ['VitisAIExecutionProvider', 'DmlExecutionProvider', 'CPUExecutionProvider']
cache:  C:\Users\<user>\PycharmProjects\ryzen-ai-xdna1-quantization\modelcachekey
First run compiles the model. It takes a while and looks frozen. It isn't.
RYZEN_AI_INSTALLATION_PATH = C:\Program Files\RyzenAI\1.7.1
xclbin: C:\Program Files\RyzenAI\1.7.1\voe-4.0-win_amd64\xclbins\phoenix\4x4.xclbin
onnxruntime 1.23.3.dev20260320  providers: ['VitisAIExecutionProvider', 'DmlExecutionProvider', 'CPUExecutionProvider']
cache:  C:\Users\<user>\PycharmProjects\ryzen-ai-xdna1-quantization\modelcachekey
First run compiles the model. It takes a while and looks frozen. It isn't.
RYZEN_AI_INSTALLATION_PATH = C:\Program Files\RyzenAI\1.7.1
xclbin: C:\Program Files\RyzenAI\1.7.1\voe-4.0-win_amd64\xclbins\phoenix\4x4.xclbin
onnxruntime 1.23.3.dev20260320  providers: ['VitisAIExecutionProvider', 'DmlExecutionProvider', 'CPUExecutionProvider']
cache:  C:\Users\<user>\PycharmProjects\ryzen-ai-xdna1-quantization\modelcachekey
First run compiles the model. It takes a while and looks frozen. It isn't.
RYZEN_AI_INSTALLATION_PATH = C:\Program Files\RyzenAI\1.7.1
xclbin: C:\Program Files\RyzenAI\1.7.1\voe-4.0-win_amd64\xclbins\phoenix\4x4.xclbin
onnxruntime 1.23.3.dev20260320  providers: ['VitisAIExecutionProvider', 'DmlExecutionProvider', 'CPUExecutionProvider']
cache:  C:\Users\<user>\PycharmProjects\ryzen-ai-xdna1-quantization\modelcachekey
First run compiles the model. It takes a while and looks frozen. It isn't.
RYZEN_AI_INSTALLATION_PATH = C:\Program Files\RyzenAI\1.7.1
xclbin: C:\Program Files\RyzenAI\1.7.1\voe-4.0-win_amd64\xclbins\phoenix\4x4.xclbin
onnxruntime 1.23.3.dev20260320  providers: ['VitisAIExecutionProvider', 'DmlExecutionProvider', 'CPUExecutionProvider']
cache:  C:\Users\<user>\PycharmProjects\ryzen-ai-xdna1-quantization\modelcachekey
First run compiles the model. It takes a while and looks frozen. It isn't.
RYZEN_AI_INSTALLATION_PATH = C:\Program Files\RyzenAI\1.7.1
xclbin: C:\Program Files\RyzenAI\1.7.1\voe-4.0-win_amd64\xclbins\phoenix\4x4.xclbin
onnxruntime 1.23.3.dev20260320  providers: ['VitisAIExecutionProvider', 'DmlExecutionProvider', 'CPUExecutionProvider']
cache:  C:\Users\<user>\PycharmProjects\ryzen-ai-xdna1-quantization\modelcachekey
First run compiles the model. It takes a while and looks frozen. It isn't.
RYZEN_AI_INSTALLATION_PATH = C:\Program Files\RyzenAI\1.7.1
xclbin: C:\Program Files\RyzenAI\1.7.1\voe-4.0-win_amd64\xclbins\phoenix\4x4.xclbin
onnxruntime 1.23.3.dev20260320  providers: ['VitisAIExecutionProvider', 'DmlExecutionProvider', 'CPUExecutionProvider']
cache:  C:\Users\<user>\PycharmProjects\ryzen-ai-xdna1-quantization\modelcachekey
First run compiles the model. It takes a while and looks frozen. It isn't.
RYZEN_AI_INSTALLATION_PATH = C:\Program Files\RyzenAI\1.7.1
xclbin: C:\Program Files\RyzenAI\1.7.1\voe-4.0-win_amd64\xclbins\phoenix\4x4.xclbin
onnxruntime 1.23.3.dev20260320  providers: ['VitisAIExecutionProvider', 'DmlExecutionProvider', 'CPUExecutionProvider']
cache:  C:\Users\<user>\PycharmProjects\ryzen-ai-xdna1-quantization\modelcachekey
First run compiles the model. It takes a while and looks frozen. It isn't.
RYZEN_AI_INSTALLATION_PATH = C:\Program Files\RyzenAI\1.7.1
xclbin: C:\Program Files\RyzenAI\1.7.1\voe-4.0-win_amd64\xclbins\phoenix\4x4.xclbin
onnxruntime 1.23.3.dev20260320  providers: ['VitisAIExecutionProvider', 'DmlExecutionProvider', 'CPUExecutionProvider']
cache:  C:\Users\<user>\PycharmProjects\ryzen-ai-xdna1-quantization\modelcachekey
First run compiles the model. It takes a while and looks frozen. It isn't.
RYZEN_AI_INSTALLATION_PATH = C:\Program Files\RyzenAI\1.7.1
xclbin: C:\Program Files\RyzenAI\1.7.1\voe-4.0-win_amd64\xclbins\phoenix\4x4.xclbin
onnxruntime 1.23.3.dev20260320  providers: ['VitisAIExecutionProvider', 'DmlExecutionProvider', 'CPUExecutionProvider']
cache:  C:\Users\<user>\PycharmProjects\ryzen-ai-xdna1-quantization\modelcachekey
First run compiles the model. It takes a while and looks frozen. It isn't.
RYZEN_AI_INSTALLATION_PATH = C:\Program Files\RyzenAI\1.7.1
xclbin: C:\Program Files\RyzenAI\1.7.1\voe-4.0-win_amd64\xclbins\phoenix\4x4.xclbin
onnxruntime 1.23.3.dev20260320  providers: ['VitisAIExecutionProvider', 'DmlExecutionProvider', 'CPUExecutionProvider']
cache:  C:\Users\<user>\PycharmProjects\ryzen-ai-xdna1-quantization\modelcachekey
First run compiles the model. It takes a while and looks frozen. It isn't.
RYZEN_AI_INSTALLATION_PATH = C:\Program Files\RyzenAI\1.7.1
xclbin: C:\Program Files\RyzenAI\1.7.1\voe-4.0-win_amd64\xclbins\phoenix\4x4.xclbin
onnxruntime 1.23.3.dev20260320  providers: ['VitisAIExecutionProvider', 'DmlExecutionProvider', 'CPUExecutionProvider']
cache:  C:\Users\<user>\PycharmProjects\ryzen-ai-xdna1-quantization\modelcachekey
First run compiles the model. It takes a while and looks frozen. It isn't.
RYZEN_AI_INSTALLATION_PATH = C:\Program Files\RyzenAI\1.7.1
xclbin: C:\Program Files\RyzenAI\1.7.1\voe-4.0-win_amd64\xclbins\phoenix\4x4.xclbin
onnxruntime 1.23.3.dev20260320  providers: ['VitisAIExecutionProvider', 'DmlExecutionProvider', 'CPUExecutionProvider']
cache:  C:\Users\<user>\PycharmProjects\ryzen-ai-xdna1-quantization\modelcachekey
First run compiles the model. It takes a while and looks frozen. It isn't.
RYZEN_AI_INSTALLATION_PATH = C:\Program Files\RyzenAI\1.7.1
xclbin: C:\Program Files\RyzenAI\1.7.1\voe-4.0-win_amd64\xclbins\phoenix\4x4.xclbin
onnxruntime 1.23.3.dev20260320  providers: ['VitisAIExecutionProvider', 'DmlExecutionProvider', 'CPUExecutionProvider']
cache:  C:\Users\<user>\PycharmProjects\ryzen-ai-xdna1-quantization\modelcachekey
First run compiles the model. It takes a while and looks frozen. It isn't.
RYZEN_AI_INSTALLATION_PATH = C:\Program Files\RyzenAI\1.7.1
xclbin: C:\Program Files\RyzenAI\1.7.1\voe-4.0-win_amd64\xclbins\phoenix\4x4.xclbin
onnxruntime 1.23.3.dev20260320  providers: ['VitisAIExecutionProvider', 'DmlExecutionProvider', 'CPUExecutionProvider']
cache:  C:\Users\<user>\PycharmProjects\ryzen-ai-xdna1-quantization\modelcachekey
First run compiles the model. It takes a while and looks frozen. It isn't.
RYZEN_AI_INSTALLATION_PATH = C:\Program Files\RyzenAI\1.7.1
xclbin: C:\Program Files\RyzenAI\1.7.1\voe-4.0-win_amd64\xclbins\phoenix\4x4.xclbin
onnxruntime 1.23.3.dev20260320  providers: ['VitisAIExecutionProvider', 'DmlExecutionProvider', 'CPUExecutionProvider']
cache:  C:\Users\<user>\PycharmProjects\ryzen-ai-xdna1-quantization\modelcachekey
First run compiles the model. It takes a while and looks frozen. It isn't.
RYZEN_AI_INSTALLATION_PATH = C:\Program Files\RyzenAI\1.7.1
xclbin: C:\Program Files\RyzenAI\1.7.1\voe-4.0-win_amd64\xclbins\phoenix\4x4.xclbin
onnxruntime 1.23.3.dev20260320  providers: ['VitisAIExecutionProvider', 'DmlExecutionProvider', 'CPUExecutionProvider']
cache:  C:\Users\<user>\PycharmProjects\ryzen-ai-xdna1-quantization\modelcachekey
First run compiles the model. It takes a while and looks frozen. It isn't.
RYZEN_AI_INSTALLATION_PATH = C:\Program Files\RyzenAI\1.7.1
xclbin: C:\Program Files\RyzenAI\1.7.1\voe-4.0-win_amd64\xclbins\phoenix\4x4.xclbin
onnxruntime 1.23.3.dev20260320  providers: ['VitisAIExecutionProvider', 'DmlExecutionProvider', 'CPUExecutionProvider']
cache:  C:\Users\<user>\PycharmProjects\ryzen-ai-xdna1-quantization\modelcachekey
First run compiles the model. It takes a while and looks frozen. It isn't.
RYZEN_AI_INSTALLATION_PATH = C:\Program Files\RyzenAI\1.7.1
xclbin: C:\Program Files\RyzenAI\1.7.1\voe-4.0-win_amd64\xclbins\phoenix\4x4.xclbin
onnxruntime 1.23.3.dev20260320  providers: ['VitisAIExecutionProvider', 'DmlExecutionProvider', 'CPUExecutionProvider']
cache:  C:\Users\<user>\PycharmProjects\ryzen-ai-xdna1-quantization\modelcachekey
First run compiles the model. It takes a while and looks frozen. It isn't.
RYZEN_AI_INSTALLATION_PATH = C:\Program Files\RyzenAI\1.7.1
xclbin: C:\Program Files\RyzenAI\1.7.1\voe-4.0-win_amd64\xclbins\phoenix\4x4.xclbin
onnxruntime 1.23.3.dev20260320  providers: ['VitisAIExecutionProvider', 'DmlExecutionProvider', 'CPUExecutionProvider']
cache:  C:\Users\<user>\PycharmProjects\ryzen-ai-xdna1-quantization\modelcachekey
First run compiles the model. It takes a while and looks frozen. It isn't.
RYZEN_AI_INSTALLATION_PATH = C:\Program Files\RyzenAI\1.7.1
xclbin: C:\Program Files\RyzenAI\1.7.1\voe-4.0-win_amd64\xclbins\phoenix\4x4.xclbin
onnxruntime 1.23.3.dev20260320  providers: ['VitisAIExecutionProvider', 'DmlExecutionProvider', 'CPUExecutionProvider']
cache:  C:\Users\<user>\PycharmProjects\ryzen-ai-xdna1-quantization\modelcachekey
First run compiles the model. It takes a while and looks frozen. It isn't.
RYZEN_AI_INSTALLATION_PATH = C:\Program Files\RyzenAI\1.7.1
xclbin: C:\Program Files\RyzenAI\1.7.1\voe-4.0-win_amd64\xclbins\phoenix\4x4.xclbin
onnxruntime 1.23.3.dev20260320  providers: ['VitisAIExecutionProvider', 'DmlExecutionProvider', 'CPUExecutionProvider']
cache:  C:\Users\<user>\PycharmProjects\ryzen-ai-xdna1-quantization\modelcachekey
First run compiles the model. It takes a while and looks frozen. It isn't.
RYZEN_AI_INSTALLATION_PATH = C:\Program Files\RyzenAI\1.7.1
xclbin: C:\Program Files\RyzenAI\1.7.1\voe-4.0-win_amd64\xclbins\phoenix\4x4.xclbin
onnxruntime 1.23.3.dev20260320  providers: ['VitisAIExecutionProvider', 'DmlExecutionProvider', 'CPUExecutionProvider']
cache:  C:\Users\<user>\PycharmProjects\ryzen-ai-xdna1-quantization\modelcachekey
First run compiles the model. It takes a while and looks frozen. It isn't.
RYZEN_AI_INSTALLATION_PATH = C:\Program Files\RyzenAI\1.7.1
xclbin: C:\Program Files\RyzenAI\1.7.1\voe-4.0-win_amd64\xclbins\phoenix\4x4.xclbin
onnxruntime 1.23.3.dev20260320  providers: ['VitisAIExecutionProvider', 'DmlExecutionProvider', 'CPUExecutionProvider']
cache:  C:\Users\<user>\PycharmProjects\ryzen-ai-xdna1-quantization\modelcachekey
First run compiles the model. It takes a while and looks frozen. It isn't.
RYZEN_AI_INSTALLATION_PATH = C:\Program Files\RyzenAI\1.7.1
xclbin: C:\Program Files\RyzenAI\1.7.1\voe-4.0-win_amd64\xclbins\phoenix\4x4.xclbin
onnxruntime 1.23.3.dev20260320  providers: ['VitisAIExecutionProvider', 'DmlExecutionProvider', 'CPUExecutionProvider']
cache:  C:\Users\<user>\PycharmProjects\ryzen-ai-xdna1-quantization\modelcachekey
First run compiles the model. It takes a while and looks frozen. It isn't.
RYZEN_AI_INSTALLATION_PATH = C:\Program Files\RyzenAI\1.7.1
xclbin: C:\Program Files\RyzenAI\1.7.1\voe-4.0-win_amd64\xclbins\phoenix\4x4.xclbin
onnxruntime 1.23.3.dev20260320  providers: ['VitisAIExecutionProvider', 'DmlExecutionProvider', 'CPUExecutionProvider']
cache:  C:\Users\<user>\PycharmProjects\ryzen-ai-xdna1-quantization\modelcachekey
First run compiles the model. It takes a while and looks frozen. It isn't.
RYZEN_AI_INSTALLATION_PATH = C:\Program Files\RyzenAI\1.7.1
xclbin: C:\Program Files\RyzenAI\1.7.1\voe-4.0-win_amd64\xclbins\phoenix\4x4.xclbin
onnxruntime 1.23.3.dev20260320  providers: ['VitisAIExecutionProvider', 'DmlExecutionProvider', 'CPUExecutionProvider']
cache:  C:\Users\<user>\PycharmProjects\ryzen-ai-xdna1-quantization\modelcachekey
First run compiles the model. It takes a while and looks frozen. It isn't.
RYZEN_AI_INSTALLATION_PATH = C:\Program Files\RyzenAI\1.7.1
xclbin: C:\Program Files\RyzenAI\1.7.1\voe-4.0-win_amd64\xclbins\phoenix\4x4.xclbin
onnxruntime 1.23.3.dev20260320  providers: ['VitisAIExecutionProvider', 'DmlExecutionProvider', 'CPUExecutionProvider']
cache:  C:\Users\<user>\PycharmProjects\ryzen-ai-xdna1-quantization\modelcachekey
First run compiles the model. It takes a while and looks frozen. It isn't.
RYZEN_AI_INSTALLATION_PATH = C:\Program Files\RyzenAI\1.7.1
xclbin: C:\Program Files\RyzenAI\1.7.1\voe-4.0-win_amd64\xclbins\phoenix\4x4.xclbin
onnxruntime 1.23.3.dev20260320  providers: ['VitisAIExecutionProvider', 'DmlExecutionProvider', 'CPUExecutionProvider']
cache:  C:\Users\<user>\PycharmProjects\ryzen-ai-xdna1-quantization\modelcachekey
First run compiles the model. It takes a while and looks frozen. It isn't.
RYZEN_AI_INSTALLATION_PATH = C:\Program Files\RyzenAI\1.7.1
xclbin: C:\Program Files\RyzenAI\1.7.1\voe-4.0-win_amd64\xclbins\phoenix\4x4.xclbin
onnxruntime 1.23.3.dev20260320  providers: ['VitisAIExecutionProvider', 'DmlExecutionProvider', 'CPUExecutionProvider']
cache:  C:\Users\<user>\PycharmProjects\ryzen-ai-xdna1-quantization\modelcachekey
First run compiles the model. It takes a while and looks frozen. It isn't.
RYZEN_AI_INSTALLATION_PATH = C:\Program Files\RyzenAI\1.7.1
xclbin: C:\Program Files\RyzenAI\1.7.1\voe-4.0-win_amd64\xclbins\phoenix\4x4.xclbin
onnxruntime 1.23.3.dev20260320  providers: ['VitisAIExecutionProvider', 'DmlExecutionProvider', 'CPUExecutionProvider']
cache:  C:\Users\<user>\PycharmProjects\ryzen-ai-xdna1-quantization\modelcachekey
First run compiles the model. It takes a while and looks frozen. It isn't.
RYZEN_AI_INSTALLATION_PATH = C:\Program Files\RyzenAI\1.7.1
xclbin: C:\Program Files\RyzenAI\1.7.1\voe-4.0-win_amd64\xclbins\phoenix\4x4.xclbin
onnxruntime 1.23.3.dev20260320  providers: ['VitisAIExecutionProvider', 'DmlExecutionProvider', 'CPUExecutionProvider']
cache:  C:\Users\<user>\PycharmProjects\ryzen-ai-xdna1-quantization\modelcachekey
First run compiles the model. It takes a while and looks frozen. It isn't.
RYZEN_AI_INSTALLATION_PATH = C:\Program Files\RyzenAI\1.7.1
xclbin: C:\Program Files\RyzenAI\1.7.1\voe-4.0-win_amd64\xclbins\phoenix\4x4.xclbin
onnxruntime 1.23.3.dev20260320  providers: ['VitisAIExecutionProvider', 'DmlExecutionProvider', 'CPUExecutionProvider']
cache:  C:\Users\<user>\PycharmProjects\ryzen-ai-xdna1-quantization\modelcachekey
First run compiles the model. It takes a while and looks frozen. It isn't.
RYZEN_AI_INSTALLATION_PATH = C:\Program Files\RyzenAI\1.7.1
xclbin: C:\Program Files\RyzenAI\1.7.1\voe-4.0-win_amd64\xclbins\phoenix\4x4.xclbin
onnxruntime 1.23.3.dev20260320  providers: ['VitisAIExecutionProvider', 'DmlExecutionProvider', 'CPUExecutionProvider']
cache:  C:\Users\<user>\PycharmProjects\ryzen-ai-xdna1-quantization\modelcachekey
First run compiles the model. It takes a while and looks frozen. It isn't.
RYZEN_AI_INSTALLATION_PATH = C:\Program Files\RyzenAI\1.7.1
xclbin: C:\Program Files\RyzenAI\1.7.1\voe-4.0-win_amd64\xclbins\phoenix\4x4.xclbin
onnxruntime 1.23.3.dev20260320  providers: ['VitisAIExecutionProvider', 'DmlExecutionProvider', 'CPUExecutionProvider']
cache:  C:\Users\<user>\PycharmProjects\ryzen-ai-xdna1-quantization\modelcachekey
First run compiles the model. It takes a while and looks frozen. It isn't.
RYZEN_AI_INSTALLATION_PATH = C:\Program Files\RyzenAI\1.7.1
xclbin: C:\Program Files\RyzenAI\1.7.1\voe-4.0-win_amd64\xclbins\phoenix\4x4.xclbin
onnxruntime 1.23.3.dev20260320  providers: ['VitisAIExecutionProvider', 'DmlExecutionProvider', 'CPUExecutionProvider']
cache:  C:\Users\<user>\PycharmProjects\ryzen-ai-xdna1-quantization\modelcachekey
First run compiles the model. It takes a while and looks frozen. It isn't.
RYZEN_AI_INSTALLATION_PATH = C:\Program Files\RyzenAI\1.7.1
xclbin: C:\Program Files\RyzenAI\1.7.1\voe-4.0-win_amd64\xclbins\phoenix\4x4.xclbin
onnxruntime 1.23.3.dev20260320  providers: ['VitisAIExecutionProvider', 'DmlExecutionProvider', 'CPUExecutionProvider']
cache:  C:\Users\<user>\PycharmProjects\ryzen-ai-xdna1-quantization\modelcachekey
First run compiles the model. It takes a while and looks frozen. It isn't.
RYZEN_AI_INSTALLATION_PATH = C:\Program Files\RyzenAI\1.7.1
xclbin: C:\Program Files\RyzenAI\1.7.1\voe-4.0-win_amd64\xclbins\phoenix\4x4.xclbin
onnxruntime 1.23.3.dev20260320  providers: ['VitisAIExecutionProvider', 'DmlExecutionProvider', 'CPUExecutionProvider']
cache:  C:\Users\<user>\PycharmProjects\ryzen-ai-xdna1-quantization\modelcachekey
First run compiles the model. It takes a while and looks frozen. It isn't.
RYZEN_AI_INSTALLATION_PATH = C:\Program Files\RyzenAI\1.7.1
xclbin: C:\Program Files\RyzenAI\1.7.1\voe-4.0-win_amd64\xclbins\phoenix\4x4.xclbin
onnxruntime 1.23.3.dev20260320  providers: ['VitisAIExecutionProvider', 'DmlExecutionProvider', 'CPUExecutionProvider']WARNING: Logging before InitGoogleLogging() is written to STDERR
F20260907 23:56:42.392890 28240 runner_requests_queue.cpp:178] -- Error: Failed to create runner: Failed to submit command to hw queue (0xc01e0200):
Even after the video memory manager split the DMA buffer, the video
memory manager could not page-in all of the required allocations into
video memory at the same time. The device is unable to continue.
F20260907 23:56:42.813048 28240 runner_requests_queue.cpp:178] -- Error: Failed to create runner: Failed to submit command to hw queue (0xc01e0200):
Even after the video memory manager split the DMA buffer, the video
memory manager could not page-in all of the required allocations into
video memory at the same time. The device is unable to continue.
F20260907 23:56:43.205945 28240 runner_requests_queue.cpp:178] -- Error: Failed to create runner: Failed to submit command to hw queue (0xc01e0200):
Even after the video memory manager split the DMA buffer, the video
memory manager could not page-in all of the required allocations into
video memory at the same time. The device is unable to continue.
F20260907 23:56:43.598560 28240 runner_requests_queue.cpp:178] -- Error: Failed to create runner: Failed to submit command to hw queue (0xc01e0200):
Even after the video memory manager split the DMA buffer, the video
memory manager could not page-in all of the required allocations into
video memory at the same time. The device is unable to continue.
F20260907 23:56:43.984681 28240 runner_requests_queue.cpp:178] -- Error: Failed to create runner: Failed to submit command to hw queue (0xc01e0200):
Even after the video memory manager split the DMA buffer, the video
memory manager could not page-in all of the required allocations into
video memory at the same time. The device is unable to continue.
F20260907 23:56:44.367666 28240 runner_requests_queue.cpp:178] -- Error: Failed to create runner: Failed to submit command to hw queue (0xc01e0200):
Even after the video memory manager split the DMA buffer, the video
memory manager could not page-in all of the required allocations into
video memory at the same time. The device is unable to continue.
F20260907 23:56:44.747807 28240 runner_requests_queue.cpp:178] -- Error: Failed to create runner: Failed to submit command to hw queue (0xc01e0200):
Even after the video memory manager split the DMA buffer, the video
memory manager could not page-in all of the required allocations into
video memory at the same time. The device is unable to continue.
F20260907 23:56:45.130573 28240 runner_requests_queue.cpp:178] -- Error: Failed to create runner: Failed to submit command to hw queue (0xc01e0200):
Even after the video memory manager split the DMA buffer, the video
memory manager could not page-in all of the required allocations into
video memory at the same time. The device is unable to continue.
F20260907 23:56:45.541880 28240 runner_requests_queue.cpp:178] -- Error: Failed to create runner: Failed to submit command to hw queue (0xc01e0200):
Even after the video memory manager split the DMA buffer, the video
memory manager could not page-in all of the required allocations into
video memory at the same time. The device is unable to continue.
F20260907 23:56:45.928629 28240 runner_requests_queue.cpp:178] -- Error: Failed to create runner: Failed to submit command to hw queue (0xc01e0200):
Even after the video memory manager split the DMA buffer, the video
memory manager could not page-in all of the required allocations into
video memory at the same time. The device is unable to continue.
F20260907 23:56:46.314500 28240 runner_requests_queue.cpp:178] -- Error: Failed to create runner: Failed to submit command to hw queue (0xc01e0200):
Even after the video memory manager split the DMA buffer, the video
memory manager could not page-in all of the required allocations into
video memory at the same time. The device is unable to continue.

cache:  C:\Users\<user>\PycharmProjects\ryzen-ai-xdna1-quantization\modelcachekey
First run compiles the model. It takes a while and looks frozen. It isn't.
RYZEN_AI_INSTALLATION_PATH = C:\Program Files\RyzenAI\1.7.1
xclbin: C:\Program Files\RyzenAI\1.7.1\voe-4.0-win_amd64\xclbins\phoenix\4x4.xclbin
onnxruntime 1.23.3.dev20260320  providers: ['VitisAIExecutionProvider', 'DmlExecutionProvider', 'CPUExecutionProvider']
cache:  C:\Users\<user>\PycharmProjects\ryzen-ai-xdna1-quantization\modelcachekey
First run compiles the model. It takes a while and looks frozen. It isn't.
RYZEN_AI_INSTALLATION_PATH = C:\Program Files\RyzenAI\1.7.1
xclbin: C:\Program Files\RyzenAI\1.7.1\voe-4.0-win_amd64\xclbins\phoenix\4x4.xclbin
onnxruntime 1.23.3.dev20260320  providers: ['VitisAIExecutionProvider', 'DmlExecutionProvider', 'CPUExecutionProvider']
cache:  C:\Users\<user>\PycharmProjects\ryzen-ai-xdna1-quantization\modelcachekey
First run compiles the model. It takes a while and looks frozen. It isn't.
RYZEN_AI_INSTALLATION_PATH = C:\Program Files\RyzenAI\1.7.1
xclbin: C:\Program Files\RyzenAI\1.7.1\voe-4.0-win_amd64\xclbins\phoenix\4x4.xclbin
onnxruntime 1.23.3.dev20260320  providers: ['VitisAIExecutionProvider', 'DmlExecutionProvider', 'CPUExecutionProvider']
cache:  C:\Users\<user>\PycharmProjects\ryzen-ai-xdna1-quantization\modelcachekey
First run compiles the model. It takes a while and looks frozen. It isn't.
RYZEN_AI_INSTALLATION_PATH = C:\Program Files\RyzenAI\1.7.1
xclbin: C:\Program Files\RyzenAI\1.7.1\voe-4.0-win_amd64\xclbins\phoenix\4x4.xclbin
onnxruntime 1.23.3.dev20260320  providers: ['VitisAIExecutionProvider', 'DmlExecutionProvider', 'CPUExecutionProvider']
cache:  C:\Users\<user>\PycharmProjects\ryzen-ai-xdna1-quantization\modelcachekey
First run compiles the model. It takes a while and looks frozen. It isn't.
RYZEN_AI_INSTALLATION_PATH = C:\Program Files\RyzenAI\1.7.1
xclbin: C:\Program Files\RyzenAI\1.7.1\voe-4.0-win_amd64\xclbins\phoenix\4x4.xclbin
onnxruntime 1.23.3.dev20260320  providers: ['VitisAIExecutionProvider', 'DmlExecutionProvider', 'CPUExecutionProvider']
cache:  C:\Users\<user>\PycharmProjects\ryzen-ai-xdna1-quantization\modelcachekey
First run compiles the model. It takes a while and looks frozen. It isn't.
RYZEN_AI_INSTALLATION_PATH = C:\Program Files\RyzenAI\1.7.1
xclbin: C:\Program Files\RyzenAI\1.7.1\voe-4.0-win_amd64\xclbins\phoenix\4x4.xclbin
onnxruntime 1.23.3.dev20260320  providers: ['VitisAIExecutionProvider', 'DmlExecutionProvider', 'CPUExecutionProvider']
cache:  C:\Users\<user>\PycharmProjects\ryzen-ai-xdna1-quantization\modelcachekey
First run compiles the model. It takes a while and looks frozen. It isn't.
RYZEN_AI_INSTALLATION_PATH = C:\Program Files\RyzenAI\1.7.1
xclbin: C:\Program Files\RyzenAI\1.7.1\voe-4.0-win_amd64\xclbins\phoenix\4x4.xclbin
onnxruntime 1.23.3.dev20260320  providers: ['VitisAIExecutionProvider', 'DmlExecutionProvider', 'CPUExecutionProvider']
cache:  C:\Users\<user>\PycharmProjects\ryzen-ai-xdna1-quantization\modelcachekey
First run compiles the model. It takes a while and looks frozen. It isn't.
RYZEN_AI_INSTALLATION_PATH = C:\Program Files\RyzenAI\1.7.1
xclbin: C:\Program Files\RyzenAI\1.7.1\voe-4.0-win_amd64\xclbins\phoenix\4x4.xclbin
onnxruntime 1.23.3.dev20260320  providers: ['VitisAIExecutionProvider', 'DmlExecutionProvider', 'CPUExecutionProvider']
cache:  C:\Users\<user>\PycharmProjects\ryzen-ai-xdna1-quantization\modelcachekey
First run compiles the model. It takes a while and looks frozen. It isn't.
RYZEN_AI_INSTALLATION_PATH = C:\Program Files\RyzenAI\1.7.1
xclbin: C:\Program Files\RyzenAI\1.7.1\voe-4.0-win_amd64\xclbins\phoenix\4x4.xclbin
onnxruntime 1.23.3.dev20260320  providers: ['VitisAIExecutionProvider', 'DmlExecutionProvider', 'CPUExecutionProvider']
cache:  C:\Users\<user>\PycharmProjects\ryzen-ai-xdna1-quantization\modelcachekey
First run compiles the model. It takes a while and looks frozen. It isn't.
RYZEN_AI_INSTALLATION_PATH = C:\Program Files\RyzenAI\1.7.1
xclbin: C:\Program Files\RyzenAI\1.7.1\voe-4.0-win_amd64\xclbins\phoenix\4x4.xclbin
onnxruntime 1.23.3.dev20260320  providers: ['VitisAIExecutionProvider', 'DmlExecutionProvider', 'CPUExecutionProvider']
cache:  C:\Users\<user>\PycharmProjects\ryzen-ai-xdna1-quantization\modelcachekey
First run compiles the model. It takes a while and looks frozen. It isn't.
RYZEN_AI_INSTALLATION_PATH = C:\Program Files\RyzenAI\1.7.1
xclbin: C:\Program Files\RyzenAI\1.7.1\voe-4.0-win_amd64\xclbins\phoenix\4x4.xclbin
onnxruntime 1.23.3.dev20260320  providers: ['VitisAIExecutionProvider', 'DmlExecutionProvider', 'CPUExecutionProvider']
cache:  C:\Users\<user>\PycharmProjects\ryzen-ai-xdna1-quantization\modelcachekey
First run compiles the model. It takes a while and looks frozen. It isn't.
RYZEN_AI_INSTALLATION_PATH = C:\Program Files\RyzenAI\1.7.1
xclbin: C:\Program Files\RyzenAI\1.7.1\voe-4.0-win_amd64\xclbins\phoenix\4x4.xclbin
onnxruntime 1.23.3.dev20260320  providers: ['VitisAIExecutionProvider', 'DmlExecutionProvider', 'CPUExecutionProvider']
cache:  C:\Users\<user>\PycharmProjects\ryzen-ai-xdna1-quantization\modelcachekey
First run compiles the model. It takes a while and looks frozen. It isn't.
RYZEN_AI_INSTALLATION_PATH = C:\Program Files\RyzenAI\1.7.1
xclbin: C:\Program Files\RyzenAI\1.7.1\voe-4.0-win_amd64\xclbins\phoenix\4x4.xclbin
onnxruntime 1.23.3.dev20260320  providers: ['VitisAIExecutionProvider', 'DmlExecutionProvider', 'CPUExecutionProvider']
cache:  C:\Users\<user>\PycharmProjects\ryzen-ai-xdna1-quantization\modelcachekey
First run compiles the model. It takes a while and looks frozen. It isn't.
RYZEN_AI_INSTALLATION_PATH = C:\Program Files\RyzenAI\1.7.1
xclbin: C:\Program Files\RyzenAI\1.7.1\voe-4.0-win_amd64\xclbins\phoenix\4x4.xclbin
onnxruntime 1.23.3.dev20260320  providers: ['VitisAIExecutionProvider', 'DmlExecutionProvider', 'CPUExecutionProvider']
cache:  C:\Users\<user>\PycharmProjects\ryzen-ai-xdna1-quantization\modelcachekey
First run compiles the model. It takes a while and looks frozen. It isn't.
RYZEN_AI_INSTALLATION_PATH = C:\Program Files\RyzenAI\1.7.1
xclbin: C:\Program Files\RyzenAI\1.7.1\voe-4.0-win_amd64\xclbins\phoenix\4x4.xclbin
onnxruntime 1.23.3.dev20260320  providers: ['VitisAIExecutionProvider', 'DmlExecutionProvider', 'CPUExecutionProvider']
cache:  C:\Users\<user>\PycharmProjects\ryzen-ai-xdna1-quantization\modelcachekey
First run compiles the model. It takes a while and looks frozen. It isn't.
RYZEN_AI_INSTALLATION_PATH = C:\Program Files\RyzenAI\1.7.1
xclbin: C:\Program Files\RyzenAI\1.7.1\voe-4.0-win_amd64\xclbins\phoenix\4x4.xclbin
onnxruntime 1.23.3.dev20260320  providers: ['VitisAIExecutionProvider', 'DmlExecutionProvider', 'CPUExecutionProvider']
cache:  C:\Users\<user>\PycharmProjects\ryzen-ai-xdna1-quantization\modelcachekey
First run compiles the model. It takes a while and looks frozen. It isn't.
RYZEN_AI_INSTALLATION_PATH = C:\Program Files\RyzenAI\1.7.1
xclbin: C:\Program Files\RyzenAI\1.7.1\voe-4.0-win_amd64\xclbins\phoenix\4x4.xclbin
onnxruntime 1.23.3.dev20260320  providers: ['VitisAIExecutionProvider', 'DmlExecutionProvider', 'CPUExecutionProvider']
cache:  C:\Users\<user>\PycharmProjects\ryzen-ai-xdna1-quantization\modelcachekey
First run compiles the model. It takes a while and looks frozen. It isn't.
RYZEN_AI_INSTALLATION_PATH = C:\Program Files\RyzenAI\1.7.1
xclbin: C:\Program Files\RyzenAI\1.7.1\voe-4.0-win_amd64\xclbins\phoenix\4x4.xclbin
onnxruntime 1.23.3.dev20260320  providers: ['VitisAIExecutionProvider', 'DmlExecutionProvider', 'CPUExecutionProvider']
cache:  C:\Users\<user>\PycharmProjects\ryzen-ai-xdna1-quantization\modelcachekey
First run compiles the model. It takes a while and looks frozen. It isn't.
RYZEN_AI_INSTALLATION_PATH = C:\Program Files\RyzenAI\1.7.1
xclbin: C:\Program Files\RyzenAI\1.7.1\voe-4.0-win_amd64\xclbins\phoenix\4x4.xclbin
onnxruntime 1.23.3.dev20260320  providers: ['VitisAIExecutionProvider', 'DmlExecutionProvider', 'CPUExecutionProvider']
cache:  C:\Users\<user>\PycharmProjects\ryzen-ai-xdna1-quantization\modelcachekey
First run compiles the model. It takes a while and looks frozen. It isn't.F20260907 23:56:46.714150 28240 runner_requests_queue.cpp:178] -- Error: Failed to create runner: Failed to submit command to hw queue (0xc01e0200):
Even after the video memory manager split the DMA buffer, the video
memory manager could not page-in all of the required allocations into
video memory at the same time. The device is unable to continue.
F20260907 23:56:47.105175 28240 runner_requests_queue.cpp:178] -- Error: Failed to create runner: Failed to submit command to hw queue (0xc01e0200):
Even after the video memory manager split the DMA buffer, the video
memory manager could not page-in all of the required allocations into
video memory at the same time. The device is unable to continue.
F20260907 23:56:47.506439 28240 runner_requests_queue.cpp:178] -- Error: Failed to create runner: Failed to submit command to hw queue (0xc01e0200):
Even after the video memory manager split the DMA buffer, the video
memory manager could not page-in all of the required allocations into
video memory at the same time. The device is unable to continue.
F20260907 23:56:47.887101 28240 runner_requests_queue.cpp:178] -- Error: Failed to create runner: Failed to submit command to hw queue (0xc01e0200):
Even after the video memory manager split the DMA buffer, the video
memory manager could not page-in all of the required allocations into
video memory at the same time. The device is unable to continue.
F20260907 23:56:48.262363 28240 runner_requests_queue.cpp:178] -- Error: Failed to create runner: Failed to submit command to hw queue (0xc01e0200):
Even after the video memory manager split the DMA buffer, the video
memory manager could not page-in all of the required allocations into
video memory at the same time. The device is unable to continue.
F20260907 23:56:48.656778 28240 runner_requests_queue.cpp:178] -- Error: Failed to create runner: Failed to submit command to hw queue (0xc01e0200):
Even after the video memory manager split the DMA buffer, the video
memory manager could not page-in all of the required allocations into
video memory at the same time. The device is unable to continue.
F20260907 23:56:49.045184 28240 runner_requests_queue.cpp:178] -- Error: Failed to create runner: Failed to submit command to hw queue (0xc01e0200):
Even after the video memory manager split the DMA buffer, the video
memory manager could not page-in all of the required allocations into
video memory at the same time. The device is unable to continue.
F20260907 23:56:49.444365 28240 runner_requests_queue.cpp:178] -- Error: Failed to create runner: Failed to submit command to hw queue (0xc01e0200):
Even after the video memory manager split the DMA buffer, the video
memory manager could not page-in all of the required allocations into
video memory at the same time. The device is unable to continue.
XRT build version: 2.21.0
Build hash: 15e6319be8de1e76a6150111a3861729e988fdb5
Build date: 2026-04-04 00:09:34
Git branch: HEAD
PID: 16756
UID: 0
[Tue Sep  8 03:56:49 2026 GMT]
HOST: DESKTOP-CBL5NUA
EXE: 
[XRT] ERROR: Failed to submit command to hw queue (0xc01e0200):
Even after the video memory manager split the DMA buffer, the video
memory manager could not page-in all of the required allocations into
video memory at the same time. The device is unable to continue.
