2026-09-06 17:03:20.1281427 [I:onnxruntime:, inference_session.cc:606 onnxruntime::InferenceSession::TraceSessionOptions] Session Options {  execution_mode:0 execution_order:DEFAULT enable_profiling:0 optimized_model_filepath: enable_mem_pattern:1 enable_mem_reuse:1 enable_cpu_mem_arena:1 profile_file_prefix:onnxruntime_profile_ session_logid: session_log_severity_level:1 session_log_verbosity_level:0 max_num_graph_transformation_steps:10 graph_optimization_level:4 intra_op_param:OrtThreadPoolParams { thread_pool_size: 0 auto_set_affinity: 0 allow_spinning: 1 dynamic_block_base_: 0 stack_size: 0 affinity_str:  set_denormal_as_zero: 0 } inter_op_param:OrtThreadPoolParams { thread_pool_size: 0 auto_set_affinity: 0 allow_spinning: 1 dynamic_block_base_: 0 stack_size: 0 affinity_str:  set_denormal_as_zero: 0 } use_per_session_threads:1 thread_pool_allow_spinning:1 use_deterministic_compute:0 ep_selection_policy:0 config_options: {  } }
2026-09-06 17:03:20.1290054 [I:onnxruntime:, inference_session.cc:414 onnxruntime::InferenceSession::ConstructorCommon::<lambda_cd5baf9f006fce338b072dac99354b33>::operator ()] Flush-to-zero and denormal-as-zero are off
2026-09-06 17:03:20.1291942 [I:onnxruntime:, inference_session.cc:422 onnxruntime::InferenceSession::ConstructorCommon] Creating and using per session threadpools since use_per_session_threads_ is true
2026-09-06 17:03:20.1293648 [I:onnxruntime:, inference_session.cc:446 onnxruntime::InferenceSession::ConstructorCommon] Dynamic block base set to 0
2026-09-06 17:03:20.6369025 [I:onnxruntime:, inference_session.cc:2042 onnxruntime::InferenceSession::Initialize] Initializing session.
2026-09-06 17:03:20.6387691 [I:onnxruntime:, graph_partitioner.cc:1209 onnxruntime::GraphPartitioner::InlineFunctionsAOT] This model does not have any local functions defined. AOT Inlining is not performed
2026-09-06 17:03:20.6391776 [I:onnxruntime:, graph_transformer.cc:15 onnxruntime::GraphTransformer::Apply] GraphTransformer EnsureUniqueDQForNodeUnit modified: 0 with status: OK
2026-09-06 17:03:20.6403643 [I:onnxruntime:, graph_transformer.cc:15 onnxruntime::GraphTransformer::Apply] GraphTransformer Level1_RuleBasedTransformer modified: 1 with status: OK
2026-09-06 17:03:20.6478778 [I:onnxruntime:, graph_transformer.cc:15 onnxruntime::GraphTransformer::Apply] GraphTransformer DoubleQDQPairsRemover modified: 0 with status: OK
2026-09-06 17:03:20.6486578 [I:onnxruntime:, constant_sharing.cc:248 onnxruntime::ConstantSharing::ApplyImpl] Total shared scalar initializer count: 50
2026-09-06 17:03:20.6488159 [I:onnxruntime:, graph_transformer.cc:15 onnxruntime::GraphTransformer::Apply] GraphTransformer ConstantSharing modified: 1 with status: OK
2026-09-06 17:03:20.6544893 [I:onnxruntime:, graph_transformer.cc:15 onnxruntime::GraphTransformer::Apply] GraphTransformer CommonSubexpressionElimination modified: 0 with status: OK
2026-09-06 17:03:23.0815429 [I:onnxruntime:, graph_transformer.cc:15 onnxruntime::GraphTransformer::Apply] GraphTransformer ConstantFolding modified: 1 with status: OK
2026-09-06 17:03:23.0872423 [I:onnxruntime:, graph.cc:4888 onnxruntime::Graph::CleanUnusedInitializersAndNodeArgs] Removing initializer '/stages/stages.3/blocks/blocks.1/conv2/BatchNormalization_output_1'. It is no longer used by any node.
2026-09-06 17:03:23.0874750 [I:onnxruntime:, graph.cc:4888 onnxruntime::Graph::CleanUnusedInitializersAndNodeArgs] Removing initializer 'onnx::ReduceMean_1861'. It is no longer used by any node.
2026-09-06 17:03:23.0876455 [I:onnxruntime:, graph.cc:4888 onnxruntime::Graph::CleanUnusedInitializersAndNodeArgs] Removing initializer 'onnx::ReduceMean_2107'. It is no longer used by any node.
2026-09-06 17:03:23.0878186 [I:onnxruntime:, graph.cc:4888 onnxruntime::Graph::CleanUnusedInitializersAndNodeArgs] Removing initializer 'onnx::ReduceMean_1840'. It is no longer used by any node.
2026-09-06 17:03:23.0879920 [I:onnxruntime:, graph.cc:4888 onnxruntime::Graph::CleanUnusedInitializersAndNodeArgs] Removing initializer 'onnx::ReduceMean_1949'. It is no longer used by any node.
2026-09-06 17:03:23.0881733 [I:onnxruntime:, graph.cc:4888 onnxruntime::Graph::CleanUnusedInitializersAndNodeArgs] Removing initializer '/stages/stages.0/blocks/blocks.2/conv3/Sub_output_0'. It is no longer used by any node.
2026-09-06 17:03:23.0883879 [I:onnxruntime:, graph.cc:4888 onnxruntime::Graph::CleanUnusedInitializersAndNodeArgs] Removing initializer '/stages/stages.1/blocks/blocks.2/conv3/ReduceMean_output_0'. It is no longer used by any node.
2026-09-06 17:03:23.0886016 [I:onnxruntime:, graph.cc:4888 onnxruntime::Graph::CleanUnusedInitializersAndNodeArgs] Removing initializer 'onnx::Reshape_1856'. It is no longer used by any node.
2026-09-06 17:03:23.0887778 [I:onnxruntime:, graph.cc:4888 onnxruntime::Graph::CleanUnusedInitializersAndNodeArgs] Removing initializer '/stages/stages.2/blocks/blocks.3/conv1/BatchNormalization_output_1'. It is no longer used by any node.
2026-09-06 17:03:23.0889935 [I:onnxruntime:, graph.cc:4888 onnxruntime::Graph::CleanUnusedInitializersAndNodeArgs] Removing initializer 'onnx::ReduceMean_2055'. It is no longer used by any node.
2026-09-06 17:03:23.0891664 [I:onnxruntime:, graph.cc:4888 onnxruntime::Graph::CleanUnusedInitializersAndNodeArgs] Removing initializer '/stages/stages.2/blocks/blocks.3/conv1/Constant_output_0'. It is no longer used by any node.
2026-09-06 17:03:23.0893769 [I:onnxruntime:, graph.cc:4888 onnxruntime::Graph::CleanUnusedInitializersAndNodeArgs] Removing initializer '/stages/stages.3/blocks/blocks.1/conv1/BatchNormalization_output_2'. It is no longer used by any node.
2026-09-06 17:03:23.0895878 [I:onnxruntime:, graph.cc:4888 onnxruntime::Graph::CleanUnusedInitializersAndNodeArgs] Removing initializer '/stem/conv/Sub_output_0'. It is no longer used by any node.
2026-09-06 17:03:23.0897610 [I:onnxruntime:, graph.cc:4888 onnxruntime::Graph::CleanUnusedInitializersAndNodeArgs] Removing initializer 'onnx::BatchNormalization_1838'. It is no longer used by any node.
2026-09-06 17:03:23.0899439 [I:onnxruntime:, graph.cc:4888 onnxruntime::Graph::CleanUnusedInitializersAndNodeArgs] Removing initializer 'onnx::BatchNormalization_1849'. It is no longer used by any node.
2026-09-06 17:03:23.0901232 [I:onnxruntime:, graph.cc:4888 onnxruntime::Graph::CleanUnusedInitializersAndNodeArgs] Removing initializer '/stages/stages.3/blocks/blocks.2/conv3/ReduceMean_2_output_0'. It is no longer used by any node.
2026-09-06 17:03:23.0903358 [I:onnxruntime:, graph.cc:4888 onnxruntime::Graph::CleanUnusedInitializersAndNodeArgs] Removing initializer 'onnx::BatchNormalization_2035'. It is no longer used by any node.
2026-09-06 17:03:23.0905214 [I:onnxruntime:, graph.cc:4888 onnxruntime::Graph::CleanUnusedInitializersAndNodeArgs] Removing initializer 'onnx::BatchNormalization_1859'. It is no longer used by any node.
2026-09-06 17:03:23.0907000 [I:onnxruntime:, graph.cc:4888 onnxruntime::Graph::CleanUnusedInitializersAndNodeArgs] Removing initializer '/stages/stages.3/blocks/blocks.1/conv3/Sub_output_0'. It is no longer used by any node.
2026-09-06 17:03:23.0909128 [I:onnxruntime:, graph.cc:4888 onnxruntime::Graph::CleanUnusedInitializersAndNodeArgs] Removing initializer 'onnx::Reshape_1841'. It is no longer used by any node.
2026-09-06 17:03:23.0910910 [I:onnxruntime:, graph.cc:4888 onnxruntime::Graph::CleanUnusedInitializersAndNodeArgs] Removing initializer '/stages/stages.2/blocks/blocks.2/conv3/Sub_output_0'. It is no longer used by any node.
2026-09-06 17:03:23.0912994 [I:onnxruntime:, graph.cc:4888 onnxruntime::Graph::CleanUnusedInitializersAndNodeArgs] Removing initializer '/stages/stages.1/blocks/blocks.3/conv1/Mul_output_0'. It is no longer used by any node.
2026-09-06 17:03:23.0915009 [I:onnxruntime:, graph.cc:4888 onnxruntime::Graph::CleanUnusedInitializersAndNodeArgs] Removing initializer '/stages/stages.0/blocks/blocks.0/conv2/BatchNormalization_output_2'. It is no longer used by any node.
2026-09-06 17:03:23.0917122 [I:onnxruntime:, graph.cc:4888 onnxruntime::Graph::CleanUnusedInitializersAndNodeArgs] Removing initializer 'onnx::ReduceMean_1925'. It is no longer used by any node.
2026-09-06 17:03:23.0918878 [I:onnxruntime:, graph.cc:4888 onnxruntime::Graph::CleanUnusedInitializersAndNodeArgs] Removing initializer 'onnx::ReduceMean_1851'. It is no longer used by any node.
2026-09-06 17:03:23.0920618 [I:onnxruntime:, graph.cc:4888 onnxruntime::Graph::CleanUnusedInitializersAndNodeArgs] Removing initializer 'onnx::Reshape_1852'. It is no longer used by any node.
2026-09-06 17:03:23.0922325 [I:onnxruntime:, graph.cc:4888 onnxruntime::Graph::CleanUnusedInitializersAndNodeArgs] Removing initializer 'onnx::BatchNormalization_1853'. It is no longer used by any node.
2026-09-06 17:03:23.0924416 [I:onnxruntime:, graph.cc:4888 onnxruntime::Graph::CleanUnusedInitializersAndNodeArgs] Removing initializer 'onnx::BatchNormalization_1901'. It is no longer used by any node.
2026-09-06 17:03:23.0926272 [I:onnxruntime:, graph.cc:4888 onnxruntime::Graph::CleanUnusedInitializersAndNodeArgs] Removing initializer '/stages/stages.0/blocks/blocks.0/conv3/ReduceMean_2_output_0'. It is no longer used by any node.
2026-09-06 17:03:23.0928367 [I:onnxruntime:, graph.cc:4888 onnxruntime::Graph::CleanUnusedInitializersAndNodeArgs] Removing initializer '/stages/stages.2/blocks/blocks.0/conv2/BatchNormalization_output_0'. It is no longer used by any node.
2026-09-06 17:03:23.0930500 [I:onnxruntime:, graph.cc:4888 onnxruntime::Graph::CleanUnusedInitializersAndNodeArgs] Removing initializer '/stages/stages.0/blocks/blocks.1/conv2/Mul_output_0'. It is no longer used by any node.
2026-09-06 17:03:23.0932448 [I:onnxruntime:, graph.cc:4888 onnxruntime::Graph::CleanUnusedInitializersAndNodeArgs] Removing initializer 'onnx::ReduceMean_1855'. It is no longer used by any node.
2026-09-06 17:03:23.0934180 [I:onnxruntime:, graph.cc:4888 onnxruntime::Graph::CleanUnusedInitializersAndNodeArgs] Removing initializer '/stages/stages.0/blocks/blocks.1/conv2/ReduceMean_1_output_0'. It is no longer used by any node.
2026-09-06 17:03:23.0936285 [I:onnxruntime:, graph.cc:4888 onnxruntime::Graph::CleanUnusedInitializersAndNodeArgs] Removing initializer '/stages/stages.1/blocks/blocks.2/conv3/Mul_output_0'. It is no longer used by any node.
2026-09-06 17:03:23.0938237 [I:onnxruntime:, graph.cc:4888 onnxruntime::Graph::CleanUnusedInitializersAndNodeArgs] Removing initializer 'onnx::BatchNormalization_1865'. It is no longer used by any node.
2026-09-06 17:03:23.0940016 [I:onnxruntime:, graph.cc:4888 onnxruntime::Graph::CleanUnusedInitializersAndNodeArgs] Removing initializer 'onnx::Reshape_1862'. It is no longer used by any node.
2026-09-06 17:03:23.0941711 [I:onnxruntime:, graph.cc:4888 onnxruntime::Graph::CleanUnusedInitializersAndNodeArgs] Removing initializer 'onnx::ReduceMean_1867'. It is no longer used by any node.
2026-09-06 17:03:23.0943436 [I:onnxruntime:, graph.cc:4888 onnxruntime::Graph::CleanUnusedInitializersAndNodeArgs] Removing initializer '/stages/stages.2/blocks/blocks.5/conv1/Constant_output_0'. It is no longer used by any node.
2026-09-06 17:03:23.0952663 [I:onnxruntime:, graph.cc:4888 onnxruntime::Graph::CleanUnusedInitializersAndNodeArgs] Removing initializer 'onnx::ReduceMean_1979'. It is no longer used by any node.
2026-09-06 17:03:23.0962225 [I:onnxruntime:, graph.cc:4888 onnxruntime::Graph::CleanUnusedInitializersAndNodeArgs] Removing initializer '/stages/stages.0/blocks/blocks.1/conv3/ReduceMean_output_0'. It is no longer used by any node.
2026-09-06 17:03:23.0964662 [I:onnxruntime:, graph.cc:4888 onnxruntime::Graph::CleanUnusedInitializersAndNodeArgs] Removing initializer 'onnx::Reshape_1920'. It is no longer used by any node.
2026-09-06 17:03:23.0966664 [I:onnxruntime:, graph.cc:4888 onnxruntime::Graph::CleanUnusedInitializersAndNodeArgs] Removing initializer 'onnx::BatchNormalization_2005'. It is no longer used by any node.
2026-09-06 17:03:23.0968982 [I:onnxruntime:, graph.cc:4888 onnxruntime::Graph::CleanUnusedInitializersAndNodeArgs] Removing initializer 'onnx::BatchNormalization_1871'. It is no longer used by any node.
2026-09-06 17:03:23.0971150 [I:onnxruntime:, graph.cc:4888 onnxruntime::Graph::CleanUnusedInitializersAndNodeArgs] Removing initializer 'onnx::ReduceMean_1891'. It is no longer used by any node.
2026-09-06 17:03:23.0973233 [I:onnxruntime:, graph.cc:4888 onnxruntime::Graph::CleanUnusedInitializersAndNodeArgs] Removing initializer 'onnx::ReduceMean_1873'. It is no longer used by any node.
2026-09-06 17:03:23.0975322 [I:onnxruntime:, graph.cc:4888 onnxruntime::Graph::CleanUnusedInitializersAndNodeArgs] Removing initializer 'onnx::ReduceMean_1879'. It is no longer used by any node.
2026-09-06 17:03:23.0977491 [I:onnxruntime:, graph.cc:4888 onnxruntime::Graph::CleanUnusedInitializersAndNodeArgs] Removing initializer '/stages/stages.2/blocks/blocks.3/conv2/BatchNormalization_output_1'. It is no longer used by any node.
2026-09-06 17:03:23.0979744 [I:onnxruntime:, graph.cc:4888 onnxruntime::Graph::CleanUnusedInitializersAndNodeArgs] Removing initializer 'onnx::Reshape_1874'. It is no longer used by any node.
2026-09-06 17:03:23.0981634 [I:onnxruntime:, graph.cc:4888 onnxruntime::Graph::CleanUnusedInitializersAndNodeArgs] Removing initializer '/stages/stages.2/blocks/blocks.4/conv3/ReduceMean_1_output_0'. It is no longer used by any node.
2026-09-06 17:03:23.0983789 [I:onnxruntime:, graph.cc:4888 onnxruntime::Graph::CleanUnusedInitializersAndNodeArgs] Removing initializer '/stages/stages.3/blocks/blocks.0/conv2/ReduceMean_1_output_0'. It is no longer used by any node.
2026-09-06 17:03:23.0985928 [I:onnxruntime:, graph.cc:4888 onnxruntime::Graph::CleanUnusedInitializersAndNodeArgs] Removing initializer '/stages/stages.0/blocks/blocks.0/conv2/BatchNormalization_output_1'. It is no longer used by any node.
2026-09-06 17:03:23.0988098 [I:onnxruntime:, graph.cc:4888 onnxruntime::Graph::CleanUnusedInitializersAndNodeArgs] Removing initializer '/stages/stages.1/blocks/blocks.2/conv3/ReduceMean_1_output_0'. It is no longer used by any node.
2026-09-06 17:03:23.0990332 [I:onnxruntime:, graph.cc:4888 onnxruntime::Graph::CleanUnusedInitializersAndNodeArgs] Removing initializer '/stages/stages.2/blocks/blocks.5/conv2/ReduceMean_2_output_0'. It is no longer used by any node.
2026-09-06 17:03:23.0992458 [I:onnxruntime:, graph.cc:4888 onnxruntime::Graph::CleanUnusedInitializersAndNodeArgs] Removing initializer 'onnx::BatchNormalization_1877'. It is no longer used by any node.
2026-09-06 17:03:23.0994444 [I:onnxruntime:, graph.cc:4888 onnxruntime::Graph::CleanUnusedInitializersAndNodeArgs] Removing initializer 'onnx::Reshape_1986'. It is no longer used by any node.
2026-09-06 17:03:23.0996229 [I:onnxruntime:, graph.cc:4888 onnxruntime::Graph::CleanUnusedInitializersAndNodeArgs] Removing initializer '/stages/stages.1/blocks/blocks.0/conv2/ReduceMean_2_output_0'. It is no longer used by any node.
2026-09-06 17:03:23.0998309 [I:onnxruntime:, graph.cc:4888 onnxruntime::Graph::CleanUnusedInitializersAndNodeArgs] Removing initializer '/stages/stages.3/blocks/blocks.1/conv3/BatchNormalization_output_1'. It is no longer used by any node.
2026-09-06 17:03:23.1000474 [I:onnxruntime:, graph.cc:4888 onnxruntime::Graph::CleanUnusedInitializersAndNodeArgs] Removing initializer 'onnx::BatchNormalization_2077'. It is no longer used by any node.
2026-09-06 17:03:23.1002442 [I:onnxruntime:, graph.cc:4888 onnxruntime::Graph::CleanUnusedInitializersAndNodeArgs] Removing initializer '/stem/pad/Transpose_output_0'. It is no longer used by any node.
2026-09-06 17:03:23.1004447 [I:onnxruntime:, graph.cc:4888 onnxruntime::Graph::CleanUnusedInitializersAndNodeArgs] Removing initializer 'onnx::BatchNormalization_1883'. It is no longer used by any node.
2026-09-06 17:03:23.1006299 [I:onnxruntime:, graph.cc:4888 onnxruntime::Graph::CleanUnusedInitializersAndNodeArgs] Removing initializer '/stages/stages.1/blocks/blocks.1/conv2/Constant_1_output_0'. It is no longer used by any node.
2026-09-06 17:03:23.1008395 [I:onnxruntime:, graph.cc:4888 onnxruntime::Graph::CleanUnusedInitializersAndNodeArgs] Removing initializer '/stages/stages.1/blocks/blocks.0/conv1/ReduceMean_2_output_0'. It is no longer used by any node.
2026-09-06 17:03:23.1010518 [I:onnxruntime:, graph.cc:4888 onnxruntime::Graph::CleanUnusedInitializersAndNodeArgs] Removing initializer 'onnx::ReduceMean_1885'. It is no longer used by any node.
2026-09-06 17:03:23.1012289 [I:onnxruntime:, graph.cc:4888 onnxruntime::Graph::CleanUnusedInitializersAndNodeArgs] Removing initializer '/stages/stages.2/blocks/blocks.5/conv1/BatchNormalization_output_2'. It is no longer used by any node.
2026-09-06 17:03:23.1014560 [I:onnxruntime:, graph.cc:4888 onnxruntime::Graph::CleanUnusedInitializersAndNodeArgs] Removing initializer '/stages/stages.2/blocks/blocks.5/conv3/ReduceMean_1_output_0'. It is no longer used by any node.
2026-09-06 17:03:23.1016818 [I:onnxruntime:, graph.cc:4888 onnxruntime::Graph::CleanUnusedInitializersAndNodeArgs] Removing initializer '/stages/stages.3/blocks/blocks.1/conv1/Constant_output_0'. It is no longer used by any node.
2026-09-06 17:03:23.1019020 [I:onnxruntime:, graph.cc:4888 onnxruntime::Graph::CleanUnusedInitializersAndNodeArgs] Removing initializer 'onnx::BatchNormalization_1987'. It is no longer used by any node.
2026-09-06 17:03:23.1022611 [I:onnxruntime:, graph.cc:4888 onnxruntime::Graph::CleanUnusedInitializersAndNodeArgs] Removing initializer 'onnx::BatchNormalization_2111'. It is no longer used by any node.
2026-09-06 17:03:23.1025660 [I:onnxruntime:, graph.cc:4888 onnxruntime::Graph::CleanUnusedInitializersAndNodeArgs] Removing initializer '/stages/stages.2/blocks/blocks.0/downsample/conv/Constant_1_output_0'. It is no longer used by any node.
2026-09-06 17:03:23.1027994 [I:onnxruntime:, graph.cc:4888 onnxruntime::Graph::CleanUnusedInitializersAndNodeArgs] Removing initializer '/stages/stages.2/blocks/blocks.4/conv3/BatchNormalization_output_0'. It is no longer used by any node.
2026-09-06 17:03:23.1030274 [I:onnxruntime:, graph.cc:4888 onnxruntime::Graph::CleanUnusedInitializersAndNodeArgs] Removing initializer 'onnx::BatchNormalization_1889'. It is no longer used by any node.
2026-09-06 17:03:23.1032324 [I:onnxruntime:, graph.cc:4888 onnxruntime::Graph::CleanUnusedInitializersAndNodeArgs] Removing initializer '/stages/stages.3/blocks/blocks.2/conv1/Mul_output_0'. It is no longer used by any node.
2026-09-06 17:03:23.1034574 [I:onnxruntime:, graph.cc:4888 onnxruntime::Graph::CleanUnusedInitializersAndNodeArgs] Removing initializer '/stages/stages.3/blocks/blocks.0/conv2/BatchNormalization_output_0'. It is no longer used by any node.
2026-09-06 17:03:23.1036814 [I:onnxruntime:, graph.cc:4888 onnxruntime::Graph::CleanUnusedInitializersAndNodeArgs] Removing initializer 'onnx::Reshape_1914'. It is no longer used by any node.
2026-09-06 17:03:23.1038684 [I:onnxruntime:, graph.cc:4888 onnxruntime::Graph::CleanUnusedInitializersAndNodeArgs] Removing initializer '/stages/stages.3/blocks/blocks.1/conv1/BatchNormalization_output_0'. It is no longer used by any node.
2026-09-06 17:03:23.1041267 [I:onnxruntime:, graph.cc:4888 onnxruntime::Graph::CleanUnusedInitializersAndNodeArgs] Removing initializer 'onnx::BatchNormalization_1911'. It is no longer used by any node.
2026-09-06 17:03:23.1043347 [I:onnxruntime:, graph.cc:4888 onnxruntime::Graph::CleanUnusedInitializersAndNodeArgs] Removing initializer '/stages/stages.2/blocks/blocks.4/conv3/ReduceMean_output_0'. It is no longer used by any node.
2026-09-06 17:03:23.1045848 [I:onnxruntime:, graph.cc:4888 onnxruntime::Graph::CleanUnusedInitializersAndNodeArgs] Removing initializer '/stages/stages.2/blocks/blocks.2/conv2/Constant_1_output_0'. It is no longer used by any node.
2026-09-06 17:03:23.1048402 [I:onnxruntime:, graph.cc:4888 onnxruntime::Graph::CleanUnusedInitializersAndNodeArgs] Removing initializer '/stages/stages.3/blocks/blocks.0/conv2/ReduceMean_output_0'. It is no longer used by any node.
2026-09-06 17:03:23.1050625 [I:onnxruntime:, graph.cc:4888 onnxruntime::Graph::CleanUnusedInitializersAndNodeArgs] Removing initializer '/stages/stages.2/blocks/blocks.1/conv1/Mul_output_0'. It is no longer used by any node.
2026-09-06 17:03:23.1052662 [I:onnxruntime:, graph.cc:4888 onnxruntime::Graph::CleanUnusedInitializersAndNodeArgs] Removing initializer 'onnx::BatchNormalization_2129'. It is no longer used by any node.
2026-09-06 17:03:23.1054492 [I:onnxruntime:, graph.cc:4888 onnxruntime::Graph::CleanUnusedInitializersAndNodeArgs] Removing initializer '/stages/stages.1/blocks/blocks.0/conv2/Constant_output_0'. It is no longer used by any node.
2026-09-06 17:03:23.1056542 [I:onnxruntime:, graph.cc:4888 onnxruntime::Graph::CleanUnusedInitializersAndNodeArgs] Removing initializer 'onnx::BatchNormalization_1907'. It is no longer used by any node.
2026-09-06 17:03:23.1058627 [I:onnxruntime:, graph.cc:4888 onnxruntime::Graph::CleanUnusedInitializersAndNodeArgs] Removing initializer '/stages/stages.1/blocks/blocks.3/conv3/Mul_output_0'. It is no longer used by any node.
2026-09-06 17:03:23.1060665 [I:onnxruntime:, graph.cc:4888 onnxruntime::Graph::CleanUnusedInitializersAndNodeArgs] Removing initializer '/stages/stages.2/blocks/blocks.1/conv2/Mul_output_0'. It is no longer used by any node.
2026-09-06 17:03:23.1062691 [I:onnxruntime:, graph.cc:4888 onnxruntime::Graph::CleanUnusedInitializersAndNodeArgs] Removing initializer 'onnx::BatchNormalization_1895'. It is no longer used by any node.
2026-09-06 17:03:23.1064531 [I:onnxruntime:, graph.cc:4888 onnxruntime::Graph::CleanUnusedInitializersAndNodeArgs] Removing initializer '/stages/stages.2/blocks/blocks.1/conv1/BatchNormalization_output_0'. It is no longer used by any node.
2026-09-06 17:03:23.1066673 [I:onnxruntime:, graph.cc:4888 onnxruntime::Graph::CleanUnusedInitializersAndNodeArgs] Removing initializer 'onnx::ReduceMean_1909'. It is no longer used by any node.
2026-09-06 17:03:23.1068430 [I:onnxruntime:, graph.cc:4888 onnxruntime::Graph::CleanUnusedInitializersAndNodeArgs] Removing initializer '/stages/stages.2/blocks/blocks.1/conv3/ReduceMean_output_0'. It is no longer used by any node.
2026-09-06 17:03:23.1070818 [I:onnxruntime:, graph.cc:4888 onnxruntime::Graph::CleanUnusedInitializersAndNodeArgs] Removing initializer '/stages/stages.1/blocks/blocks.3/conv2/ReduceMean_output_0'. It is no longer used by any node.
2026-09-06 17:03:23.1072893 [I:onnxruntime:, graph.cc:4888 onnxruntime::Graph::CleanUnusedInitializersAndNodeArgs] Removing initializer 'onnx::ReduceMean_1897'. It is no longer used by any node.
2026-09-06 17:03:23.1074650 [I:onnxruntime:, graph.cc:4888 onnxruntime::Graph::CleanUnusedInitializersAndNodeArgs] Removing initializer 'onnx::BatchNormalization_1929'. It is no longer used by any node.
2026-09-06 17:03:23.1076490 [I:onnxruntime:, graph.cc:4888 onnxruntime::Graph::CleanUnusedInitializersAndNodeArgs] Removing initializer 'onnx::Reshape_1990'. It is no longer used by any node.
2026-09-06 17:03:23.1078251 [I:onnxruntime:, graph.cc:4888 onnxruntime::Graph::CleanUnusedInitializersAndNodeArgs] Removing initializer '/stages/stages.3/blocks/blocks.2/conv2/ReduceMean_output_0'. It is no longer used by any node.
2026-09-06 17:03:23.1080781 [I:onnxruntime:, graph.cc:4888 onnxruntime::Graph::CleanUnusedInitializersAndNodeArgs] Removing initializer '/stages/stages.0/blocks/blocks.2/conv2/Constant_output_0'. It is no longer used by any node.
2026-09-06 17:03:23.1083191 [I:onnxruntime:, graph.cc:4888 onnxruntime::Graph::CleanUnusedInitializersAndNodeArgs] Removing initializer '/stages/stages.1/blocks/blocks.1/conv2/ReduceMean_2_output_0'. It is no longer used by any node.
2026-09-06 17:03:23.1085396 [I:onnxruntime:, graph.cc:4888 onnxruntime::Graph::CleanUnusedInitializersAndNodeArgs] Removing initializer 'onnx::BatchNormalization_2123'. It is no longer used by any node.
2026-09-06 17:03:23.1087217 [I:onnxruntime:, graph.cc:4888 onnxruntime::Graph::CleanUnusedInitializersAndNodeArgs] Removing initializer 'onnx::ReduceMean_2025'. It is no longer used by any node.
2026-09-06 17:03:23.1088960 [I:onnxruntime:, graph.cc:4888 onnxruntime::Graph::CleanUnusedInitializersAndNodeArgs] Removing initializer '/stages/stages.3/blocks/blocks.0/downsample/conv/BatchNormalization_output_2'. It is no longer used by any node.
2026-09-06 17:03:23.1091211 [I:onnxruntime:, graph.cc:4888 onnxruntime::Graph::CleanUnusedInitializersAndNodeArgs] Removing initializer 'onnx::BatchNormalization_1923'. It is no longer used by any node.
2026-09-06 17:03:23.1093016 [I:onnxruntime:, graph.cc:4888 onnxruntime::Graph::CleanUnusedInitializersAndNodeArgs] Removing initializer '/stages/stages.2/blocks/blocks.2/conv1/BatchNormalization_output_1'. It is no longer used by any node.
2026-09-06 17:03:23.1095309 [I:onnxruntime:, graph.cc:4888 onnxruntime::Graph::CleanUnusedInitializersAndNodeArgs] Removing initializer '/stages/stages.2/blocks/blocks.1/conv2/Constant_1_output_0'. It is no longer used by any node.
2026-09-06 17:03:23.1097507 [I:onnxruntime:, graph.cc:4888 onnxruntime::Graph::CleanUnusedInitializersAndNodeArgs] Removing initializer '/stages/stages.2/blocks/blocks.4/conv3/Constant_output_0'. It is no longer used by any node.
2026-09-06 17:03:23.1099548 [I:onnxruntime:, graph.cc:4888 onnxruntime::Graph::CleanUnusedInitializersAndNodeArgs] Removing initializer '/stages/stages.3/blocks/blocks.0/conv2/Constant_output_0'. It is no longer used by any node.
2026-09-06 17:03:23.1101709 [I:onnxruntime:, graph.cc:4888 onnxruntime::Graph::CleanUnusedInitializersAndNodeArgs] Removing initializer 'onnx::ReduceMean_1903'. It is no longer used by any node.
2026-09-06 17:03:23.1103475 [I:onnxruntime:, graph.cc:4888 onnxruntime::Graph::CleanUnusedInitializersAndNodeArgs] Removing initializer '/stages/stages.1/blocks/blocks.3/conv3/Constant_1_output_0'. It is no longer used by any node.
2026-09-06 17:03:23.1105840 [I:onnxruntime:, graph.cc:4888 onnxruntime::Graph::CleanUnusedInitializersAndNodeArgs] Removing initializer 'onnx::BatchNormalization_1953'. It is no longer used by any node.
2026-09-06 17:03:23.1107725 [I:onnxruntime:, graph.cc:4888 onnxruntime::Graph::CleanUnusedInitializersAndNodeArgs] Removing initializer 'onnx::Reshape_1910'. It is no longer used by any node.
2026-09-06 17:03:23.1109650 [I:onnxruntime:, graph.cc:4888 onnxruntime::Graph::CleanUnusedInitializersAndNodeArgs] Removing initializer '/stages/stages.2/blocks/blocks.0/conv2/Constant_1_output_0'. It is no longer used by any node.
2026-09-06 17:03:23.1111802 [I:onnxruntime:, graph.cc:4888 onnxruntime::Graph::CleanUnusedInitializersAndNodeArgs] Removing initializer '/stages/stages.1/blocks/blocks.3/conv3/ReduceMean_output_0'. It is no longer used by any node.
2026-09-06 17:03:23.1113901 [I:onnxruntime:, graph.cc:4888 onnxruntime::Graph::CleanUnusedInitializersAndNodeArgs] Removing initializer 'onnx::ReduceMean_1913'. It is no longer used by any node.
2026-09-06 17:03:23.1115650 [I:onnxruntime:, graph.cc:4888 onnxruntime::Graph::CleanUnusedInitializersAndNodeArgs] Removing initializer '/stages/stages.2/blocks/blocks.5/conv1/Constant_1_output_0'. It is no longer used by any node.
2026-09-06 17:03:23.1117876 [I:onnxruntime:, graph.cc:4888 onnxruntime::Graph::CleanUnusedInitializersAndNodeArgs] Removing initializer '/stages/stages.2/blocks/blocks.5/conv3/Constant_output_0'. It is no longer used by any node.
2026-09-06 17:03:23.1119939 [I:onnxruntime:, graph.cc:4888 onnxruntime::Graph::CleanUnusedInitializersAndNodeArgs] Removing initializer '/stages/stages.2/blocks/blocks.4/conv1/ReduceMean_1_output_0'. It is no longer used by any node.
2026-09-06 17:03:23.1122164 [I:onnxruntime:, graph.cc:4888 onnxruntime::Graph::CleanUnusedInitializersAndNodeArgs] Removing initializer 'onnx::BatchNormalization_1917'. It is no longer used by any node.
2026-09-06 17:03:23.1123977 [I:onnxruntime:, graph.cc:4888 onnxruntime::Graph::CleanUnusedInitializersAndNodeArgs] Removing initializer 'onnx::ReduceMean_1919'. It is no longer used by any node.
2026-09-06 17:03:23.1125744 [I:onnxruntime:, graph.cc:4888 onnxruntime::Graph::CleanUnusedInitializersAndNodeArgs] Removing initializer 'onnx::Reshape_2120'. It is no longer used by any node.
2026-09-06 17:03:23.1127473 [I:onnxruntime:, graph.cc:4888 onnxruntime::Graph::CleanUnusedInitializersAndNodeArgs] Removing initializer 'onnx::Reshape_2098'. It is no longer used by any node.
2026-09-06 17:03:23.1129339 [I:onnxruntime:, graph.cc:4888 onnxruntime::Graph::CleanUnusedInitializersAndNodeArgs] Removing initializer '/stages/stages.2/blocks/blocks.1/conv2/BatchNormalization_output_2'. It is no longer used by any node.
2026-09-06 17:03:23.1131500 [I:onnxruntime:, graph.cc:4888 onnxruntime::Graph::CleanUnusedInitializersAndNodeArgs] Removing initializer '/stages/stages.3/blocks/blocks.0/downsample/conv/Constant_output_0'. It is no longer used by any node.
2026-09-06 17:03:23.1133847 [I:onnxruntime:, graph.cc:4888 onnxruntime::Graph::CleanUnusedInitializersAndNodeArgs] Removing initializer 'onnx::Reshape_1926'. It is no longer used by any node.
2026-09-06 17:03:23.1135564 [I:onnxruntime:, graph.cc:4888 onnxruntime::Graph::CleanUnusedInitializersAndNodeArgs] Removing initializer 'onnx::Reshape_1996'. It is no longer used by any node.
2026-09-06 17:03:23.1137279 [I:onnxruntime:, graph.cc:4888 onnxruntime::Graph::CleanUnusedInitializersAndNodeArgs] Removing initializer 'onnx::ReduceMean_1931'. It is no longer used by any node.
2026-09-06 17:03:23.1138979 [I:onnxruntime:, graph.cc:4888 onnxruntime::Graph::CleanUnusedInitializersAndNodeArgs] Removing initializer 'onnx::Reshape_1932'. It is no longer used by any node.
2026-09-06 17:03:23.1140889 [I:onnxruntime:, graph.cc:4888 onnxruntime::Graph::CleanUnusedInitializersAndNodeArgs] Removing initializer '/stages/stages.3/blocks/blocks.1/conv2/Constant_output_0'. It is no longer used by any node.
2026-09-06 17:03:23.1142917 [I:onnxruntime:, graph.cc:4888 onnxruntime::Graph::CleanUnusedInitializersAndNodeArgs] Removing initializer '/stem/pad/ConstantOfShape_output_0'. It is no longer used by any node.
2026-09-06 17:03:23.1144771 [I:onnxruntime:, graph.cc:4888 onnxruntime::Graph::CleanUnusedInitializersAndNodeArgs] Removing initializer 'onnx::BatchNormalization_1935'. It is no longer used by any node.
2026-09-06 17:03:23.1146683 [I:onnxruntime:, graph.cc:4888 onnxruntime::Graph::CleanUnusedInitializersAndNodeArgs] Removing initializer 'onnx::ReduceMean_1937'. It is no longer used by any node.
2026-09-06 17:03:23.1148412 [I:onnxruntime:, graph.cc:4888 onnxruntime::Graph::CleanUnusedInitializersAndNodeArgs] Removing initializer '/stages/stages.1/blocks/blocks.2/conv2/Sub_output_0'. It is no longer used by any node.
2026-09-06 17:03:23.1150472 [I:onnxruntime:, graph.cc:4888 onnxruntime::Graph::CleanUnusedInitializersAndNodeArgs] Removing initializer 'onnx::BatchNormalization_1941'. It is no longer used by any node.
2026-09-06 17:03:23.1152740 [I:onnxruntime:, graph.cc:4888 onnxruntime::Graph::CleanUnusedInitializersAndNodeArgs] Removing initializer 'onnx::ReduceMean_1943'. It is no longer used by any node.
2026-09-06 17:03:23.1154722 [I:onnxruntime:, graph.cc:4888 onnxruntime::Graph::CleanUnusedInitializersAndNodeArgs] Removing initializer '/stages/stages.2/blocks/blocks.2/conv1/Constant_output_0'. It is no longer used by any node.
2026-09-06 17:03:23.1157436 [I:onnxruntime:, graph.cc:4888 onnxruntime::Graph::CleanUnusedInitializersAndNodeArgs] Removing initializer '/stages/stages.2/blocks/blocks.0/conv3/BatchNormalization_output_0'. It is no longer used by any node.
2026-09-06 17:03:23.1159957 [I:onnxruntime:, graph.cc:4888 onnxruntime::Graph::CleanUnusedInitializersAndNodeArgs] Removing initializer 'onnx::BatchNormalization_1947'. It is no longer used by any node.
2026-09-06 17:03:23.1162011 [I:onnxruntime:, graph.cc:4888 onnxruntime::Graph::CleanUnusedInitializersAndNodeArgs] Removing initializer 'onnx::ReduceMean_1955'. It is no longer used by any node.
2026-09-06 17:03:23.1163928 [I:onnxruntime:, graph.cc:4888 onnxruntime::Graph::CleanUnusedInitializersAndNodeArgs] Removing initializer '/stages/stages.0/blocks/blocks.2/conv1/Constant_output_0'. It is no longer used by any node.
2026-09-06 17:03:23.1166449 [I:onnxruntime:, graph.cc:4888 onnxruntime::Graph::CleanUnusedInitializersAndNodeArgs] Removing initializer '/stages/stages.2/blocks/blocks.3/conv3/Sub_output_0'. It is no longer used by any node.
2026-09-06 17:03:23.1168568 [I:onnxruntime:, graph.cc:4888 onnxruntime::Graph::CleanUnusedInitializersAndNodeArgs] Removing initializer 'onnx::BatchNormalization_1959'. It is no longer used by any node.
2026-09-06 17:03:23.1170480 [I:onnxruntime:, graph.cc:4888 onnxruntime::Graph::CleanUnusedInitializersAndNodeArgs] Removing initializer '/stages/stages.1/blocks/blocks.0/conv2/Sub_output_0'. It is no longer used by any node.
2026-09-06 17:03:23.1172579 [I:onnxruntime:, graph.cc:4888 onnxruntime::Graph::CleanUnusedInitializersAndNodeArgs] Removing initializer 'onnx::ReduceMean_1961'. It is no longer used by any node.
2026-09-06 17:03:23.1174469 [I:onnxruntime:, graph.cc:4888 onnxruntime::Graph::CleanUnusedInitializersAndNodeArgs] Removing initializer 'onnx::BatchNormalization_1965'. It is no longer used by any node.
2026-09-06 17:03:23.1176482 [I:onnxruntime:, graph.cc:4888 onnxruntime::Graph::CleanUnusedInitializersAndNodeArgs] Removing initializer '/stages/stages.0/blocks/blocks.0/downsample/conv/Sub_output_0'. It is no longer used by any node.
2026-09-06 17:03:23.1178723 [I:onnxruntime:, graph.cc:4888 onnxruntime::Graph::CleanUnusedInitializersAndNodeArgs] Removing initializer '/stages/stages.0/blocks/blocks.1/conv1/BatchNormalization_output_2'. It is no longer used by any node.
2026-09-06 17:03:23.1181165 [I:onnxruntime:, graph.cc:4888 onnxruntime::Graph::CleanUnusedInitializersAndNodeArgs] Removing initializer '/stages/stages.1/blocks/blocks.1/conv1/Sub_output_0'. It is no longer used by any node.
2026-09-06 17:03:23.1183328 [I:onnxruntime:, graph.cc:4888 onnxruntime::Graph::CleanUnusedInitializersAndNodeArgs] Removing initializer '/stages/stages.1/blocks/blocks.3/conv2/ReduceMean_1_output_0'. It is no longer used by any node.
2026-09-06 17:03:23.1185649 [I:onnxruntime:, graph.cc:4888 onnxruntime::Graph::CleanUnusedInitializersAndNodeArgs] Removing initializer '/stages/stages.2/blocks/blocks.1/conv3/ReduceMean_1_output_0'. It is no longer used by any node.
2026-09-06 17:03:23.1187828 [I:onnxruntime:, graph.cc:4888 onnxruntime::Graph::CleanUnusedInitializersAndNodeArgs] Removing initializer 'onnx::ReduceMean_1967'. It is no longer used by any node.
2026-09-06 17:03:23.1189660 [I:onnxruntime:, graph.cc:4888 onnxruntime::Graph::CleanUnusedInitializersAndNodeArgs] Removing initializer 'onnx::ReduceMean_2049'. It is no longer used by any node.
2026-09-06 17:03:23.1191492 [I:onnxruntime:, graph.cc:4888 onnxruntime::Graph::CleanUnusedInitializersAndNodeArgs] Removing initializer '/stages/stages.1/blocks/blocks.2/conv1/ReduceMean_2_output_0'. It is no longer used by any node.
2026-09-06 17:03:23.1193835 [I:onnxruntime:, graph.cc:4888 onnxruntime::Graph::CleanUnusedInitializersAndNodeArgs] Removing initializer '/stages/stages.3/blocks/blocks.2/conv2/ReduceMean_1_output_0'. It is no longer used by any node.
2026-09-06 17:03:23.1196112 [I:onnxruntime:, graph.cc:4888 onnxruntime::Graph::CleanUnusedInitializersAndNodeArgs] Removing initializer '/stages/stages.0/blocks/blocks.2/conv2/Constant_1_output_0'. It is no longer used by any node.
2026-09-06 17:03:23.1198252 [I:onnxruntime:, graph.cc:4888 onnxruntime::Graph::CleanUnusedInitializersAndNodeArgs] Removing initializer '/stages/stages.0/blocks/blocks.0/conv3/ReduceMean_1_output_0'. It is no longer used by any node.
2026-09-06 17:03:23.1200916 [I:onnxruntime:, graph.cc:4888 onnxruntime::Graph::CleanUnusedInitializersAndNodeArgs] Removing initializer 'onnx::BatchNormalization_1971'. It is no longer used by any node.
2026-09-06 17:03:23.1204562 [I:onnxruntime:, graph.cc:4888 onnxruntime::Graph::CleanUnusedInitializersAndNodeArgs] Removing initializer 'onnx::ReduceMean_1973'. It is no longer used by any node.
2026-09-06 17:03:23.1208099 [I:onnxruntime:, graph.cc:4888 onnxruntime::Graph::CleanUnusedInitializersAndNodeArgs] Removing initializer '/stages/stages.2/blocks/blocks.0/conv1/ReduceMean_2_output_0'. It is no longer used by any node.
2026-09-06 17:03:23.1211966 [I:onnxruntime:, graph.cc:4888 onnxruntime::Graph::CleanUnusedInitializersAndNodeArgs] Removing initializer 'onnx::BatchNormalization_1977'. It is no longer used by any node.
2026-09-06 17:03:23.1215460 [I:onnxruntime:, graph.cc:4888 onnxruntime::Graph::CleanUnusedInitializersAndNodeArgs] Removing initializer '/stages/stages.2/blocks/blocks.1/conv3/ReduceMean_2_output_0'. It is no longer used by any node.
2026-09-06 17:03:23.1219710 [I:onnxruntime:, graph.cc:4888 onnxruntime::Graph::CleanUnusedInitializersAndNodeArgs] Removing initializer 'onnx::ReduceMean_2019'. It is no longer used by any node.
2026-09-06 17:03:23.1222902 [I:onnxruntime:, graph.cc:4888 onnxruntime::Graph::CleanUnusedInitializersAndNodeArgs] Removing initializer '/stages/stages.3/blocks/blocks.1/conv3/Mul_output_0'. It is no longer used by any node.
2026-09-06 17:03:23.1226747 [I:onnxruntime:, graph.cc:4888 onnxruntime::Graph::CleanUnusedInitializersAndNodeArgs] Removing initializer 'onnx::BatchNormalization_1983'. It is no longer used by any node.
2026-09-06 17:03:23.1229783 [I:onnxruntime:, graph.cc:4888 onnxruntime::Graph::CleanUnusedInitializersAndNodeArgs] Removing initializer '/stages/stages.1/blocks/blocks.2/conv3/BatchNormalization_output_2'. It is no longer used by any node.
2026-09-06 17:03:23.1232168 [I:onnxruntime:, graph.cc:4888 onnxruntime::Graph::CleanUnusedInitializersAndNodeArgs] Removing initializer 'onnx::ReduceMean_1985'. It is no longer used by any node.
2026-09-06 17:03:23.1233989 [I:onnxruntime:, graph.cc:4888 onnxruntime::Graph::CleanUnusedInitializersAndNodeArgs] Removing initializer 'onnx::ReduceMean_1989'. It is no longer used by any node.
2026-09-06 17:03:23.1236034 [I:onnxruntime:, graph.cc:4888 onnxruntime::Graph::CleanUnusedInitializersAndNodeArgs] Removing initializer '/stages/stages.2/blocks/blocks.0/conv1/Constant_output_0'. It is no longer used by any node.
2026-09-06 17:03:23.1238915 [I:onnxruntime:, graph.cc:4888 onnxruntime::Graph::CleanUnusedInitializersAndNodeArgs] Removing initializer '/stages/stages.0/blocks/blocks.1/conv2/BatchNormalization_output_2'. It is no longer used by any node.
2026-09-06 17:03:23.1241353 [I:onnxruntime:, graph.cc:4888 onnxruntime::Graph::CleanUnusedInitializersAndNodeArgs] Removing initializer '/stages/stages.3/blocks/blocks.2/conv1/BatchNormalization_output_1'. It is no longer used by any node.
2026-09-06 17:03:23.1243635 [I:onnxruntime:, graph.cc:4888 onnxruntime::Graph::CleanUnusedInitializersAndNodeArgs] Removing initializer 'onnx::BatchNormalization_1993'. It is no longer used by any node.
2026-09-06 17:03:23.1245649 [I:onnxruntime:, graph.cc:4888 onnxruntime::Graph::CleanUnusedInitializersAndNodeArgs] Removing initializer '/stages/stages.0/blocks/blocks.2/conv1/BatchNormalization_output_2'. It is no longer used by any node.
2026-09-06 17:03:23.1247977 [I:onnxruntime:, graph.cc:4888 onnxruntime::Graph::CleanUnusedInitializersAndNodeArgs] Removing initializer '/stages/stages.1/blocks/blocks.3/conv2/Mul_output_0'. It is no longer used by any node.
2026-09-06 17:03:23.1250081 [I:onnxruntime:, graph.cc:4888 onnxruntime::Graph::CleanUnusedInitializersAndNodeArgs] Removing initializer '/stages/stages.1/blocks/blocks.0/conv1/Constant_output_0'. It is no longer used by any node.
2026-09-06 17:03:23.1252307 [I:onnxruntime:, graph.cc:4888 onnxruntime::Graph::CleanUnusedInitializersAndNodeArgs] Removing initializer '/stages/stages.2/blocks/blocks.1/conv3/Mul_output_0'. It is no longer used by any node.
2026-09-06 17:03:23.1254500 [I:onnxruntime:, graph.cc:4888 onnxruntime::Graph::CleanUnusedInitializersAndNodeArgs] Removing initializer '/stages/stages.2/blocks/blocks.3/conv2/ReduceMean_1_output_0'. It is no longer used by any node.
2026-09-06 17:03:23.1258961 [I:onnxruntime:, graph.cc:4888 onnxruntime::Graph::CleanUnusedInitializersAndNodeArgs] Removing initializer 'onnx::ReduceMean_1995'. It is no longer used by any node.
2026-09-06 17:03:23.1262662 [I:onnxruntime:, graph.cc:4888 onnxruntime::Graph::CleanUnusedInitializersAndNodeArgs] Removing initializer '/stem/pad/Constant_7_output_0'. It is no longer used by any node.
2026-09-06 17:03:23.1266015 [I:onnxruntime:, graph.cc:4888 onnxruntime::Graph::CleanUnusedInitializersAndNodeArgs] Removing initializer '/stages/stages.0/blocks/blocks.0/downsample/conv/ReduceMean_output_0'. It is no longer used by any node.
2026-09-06 17:03:23.1268365 [I:onnxruntime:, graph.cc:4888 onnxruntime::Graph::CleanUnusedInitializersAndNodeArgs] Removing initializer '/stages/stages.1/blocks/blocks.1/conv1/ReduceMean_output_0'. It is no longer used by any node.
2026-09-06 17:03:23.1270499 [I:onnxruntime:, graph.cc:4888 onnxruntime::Graph::CleanUnusedInitializersAndNodeArgs] Removing initializer 'onnx::BatchNormalization_1999'. It is no longer used by any node.
2026-09-06 17:03:23.1272514 [I:onnxruntime:, graph.cc:4888 onnxruntime::Graph::CleanUnusedInitializersAndNodeArgs] Removing initializer '/stages/stages.0/blocks/blocks.0/conv2/BatchNormalization_output_0'. It is no longer used by any node.
2026-09-06 17:03:23.1275876 [I:onnxruntime:, graph.cc:4888 onnxruntime::Graph::CleanUnusedInitializersAndNodeArgs] Removing initializer 'onnx::ReduceMean_2001'. It is no longer used by any node.
2026-09-06 17:03:23.1279545 [I:onnxruntime:, graph.cc:4888 onnxruntime::Graph::CleanUnusedInitializersAndNodeArgs] Removing initializer '/stages/stages.2/blocks/blocks.0/downsample/conv/ReduceMean_2_output_0'. It is no longer used by any node.
2026-09-06 17:03:23.1284073 [I:onnxruntime:, graph.cc:4888 onnxruntime::Graph::CleanUnusedInitializersAndNodeArgs] Removing initializer '/stages/stages.0/blocks/blocks.2/conv1/Sub_output_0'. It is no longer used by any node.
2026-09-06 17:03:23.1287954 [I:onnxruntime:, graph.cc:4888 onnxruntime::Graph::CleanUnusedInitializersAndNodeArgs] Removing initializer 'onnx::Reshape_2002'. It is no longer used by any node.
2026-09-06 17:03:23.1290545 [I:onnxruntime:, graph.cc:4888 onnxruntime::Graph::CleanUnusedInitializersAndNodeArgs] Removing initializer '/stages/stages.1/blocks/blocks.3/conv2/Sub_output_0'. It is no longer used by any node.
2026-09-06 17:03:23.1292732 [I:onnxruntime:, graph.cc:4888 onnxruntime::Graph::CleanUnusedInitializersAndNodeArgs] Removing initializer 'onnx::ReduceMean_2007'. It is no longer used by any node.
2026-09-06 17:03:23.1294659 [I:onnxruntime:, graph.cc:4888 onnxruntime::Graph::CleanUnusedInitializersAndNodeArgs] Removing initializer '/stages/stages.2/blocks/blocks.2/conv2/BatchNormalization_output_0'. It is no longer used by any node.
2026-09-06 17:03:23.1296858 [I:onnxruntime:, graph.cc:4888 onnxruntime::Graph::CleanUnusedInitializersAndNodeArgs] Removing initializer 'onnx::Reshape_2008'. It is no longer used by any node.
2026-09-06 17:03:23.1298821 [I:onnxruntime:, graph.cc:4888 onnxruntime::Graph::CleanUnusedInitializersAndNodeArgs] Removing initializer '/stages/stages.0/blocks/blocks.1/conv2/Sub_output_0'. It is no longer used by any node.
2026-09-06 17:03:23.1300921 [I:onnxruntime:, graph.cc:4888 onnxruntime::Graph::CleanUnusedInitializersAndNodeArgs] Removing initializer 'onnx::BatchNormalization_2011'. It is no longer used by any node.
2026-09-06 17:03:23.1302948 [I:onnxruntime:, graph.cc:4888 onnxruntime::Graph::CleanUnusedInitializersAndNodeArgs] Removing initializer 'onnx::ReduceMean_2013'. It is no longer used by any node.
2026-09-06 17:03:23.1304764 [I:onnxruntime:, graph.cc:4888 onnxruntime::Graph::CleanUnusedInitializersAndNodeArgs] Removing initializer '/stages/stages.1/blocks/blocks.0/conv1/BatchNormalization_output_2'. It is no longer used by any node.
2026-09-06 17:03:23.1307333 [I:onnxruntime:, graph.cc:4888 onnxruntime::Graph::CleanUnusedInitializersAndNodeArgs] Removing initializer '/stages/stages.2/blocks/blocks.0/conv2/ReduceMean_output_0'. It is no longer used by any node.
2026-09-06 17:03:23.1309480 [I:onnxruntime:, graph.cc:4888 onnxruntime::Graph::CleanUnusedInitializersAndNodeArgs] Removing initializer '/stages/stages.3/blocks/blocks.2/conv2/Constant_output_0'. It is no longer used by any node.
2026-09-06 17:03:23.1311834 [I:onnxruntime:, graph.cc:4888 onnxruntime::Graph::CleanUnusedInitializersAndNodeArgs] Removing initializer '/stages/stages.1/blocks/blocks.0/conv2/BatchNormalization_output_2'. It is no longer used by any node.
2026-09-06 17:03:23.1314186 [I:onnxruntime:, graph.cc:4888 onnxruntime::Graph::CleanUnusedInitializersAndNodeArgs] Removing initializer 'onnx::BatchNormalization_2017'. It is no longer used by any node.
2026-09-06 17:03:23.1317320 [I:onnxruntime:, graph.cc:4888 onnxruntime::Graph::CleanUnusedInitializersAndNodeArgs] Removing initializer '/stages/stages.1/blocks/blocks.2/conv3/Constant_1_output_0'. It is no longer used by any node.
2026-09-06 17:03:23.1321475 [I:onnxruntime:, graph.cc:4888 onnxruntime::Graph::CleanUnusedInitializersAndNodeArgs] Removing initializer '/stages/stages.1/blocks/blocks.3/conv1/ReduceMean_2_output_0'. It is no longer used by any node.
2026-09-06 17:03:23.1325802 [I:onnxruntime:, graph.cc:4888 onnxruntime::Graph::CleanUnusedInitializersAndNodeArgs] Removing initializer 'onnx::BatchNormalization_2023'. It is no longer used by any node.
2026-09-06 17:03:23.1328211 [I:onnxruntime:, graph.cc:4888 onnxruntime::Graph::CleanUnusedInitializersAndNodeArgs] Removing initializer '/stages/stages.3/blocks/blocks.1/conv1/Mul_output_0'. It is no longer used by any node.
2026-09-06 17:03:23.1330338 [I:onnxruntime:, graph.cc:4888 onnxruntime::Graph::CleanUnusedInitializersAndNodeArgs] Removing initializer '/stages/stages.1/blocks/blocks.2/conv2/ReduceMean_output_0'. It is no longer used by any node.
2026-09-06 17:03:23.1332469 [I:onnxruntime:, graph.cc:4888 onnxruntime::Graph::CleanUnusedInitializersAndNodeArgs] Removing initializer '/stages/stages.2/blocks/blocks.5/conv3/ReduceMean_2_output_0'. It is no longer used by any node.
2026-09-06 17:03:23.1335098 [I:onnxruntime:, graph.cc:4888 onnxruntime::Graph::CleanUnusedInitializersAndNodeArgs] Removing initializer '/stages/stages.0/blocks/blocks.1/conv2/ReduceMean_output_0'. It is no longer used by any node.
2026-09-06 17:03:23.1337351 [I:onnxruntime:, graph.cc:4888 onnxruntime::Graph::CleanUnusedInitializersAndNodeArgs] Removing initializer 'onnx::BatchNormalization_2029'. It is no longer used by any node.
2026-09-06 17:03:23.1339386 [I:onnxruntime:, graph.cc:4888 onnxruntime::Graph::CleanUnusedInitializersAndNodeArgs] Removing initializer 'onnx::ReduceMean_2031'. It is no longer used by any node.
2026-09-06 17:03:23.1341383 [I:onnxruntime:, graph.cc:4888 onnxruntime::Graph::CleanUnusedInitializersAndNodeArgs] Removing initializer '/stages/stages.0/blocks/blocks.2/conv1/BatchNormalization_output_1'. It is no longer used by any node.
2026-09-06 17:03:23.1343875 [I:onnxruntime:, graph.cc:4888 onnxruntime::Graph::CleanUnusedInitializersAndNodeArgs] Removing initializer '/stages/stages.3/blocks/blocks.1/conv2/ReduceMean_output_0'. It is no longer used by any node.
2026-09-06 17:03:23.1346053 [I:onnxruntime:, graph.cc:4888 onnxruntime::Graph::CleanUnusedInitializersAndNodeArgs] Removing initializer '/stages/stages.2/blocks/blocks.0/downsample/conv/BatchNormalization_output_2'. It is no longer used by any node.
2026-09-06 17:03:23.1348560 [I:onnxruntime:, graph.cc:4888 onnxruntime::Graph::CleanUnusedInitializersAndNodeArgs] Removing initializer 'onnx::ReduceMean_2037'. It is no longer used by any node.
2026-09-06 17:03:23.1350425 [I:onnxruntime:, graph.cc:4888 onnxruntime::Graph::CleanUnusedInitializersAndNodeArgs] Removing initializer '/stages/stages.2/blocks/blocks.0/conv3/Constant_output_0'. It is no longer used by any node.
2026-09-06 17:03:23.1352827 [I:onnxruntime:, graph.cc:4888 onnxruntime::Graph::CleanUnusedInitializersAndNodeArgs] Removing initializer 'onnx::BatchNormalization_2041'. It is no longer used by any node.
2026-09-06 17:03:23.1354916 [I:onnxruntime:, graph.cc:4888 onnxruntime::Graph::CleanUnusedInitializersAndNodeArgs] Removing initializer 'onnx::ReduceMean_2043'. It is no longer used by any node.
2026-09-06 17:03:23.1357230 [I:onnxruntime:, graph.cc:4888 onnxruntime::Graph::CleanUnusedInitializersAndNodeArgs] Removing initializer '/stages/stages.2/blocks/blocks.2/conv3/BatchNormalization_output_2'. It is no longer used by any node.
2026-09-06 17:03:23.1359696 [I:onnxruntime:, graph.cc:4888 onnxruntime::Graph::CleanUnusedInitializersAndNodeArgs] Removing initializer '/stages/stages.0/blocks/blocks.1/conv2/BatchNormalization_output_1'. It is no longer used by any node.
2026-09-06 17:03:23.1362068 [I:onnxruntime:, graph.cc:4888 onnxruntime::Graph::CleanUnusedInitializersAndNodeArgs] Removing initializer 'onnx::BatchNormalization_2047'. It is no longer used by any node.
2026-09-06 17:03:23.1363895 [I:onnxruntime:, graph.cc:4888 onnxruntime::Graph::CleanUnusedInitializersAndNodeArgs] Removing initializer '/stages/stages.3/blocks/blocks.2/conv1/BatchNormalization_output_2'. It is no longer used by any node.
2026-09-06 17:03:23.1366329 [I:onnxruntime:, graph.cc:4888 onnxruntime::Graph::CleanUnusedInitializersAndNodeArgs] Removing initializer '/stages/stages.2/blocks/blocks.2/conv1/Mul_output_0'. It is no longer used by any node.
2026-09-06 17:03:23.1368507 [I:onnxruntime:, graph.cc:4888 onnxruntime::Graph::CleanUnusedInitializersAndNodeArgs] Removing initializer '/stages/stages.2/blocks/blocks.4/conv1/Constant_output_0'. It is no longer used by any node.
2026-09-06 17:03:23.1370727 [I:onnxruntime:, graph.cc:4888 onnxruntime::Graph::CleanUnusedInitializersAndNodeArgs] Removing initializer 'onnx::BatchNormalization_2053'. It is no longer used by any node.
2026-09-06 17:03:23.1372590 [I:onnxruntime:, graph.cc:4888 onnxruntime::Graph::CleanUnusedInitializersAndNodeArgs] Removing initializer '/stages/stages.0/blocks/blocks.2/conv3/BatchNormalization_output_1'. It is no longer used by any node.
2026-09-06 17:03:23.1374839 [I:onnxruntime:, graph.cc:4888 onnxruntime::Graph::CleanUnusedInitializersAndNodeArgs] Removing initializer '/stages/stages.0/blocks/blocks.0/conv1/ReduceMean_1_output_0'. It is no longer used by any node.
2026-09-06 17:03:23.1377066 [I:onnxruntime:, graph.cc:4888 onnxruntime::Graph::CleanUnusedInitializersAndNodeArgs] Removing initializer 'onnx::BatchNormalization_2059'. It is no longer used by any node.
2026-09-06 17:03:23.1378915 [I:onnxruntime:, graph.cc:4888 onnxruntime::Graph::CleanUnusedInitializersAndNodeArgs] Removing initializer '/stages/stages.0/blocks/blocks.0/conv2/ReduceMean_output_0'. It is no longer used by any node.
2026-09-06 17:03:23.1381219 [I:onnxruntime:, graph.cc:4888 onnxruntime::Graph::CleanUnusedInitializersAndNodeArgs] Removing initializer '/stages/stages.2/blocks/blocks.1/conv3/BatchNormalization_output_0'. It is no longer used by any node.
2026-09-06 17:03:23.1383385 [I:onnxruntime:, graph.cc:4888 onnxruntime::Graph::CleanUnusedInitializersAndNodeArgs] Removing initializer '/stages/stages.3/blocks/blocks.2/conv2/Mul_output_0'. It is no longer used by any node.
2026-09-06 17:03:23.1385595 [I:onnxruntime:, graph.cc:4888 onnxruntime::Graph::CleanUnusedInitializersAndNodeArgs] Removing initializer '/stages/stages.1/blocks/blocks.2/conv2/BatchNormalization_output_1'. It is no longer used by any node.
2026-09-06 17:03:23.1387714 [I:onnxruntime:, graph.cc:4888 onnxruntime::Graph::CleanUnusedInitializersAndNodeArgs] Removing initializer '/stages/stages.1/blocks/blocks.3/conv2/BatchNormalization_output_0'. It is no longer used by any node.
2026-09-06 17:03:23.1389939 [I:onnxruntime:, graph.cc:4888 onnxruntime::Graph::CleanUnusedInitializersAndNodeArgs] Removing initializer 'onnx::ReduceMean_2061'. It is no longer used by any node.
2026-09-06 17:03:23.1391710 [I:onnxruntime:, graph.cc:4888 onnxruntime::Graph::CleanUnusedInitializersAndNodeArgs] Removing initializer 'onnx::BatchNormalization_2065'. It is no longer used by any node.
2026-09-06 17:03:23.1393783 [I:onnxruntime:, graph.cc:4888 onnxruntime::Graph::CleanUnusedInitializersAndNodeArgs] Removing initializer 'onnx::ReduceMean_2067'. It is no longer used by any node.
2026-09-06 17:03:23.1395717 [I:onnxruntime:, graph.cc:4888 onnxruntime::Graph::CleanUnusedInitializersAndNodeArgs] Removing initializer '/stages/stages.2/blocks/blocks.3/conv2/BatchNormalization_output_2'. It is no longer used by any node.
2026-09-06 17:03:23.1397932 [I:onnxruntime:, graph.cc:4888 onnxruntime::Graph::CleanUnusedInitializersAndNodeArgs] Removing initializer '/stages/stages.2/blocks/blocks.2/conv3/ReduceMean_1_output_0'. It is no longer used by any node.
2026-09-06 17:03:23.1400093 [I:onnxruntime:, graph.cc:4888 onnxruntime::Graph::CleanUnusedInitializersAndNodeArgs] Removing initializer 'onnx::BatchNormalization_2071'. It is no longer used by any node.
2026-09-06 17:03:23.1401934 [I:onnxruntime:, graph.cc:4888 onnxruntime::Graph::CleanUnusedInitializersAndNodeArgs] Removing initializer '/stages/stages.3/blocks/blocks.1/conv3/BatchNormalization_output_0'. It is no longer used by any node.
2026-09-06 17:03:23.1404225 [I:onnxruntime:, graph.cc:4888 onnxruntime::Graph::CleanUnusedInitializersAndNodeArgs] Removing initializer 'onnx::ReduceMean_2073'. It is no longer used by any node.
2026-09-06 17:03:23.1406006 [I:onnxruntime:, graph.cc:4888 onnxruntime::Graph::CleanUnusedInitializersAndNodeArgs] Removing initializer '/stages/stages.0/blocks/blocks.0/downsample/conv/Constant_output_0'. It is no longer used by any node.
2026-09-06 17:03:23.1408468 [I:onnxruntime:, graph.cc:4888 onnxruntime::Graph::CleanUnusedInitializersAndNodeArgs] Removing initializer '/stages/stages.1/blocks/blocks.1/conv1/Constant_output_0'. It is no longer used by any node.
2026-09-06 17:03:23.1410600 [I:onnxruntime:, graph.cc:4888 onnxruntime::Graph::CleanUnusedInitializersAndNodeArgs] Removing initializer 'onnx::ReduceMean_2079'. It is no longer used by any node.
2026-09-06 17:03:23.1412378 [I:onnxruntime:, graph.cc:4888 onnxruntime::Graph::CleanUnusedInitializersAndNodeArgs] Removing initializer '/stem/conv/ReduceMean_output_0'. It is no longer used by any node.
2026-09-06 17:03:23.1415728 [I:onnxruntime:, graph.cc:4888 onnxruntime::Graph::CleanUnusedInitializersAndNodeArgs] Removing initializer 'onnx::BatchNormalization_2083'. It is no longer used by any node.
2026-09-06 17:03:23.1419606 [I:onnxruntime:, graph.cc:4888 onnxruntime::Graph::CleanUnusedInitializersAndNodeArgs] Removing initializer '/stages/stages.0/blocks/blocks.2/conv3/ReduceMean_2_output_0'. It is no longer used by any node.
2026-09-06 17:03:23.1422649 [I:onnxruntime:, graph.cc:4888 onnxruntime::Graph::CleanUnusedInitializersAndNodeArgs] Removing initializer 'onnx::ReduceMean_2085'. It is no longer used by any node.
2026-09-06 17:03:23.1425058 [I:onnxruntime:, graph.cc:4888 onnxruntime::Graph::CleanUnusedInitializersAndNodeArgs] Removing initializer 'onnx::ReduceMean_2125'. It is no longer used by any node.
2026-09-06 17:03:23.1427360 [I:onnxruntime:, graph.cc:4888 onnxruntime::Graph::CleanUnusedInitializersAndNodeArgs] Removing initializer '/stages/stages.1/blocks/blocks.0/conv3/Constant_1_output_0'. It is no longer used by any node.
2026-09-06 17:03:23.1429513 [I:onnxruntime:, graph.cc:4888 onnxruntime::Graph::CleanUnusedInitializersAndNodeArgs] Removing initializer '/stages/stages.1/blocks/blocks.2/conv1/Constant_output_0'. It is no longer used by any node.
2026-09-06 17:03:23.1431783 [I:onnxruntime:, graph.cc:4888 onnxruntime::Graph::CleanUnusedInitializersAndNodeArgs] Removing initializer '/stages/stages.0/blocks/blocks.2/conv2/ReduceMean_2_output_0'. It is no longer used by any node.
2026-09-06 17:03:23.1433934 [I:onnxruntime:, graph.cc:4888 onnxruntime::Graph::CleanUnusedInitializersAndNodeArgs] Removing initializer '/stages/stages.2/blocks/blocks.0/conv1/BatchNormalization_output_0'. It is no longer used by any node.
2026-09-06 17:03:23.1436116 [I:onnxruntime:, graph.cc:4888 onnxruntime::Graph::CleanUnusedInitializersAndNodeArgs] Removing initializer '/stages/stages.2/blocks/blocks.0/downsample/conv/Mul_output_0'. It is no longer used by any node.
2026-09-06 17:03:23.1438557 [I:onnxruntime:, graph.cc:4888 onnxruntime::Graph::CleanUnusedInitializersAndNodeArgs] Removing initializer 'onnx::BatchNormalization_2089'. It is no longer used by any node.
2026-09-06 17:03:23.1440957 [I:onnxruntime:, graph.cc:4888 onnxruntime::Graph::CleanUnusedInitializersAndNodeArgs] Removing initializer '/stages/stages.0/blocks/blocks.2/conv3/Constant_1_output_0'. It is no longer used by any node.
2026-09-06 17:03:23.1445042 [I:onnxruntime:, graph.cc:4888 onnxruntime::Graph::CleanUnusedInitializersAndNodeArgs] Removing initializer '/stages/stages.1/blocks/blocks.0/conv1/Constant_1_output_0'. It is no longer used by any node.
2026-09-06 17:03:23.1447291 [I:onnxruntime:, graph.cc:4888 onnxruntime::Graph::CleanUnusedInitializersAndNodeArgs] Removing initializer '/stages/stages.2/blocks/blocks.4/conv1/ReduceMean_output_0'. It is no longer used by any node.
2026-09-06 17:03:23.1449412 [I:onnxruntime:, graph.cc:4888 onnxruntime::Graph::CleanUnusedInitializersAndNodeArgs] Removing initializer 'onnx::ReduceMean_2091'. It is no longer used by any node.
2026-09-06 17:03:23.1451396 [I:onnxruntime:, graph.cc:4888 onnxruntime::Graph::CleanUnusedInitializersAndNodeArgs] Removing initializer 'onnx::BatchNormalization_2095'. It is no longer used by any node.
2026-09-06 17:03:23.1453376 [I:onnxruntime:, graph.cc:4888 onnxruntime::Graph::CleanUnusedInitializersAndNodeArgs] Removing initializer '/stages/stages.3/blocks/blocks.2/conv3/Constant_1_output_0'. It is no longer used by any node.
2026-09-06 17:03:23.1455502 [I:onnxruntime:, graph.cc:4888 onnxruntime::Graph::CleanUnusedInitializersAndNodeArgs] Removing initializer 'onnx::ReduceMean_2097'. It is no longer used by any node.
2026-09-06 17:03:23.1457288 [I:onnxruntime:, graph.cc:4888 onnxruntime::Graph::CleanUnusedInitializersAndNodeArgs] Removing initializer 'onnx::BatchNormalization_2099'. It is no longer used by any node.
2026-09-06 17:03:23.1459225 [I:onnxruntime:, graph.cc:4888 onnxruntime::Graph::CleanUnusedInitializersAndNodeArgs] Removing initializer '/stages/stages.2/blocks/blocks.3/conv1/ReduceMean_2_output_0'. It is no longer used by any node.
2026-09-06 17:03:23.1463427 [I:onnxruntime:, graph.cc:4888 onnxruntime::Graph::CleanUnusedInitializersAndNodeArgs] Removing initializer 'onnx::ReduceMean_2101'. It is no longer used by any node.
2026-09-06 17:03:23.1467861 [I:onnxruntime:, graph.cc:4888 onnxruntime::Graph::CleanUnusedInitializersAndNodeArgs] Removing initializer 'onnx::Reshape_2102'. It is no longer used by any node.
2026-09-06 17:03:23.1472753 [I:onnxruntime:, graph.cc:4888 onnxruntime::Graph::CleanUnusedInitializersAndNodeArgs] Removing initializer '/stem/pad/Constant_3_output_0'. It is no longer used by any node.
2026-09-06 17:03:23.1475943 [I:onnxruntime:, graph.cc:4888 onnxruntime::Graph::CleanUnusedInitializersAndNodeArgs] Removing initializer '/stages/stages.1/blocks/blocks.0/downsample/conv/Constant_1_output_0'. It is no longer used by any node.
2026-09-06 17:03:23.1478214 [I:onnxruntime:, graph.cc:4888 onnxruntime::Graph::CleanUnusedInitializersAndNodeArgs] Removing initializer '/stages/stages.2/blocks/blocks.4/conv2/Constant_1_output_0'. It is no longer used by any node.
2026-09-06 17:03:23.1480477 [I:onnxruntime:, graph.cc:4888 onnxruntime::Graph::CleanUnusedInitializersAndNodeArgs] Removing initializer '/stages/stages.3/blocks/blocks.0/conv3/Constant_1_output_0'. It is no longer used by any node.
2026-09-06 17:03:23.1482674 [I:onnxruntime:, graph.cc:4888 onnxruntime::Graph::CleanUnusedInitializersAndNodeArgs] Removing initializer 'onnx::BatchNormalization_2105'. It is no longer used by any node.
2026-09-06 17:03:23.1484541 [I:onnxruntime:, graph.cc:4888 onnxruntime::Graph::CleanUnusedInitializersAndNodeArgs] Removing initializer '/stages/stages.2/blocks/blocks.5/conv2/ReduceMean_output_0'. It is no longer used by any node.
2026-09-06 17:03:23.1486852 [I:onnxruntime:, graph.cc:4888 onnxruntime::Graph::CleanUnusedInitializersAndNodeArgs] Removing initializer 'onnx::Reshape_2108'. It is no longer used by any node.
2026-09-06 17:03:23.1488745 [I:onnxruntime:, graph.cc:4888 onnxruntime::Graph::CleanUnusedInitializersAndNodeArgs] Removing initializer '/stages/stages.1/blocks/blocks.0/downsample/conv/Mul_output_0'. It is no longer used by any node.
2026-09-06 17:03:23.1491000 [I:onnxruntime:, graph.cc:4888 onnxruntime::Graph::CleanUnusedInitializersAndNodeArgs] Removing initializer '/stages/stages.2/blocks/blocks.4/conv2/Mul_output_0'. It is no longer used by any node.
2026-09-06 17:03:23.1493089 [I:onnxruntime:, graph.cc:4888 onnxruntime::Graph::CleanUnusedInitializersAndNodeArgs] Removing initializer '/stages/stages.3/blocks/blocks.0/conv3/Mul_output_0'. It is no longer used by any node.
2026-09-06 17:03:23.1495146 [I:onnxruntime:, graph.cc:4888 onnxruntime::Graph::CleanUnusedInitializersAndNodeArgs] Removing initializer 'onnx::ReduceMean_2113'. It is no longer used by any node.
2026-09-06 17:03:23.1496935 [I:onnxruntime:, graph.cc:4888 onnxruntime::Graph::CleanUnusedInitializersAndNodeArgs] Removing initializer 'onnx::Reshape_2114'. It is no longer used by any node.
2026-09-06 17:03:23.1498827 [I:onnxruntime:, graph.cc:4888 onnxruntime::Graph::CleanUnusedInitializersAndNodeArgs] Removing initializer '/stages/stages.1/blocks/blocks.1/conv2/Mul_output_0'. It is no longer used by any node.
2026-09-06 17:03:23.1501073 [I:onnxruntime:, graph.cc:4888 onnxruntime::Graph::CleanUnusedInitializersAndNodeArgs] Removing initializer '/stages/stages.2/blocks/blocks.4/conv3/BatchNormalization_output_1'. It is no longer used by any node.
2026-09-06 17:03:23.1503256 [I:onnxruntime:, graph.cc:4888 onnxruntime::Graph::CleanUnusedInitializersAndNodeArgs] Removing initializer 'onnx::BatchNormalization_2117'. It is no longer used by any node.
2026-09-06 17:03:23.1505102 [I:onnxruntime:, graph.cc:4888 onnxruntime::Graph::CleanUnusedInitializersAndNodeArgs] Removing initializer '/stages/stages.3/blocks/blocks.0/conv2/BatchNormalization_output_1'. It is no longer used by any node.
2026-09-06 17:03:23.1507409 [I:onnxruntime:, graph.cc:4888 onnxruntime::Graph::CleanUnusedInitializersAndNodeArgs] Removing initializer '/stages/stages.1/blocks/blocks.2/conv2/Constant_1_output_0'. It is no longer used by any node.
2026-09-06 17:03:23.1509514 [I:onnxruntime:, graph.cc:4888 onnxruntime::Graph::CleanUnusedInitializersAndNodeArgs] Removing initializer '/stages/stages.0/blocks/blocks.2/conv1/ReduceMean_2_output_0'. It is no longer used by any node.
2026-09-06 17:03:23.1511651 [I:onnxruntime:, graph.cc:4888 onnxruntime::Graph::CleanUnusedInitializersAndNodeArgs] Removing initializer '/stages/stages.1/blocks/blocks.0/conv3/BatchNormalization_output_2'. It is no longer used by any node.
2026-09-06 17:03:23.1514091 [I:onnxruntime:, graph.cc:4888 onnxruntime::Graph::CleanUnusedInitializersAndNodeArgs] Removing initializer 'onnx::ReduceMean_2119'. It is no longer used by any node.
2026-09-06 17:03:23.1516010 [I:onnxruntime:, graph.cc:4888 onnxruntime::Graph::CleanUnusedInitializersAndNodeArgs] Removing initializer '/stem/pad/Slice_output_0'. It is no longer used by any node.
2026-09-06 17:03:23.1517973 [I:onnxruntime:, graph.cc:4888 onnxruntime::Graph::CleanUnusedInitializersAndNodeArgs] Removing initializer '/stages/stages.0/blocks/blocks.1/conv2/Constant_output_0'. It is no longer used by any node.
2026-09-06 17:03:23.1520087 [I:onnxruntime:, graph.cc:4888 onnxruntime::Graph::CleanUnusedInitializersAndNodeArgs] Removing initializer '/stages/stages.2/blocks/blocks.3/conv1/ReduceMean_output_0'. It is no longer used by any node.
2026-09-06 17:03:23.1522240 [I:onnxruntime:, graph.cc:4888 onnxruntime::Graph::CleanUnusedInitializersAndNodeArgs] Removing initializer '/stages/stages.0/blocks/blocks.0/conv3/Constant_1_output_0'. It is no longer used by any node.
2026-09-06 17:03:23.1524281 [I:onnxruntime:, graph.cc:4888 onnxruntime::Graph::CleanUnusedInitializersAndNodeArgs] Removing initializer 'onnx::ReduceMean_2131'. It is no longer used by any node.
2026-09-06 17:03:23.1526562 [I:onnxruntime:, graph.cc:4888 onnxruntime::Graph::CleanUnusedInitializersAndNodeArgs] Removing initializer '/stages/stages.0/blocks/blocks.0/conv2/Constant_1_output_0'. It is no longer used by any node.
2026-09-06 17:03:23.1528846 [I:onnxruntime:, graph.cc:4888 onnxruntime::Graph::CleanUnusedInitializersAndNodeArgs] Removing initializer '/stages/stages.0/blocks/blocks.1/conv1/ReduceMean_2_output_0'. It is no longer used by any node.
2026-09-06 17:03:23.1530995 [I:onnxruntime:, graph.cc:4888 onnxruntime::Graph::CleanUnusedInitializersAndNodeArgs] Removing initializer 'onnx::BatchNormalization_2135'. It is no longer used by any node.
2026-09-06 17:03:23.1532840 [I:onnxruntime:, graph.cc:4888 onnxruntime::Graph::CleanUnusedInitializersAndNodeArgs] Removing initializer '/stages/stages.0/blocks/blocks.0/conv1/Constant_1_output_0'. It is no longer used by any node.
2026-09-06 17:03:23.1534986 [I:onnxruntime:, graph.cc:4888 onnxruntime::Graph::CleanUnusedInitializersAndNodeArgs] Removing initializer 'onnx::ReduceMean_2137'. It is no longer used by any node.
2026-09-06 17:03:23.1536870 [I:onnxruntime:, graph.cc:4888 onnxruntime::Graph::CleanUnusedInitializersAndNodeArgs] Removing initializer '/stages/stages.2/blocks/blocks.3/conv3/Mul_output_0'. It is no longer used by any node.
2026-09-06 17:03:23.1538879 [I:onnxruntime:, graph.cc:4888 onnxruntime::Graph::CleanUnusedInitializersAndNodeArgs] Removing initializer 'onnx::BatchNormalization_2141'. It is no longer used by any node.
2026-09-06 17:03:23.1540698 [I:onnxruntime:, graph.cc:4888 onnxruntime::Graph::CleanUnusedInitializersAndNodeArgs] Removing initializer '/stages/stages.3/blocks/blocks.1/conv2/Sub_output_0'. It is no longer used by any node.
2026-09-06 17:03:23.1542934 [I:onnxruntime:, graph.cc:4888 onnxruntime::Graph::CleanUnusedInitializersAndNodeArgs] Removing initializer '/stem/conv/Constant_1_output_0'. It is no longer used by any node.
2026-09-06 17:03:23.1544896 [I:onnxruntime:, graph.cc:4888 onnxruntime::Graph::CleanUnusedInitializersAndNodeArgs] Removing initializer '/stem/pad/Constant_2_output_0'. It is no longer used by any node.
2026-09-06 17:03:23.1546757 [I:onnxruntime:, graph.cc:4888 onnxruntime::Graph::CleanUnusedInitializersAndNodeArgs] Removing initializer 'onnx::ReduceMean_2143'. It is no longer used by any node.
2026-09-06 17:03:23.1548549 [I:onnxruntime:, graph.cc:4888 onnxruntime::Graph::CleanUnusedInitializersAndNodeArgs] Removing initializer '/stages/stages.0/blocks/blocks.0/downsample/conv/Mul_output_0'. It is no longer used by any node.
2026-09-06 17:03:23.1550718 [I:onnxruntime:, graph.cc:4888 onnxruntime::Graph::CleanUnusedInitializersAndNodeArgs] Removing initializer '/stages/stages.1/blocks/blocks.1/conv1/Mul_output_0'. It is no longer used by any node.
2026-09-06 17:03:23.1552758 [I:onnxruntime:, graph.cc:4888 onnxruntime::Graph::CleanUnusedInitializersAndNodeArgs] Removing initializer '/stages/stages.2/blocks/blocks.3/conv3/BatchNormalization_output_1'. It is no longer used by any node.
2026-09-06 17:03:23.1555203 [I:onnxruntime:, graph.cc:4888 onnxruntime::Graph::CleanUnusedInitializersAndNodeArgs] Removing initializer 'onnx::BatchNormalization_2147'. It is no longer used by any node.
2026-09-06 17:03:23.1557025 [I:onnxruntime:, graph.cc:4888 onnxruntime::Graph::CleanUnusedInitializersAndNodeArgs] Removing initializer '/stages/stages.2/blocks/blocks.2/conv2/Constant_output_0'. It is no longer used by any node.
2026-09-06 17:03:23.1559124 [I:onnxruntime:, graph.cc:4888 onnxruntime::Graph::CleanUnusedInitializersAndNodeArgs] Removing initializer '/stages/stages.0/blocks/blocks.0/conv1/BatchNormalization_output_2'. It is no longer used by any node.
2026-09-06 17:03:23.1561292 [I:onnxruntime:, graph.cc:4888 onnxruntime::Graph::CleanUnusedInitializersAndNodeArgs] Removing initializer '/stages/stages.2/blocks/blocks.0/conv3/ReduceMean_output_0'. It is no longer used by any node.
2026-09-06 17:03:23.1563520 [I:onnxruntime:, graph.cc:4888 onnxruntime::Graph::CleanUnusedInitializersAndNodeArgs] Removing initializer 'onnx::ReduceMean_2149'. It is no longer used by any node.
2026-09-06 17:03:23.1565291 [I:onnxruntime:, graph.cc:4888 onnxruntime::Graph::CleanUnusedInitializersAndNodeArgs] Removing initializer '/stages/stages.2/blocks/blocks.0/conv1/ReduceMean_output_0'. It is no longer used by any node.
2026-09-06 17:03:23.1567395 [I:onnxruntime:, graph.cc:4888 onnxruntime::Graph::CleanUnusedInitializersAndNodeArgs] Removing initializer '/stages/stages.3/blocks/blocks.2/conv2/BatchNormalization_output_2'. It is no longer used by any node.
2026-09-06 17:03:23.1569712 [I:onnxruntime:, graph.cc:4888 onnxruntime::Graph::CleanUnusedInitializersAndNodeArgs] Removing initializer '/stages/stages.3/blocks/blocks.1/conv1/ReduceMean_1_output_0'. It is no longer used by any node.
2026-09-06 17:03:23.1571870 [I:onnxruntime:, graph.cc:4888 onnxruntime::Graph::CleanUnusedInitializersAndNodeArgs] Removing initializer '/stem/conv/Constant_output_0'. It is no longer used by any node.
2026-09-06 17:03:23.1573621 [I:onnxruntime:, graph.cc:4888 onnxruntime::Graph::CleanUnusedInitializersAndNodeArgs] Removing initializer '/stem/pad/Constant_output_0'. It is no longer used by any node.
2026-09-06 17:03:23.1578306 [I:onnxruntime:, graph.cc:4888 onnxruntime::Graph::CleanUnusedInitializersAndNodeArgs] Removing initializer '/stem/pad/Constant_1_output_0'. It is no longer used by any node.
2026-09-06 17:03:23.1582469 [I:onnxruntime:, graph.cc:4888 onnxruntime::Graph::CleanUnusedInitializersAndNodeArgs] Removing initializer '/stem/pad/Constant_5_output_0'. It is no longer used by any node.
2026-09-06 17:03:23.1586067 [I:onnxruntime:, graph.cc:4888 onnxruntime::Graph::CleanUnusedInitializersAndNodeArgs] Removing initializer '/stages/stages.1/blocks/blocks.2/conv1/Sub_output_0'. It is no longer used by any node.
2026-09-06 17:03:23.1590217 [I:onnxruntime:, graph.cc:4888 onnxruntime::Graph::CleanUnusedInitializersAndNodeArgs] Removing initializer '/stages/stages.0/blocks/blocks.0/conv1/Constant_output_0'. It is no longer used by any node.
2026-09-06 17:03:23.1592957 [I:onnxruntime:, graph.cc:4888 onnxruntime::Graph::CleanUnusedInitializersAndNodeArgs] Removing initializer '/stages/stages.0/blocks/blocks.0/downsample/conv/Constant_1_output_0'. It is no longer used by any node.
2026-09-06 17:03:23.1595137 [I:onnxruntime:, graph.cc:4888 onnxruntime::Graph::CleanUnusedInitializersAndNodeArgs] Removing initializer '/stages/stages.1/blocks/blocks.1/conv1/Constant_1_output_0'. It is no longer used by any node.
2026-09-06 17:03:23.1597265 [I:onnxruntime:, graph.cc:4888 onnxruntime::Graph::CleanUnusedInitializersAndNodeArgs] Removing initializer '/stages/stages.1/blocks/blocks.2/conv1/BatchNormalization_output_1'. It is no longer used by any node.
2026-09-06 17:03:23.1601337 [I:onnxruntime:, graph.cc:4888 onnxruntime::Graph::CleanUnusedInitializersAndNodeArgs] Removing initializer '/stages/stages.0/blocks/blocks.0/conv2/Constant_output_0'. It is no longer used by any node.
2026-09-06 17:03:23.1605239 [I:onnxruntime:, graph.cc:4888 onnxruntime::Graph::CleanUnusedInitializersAndNodeArgs] Removing initializer '/stages/stages.2/blocks/blocks.0/downsample/conv/Constant_output_0'. It is no longer used by any node.
2026-09-06 17:03:23.1609290 [I:onnxruntime:, graph.cc:4888 onnxruntime::Graph::CleanUnusedInitializersAndNodeArgs] Removing initializer '/stages/stages.0/blocks/blocks.0/conv3/Constant_output_0'. It is no longer used by any node.
2026-09-06 17:03:23.1613583 [I:onnxruntime:, graph.cc:4888 onnxruntime::Graph::CleanUnusedInitializersAndNodeArgs] Removing initializer '/stages/stages.2/blocks/blocks.1/conv2/Constant_output_0'. It is no longer used by any node.
2026-09-06 17:03:23.1616086 [I:onnxruntime:, graph.cc:4888 onnxruntime::Graph::CleanUnusedInitializersAndNodeArgs] Removing initializer '/stages/stages.1/blocks/blocks.3/conv3/Constant_output_0'. It is no longer used by any node.
2026-09-06 17:03:23.1618105 [I:onnxruntime:, graph.cc:4888 onnxruntime::Graph::CleanUnusedInitializersAndNodeArgs] Removing initializer '/stages/stages.0/blocks/blocks.1/conv1/Constant_output_0'. It is no longer used by any node.
2026-09-06 17:03:23.1620122 [I:onnxruntime:, graph.cc:4888 onnxruntime::Graph::CleanUnusedInitializersAndNodeArgs] Removing initializer '/stages/stages.0/blocks/blocks.1/conv1/Constant_1_output_0'. It is no longer used by any node.
2026-09-06 17:03:23.1622293 [I:onnxruntime:, graph.cc:4888 onnxruntime::Graph::CleanUnusedInitializersAndNodeArgs] Removing initializer '/stages/stages.0/blocks/blocks.1/conv2/Constant_1_output_0'. It is no longer used by any node.
2026-09-06 17:03:23.1624331 [I:onnxruntime:, graph.cc:4888 onnxruntime::Graph::CleanUnusedInitializersAndNodeArgs] Removing initializer '/stages/stages.3/blocks/blocks.1/conv2/BatchNormalization_output_2'. It is no longer used by any node.
2026-09-06 17:03:23.1626448 [I:onnxruntime:, graph.cc:4888 onnxruntime::Graph::CleanUnusedInitializersAndNodeArgs] Removing initializer '/stages/stages.0/blocks/blocks.1/conv3/Constant_output_0'. It is no longer used by any node.
2026-09-06 17:03:23.1628645 [I:onnxruntime:, graph.cc:4888 onnxruntime::Graph::CleanUnusedInitializersAndNodeArgs] Removing initializer '/stages/stages.3/blocks/blocks.2/conv3/BatchNormalization_output_1'. It is no longer used by any node.
2026-09-06 17:03:23.1630903 [I:onnxruntime:, graph.cc:4888 onnxruntime::Graph::CleanUnusedInitializersAndNodeArgs] Removing initializer '/stages/stages.2/blocks/blocks.2/conv2/Sub_output_0'. It is no longer used by any node.
2026-09-06 17:03:23.1632893 [I:onnxruntime:, graph.cc:4888 onnxruntime::Graph::CleanUnusedInitializersAndNodeArgs] Removing initializer '/stages/stages.0/blocks/blocks.1/conv3/Constant_1_output_0'. It is no longer used by any node.
2026-09-06 17:03:23.1635038 [I:onnxruntime:, graph.cc:4888 onnxruntime::Graph::CleanUnusedInitializersAndNodeArgs] Removing initializer '/stages/stages.1/blocks/blocks.0/conv2/Constant_1_output_0'. It is no longer used by any node.
2026-09-06 17:03:23.1637130 [I:onnxruntime:, graph.cc:4888 onnxruntime::Graph::CleanUnusedInitializersAndNodeArgs] Removing initializer '/stages/stages.0/blocks/blocks.2/conv1/Constant_1_output_0'. It is no longer used by any node.
2026-09-06 17:03:23.1639350 [I:onnxruntime:, graph.cc:4888 onnxruntime::Graph::CleanUnusedInitializersAndNodeArgs] Removing initializer '/stages/stages.2/blocks/blocks.5/conv3/BatchNormalization_output_0'. It is no longer used by any node.
2026-09-06 17:03:23.1641684 [I:onnxruntime:, graph.cc:4888 onnxruntime::Graph::CleanUnusedInitializersAndNodeArgs] Removing initializer '/stages/stages.0/blocks/blocks.2/conv3/Constant_output_0'. It is no longer used by any node.
2026-09-06 17:03:23.1643746 [I:onnxruntime:, graph.cc:4888 onnxruntime::Graph::CleanUnusedInitializersAndNodeArgs] Removing initializer '/stages/stages.2/blocks/blocks.4/conv3/Constant_1_output_0'. It is no longer used by any node.
2026-09-06 17:03:23.1645814 [I:onnxruntime:, graph.cc:4888 onnxruntime::Graph::CleanUnusedInitializersAndNodeArgs] Removing initializer '/stages/stages.3/blocks/blocks.0/conv2/Constant_1_output_0'. It is no longer used by any node.
2026-09-06 17:03:23.1647889 [I:onnxruntime:, graph.cc:4888 onnxruntime::Graph::CleanUnusedInitializersAndNodeArgs] Removing initializer '/stages/stages.1/blocks/blocks.0/downsample/conv/BatchNormalization_output_1'. It is no longer used by any node.
2026-09-06 17:03:23.1650231 [I:onnxruntime:, graph.cc:4888 onnxruntime::Graph::CleanUnusedInitializersAndNodeArgs] Removing initializer '/stages/stages.2/blocks/blocks.4/conv2/BatchNormalization_output_1'. It is no longer used by any node.
2026-09-06 17:03:23.1652418 [I:onnxruntime:, graph.cc:4888 onnxruntime::Graph::CleanUnusedInitializersAndNodeArgs] Removing initializer '/stages/stages.1/blocks/blocks.0/downsample/conv/Constant_output_0'. It is no longer used by any node.
2026-09-06 17:03:23.1654754 [I:onnxruntime:, graph.cc:4888 onnxruntime::Graph::CleanUnusedInitializersAndNodeArgs] Removing initializer '/stages/stages.2/blocks/blocks.4/conv2/Constant_output_0'. It is no longer used by any node.
2026-09-06 17:03:23.1656872 [I:onnxruntime:, graph.cc:4888 onnxruntime::Graph::CleanUnusedInitializersAndNodeArgs] Removing initializer '/stages/stages.3/blocks/blocks.0/conv3/Constant_output_0'. It is no longer used by any node.
2026-09-06 17:03:23.1659062 [I:onnxruntime:, graph.cc:4888 onnxruntime::Graph::CleanUnusedInitializersAndNodeArgs] Removing initializer '/stages/stages.3/blocks/blocks.0/conv3/BatchNormalization_output_1'. It is no longer used by any node.
2026-09-06 17:03:23.1661236 [I:onnxruntime:, graph.cc:4888 onnxruntime::Graph::CleanUnusedInitializersAndNodeArgs] Removing initializer '/stages/stages.1/blocks/blocks.3/conv1/Constant_output_0'. It is no longer used by any node.
2026-09-06 17:03:23.1663303 [I:onnxruntime:, graph.cc:4888 onnxruntime::Graph::CleanUnusedInitializersAndNodeArgs] Removing initializer '/stages/stages.1/blocks/blocks.0/downsample/conv/ReduceMean_2_output_0'. It is no longer used by any node.
2026-09-06 17:03:23.1665468 [I:onnxruntime:, graph.cc:4888 onnxruntime::Graph::CleanUnusedInitializersAndNodeArgs] Removing initializer '/stages/stages.2/blocks/blocks.4/conv2/ReduceMean_2_output_0'. It is no longer used by any node.
2026-09-06 17:03:23.1667844 [I:onnxruntime:, graph.cc:4888 onnxruntime::Graph::CleanUnusedInitializersAndNodeArgs] Removing initializer '/stages/stages.3/blocks/blocks.0/conv3/ReduceMean_2_output_0'. It is no longer used by any node.
2026-09-06 17:03:23.1669935 [I:onnxruntime:, graph.cc:4888 onnxruntime::Graph::CleanUnusedInitializersAndNodeArgs] Removing initializer '/stages/stages.1/blocks/blocks.0/downsample/conv/ReduceMean_1_output_0'. It is no longer used by any node.
2026-09-06 17:03:23.1672150 [I:onnxruntime:, graph.cc:4888 onnxruntime::Graph::CleanUnusedInitializersAndNodeArgs] Removing initializer '/stages/stages.2/blocks/blocks.4/conv2/ReduceMean_1_output_0'. It is no longer used by any node.
2026-09-06 17:03:23.1674259 [I:onnxruntime:, graph.cc:4888 onnxruntime::Graph::CleanUnusedInitializersAndNodeArgs] Removing initializer '/stages/stages.3/blocks/blocks.0/conv3/ReduceMean_1_output_0'. It is no longer used by any node.
2026-09-06 17:03:23.1676489 [I:onnxruntime:, graph.cc:4888 onnxruntime::Graph::CleanUnusedInitializersAndNodeArgs] Removing initializer '/stages/stages.1/blocks/blocks.0/conv3/Constant_output_0'. It is no longer used by any node.
2026-09-06 17:03:23.1678558 [I:onnxruntime:, graph.cc:4888 onnxruntime::Graph::CleanUnusedInitializersAndNodeArgs] Removing initializer '/stages/stages.1/blocks/blocks.0/downsample/conv/ReduceMean_output_0'. It is no longer used by any node.
2026-09-06 17:03:23.1681090 [I:onnxruntime:, graph.cc:4888 onnxruntime::Graph::CleanUnusedInitializersAndNodeArgs] Removing initializer '/stages/stages.2/blocks/blocks.4/conv2/ReduceMean_output_0'. It is no longer used by any node.
2026-09-06 17:03:23.1683176 [I:onnxruntime:, graph.cc:4888 onnxruntime::Graph::CleanUnusedInitializersAndNodeArgs] Removing initializer '/stages/stages.3/blocks/blocks.0/conv3/ReduceMean_output_0'. It is no longer used by any node.
2026-09-06 17:03:23.1685356 [I:onnxruntime:, graph.cc:4888 onnxruntime::Graph::CleanUnusedInitializersAndNodeArgs] Removing initializer '/stages/stages.1/blocks/blocks.1/conv2/BatchNormalization_output_0'. It is no longer used by any node.
2026-09-06 17:03:23.1687502 [I:onnxruntime:, graph.cc:4888 onnxruntime::Graph::CleanUnusedInitializersAndNodeArgs] Removing initializer '/stages/stages.1/blocks/blocks.1/conv2/Constant_output_0'. It is no longer used by any node.
2026-09-06 17:03:23.1689584 [I:onnxruntime:, graph.cc:4888 onnxruntime::Graph::CleanUnusedInitializersAndNodeArgs] Removing initializer '/stages/stages.1/blocks/blocks.1/conv3/Constant_output_0'. It is no longer used by any node.
2026-09-06 17:03:23.1691674 [I:onnxruntime:, graph.cc:4888 onnxruntime::Graph::CleanUnusedInitializersAndNodeArgs] Removing initializer '/stages/stages.1/blocks/blocks.1/conv3/Constant_1_output_0'. It is no longer used by any node.
2026-09-06 17:03:23.1694068 [I:onnxruntime:, graph.cc:4888 onnxruntime::Graph::CleanUnusedInitializersAndNodeArgs] Removing initializer '/stages/stages.1/blocks/blocks.2/conv1/Constant_1_output_0'. It is no longer used by any node.
2026-09-06 17:03:23.1696189 [I:onnxruntime:, graph.cc:4888 onnxruntime::Graph::CleanUnusedInitializersAndNodeArgs] Removing initializer '/stages/stages.1/blocks/blocks.1/conv2/ReduceMean_1_output_0'. It is no longer used by any node.
2026-09-06 17:03:23.1698410 [I:onnxruntime:, graph.cc:4888 onnxruntime::Graph::CleanUnusedInitializersAndNodeArgs] Removing initializer '/stages/stages.1/blocks/blocks.2/conv2/Constant_output_0'. It is no longer used by any node.
2026-09-06 17:03:23.1700642 [I:onnxruntime:, graph.cc:4888 onnxruntime::Graph::CleanUnusedInitializersAndNodeArgs] Removing initializer '/stages/stages.1/blocks/blocks.2/conv3/Constant_output_0'. It is no longer used by any node.
2026-09-06 17:03:23.1702794 [I:onnxruntime:, graph.cc:4888 onnxruntime::Graph::CleanUnusedInitializersAndNodeArgs] Removing initializer '/stages/stages.1/blocks/blocks.3/conv1/Constant_1_output_0'. It is no longer used by any node.
2026-09-06 17:03:23.1704971 [I:onnxruntime:, graph.cc:4888 onnxruntime::Graph::CleanUnusedInitializersAndNodeArgs] Removing initializer '/stages/stages.2/blocks/blocks.1/conv3/Constant_output_0'. It is no longer used by any node.
2026-09-06 17:03:23.1707152 [I:onnxruntime:, graph.cc:4888 onnxruntime::Graph::CleanUnusedInitializersAndNodeArgs] Removing initializer '/stages/stages.1/blocks/blocks.3/conv2/Constant_output_0'. It is no longer used by any node.
2026-09-06 17:03:23.1709444 [I:onnxruntime:, graph.cc:4888 onnxruntime::Graph::CleanUnusedInitializersAndNodeArgs] Removing initializer '/stages/stages.2/blocks/blocks.1/conv3/Constant_1_output_0'. It is no longer used by any node.
2026-09-06 17:03:23.1712818 [I:onnxruntime:, graph.cc:4888 onnxruntime::Graph::CleanUnusedInitializersAndNodeArgs] Removing initializer '/stages/stages.1/blocks/blocks.3/conv2/Constant_1_output_0'. It is no longer used by any node.
2026-09-06 17:03:23.1715271 [I:onnxruntime:, graph.cc:4888 onnxruntime::Graph::CleanUnusedInitializersAndNodeArgs] Removing initializer '/stages/stages.2/blocks/blocks.0/conv1/Constant_1_output_0'. It is no longer used by any node.
2026-09-06 17:03:23.1717737 [I:onnxruntime:, graph.cc:4888 onnxruntime::Graph::CleanUnusedInitializersAndNodeArgs] Removing initializer '/stages/stages.2/blocks/blocks.3/conv2/Constant_output_0'. It is no longer used by any node.
2026-09-06 17:03:23.1720052 [I:onnxruntime:, graph.cc:4888 onnxruntime::Graph::CleanUnusedInitializersAndNodeArgs] Removing initializer '/stages/stages.1/blocks/blocks.0/conv3/ReduceMean_output_0'. It is no longer used by any node.
2026-09-06 17:03:23.1722162 [I:onnxruntime:, graph.cc:4888 onnxruntime::Graph::CleanUnusedInitializersAndNodeArgs] Removing initializer '/stages/stages.2/blocks/blocks.0/conv2/Constant_output_0'. It is no longer used by any node.
2026-09-06 17:03:23.1724420 [I:onnxruntime:, graph.cc:4888 onnxruntime::Graph::CleanUnusedInitializersAndNodeArgs] Removing initializer '/stages/stages.3/blocks/blocks.0/conv1/ReduceMean_1_output_0'. It is no longer used by any node.
2026-09-06 17:03:23.1726663 [I:onnxruntime:, graph.cc:4888 onnxruntime::Graph::CleanUnusedInitializersAndNodeArgs] Removing initializer '/stages/stages.3/blocks/blocks.2/conv3/ReduceMean_output_0'. It is no longer used by any node.
2026-09-06 17:03:23.1729237 [I:onnxruntime:, graph.cc:4888 onnxruntime::Graph::CleanUnusedInitializersAndNodeArgs] Removing initializer '/stages/stages.2/blocks/blocks.0/conv3/Constant_1_output_0'. It is no longer used by any node.
2026-09-06 17:03:23.1732320 [I:onnxruntime:, graph.cc:4888 onnxruntime::Graph::CleanUnusedInitializersAndNodeArgs] Removing initializer '/stages/stages.2/blocks/blocks.1/conv1/Constant_output_0'. It is no longer used by any node.
2026-09-06 17:03:23.1734675 [I:onnxruntime:, graph.cc:4888 onnxruntime::Graph::CleanUnusedInitializersAndNodeArgs] Removing initializer '/stages/stages.2/blocks/blocks.1/conv1/Constant_1_output_0'. It is no longer used by any node.
2026-09-06 17:03:23.1737403 [I:onnxruntime:, graph.cc:4888 onnxruntime::Graph::CleanUnusedInitializersAndNodeArgs] Removing initializer '/stages/stages.1/blocks/blocks.2/conv1/ReduceMean_1_output_0'. It is no longer used by any node.
2026-09-06 17:03:23.1739877 [I:onnxruntime:, graph.cc:4888 onnxruntime::Graph::CleanUnusedInitializersAndNodeArgs] Removing initializer '/stages/stages.3/blocks/blocks.2/conv2/ReduceMean_2_output_0'. It is no longer used by any node.
2026-09-06 17:03:23.1742317 [I:onnxruntime:, graph.cc:4888 onnxruntime::Graph::CleanUnusedInitializersAndNodeArgs] Removing initializer '/stages/stages.2/blocks/blocks.2/conv1/Constant_1_output_0'. It is no longer used by any node.
2026-09-06 17:03:23.1744820 [I:onnxruntime:, graph.cc:4888 onnxruntime::Graph::CleanUnusedInitializersAndNodeArgs] Removing initializer '/stages/stages.2/blocks/blocks.2/conv3/Constant_output_0'. It is no longer used by any node.
2026-09-06 17:03:23.1747085 [I:onnxruntime:, graph.cc:4888 onnxruntime::Graph::CleanUnusedInitializersAndNodeArgs] Removing initializer '/stages/stages.2/blocks/blocks.4/conv3/Sub_output_0'. It is no longer used by any node.
2026-09-06 17:03:23.1749149 [I:onnxruntime:, graph.cc:4888 onnxruntime::Graph::CleanUnusedInitializersAndNodeArgs] Removing initializer '/stages/stages.2/blocks/blocks.2/conv3/Constant_1_output_0'. It is no longer used by any node.
2026-09-06 17:03:23.1751411 [I:onnxruntime:, graph.cc:4888 onnxruntime::Graph::CleanUnusedInitializersAndNodeArgs] Removing initializer '/stages/stages.3/blocks/blocks.0/conv2/Sub_output_0'. It is no longer used by any node.
2026-09-06 17:03:23.1753454 [I:onnxruntime:, graph.cc:4888 onnxruntime::Graph::CleanUnusedInitializersAndNodeArgs] Removing initializer '/stages/stages.2/blocks/blocks.3/conv1/Constant_1_output_0'. It is no longer used by any node.
2026-09-06 17:03:23.1755546 [I:onnxruntime:, graph.cc:4888 onnxruntime::Graph::CleanUnusedInitializersAndNodeArgs] Removing initializer '/stages/stages.3/blocks/blocks.1/conv3/ReduceMean_2_output_0'. It is no longer used by any node.
2026-09-06 17:03:23.1757811 [I:onnxruntime:, graph.cc:4888 onnxruntime::Graph::CleanUnusedInitializersAndNodeArgs] Removing initializer '/stages/stages.2/blocks/blocks.3/conv2/BatchNormalization_output_0'. It is no longer used by any node.
2026-09-06 17:03:23.1760016 [I:onnxruntime:, graph.cc:4888 onnxruntime::Graph::CleanUnusedInitializersAndNodeArgs] Removing initializer '/stages/stages.3/blocks/blocks.1/conv3/ReduceMean_1_output_0'. It is no longer used by any node.
2026-09-06 17:03:23.1762130 [I:onnxruntime:, graph.cc:4888 onnxruntime::Graph::CleanUnusedInitializersAndNodeArgs] Removing initializer '/stages/stages.3/blocks/blocks.0/conv1/Constant_output_0'. It is no longer used by any node.
2026-09-06 17:03:23.1764288 [I:onnxruntime:, graph.cc:4888 onnxruntime::Graph::CleanUnusedInitializersAndNodeArgs] Removing initializer '/stages/stages.2/blocks/blocks.3/conv2/Constant_1_output_0'. It is no longer used by any node.
2026-09-06 17:03:23.1766368 [I:onnxruntime:, graph.cc:4888 onnxruntime::Graph::CleanUnusedInitializersAndNodeArgs] Removing initializer '/stages/stages.2/blocks/blocks.3/conv3/Constant_output_0'. It is no longer used by any node.
2026-09-06 17:03:23.1768426 [I:onnxruntime:, graph.cc:4888 onnxruntime::Graph::CleanUnusedInitializersAndNodeArgs] Removing initializer '/stages/stages.2/blocks/blocks.3/conv3/Constant_1_output_0'. It is no longer used by any node.
2026-09-06 17:03:23.1770768 [I:onnxruntime:, graph.cc:4888 onnxruntime::Graph::CleanUnusedInitializersAndNodeArgs] Removing initializer '/stages/stages.3/blocks/blocks.2/conv1/ReduceMean_1_output_0'. It is no longer used by any node.
2026-09-06 17:03:23.1773030 [I:onnxruntime:, graph.cc:4888 onnxruntime::Graph::CleanUnusedInitializersAndNodeArgs] Removing initializer '/stages/stages.3/blocks/blocks.2/conv1/ReduceMean_2_output_0'. It is no longer used by any node.
2026-09-06 17:03:23.1775116 [I:onnxruntime:, graph.cc:4888 onnxruntime::Graph::CleanUnusedInitializersAndNodeArgs] Removing initializer '/stages/stages.2/blocks/blocks.4/conv1/Constant_1_output_0'. It is no longer used by any node.
2026-09-06 17:03:23.1777193 [I:onnxruntime:, graph.cc:4888 onnxruntime::Graph::CleanUnusedInitializersAndNodeArgs] Removing initializer '/stages/stages.0/blocks/blocks.2/conv1/ReduceMean_1_output_0'. It is no longer used by any node.
2026-09-06 17:03:23.1779315 [I:onnxruntime:, graph.cc:4888 onnxruntime::Graph::CleanUnusedInitializersAndNodeArgs] Removing initializer '/stages/stages.1/blocks/blocks.3/conv3/BatchNormalization_output_0'. It is no longer used by any node.
2026-09-06 17:03:23.1781495 [I:onnxruntime:, graph.cc:4888 onnxruntime::Graph::CleanUnusedInitializersAndNodeArgs] Removing initializer '/stages/stages.3/blocks/blocks.2/conv1/Constant_1_output_0'. It is no longer used by any node.
2026-09-06 17:03:23.1783712 [I:onnxruntime:, graph.cc:4888 onnxruntime::Graph::CleanUnusedInitializersAndNodeArgs] Removing initializer '/stem/conv/BatchNormalization_output_1'. It is no longer used by any node.
2026-09-06 17:03:23.1785866 [I:onnxruntime:, graph.cc:4888 onnxruntime::Graph::CleanUnusedInitializersAndNodeArgs] Removing initializer '/stages/stages.3/blocks/blocks.2/conv3/Constant_output_0'. It is no longer used by any node.
2026-09-06 17:03:23.1787937 [I:onnxruntime:, graph.cc:4888 onnxruntime::Graph::CleanUnusedInitializersAndNodeArgs] Removing initializer '/stages/stages.0/blocks/blocks.0/conv2/Sub_output_0'. It is no longer used by any node.
2026-09-06 17:03:23.1790033 [I:onnxruntime:, graph.cc:4888 onnxruntime::Graph::CleanUnusedInitializersAndNodeArgs] Removing initializer '/stages/stages.2/blocks/blocks.5/conv2/Constant_output_0'. It is no longer used by any node.
2026-09-06 17:03:23.1792271 [I:onnxruntime:, graph.cc:4888 onnxruntime::Graph::CleanUnusedInitializersAndNodeArgs] Removing initializer '/stages/stages.2/blocks/blocks.5/conv2/Constant_1_output_0'. It is no longer used by any node.
2026-09-06 17:03:23.1794626 [I:onnxruntime:, graph.cc:4888 onnxruntime::Graph::CleanUnusedInitializersAndNodeArgs] Removing initializer '/stages/stages.3/blocks/blocks.1/conv2/BatchNormalization_output_0'. It is no longer used by any node.
2026-09-06 17:03:23.1796941 [I:onnxruntime:, graph.cc:4888 onnxruntime::Graph::CleanUnusedInitializersAndNodeArgs] Removing initializer '/stages/stages.2/blocks/blocks.5/conv3/Constant_1_output_0'. It is no longer used by any node.
2026-09-06 17:03:23.1799087 [I:onnxruntime:, graph.cc:4888 onnxruntime::Graph::CleanUnusedInitializersAndNodeArgs] Removing initializer '/stages/stages.3/blocks/blocks.0/downsample/conv/Constant_1_output_0'. It is no longer used by any node.
2026-09-06 17:03:23.1801301 [I:onnxruntime:, graph.cc:4888 onnxruntime::Graph::CleanUnusedInitializersAndNodeArgs] Removing initializer '/stages/stages.2/blocks/blocks.2/conv2/BatchNormalization_output_1'. It is no longer used by any node.
2026-09-06 17:03:23.1803470 [I:onnxruntime:, graph.cc:4888 onnxruntime::Graph::CleanUnusedInitializersAndNodeArgs] Removing initializer '/stages/stages.3/blocks/blocks.0/conv1/Constant_1_output_0'. It is no longer used by any node.
2026-09-06 17:03:23.1805594 [I:onnxruntime:, graph.cc:4888 onnxruntime::Graph::CleanUnusedInitializersAndNodeArgs] Removing initializer '/stages/stages.0/blocks/blocks.1/conv1/ReduceMean_output_0'. It is no longer used by any node.
2026-09-06 17:03:23.1807827 [I:onnxruntime:, graph.cc:4888 onnxruntime::Graph::CleanUnusedInitializersAndNodeArgs] Removing initializer '/stages/stages.3/blocks/blocks.1/conv1/Constant_1_output_0'. It is no longer used by any node.
2026-09-06 17:03:23.1810192 [I:onnxruntime:, graph.cc:4888 onnxruntime::Graph::CleanUnusedInitializersAndNodeArgs] Removing initializer '/stages/stages.1/blocks/blocks.3/conv1/ReduceMean_output_0'. It is no longer used by any node.
2026-09-06 17:03:23.1812379 [I:onnxruntime:, graph.cc:4888 onnxruntime::Graph::CleanUnusedInitializersAndNodeArgs] Removing initializer '/stages/stages.3/blocks/blocks.1/conv2/Constant_1_output_0'. It is no longer used by any node.
2026-09-06 17:03:23.1814466 [I:onnxruntime:, graph.cc:4888 onnxruntime::Graph::CleanUnusedInitializersAndNodeArgs] Removing initializer '/stages/stages.3/blocks/blocks.1/conv3/Constant_output_0'. It is no longer used by any node.
2026-09-06 17:03:23.1816560 [I:onnxruntime:, graph.cc:4888 onnxruntime::Graph::CleanUnusedInitializersAndNodeArgs] Removing initializer '/stages/stages.3/blocks/blocks.1/conv3/Constant_1_output_0'. It is no longer used by any node.
2026-09-06 17:03:23.1818675 [I:onnxruntime:, graph.cc:4888 onnxruntime::Graph::CleanUnusedInitializersAndNodeArgs] Removing initializer '/stages/stages.2/blocks/blocks.5/conv3/Sub_output_0'. It is no longer used by any node.
2026-09-06 17:03:23.1821028 [I:onnxruntime:, graph.cc:4888 onnxruntime::Graph::CleanUnusedInitializersAndNodeArgs] Removing initializer '/stages/stages.1/blocks/blocks.0/conv2/Mul_output_0'. It is no longer used by any node.
2026-09-06 17:03:23.1823055 [I:onnxruntime:, graph.cc:4888 onnxruntime::Graph::CleanUnusedInitializersAndNodeArgs] Removing initializer '/stages/stages.0/blocks/blocks.2/conv1/ReduceMean_output_0'. It is no longer used by any node.
2026-09-06 17:03:23.1825128 [I:onnxruntime:, graph.cc:4888 onnxruntime::Graph::CleanUnusedInitializersAndNodeArgs] Removing initializer '/stages/stages.3/blocks/blocks.2/conv1/Constant_output_0'. It is no longer used by any node.
2026-09-06 17:03:23.1827188 [I:onnxruntime:, graph.cc:4888 onnxruntime::Graph::CleanUnusedInitializersAndNodeArgs] Removing initializer '/stages/stages.2/blocks/blocks.4/conv3/Mul_output_0'. It is no longer used by any node.
2026-09-06 17:03:23.1829189 [I:onnxruntime:, graph.cc:4888 onnxruntime::Graph::CleanUnusedInitializersAndNodeArgs] Removing initializer '/stages/stages.3/blocks/blocks.0/conv2/Mul_output_0'. It is no longer used by any node.
2026-09-06 17:03:23.1831406 [I:onnxruntime:, graph.cc:4888 onnxruntime::Graph::CleanUnusedInitializersAndNodeArgs] Removing initializer '/stages/stages.2/blocks/blocks.0/conv2/ReduceMean_1_output_0'. It is no longer used by any node.
2026-09-06 17:03:23.1833701 [I:onnxruntime:, graph.cc:4888 onnxruntime::Graph::CleanUnusedInitializersAndNodeArgs] Removing initializer '/stages/stages.2/blocks/blocks.2/conv1/Sub_output_0'. It is no longer used by any node.
2026-09-06 17:03:23.1835760 [I:onnxruntime:, graph.cc:4888 onnxruntime::Graph::CleanUnusedInitializersAndNodeArgs] Removing initializer '/stages/stages.3/blocks/blocks.2/conv2/Constant_1_output_0'. It is no longer used by any node.
2026-09-06 17:03:23.1837949 [I:onnxruntime:, graph.cc:4888 onnxruntime::Graph::CleanUnusedInitializersAndNodeArgs] Removing initializer '/stages/stages.3/blocks/blocks.2/conv3/ReduceMean_1_output_0'. It is no longer used by any node.
2026-09-06 17:03:23.1840066 [I:onnxruntime:, graph.cc:4888 onnxruntime::Graph::CleanUnusedInitializersAndNodeArgs] Removing initializer '/stages/stages.3/blocks/blocks.1/conv3/ReduceMean_output_0'. It is no longer used by any node.
2026-09-06 17:03:23.1842181 [I:onnxruntime:, graph.cc:4888 onnxruntime::Graph::CleanUnusedInitializersAndNodeArgs] Removing initializer '/stages/stages.3/blocks/blocks.2/conv3/Sub_output_0'. It is no longer used by any node.
2026-09-06 17:03:23.1844525 [I:onnxruntime:, graph.cc:4888 onnxruntime::Graph::CleanUnusedInitializersAndNodeArgs] Removing initializer '/stages/stages.3/blocks/blocks.2/conv3/Mul_output_0'. It is no longer used by any node.
2026-09-06 17:03:23.1846571 [I:onnxruntime:, graph.cc:4888 onnxruntime::Graph::CleanUnusedInitializersAndNodeArgs] Removing initializer '/stages/stages.3/blocks/blocks.2/conv3/BatchNormalization_output_0'. It is no longer used by any node.
2026-09-06 17:03:23.1848850 [I:onnxruntime:, graph.cc:4888 onnxruntime::Graph::CleanUnusedInitializersAndNodeArgs] Removing initializer '/stages/stages.3/blocks/blocks.2/conv3/BatchNormalization_output_2'. It is no longer used by any node.
2026-09-06 17:03:23.1851051 [I:onnxruntime:, graph.cc:4888 onnxruntime::Graph::CleanUnusedInitializersAndNodeArgs] Removing initializer '/stages/stages.3/blocks/blocks.2/conv2/Sub_output_0'. It is no longer used by any node.
2026-09-06 17:03:23.1853080 [I:onnxruntime:, graph.cc:4888 onnxruntime::Graph::CleanUnusedInitializersAndNodeArgs] Removing initializer '/stages/stages.3/blocks/blocks.2/conv2/BatchNormalization_output_0'. It is no longer used by any node.
2026-09-06 17:03:23.1855410 [I:onnxruntime:, graph.cc:4888 onnxruntime::Graph::CleanUnusedInitializersAndNodeArgs] Removing initializer '/stages/stages.3/blocks/blocks.2/conv2/BatchNormalization_output_1'. It is no longer used by any node.
2026-09-06 17:03:23.1857692 [I:onnxruntime:, graph.cc:4888 onnxruntime::Graph::CleanUnusedInitializersAndNodeArgs] Removing initializer '/stages/stages.3/blocks/blocks.2/conv1/Sub_output_0'. It is no longer used by any node.
2026-09-06 17:03:23.1859722 [I:onnxruntime:, graph.cc:4888 onnxruntime::Graph::CleanUnusedInitializersAndNodeArgs] Removing initializer '/stages/stages.3/blocks/blocks.2/conv1/ReduceMean_output_0'. It is no longer used by any node.
2026-09-06 17:03:23.1861797 [I:onnxruntime:, graph.cc:4888 onnxruntime::Graph::CleanUnusedInitializersAndNodeArgs] Removing initializer '/stages/stages.3/blocks/blocks.2/conv1/BatchNormalization_output_0'. It is no longer used by any node.
2026-09-06 17:03:23.1864326 [I:onnxruntime:, graph.cc:4888 onnxruntime::Graph::CleanUnusedInitializersAndNodeArgs] Removing initializer '/stages/stages.3/blocks/blocks.1/conv3/BatchNormalization_output_2'. It is no longer used by any node.
2026-09-06 17:03:23.1866837 [I:onnxruntime:, graph.cc:4888 onnxruntime::Graph::CleanUnusedInitializersAndNodeArgs] Removing initializer '/stages/stages.3/blocks/blocks.1/conv2/ReduceMean_1_output_0'. It is no longer used by any node.
2026-09-06 17:03:23.1869195 [I:onnxruntime:, graph.cc:4888 onnxruntime::Graph::CleanUnusedInitializersAndNodeArgs] Removing initializer '/stages/stages.3/blocks/blocks.1/conv2/Mul_output_0'. It is no longer used by any node.
2026-09-06 17:03:23.1871312 [I:onnxruntime:, graph.cc:4888 onnxruntime::Graph::CleanUnusedInitializersAndNodeArgs] Removing initializer '/stages/stages.3/blocks/blocks.1/conv2/ReduceMean_2_output_0'. It is no longer used by any node.
2026-09-06 17:03:23.1873424 [I:onnxruntime:, graph.cc:4888 onnxruntime::Graph::CleanUnusedInitializersAndNodeArgs] Removing initializer '/stages/stages.3/blocks/blocks.1/conv1/Sub_output_0'. It is no longer used by any node.
2026-09-06 17:03:23.1875462 [I:onnxruntime:, graph.cc:4888 onnxruntime::Graph::CleanUnusedInitializersAndNodeArgs] Removing initializer '/stages/stages.3/blocks/blocks.1/conv1/ReduceMean_2_output_0'. It is no longer used by any node.
2026-09-06 17:03:23.1877546 [I:onnxruntime:, graph.cc:4888 onnxruntime::Graph::CleanUnusedInitializersAndNodeArgs] Removing initializer '/stages/stages.2/blocks/blocks.3/conv1/Mul_output_0'. It is no longer used by any node.
2026-09-06 17:03:23.1879799 [I:onnxruntime:, graph.cc:4888 onnxruntime::Graph::CleanUnusedInitializersAndNodeArgs] Removing initializer '/stages/stages.3/blocks/blocks.1/conv1/ReduceMean_output_0'. It is no longer used by any node.
2026-09-06 17:03:23.1882004 [I:onnxruntime:, graph.cc:4888 onnxruntime::Graph::CleanUnusedInitializersAndNodeArgs] Removing initializer '/stages/stages.3/blocks/blocks.1/conv1/BatchNormalization_output_1'. It is no longer used by any node.
2026-09-06 17:03:23.1884156 [I:onnxruntime:, graph.cc:4888 onnxruntime::Graph::CleanUnusedInitializersAndNodeArgs] Removing initializer '/stages/stages.1/blocks/blocks.0/downsample/conv/Sub_output_0'. It is no longer used by any node.
2026-09-06 17:03:23.1886265 [I:onnxruntime:, graph.cc:4888 onnxruntime::Graph::CleanUnusedInitializersAndNodeArgs] Removing initializer '/stages/stages.2/blocks/blocks.4/conv2/Sub_output_0'. It is no longer used by any node.
2026-09-06 17:03:23.1888265 [I:onnxruntime:, graph.cc:4888 onnxruntime::Graph::CleanUnusedInitializersAndNodeArgs] Removing initializer '/stages/stages.3/blocks/blocks.0/conv3/Sub_output_0'. It is no longer used by any node.
2026-09-06 17:03:23.1890508 [I:onnxruntime:, graph.cc:4888 onnxruntime::Graph::CleanUnusedInitializersAndNodeArgs] Removing initializer '/stages/stages.1/blocks/blocks.0/downsample/conv/BatchNormalization_output_0'. It is no longer used by any node.
2026-09-06 17:03:23.1892910 [I:onnxruntime:, graph.cc:4888 onnxruntime::Graph::CleanUnusedInitializersAndNodeArgs] Removing initializer '/stages/stages.2/blocks/blocks.3/conv2/Mul_output_0'. It is no longer used by any node.
2026-09-06 17:03:23.1895062 [I:onnxruntime:, graph.cc:4888 onnxruntime::Graph::CleanUnusedInitializersAndNodeArgs] Removing initializer '/stages/stages.2/blocks/blocks.4/conv2/BatchNormalization_output_0'. It is no longer used by any node.
2026-09-06 17:03:23.1897220 [I:onnxruntime:, graph.cc:4888 onnxruntime::Graph::CleanUnusedInitializersAndNodeArgs] Removing initializer '/stages/stages.3/blocks/blocks.0/conv3/BatchNormalization_output_0'. It is no longer used by any node.
2026-09-06 17:03:23.1899392 [I:onnxruntime:, graph.cc:4888 onnxruntime::Graph::CleanUnusedInitializersAndNodeArgs] Removing initializer '/stages/stages.1/blocks/blocks.0/downsample/conv/BatchNormalization_output_2'. It is no longer used by any node.
2026-09-06 17:03:23.1901635 [I:onnxruntime:, graph.cc:4888 onnxruntime::Graph::CleanUnusedInitializersAndNodeArgs] Removing initializer '/stages/stages.2/blocks/blocks.4/conv2/BatchNormalization_output_2'. It is no longer used by any node.
2026-09-06 17:03:23.1903928 [I:onnxruntime:, graph.cc:4888 onnxruntime::Graph::CleanUnusedInitializersAndNodeArgs] Removing initializer '/stages/stages.3/blocks/blocks.0/conv3/BatchNormalization_output_2'. It is no longer used by any node.
2026-09-06 17:03:23.1906078 [I:onnxruntime:, graph.cc:4888 onnxruntime::Graph::CleanUnusedInitializersAndNodeArgs] Removing initializer '/stages/stages.2/blocks/blocks.4/conv3/ReduceMean_2_output_0'. It is no longer used by any node.
2026-09-06 17:03:23.1908301 [I:onnxruntime:, graph.cc:4888 onnxruntime::Graph::CleanUnusedInitializersAndNodeArgs] Removing initializer '/stages/stages.3/blocks/blocks.0/conv2/ReduceMean_2_output_0'. It is no longer used by any node.
2026-09-06 17:03:23.1910484 [I:onnxruntime:, graph.cc:4888 onnxruntime::Graph::CleanUnusedInitializersAndNodeArgs] Removing initializer '/stages/stages.2/blocks/blocks.4/conv3/BatchNormalization_output_2'. It is no longer used by any node.
2026-09-06 17:03:23.1912655 [I:onnxruntime:, graph.cc:4888 onnxruntime::Graph::CleanUnusedInitializersAndNodeArgs] Removing initializer '/stages/stages.3/blocks/blocks.0/conv2/BatchNormalization_output_2'. It is no longer used by any node.
2026-09-06 17:03:23.1914922 [I:onnxruntime:, graph.cc:4888 onnxruntime::Graph::CleanUnusedInitializersAndNodeArgs] Removing initializer '/stages/stages.0/blocks/blocks.1/conv3/Mul_output_0'. It is no longer used by any node.
2026-09-06 17:03:23.1916945 [I:onnxruntime:, graph.cc:4888 onnxruntime::Graph::CleanUnusedInitializersAndNodeArgs] Removing initializer '/stages/stages.3/blocks/blocks.0/conv1/Sub_output_0'. It is no longer used by any node.
2026-09-06 17:03:23.1919120 [I:onnxruntime:, graph.cc:4888 onnxruntime::Graph::CleanUnusedInitializersAndNodeArgs] Removing initializer '/stages/stages.1/blocks/blocks.3/conv2/ReduceMean_2_output_0'. It is no longer used by any node.
2026-09-06 17:03:23.1921281 [I:onnxruntime:, graph.cc:4888 onnxruntime::Graph::CleanUnusedInitializersAndNodeArgs] Removing initializer '/stages/stages.3/blocks/blocks.0/conv1/Mul_output_0'. It is no longer used by any node.
2026-09-06 17:03:23.1923278 [I:onnxruntime:, graph.cc:4888 onnxruntime::Graph::CleanUnusedInitializersAndNodeArgs] Removing initializer '/stages/stages.3/blocks/blocks.0/conv1/ReduceMean_2_output_0'. It is no longer used by any node.
2026-09-06 17:03:23.1925524 [I:onnxruntime:, graph.cc:4888 onnxruntime::Graph::CleanUnusedInitializersAndNodeArgs] Removing initializer '/stages/stages.3/blocks/blocks.0/conv1/ReduceMean_output_0'. It is no longer used by any node.
2026-09-06 17:03:23.1927605 [I:onnxruntime:, graph.cc:4888 onnxruntime::Graph::CleanUnusedInitializersAndNodeArgs] Removing initializer '/stages/stages.2/blocks/blocks.0/conv3/ReduceMean_2_output_0'. It is no longer used by any node.
2026-09-06 17:03:23.1929723 [I:onnxruntime:, graph.cc:4888 onnxruntime::Graph::CleanUnusedInitializersAndNodeArgs] Removing initializer '/stages/stages.3/blocks/blocks.0/conv1/BatchNormalization_output_0'. It is no longer used by any node.
2026-09-06 17:03:23.1931994 [I:onnxruntime:, graph.cc:4888 onnxruntime::Graph::CleanUnusedInitializersAndNodeArgs] Removing initializer '/stages/stages.3/blocks/blocks.0/conv1/BatchNormalization_output_1'. It is no longer used by any node.
2026-09-06 17:03:23.1934153 [I:onnxruntime:, graph.cc:4888 onnxruntime::Graph::CleanUnusedInitializersAndNodeArgs] Removing initializer '/stages/stages.3/blocks/blocks.0/conv1/BatchNormalization_output_2'. It is no longer used by any node.
2026-09-06 17:03:23.1936291 [I:onnxruntime:, graph.cc:4888 onnxruntime::Graph::CleanUnusedInitializersAndNodeArgs] Removing initializer '/stages/stages.2/blocks/blocks.5/conv3/Mul_output_0'. It is no longer used by any node.
2026-09-06 17:03:23.1938523 [I:onnxruntime:, graph.cc:4888 onnxruntime::Graph::CleanUnusedInitializersAndNodeArgs] Removing initializer '/stages/stages.0/blocks/blocks.0/conv1/ReduceMean_2_output_0'. It is no longer used by any node.
2026-09-06 17:03:23.1940585 [I:onnxruntime:, graph.cc:4888 onnxruntime::Graph::CleanUnusedInitializersAndNodeArgs] Removing initializer '/stages/stages.2/blocks/blocks.5/conv3/ReduceMean_output_0'. It is no longer used by any node.
2026-09-06 17:03:23.1942638 [I:onnxruntime:, graph.cc:4888 onnxruntime::Graph::CleanUnusedInitializersAndNodeArgs] Removing initializer '/stages/stages.2/blocks/blocks.5/conv3/BatchNormalization_output_1'. It is no longer used by any node.
2026-09-06 17:03:23.1944870 [I:onnxruntime:, graph.cc:4888 onnxruntime::Graph::CleanUnusedInitializersAndNodeArgs] Removing initializer '/stages/stages.2/blocks/blocks.5/conv3/BatchNormalization_output_2'. It is no longer used by any node.
2026-09-06 17:03:23.1947006 [I:onnxruntime:, graph.cc:4888 onnxruntime::Graph::CleanUnusedInitializersAndNodeArgs] Removing initializer '/stages/stages.2/blocks/blocks.4/conv1/BatchNormalization_output_2'. It is no longer used by any node.
2026-09-06 17:03:23.1949301 [I:onnxruntime:, graph.cc:4888 onnxruntime::Graph::CleanUnusedInitializersAndNodeArgs] Removing initializer '/stages/stages.1/blocks/blocks.2/conv3/ReduceMean_2_output_0'. It is no longer used by any node.
2026-09-06 17:03:23.1951353 [I:onnxruntime:, graph.cc:4888 onnxruntime::Graph::CleanUnusedInitializersAndNodeArgs] Removing initializer '/stages/stages.2/blocks/blocks.5/conv2/ReduceMean_1_output_0'. It is no longer used by any node.
2026-09-06 17:03:23.1953432 [I:onnxruntime:, graph.cc:4888 onnxruntime::Graph::CleanUnusedInitializersAndNodeArgs] Removing initializer '/stages/stages.3/blocks/blocks.0/downsample/conv/BatchNormalization_output_0'. It is no longer used by any node.
2026-09-06 17:03:23.1955768 [I:onnxruntime:, graph.cc:4888 onnxruntime::Graph::CleanUnusedInitializersAndNodeArgs] Removing initializer '/stages/stages.2/blocks/blocks.5/conv2/Sub_output_0'. It is no longer used by any node.
2026-09-06 17:03:23.1957780 [I:onnxruntime:, graph.cc:4888 onnxruntime::Graph::CleanUnusedInitializersAndNodeArgs] Removing initializer '/stages/stages.2/blocks/blocks.5/conv2/Mul_output_0'. It is no longer used by any node.
2026-09-06 17:03:23.1959947 [I:onnxruntime:, graph.cc:4888 onnxruntime::Graph::CleanUnusedInitializersAndNodeArgs] Removing initializer '/stages/stages.2/blocks/blocks.5/conv2/BatchNormalization_output_0'. It is no longer used by any node.
2026-09-06 17:03:23.1962113 [I:onnxruntime:, graph.cc:4888 onnxruntime::Graph::CleanUnusedInitializersAndNodeArgs] Removing initializer '/stages/stages.1/blocks/blocks.1/conv3/Mul_output_0'. It is no longer used by any node.
2026-09-06 17:03:23.1964121 [I:onnxruntime:, graph.cc:4888 onnxruntime::Graph::CleanUnusedInitializersAndNodeArgs] Removing initializer '/stages/stages.2/blocks/blocks.5/conv2/BatchNormalization_output_1'. It is no longer used by any node.
2026-09-06 17:03:23.1966234 [I:onnxruntime:, graph.cc:4888 onnxruntime::Graph::CleanUnusedInitializersAndNodeArgs] Removing initializer '/stages/stages.2/blocks/blocks.5/conv2/BatchNormalization_output_2'. It is no longer used by any node.
2026-09-06 17:03:23.1968497 [I:onnxruntime:, graph.cc:4888 onnxruntime::Graph::CleanUnusedInitializersAndNodeArgs] Removing initializer '/stages/stages.2/blocks/blocks.2/conv2/BatchNormalization_output_2'. It is no longer used by any node.
2026-09-06 17:03:23.1970609 [I:onnxruntime:, graph.cc:4888 onnxruntime::Graph::CleanUnusedInitializersAndNodeArgs] Removing initializer '/stages/stages.2/blocks/blocks.5/conv1/ReduceMean_1_output_0'. It is no longer used by any node.
2026-09-06 17:03:23.1972821 [I:onnxruntime:, graph.cc:4888 onnxruntime::Graph::CleanUnusedInitializersAndNodeArgs] Removing initializer '/stages/stages.2/blocks/blocks.5/conv1/Sub_output_0'. It is no longer used by any node.
2026-09-06 17:03:23.1974837 [I:onnxruntime:, graph.cc:4888 onnxruntime::Graph::CleanUnusedInitializersAndNodeArgs] Removing initializer '/stages/stages.2/blocks/blocks.5/conv1/Mul_output_0'. It is no longer used by any node.
2026-09-06 17:03:23.1976848 [I:onnxruntime:, graph.cc:4888 onnxruntime::Graph::CleanUnusedInitializersAndNodeArgs] Removing initializer '/stages/stages.2/blocks/blocks.5/conv1/ReduceMean_2_output_0'. It is no longer used by any node.
2026-09-06 17:03:23.1979020 [I:onnxruntime:, graph.cc:4888 onnxruntime::Graph::CleanUnusedInitializersAndNodeArgs] Removing initializer '/stages/stages.0/blocks/blocks.1/conv3/ReduceMean_1_output_0'. It is no longer used by any node.
2026-09-06 17:03:23.1981216 [I:onnxruntime:, graph.cc:4888 onnxruntime::Graph::CleanUnusedInitializersAndNodeArgs] Removing initializer '/stages/stages.2/blocks/blocks.5/conv1/ReduceMean_output_0'. It is no longer used by any node.
2026-09-06 17:03:23.1983410 [I:onnxruntime:, graph.cc:4888 onnxruntime::Graph::CleanUnusedInitializersAndNodeArgs] Removing initializer '/stages/stages.2/blocks/blocks.5/conv1/BatchNormalization_output_0'. It is no longer used by any node.
2026-09-06 17:03:23.1985539 [I:onnxruntime:, graph.cc:4888 onnxruntime::Graph::CleanUnusedInitializersAndNodeArgs] Removing initializer '/stages/stages.2/blocks/blocks.5/conv1/BatchNormalization_output_1'. It is no longer used by any node.
2026-09-06 17:03:23.1987625 [I:onnxruntime:, graph.cc:4888 onnxruntime::Graph::CleanUnusedInitializersAndNodeArgs] Removing initializer '/stages/stages.0/blocks/blocks.0/conv1/ReduceMean_output_0'. It is no longer used by any node.
2026-09-06 17:03:23.1989705 [I:onnxruntime:, graph.cc:4888 onnxruntime::Graph::CleanUnusedInitializersAndNodeArgs] Removing initializer '/stages/stages.2/blocks/blocks.4/conv1/Sub_output_0'. It is no longer used by any node.
2026-09-06 17:03:23.1991797 [I:onnxruntime:, graph.cc:4888 onnxruntime::Graph::CleanUnusedInitializersAndNodeArgs] Removing initializer '/stages/stages.2/blocks/blocks.4/conv1/Mul_output_0'. It is no longer used by any node.
2026-09-06 17:03:23.1993936 [I:onnxruntime:, graph.cc:4888 onnxruntime::Graph::CleanUnusedInitializersAndNodeArgs] Removing initializer '/stages/stages.2/blocks/blocks.4/conv1/ReduceMean_2_output_0'. It is no longer used by any node.
2026-09-06 17:03:23.1996000 [I:onnxruntime:, graph.cc:4888 onnxruntime::Graph::CleanUnusedInitializersAndNodeArgs] Removing initializer '/stages/stages.2/blocks/blocks.4/conv1/BatchNormalization_output_0'. It is no longer used by any node.
2026-09-06 17:03:23.1998157 [I:onnxruntime:, graph.cc:4888 onnxruntime::Graph::CleanUnusedInitializersAndNodeArgs] Removing initializer '/stages/stages.2/blocks/blocks.4/conv1/BatchNormalization_output_1'. It is no longer used by any node.
2026-09-06 17:03:23.2000344 [I:onnxruntime:, graph.cc:4888 onnxruntime::Graph::CleanUnusedInitializersAndNodeArgs] Removing initializer '/stages/stages.2/blocks/blocks.3/conv3/ReduceMean_1_output_0'. It is no longer used by any node.
2026-09-06 17:03:23.2002456 [I:onnxruntime:, graph.cc:4888 onnxruntime::Graph::CleanUnusedInitializersAndNodeArgs] Removing initializer '/stages/stages.2/blocks/blocks.3/conv3/ReduceMean_2_output_0'. It is no longer used by any node.
2026-09-06 17:03:23.2005074 [I:onnxruntime:, graph.cc:4888 onnxruntime::Graph::CleanUnusedInitializersAndNodeArgs] Removing initializer '/stages/stages.2/blocks/blocks.3/conv3/ReduceMean_output_0'. It is no longer used by any node.
2026-09-06 17:03:23.2007425 [I:onnxruntime:, graph.cc:4888 onnxruntime::Graph::CleanUnusedInitializersAndNodeArgs] Removing initializer '/stages/stages.2/blocks/blocks.3/conv3/BatchNormalization_output_0'. It is no longer used by any node.
2026-09-06 17:03:23.2009597 [I:onnxruntime:, graph.cc:4888 onnxruntime::Graph::CleanUnusedInitializersAndNodeArgs] Removing initializer '/stages/stages.2/blocks/blocks.3/conv3/BatchNormalization_output_2'. It is no longer used by any node.
2026-09-06 17:03:23.2011765 [I:onnxruntime:, graph.cc:4888 onnxruntime::Graph::CleanUnusedInitializersAndNodeArgs] Removing initializer '/stages/stages.1/blocks/blocks.1/conv3/ReduceMean_2_output_0'. It is no longer used by any node.
2026-09-06 17:03:23.2013948 [I:onnxruntime:, graph.cc:4888 onnxruntime::Graph::CleanUnusedInitializersAndNodeArgs] Removing initializer '/stages/stages.2/blocks/blocks.3/conv2/Sub_output_0'. It is no longer used by any node.
2026-09-06 17:03:23.2016053 [I:onnxruntime:, graph.cc:4888 onnxruntime::Graph::CleanUnusedInitializersAndNodeArgs] Removing initializer '/stages/stages.2/blocks/blocks.3/conv2/ReduceMean_2_output_0'. It is no longer used by any node.
2026-09-06 17:03:23.2018476 [I:onnxruntime:, graph.cc:4888 onnxruntime::Graph::CleanUnusedInitializersAndNodeArgs] Removing initializer '/stages/stages.2/blocks/blocks.3/conv2/ReduceMean_output_0'. It is no longer used by any node.
2026-09-06 17:03:23.2020542 [I:onnxruntime:, graph.cc:4888 onnxruntime::Graph::CleanUnusedInitializersAndNodeArgs] Removing initializer '/stages/stages.2/blocks/blocks.3/conv1/ReduceMean_1_output_0'. It is no longer used by any node.
2026-09-06 17:03:23.2022668 [I:onnxruntime:, graph.cc:4888 onnxruntime::Graph::CleanUnusedInitializersAndNodeArgs] Removing initializer '/stages/stages.1/blocks/blocks.0/conv1/Mul_output_0'. It is no longer used by any node.
2026-09-06 17:03:23.2024729 [I:onnxruntime:, graph.cc:4888 onnxruntime::Graph::CleanUnusedInitializersAndNodeArgs] Removing initializer '/stages/stages.2/blocks/blocks.3/conv1/Sub_output_0'. It is no longer used by any node.
2026-09-06 17:03:23.2026751 [I:onnxruntime:, graph.cc:4888 onnxruntime::Graph::CleanUnusedInitializersAndNodeArgs] Removing initializer '/stages/stages.2/blocks/blocks.3/conv1/BatchNormalization_output_0'. It is no longer used by any node.
2026-09-06 17:03:23.2028878 [I:onnxruntime:, graph.cc:4888 onnxruntime::Graph::CleanUnusedInitializersAndNodeArgs] Removing initializer '/stages/stages.2/blocks/blocks.3/conv1/BatchNormalization_output_2'. It is no longer used by any node.
2026-09-06 17:03:23.2031286 [I:onnxruntime:, graph.cc:4888 onnxruntime::Graph::CleanUnusedInitializersAndNodeArgs] Removing initializer '/stages/stages.2/blocks/blocks.2/conv3/Mul_output_0'. It is no longer used by any node.
2026-09-06 17:03:23.2033299 [I:onnxruntime:, graph.cc:4888 onnxruntime::Graph::CleanUnusedInitializersAndNodeArgs] Removing initializer '/stages/stages.2/blocks/blocks.1/conv1/ReduceMean_output_0'. It is no longer used by any node.
2026-09-06 17:03:23.2035449 [I:onnxruntime:, graph.cc:4888 onnxruntime::Graph::CleanUnusedInitializersAndNodeArgs] Removing initializer '/stages/stages.2/blocks/blocks.2/conv3/ReduceMean_2_output_0'. It is no longer used by any node.
2026-09-06 17:03:23.2037522 [I:onnxruntime:, graph.cc:4888 onnxruntime::Graph::CleanUnusedInitializersAndNodeArgs] Removing initializer '/stages/stages.2/blocks/blocks.2/conv3/ReduceMean_output_0'. It is no longer used by any node.
2026-09-06 17:03:23.2039712 [I:onnxruntime:, graph.cc:4888 onnxruntime::Graph::CleanUnusedInitializersAndNodeArgs] Removing initializer '/stages/stages.0/blocks/blocks.2/conv3/ReduceMean_1_output_0'. It is no longer used by any node.
2026-09-06 17:03:23.2042038 [I:onnxruntime:, graph.cc:4888 onnxruntime::Graph::CleanUnusedInitializersAndNodeArgs] Removing initializer '/stages/stages.2/blocks/blocks.2/conv3/BatchNormalization_output_0'. It is no longer used by any node.
2026-09-06 17:03:23.2044198 [I:onnxruntime:, graph.cc:4888 onnxruntime::Graph::CleanUnusedInitializersAndNodeArgs] Removing initializer '/stages/stages.0/blocks/blocks.1/conv1/ReduceMean_1_output_0'. It is no longer used by any node.
2026-09-06 17:03:23.2046317 [I:onnxruntime:, graph.cc:4888 onnxruntime::Graph::CleanUnusedInitializersAndNodeArgs] Removing initializer '/stages/stages.2/blocks/blocks.2/conv3/BatchNormalization_output_1'. It is no longer used by any node.
2026-09-06 17:03:23.2048473 [I:onnxruntime:, graph.cc:4888 onnxruntime::Graph::CleanUnusedInitializersAndNodeArgs] Removing initializer '/stages/stages.2/blocks/blocks.2/conv2/ReduceMean_1_output_0'. It is no longer used by any node.
2026-09-06 17:03:23.2050801 [I:onnxruntime:, graph.cc:4888 onnxruntime::Graph::CleanUnusedInitializersAndNodeArgs] Removing initializer '/stages/stages.2/blocks/blocks.2/conv2/Mul_output_0'. It is no longer used by any node.
2026-09-06 17:03:23.2052973 [I:onnxruntime:, graph.cc:4888 onnxruntime::Graph::CleanUnusedInitializersAndNodeArgs] Removing initializer '/stages/stages.2/blocks/blocks.2/conv2/ReduceMean_2_output_0'. It is no longer used by any node.
2026-09-06 17:03:23.2055206 [I:onnxruntime:, graph.cc:4888 onnxruntime::Graph::CleanUnusedInitializersAndNodeArgs] Removing initializer '/stages/stages.2/blocks/blocks.2/conv2/ReduceMean_output_0'. It is no longer used by any node.
2026-09-06 17:03:23.2057292 [I:onnxruntime:, graph.cc:4888 onnxruntime::Graph::CleanUnusedInitializersAndNodeArgs] Removing initializer '/stages/stages.2/blocks/blocks.2/conv1/ReduceMean_1_output_0'. It is no longer used by any node.
2026-09-06 17:03:23.2059460 [I:onnxruntime:, graph.cc:4888 onnxruntime::Graph::CleanUnusedInitializersAndNodeArgs] Removing initializer '/stages/stages.2/blocks/blocks.2/conv1/ReduceMean_2_output_0'. It is no longer used by any node.
2026-09-06 17:03:23.2061581 [I:onnxruntime:, graph.cc:4888 onnxruntime::Graph::CleanUnusedInitializersAndNodeArgs] Removing initializer '/stages/stages.2/blocks/blocks.2/conv1/ReduceMean_output_0'. It is no longer used by any node.
2026-09-06 17:03:23.2063638 [I:onnxruntime:, graph.cc:4888 onnxruntime::Graph::CleanUnusedInitializersAndNodeArgs] Removing initializer '/stages/stages.2/blocks/blocks.2/conv1/BatchNormalization_output_0'. It is no longer used by any node.
2026-09-06 17:03:23.2065907 [I:onnxruntime:, graph.cc:4888 onnxruntime::Graph::CleanUnusedInitializersAndNodeArgs] Removing initializer '/stages/stages.2/blocks/blocks.2/conv1/BatchNormalization_output_2'. It is no longer used by any node.
2026-09-06 17:03:23.2068180 [I:onnxruntime:, graph.cc:4888 onnxruntime::Graph::CleanUnusedInitializersAndNodeArgs] Removing initializer '/stages/stages.0/blocks/blocks.0/conv3/ReduceMean_output_0'. It is no longer used by any node.
2026-09-06 17:03:23.2070385 [I:onnxruntime:, graph.cc:4888 onnxruntime::Graph::CleanUnusedInitializersAndNodeArgs] Removing initializer '/stages/stages.2/blocks/blocks.1/conv3/Sub_output_0'. It is no longer used by any node.
2026-09-06 17:03:23.2072404 [I:onnxruntime:, graph.cc:4888 onnxruntime::Graph::CleanUnusedInitializersAndNodeArgs] Removing initializer '/stages/stages.2/blocks/blocks.0/downsample/conv/ReduceMean_output_0'. It is no longer used by any node.
2026-09-06 17:03:23.2074570 [I:onnxruntime:, graph.cc:4888 onnxruntime::Graph::CleanUnusedInitializersAndNodeArgs] Removing initializer '/stages/stages.2/blocks/blocks.1/conv3/BatchNormalization_output_1'. It is no longer used by any node.
2026-09-06 17:03:23.2076851 [I:onnxruntime:, graph.cc:4888 onnxruntime::Graph::CleanUnusedInitializersAndNodeArgs] Removing initializer '/stages/stages.2/blocks/blocks.1/conv3/BatchNormalization_output_2'. It is no longer used by any node.
2026-09-06 17:03:23.2079122 [I:onnxruntime:, graph.cc:4888 onnxruntime::Graph::CleanUnusedInitializersAndNodeArgs] Removing initializer '/stages/stages.2/blocks/blocks.1/conv2/ReduceMean_1_output_0'. It is no longer used by any node.
2026-09-06 17:03:23.2081236 [I:onnxruntime:, graph.cc:4888 onnxruntime::Graph::CleanUnusedInitializersAndNodeArgs] Removing initializer '/stages/stages.1/blocks/blocks.3/conv1/BatchNormalization_output_1'. It is no longer used by any node.
2026-09-06 17:03:23.2083391 [I:onnxruntime:, graph.cc:4888 onnxruntime::Graph::CleanUnusedInitializersAndNodeArgs] Removing initializer '/stages/stages.2/blocks/blocks.1/conv2/Sub_output_0'. It is no longer used by any node.
2026-09-06 17:03:23.2085407 [I:onnxruntime:, graph.cc:4888 onnxruntime::Graph::CleanUnusedInitializersAndNodeArgs] Removing initializer '/stages/stages.2/blocks/blocks.1/conv2/ReduceMean_2_output_0'. It is no longer used by any node.
2026-09-06 17:03:23.2087689 [I:onnxruntime:, graph.cc:4888 onnxruntime::Graph::CleanUnusedInitializersAndNodeArgs] Removing initializer '/stages/stages.2/blocks/blocks.1/conv2/ReduceMean_output_0'. It is no longer used by any node.
2026-09-06 17:03:23.2089800 [I:onnxruntime:, graph.cc:4888 onnxruntime::Graph::CleanUnusedInitializersAndNodeArgs] Removing initializer '/stages/stages.1/blocks/blocks.2/conv3/Sub_output_0'. It is no longer used by any node.
2026-09-06 17:03:23.2091955 [I:onnxruntime:, graph.cc:4888 onnxruntime::Graph::CleanUnusedInitializersAndNodeArgs] Removing initializer '/stages/stages.2/blocks/blocks.1/conv2/BatchNormalization_output_0'. It is no longer used by any node.
2026-09-06 17:03:23.2094121 [I:onnxruntime:, graph.cc:4888 onnxruntime::Graph::CleanUnusedInitializersAndNodeArgs] Removing initializer '/stages/stages.2/blocks/blocks.1/conv2/BatchNormalization_output_1'. It is no longer used by any node.
2026-09-06 17:03:23.2096285 [I:onnxruntime:, graph.cc:4888 onnxruntime::Graph::CleanUnusedInitializersAndNodeArgs] Removing initializer '/stages/stages.2/blocks/blocks.1/conv1/ReduceMean_1_output_0'. It is no longer used by any node.
2026-09-06 17:03:23.2098335 [I:onnxruntime:, graph.cc:4888 onnxruntime::Graph::CleanUnusedInitializersAndNodeArgs] Removing initializer '/stages/stages.2/blocks/blocks.1/conv1/Sub_output_0'. It is no longer used by any node.
2026-09-06 17:03:23.2100494 [I:onnxruntime:, graph.cc:4888 onnxruntime::Graph::CleanUnusedInitializersAndNodeArgs] Removing initializer '/stages/stages.2/blocks/blocks.1/conv1/ReduceMean_2_output_0'. It is no longer used by any node.
2026-09-06 17:03:23.2102538 [I:onnxruntime:, graph.cc:4888 onnxruntime::Graph::CleanUnusedInitializersAndNodeArgs] Removing initializer '/stages/stages.2/blocks/blocks.1/conv1/BatchNormalization_output_1'. It is no longer used by any node.
2026-09-06 17:03:23.2104791 [I:onnxruntime:, graph.cc:4888 onnxruntime::Graph::CleanUnusedInitializersAndNodeArgs] Removing initializer '/stages/stages.2/blocks/blocks.1/conv1/BatchNormalization_output_2'. It is no longer used by any node.
2026-09-06 17:03:23.2106918 [I:onnxruntime:, graph.cc:4888 onnxruntime::Graph::CleanUnusedInitializersAndNodeArgs] Removing initializer '/stages/stages.1/blocks/blocks.0/conv3/BatchNormalization_output_1'. It is no longer used by any node.
2026-09-06 17:03:23.2109069 [I:onnxruntime:, graph.cc:4888 onnxruntime::Graph::CleanUnusedInitializersAndNodeArgs] Removing initializer '/stages/stages.2/blocks/blocks.0/conv3/ReduceMean_1_output_0'. It is no longer used by any node.
2026-09-06 17:03:23.2111285 [I:onnxruntime:, graph.cc:4888 onnxruntime::Graph::CleanUnusedInitializersAndNodeArgs] Removing initializer '/stages/stages.2/blocks/blocks.0/conv3/Sub_output_0'. It is no longer used by any node.
2026-09-06 17:03:23.2113266 [I:onnxruntime:, graph.cc:4888 onnxruntime::Graph::CleanUnusedInitializersAndNodeArgs] Removing initializer '/stages/stages.2/blocks/blocks.0/conv3/Mul_output_0'. It is no longer used by any node.
2026-09-06 17:03:23.2115383 [I:onnxruntime:, graph.cc:4888 onnxruntime::Graph::CleanUnusedInitializersAndNodeArgs] Removing initializer '/stages/stages.2/blocks/blocks.0/conv3/BatchNormalization_output_1'. It is no longer used by any node.
2026-09-06 17:03:23.2117499 [I:onnxruntime:, graph.cc:4888 onnxruntime::Graph::CleanUnusedInitializersAndNodeArgs] Removing initializer '/stages/stages.2/blocks/blocks.0/conv3/BatchNormalization_output_2'. It is no longer used by any node.
2026-09-06 17:03:23.2119679 [I:onnxruntime:, graph.cc:4888 onnxruntime::Graph::CleanUnusedInitializersAndNodeArgs] Removing initializer '/stages/stages.2/blocks/blocks.0/conv2/Sub_output_0'. It is no longer used by any node.
2026-09-06 17:03:23.2121803 [I:onnxruntime:, graph.cc:4888 onnxruntime::Graph::CleanUnusedInitializersAndNodeArgs] Removing initializer '/stages/stages.2/blocks/blocks.0/conv2/Mul_output_0'. It is no longer used by any node.
2026-09-06 17:03:23.2123797 [I:onnxruntime:, graph.cc:4888 onnxruntime::Graph::CleanUnusedInitializersAndNodeArgs] Removing initializer '/stages/stages.1/blocks/blocks.1/conv3/BatchNormalization_output_0'. It is no longer used by any node.
2026-09-06 17:03:23.2125931 [I:onnxruntime:, graph.cc:4888 onnxruntime::Graph::CleanUnusedInitializersAndNodeArgs] Removing initializer '/stages/stages.2/blocks/blocks.0/conv2/ReduceMean_2_output_0'. It is no longer used by any node.
2026-09-06 17:03:23.2128129 [I:onnxruntime:, graph.cc:4888 onnxruntime::Graph::CleanUnusedInitializersAndNodeArgs] Removing initializer '/stages/stages.2/blocks/blocks.0/conv2/BatchNormalization_output_1'. It is no longer used by any node.
2026-09-06 17:03:23.2130331 [I:onnxruntime:, graph.cc:4888 onnxruntime::Graph::CleanUnusedInitializersAndNodeArgs] Removing initializer '/stages/stages.2/blocks/blocks.0/conv2/BatchNormalization_output_2'. It is no longer used by any node.
2026-09-06 17:03:23.2132449 [I:onnxruntime:, graph.cc:4888 onnxruntime::Graph::CleanUnusedInitializersAndNodeArgs] Removing initializer '/stages/stages.2/blocks/blocks.0/conv1/ReduceMean_1_output_0'. It is no longer used by any node.
2026-09-06 17:03:23.2134672 [I:onnxruntime:, graph.cc:4888 onnxruntime::Graph::CleanUnusedInitializersAndNodeArgs] Removing initializer '/stages/stages.2/blocks/blocks.0/conv1/Sub_output_0'. It is no longer used by any node.
2026-09-06 17:03:23.2136661 [I:onnxruntime:, graph.cc:4888 onnxruntime::Graph::CleanUnusedInitializersAndNodeArgs] Removing initializer '/stages/stages.2/blocks/blocks.0/conv1/Mul_output_0'. It is no longer used by any node.
2026-09-06 17:03:23.2138682 [I:onnxruntime:, graph.cc:4888 onnxruntime::Graph::CleanUnusedInitializersAndNodeArgs] Removing initializer '/stages/stages.2/blocks/blocks.0/conv1/BatchNormalization_output_1'. It is no longer used by any node.
2026-09-06 17:03:23.2140942 [I:onnxruntime:, graph.cc:4888 onnxruntime::Graph::CleanUnusedInitializersAndNodeArgs] Removing initializer '/stages/stages.2/blocks/blocks.0/conv1/BatchNormalization_output_2'. It is no longer used by any node.
2026-09-06 17:03:23.2143081 [I:onnxruntime:, graph.cc:4888 onnxruntime::Graph::CleanUnusedInitializersAndNodeArgs] Removing initializer '/stages/stages.1/blocks/blocks.3/conv3/ReduceMean_1_output_0'. It is no longer used by any node.
2026-09-06 17:03:23.2145285 [I:onnxruntime:, graph.cc:4888 onnxruntime::Graph::CleanUnusedInitializersAndNodeArgs] Removing initializer '/stages/stages.1/blocks/blocks.3/conv3/Sub_output_0'. It is no longer used by any node.
2026-09-06 17:03:23.2147287 [I:onnxruntime:, graph.cc:4888 onnxruntime::Graph::CleanUnusedInitializersAndNodeArgs] Removing initializer '/stages/stages.1/blocks/blocks.3/conv3/ReduceMean_2_output_0'. It is no longer used by any node.
2026-09-06 17:03:23.2149408 [I:onnxruntime:, graph.cc:4888 onnxruntime::Graph::CleanUnusedInitializersAndNodeArgs] Removing initializer '/stages/stages.1/blocks/blocks.3/conv3/BatchNormalization_output_1'. It is no longer used by any node.
2026-09-06 17:03:23.2151650 [I:onnxruntime:, graph.cc:4888 onnxruntime::Graph::CleanUnusedInitializersAndNodeArgs] Removing initializer '/stages/stages.1/blocks/blocks.3/conv3/BatchNormalization_output_2'. It is no longer used by any node.
2026-09-06 17:03:23.2153803 [I:onnxruntime:, graph.cc:4888 onnxruntime::Graph::CleanUnusedInitializersAndNodeArgs] Removing initializer '/stages/stages.1/blocks/blocks.2/conv2/BatchNormalization_output_0'. It is no longer used by any node.
2026-09-06 17:03:23.2156075 [I:onnxruntime:, graph.cc:4888 onnxruntime::Graph::CleanUnusedInitializersAndNodeArgs] Removing initializer '/stages/stages.1/blocks/blocks.3/conv2/BatchNormalization_output_1'. It is no longer used by any node.
2026-09-06 17:03:23.2158184 [I:onnxruntime:, graph.cc:4888 onnxruntime::Graph::CleanUnusedInitializersAndNodeArgs] Removing initializer '/stages/stages.1/blocks/blocks.3/conv2/BatchNormalization_output_2'. It is no longer used by any node.
2026-09-06 17:03:23.2160314 [I:onnxruntime:, graph.cc:4888 onnxruntime::Graph::CleanUnusedInitializersAndNodeArgs] Removing initializer '/stages/stages.1/blocks/blocks.3/conv1/ReduceMean_1_output_0'. It is no longer used by any node.
2026-09-06 17:03:23.2162371 [I:onnxruntime:, graph.cc:4888 onnxruntime::Graph::CleanUnusedInitializersAndNodeArgs] Removing initializer '/stages/stages.1/blocks/blocks.3/conv1/Sub_output_0'. It is no longer used by any node.
2026-09-06 17:03:23.2164479 [I:onnxruntime:, graph.cc:4888 onnxruntime::Graph::CleanUnusedInitializersAndNodeArgs] Removing initializer '/stages/stages.1/blocks/blocks.3/conv1/BatchNormalization_output_0'. It is no longer used by any node.
2026-09-06 17:03:23.2166598 [I:onnxruntime:, graph.cc:4888 onnxruntime::Graph::CleanUnusedInitializersAndNodeArgs] Removing initializer '/stages/stages.1/blocks/blocks.3/conv1/BatchNormalization_output_2'. It is no longer used by any node.
2026-09-06 17:03:23.2168867 [I:onnxruntime:, graph.cc:4888 onnxruntime::Graph::CleanUnusedInitializersAndNodeArgs] Removing initializer '/stages/stages.2/blocks/blocks.0/downsample/conv/Sub_output_0'. It is no longer used by any node.
2026-09-06 17:03:23.2170929 [I:onnxruntime:, graph.cc:4888 onnxruntime::Graph::CleanUnusedInitializersAndNodeArgs] Removing initializer '/stages/stages.1/blocks/blocks.2/conv3/BatchNormalization_output_0'. It is no longer used by any node.
2026-09-06 17:03:23.2173068 [I:onnxruntime:, graph.cc:4888 onnxruntime::Graph::CleanUnusedInitializersAndNodeArgs] Removing initializer '/stages/stages.1/blocks/blocks.2/conv3/BatchNormalization_output_1'. It is no longer used by any node.
2026-09-06 17:03:23.2175315 [I:onnxruntime:, graph.cc:4888 onnxruntime::Graph::CleanUnusedInitializersAndNodeArgs] Removing initializer '/stages/stages.0/blocks/blocks.2/conv3/BatchNormalization_output_2'. It is no longer used by any node.
2026-09-06 17:03:23.2177451 [I:onnxruntime:, graph.cc:4888 onnxruntime::Graph::CleanUnusedInitializersAndNodeArgs] Removing initializer '/stages/stages.1/blocks/blocks.2/conv2/ReduceMean_1_output_0'. It is no longer used by any node.
2026-09-06 17:03:23.2179677 [I:onnxruntime:, graph.cc:4888 onnxruntime::Graph::CleanUnusedInitializersAndNodeArgs] Removing initializer '/stages/stages.1/blocks/blocks.2/conv2/Mul_output_0'. It is no longer used by any node.
2026-09-06 17:03:23.2181679 [I:onnxruntime:, graph.cc:4888 onnxruntime::Graph::CleanUnusedInitializersAndNodeArgs] Removing initializer '/stages/stages.1/blocks/blocks.2/conv2/ReduceMean_2_output_0'. It is no longer used by any node.
2026-09-06 17:03:23.2183757 [I:onnxruntime:, graph.cc:4888 onnxruntime::Graph::CleanUnusedInitializersAndNodeArgs] Removing initializer '/stages/stages.1/blocks/blocks.2/conv2/BatchNormalization_output_2'. It is no longer used by any node.
2026-09-06 17:03:23.2185854 [I:onnxruntime:, graph.cc:4888 onnxruntime::Graph::CleanUnusedInitializersAndNodeArgs] Removing initializer '/stages/stages.1/blocks/blocks.2/conv1/Mul_output_0'. It is no longer used by any node.
2026-09-06 17:03:23.2187971 [I:onnxruntime:, graph.cc:4888 onnxruntime::Graph::CleanUnusedInitializersAndNodeArgs] Removing initializer '/stages/stages.1/blocks/blocks.2/conv1/ReduceMean_output_0'. It is no longer used by any node.
2026-09-06 17:03:23.2190196 [I:onnxruntime:, graph.cc:4888 onnxruntime::Graph::CleanUnusedInitializersAndNodeArgs] Removing initializer '/stages/stages.1/blocks/blocks.2/conv1/BatchNormalization_output_0'. It is no longer used by any node.
2026-09-06 17:03:23.2192300 [I:onnxruntime:, graph.cc:4888 onnxruntime::Graph::CleanUnusedInitializersAndNodeArgs] Removing initializer '/stages/stages.1/blocks/blocks.2/conv1/BatchNormalization_output_2'. It is no longer used by any node.
2026-09-06 17:03:23.2194432 [I:onnxruntime:, graph.cc:4888 onnxruntime::Graph::CleanUnusedInitializersAndNodeArgs] Removing initializer '/stages/stages.1/blocks/blocks.1/conv3/ReduceMean_1_output_0'. It is no longer used by any node.
2026-09-06 17:03:23.2196489 [I:onnxruntime:, graph.cc:4888 onnxruntime::Graph::CleanUnusedInitializersAndNodeArgs] Removing initializer '/stages/stages.1/blocks/blocks.1/conv3/Sub_output_0'. It is no longer used by any node.
2026-09-06 17:03:23.2198496 [I:onnxruntime:, graph.cc:4888 onnxruntime::Graph::CleanUnusedInitializersAndNodeArgs] Removing initializer '/stages/stages.0/blocks/blocks.2/conv2/Sub_output_0'. It is no longer used by any node.
2026-09-06 17:03:23.2200611 [I:onnxruntime:, graph.cc:4888 onnxruntime::Graph::CleanUnusedInitializersAndNodeArgs] Removing initializer '/stages/stages.1/blocks/blocks.1/conv3/ReduceMean_output_0'. It is no longer used by any node.
2026-09-06 17:03:23.2202792 [I:onnxruntime:, graph.cc:4888 onnxruntime::Graph::CleanUnusedInitializersAndNodeArgs] Removing initializer '/stages/stages.1/blocks/blocks.1/conv3/BatchNormalization_output_1'. It is no longer used by any node.
2026-09-06 17:03:23.2205384 [I:onnxruntime:, graph.cc:4888 onnxruntime::Graph::CleanUnusedInitializersAndNodeArgs] Removing initializer '/stages/stages.1/blocks/blocks.1/conv3/BatchNormalization_output_2'. It is no longer used by any node.
2026-09-06 17:03:23.2208174 [I:onnxruntime:, graph.cc:4888 onnxruntime::Graph::CleanUnusedInitializersAndNodeArgs] Removing initializer '/stages/stages.1/blocks/blocks.1/conv2/Sub_output_0'. It is no longer used by any node.
2026-09-06 17:03:23.2210284 [I:onnxruntime:, graph.cc:4888 onnxruntime::Graph::CleanUnusedInitializersAndNodeArgs] Removing initializer '/stages/stages.0/blocks/blocks.1/conv2/ReduceMean_2_output_0'. It is no longer used by any node.
2026-09-06 17:03:23.2212364 [I:onnxruntime:, graph.cc:4888 onnxruntime::Graph::CleanUnusedInitializersAndNodeArgs] Removing initializer '/stages/stages.1/blocks/blocks.1/conv2/ReduceMean_output_0'. It is no longer used by any node.
2026-09-06 17:03:23.2214705 [I:onnxruntime:, graph.cc:4888 onnxruntime::Graph::CleanUnusedInitializersAndNodeArgs] Removing initializer '/stages/stages.1/blocks/blocks.1/conv2/BatchNormalization_output_1'. It is no longer used by any node.
2026-09-06 17:03:23.2216857 [I:onnxruntime:, graph.cc:4888 onnxruntime::Graph::CleanUnusedInitializersAndNodeArgs] Removing initializer '/stages/stages.0/blocks/blocks.2/conv1/Mul_output_0'. It is no longer used by any node.
2026-09-06 17:03:23.2218876 [I:onnxruntime:, graph.cc:4888 onnxruntime::Graph::CleanUnusedInitializersAndNodeArgs] Removing initializer '/stages/stages.1/blocks/blocks.1/conv2/BatchNormalization_output_2'. It is no longer used by any node.
2026-09-06 17:03:23.2221246 [I:onnxruntime:, graph.cc:4888 onnxruntime::Graph::CleanUnusedInitializersAndNodeArgs] Removing initializer '/stages/stages.0/blocks/blocks.0/downsample/conv/ReduceMean_1_output_0'. It is no longer used by any node.
2026-09-06 17:03:23.2223425 [I:onnxruntime:, graph.cc:4888 onnxruntime::Graph::CleanUnusedInitializersAndNodeArgs] Removing initializer '/stages/stages.1/blocks/blocks.1/conv1/ReduceMean_1_output_0'. It is no longer used by any node.
2026-09-06 17:03:23.2225789 [I:onnxruntime:, graph.cc:4888 onnxruntime::Graph::CleanUnusedInitializersAndNodeArgs] Removing initializer '/stages/stages.0/blocks/blocks.0/downsample/conv/ReduceMean_2_output_0'. It is no longer used by any node.
2026-09-06 17:03:23.2227952 [I:onnxruntime:, graph.cc:4888 onnxruntime::Graph::CleanUnusedInitializersAndNodeArgs] Removing initializer '/stages/stages.1/blocks/blocks.1/conv1/ReduceMean_2_output_0'. It is no longer used by any node.
2026-09-06 17:03:23.2230057 [I:onnxruntime:, graph.cc:4888 onnxruntime::Graph::CleanUnusedInitializersAndNodeArgs] Removing initializer '/stages/stages.0/blocks/blocks.0/downsample/conv/BatchNormalization_output_0'. It is no longer used by any node.
2026-09-06 17:03:23.2232299 [I:onnxruntime:, graph.cc:4888 onnxruntime::Graph::CleanUnusedInitializersAndNodeArgs] Removing initializer '/stages/stages.1/blocks/blocks.1/conv1/BatchNormalization_output_0'. It is no longer used by any node.
2026-09-06 17:03:23.2234420 [I:onnxruntime:, graph.cc:4888 onnxruntime::Graph::CleanUnusedInitializersAndNodeArgs] Removing initializer '/stages/stages.0/blocks/blocks.0/downsample/conv/BatchNormalization_output_1'. It is no longer used by any node.
2026-09-06 17:03:23.2236880 [I:onnxruntime:, graph.cc:4888 onnxruntime::Graph::CleanUnusedInitializersAndNodeArgs] Removing initializer '/stages/stages.1/blocks/blocks.1/conv1/BatchNormalization_output_1'. It is no longer used by any node.
2026-09-06 17:03:23.2239166 [I:onnxruntime:, graph.cc:4888 onnxruntime::Graph::CleanUnusedInitializersAndNodeArgs] Removing initializer '/stages/stages.0/blocks/blocks.0/downsample/conv/BatchNormalization_output_2'. It is no longer used by any node.
2026-09-06 17:03:23.2241418 [I:onnxruntime:, graph.cc:4888 onnxruntime::Graph::CleanUnusedInitializersAndNodeArgs] Removing initializer '/stages/stages.1/blocks/blocks.1/conv1/BatchNormalization_output_2'. It is no longer used by any node.
2026-09-06 17:03:23.2243553 [I:onnxruntime:, graph.cc:4888 onnxruntime::Graph::CleanUnusedInitializersAndNodeArgs] Removing initializer '/stages/stages.1/blocks/blocks.0/conv3/ReduceMean_1_output_0'. It is no longer used by any node.
2026-09-06 17:03:23.2245932 [I:onnxruntime:, graph.cc:4888 onnxruntime::Graph::CleanUnusedInitializersAndNodeArgs] Removing initializer '/stages/stages.1/blocks/blocks.0/conv3/Sub_output_0'. It is no longer used by any node.
2026-09-06 17:03:23.2248263 [I:onnxruntime:, graph.cc:4888 onnxruntime::Graph::CleanUnusedInitializersAndNodeArgs] Removing initializer '/stages/stages.1/blocks/blocks.0/conv3/Mul_output_0'. It is no longer used by any node.
2026-09-06 17:03:23.2250663 [I:onnxruntime:, graph.cc:4888 onnxruntime::Graph::CleanUnusedInitializersAndNodeArgs] Removing initializer '/stages/stages.0/blocks/blocks.0/conv1/BatchNormalization_output_0'. It is no longer used by any node.
2026-09-06 17:03:23.2252785 [I:onnxruntime:, graph.cc:4888 onnxruntime::Graph::CleanUnusedInitializersAndNodeArgs] Removing initializer '/stages/stages.1/blocks/blocks.0/conv3/ReduceMean_2_output_0'. It is no longer used by any node.
2026-09-06 17:03:23.2254889 [I:onnxruntime:, graph.cc:4888 onnxruntime::Graph::CleanUnusedInitializersAndNodeArgs] Removing initializer '/stages/stages.1/blocks/blocks.0/conv3/BatchNormalization_output_0'. It is no longer used by any node.
2026-09-06 17:03:23.2257036 [I:onnxruntime:, graph.cc:4888 onnxruntime::Graph::CleanUnusedInitializersAndNodeArgs] Removing initializer '/stages/stages.1/blocks/blocks.0/conv2/ReduceMean_1_output_0'. It is no longer used by any node.
2026-09-06 17:03:23.2259130 [I:onnxruntime:, graph.cc:4888 onnxruntime::Graph::CleanUnusedInitializersAndNodeArgs] Removing initializer '/stem/conv/Mul_output_0'. It is no longer used by any node.
2026-09-06 17:03:23.2261063 [I:onnxruntime:, graph.cc:4888 onnxruntime::Graph::CleanUnusedInitializersAndNodeArgs] Removing initializer '/stages/stages.1/blocks/blocks.0/conv2/ReduceMean_output_0'. It is no longer used by any node.
2026-09-06 17:03:23.2263407 [I:onnxruntime:, graph.cc:4888 onnxruntime::Graph::CleanUnusedInitializersAndNodeArgs] Removing initializer '/stages/stages.1/blocks/blocks.0/conv2/BatchNormalization_output_0'. It is no longer used by any node.
2026-09-06 17:03:23.2265563 [I:onnxruntime:, graph.cc:4888 onnxruntime::Graph::CleanUnusedInitializersAndNodeArgs] Removing initializer '/stages/stages.1/blocks/blocks.0/conv2/BatchNormalization_output_1'. It is no longer used by any node.
2026-09-06 17:03:23.2267713 [I:onnxruntime:, graph.cc:4888 onnxruntime::Graph::CleanUnusedInitializersAndNodeArgs] Removing initializer '/stages/stages.1/blocks/blocks.0/conv1/ReduceMean_1_output_0'. It is no longer used by any node.
2026-09-06 17:03:23.2269829 [I:onnxruntime:, graph.cc:4888 onnxruntime::Graph::CleanUnusedInitializersAndNodeArgs] Removing initializer '/stages/stages.1/blocks/blocks.0/conv1/Sub_output_0'. It is no longer used by any node.
2026-09-06 17:03:23.2272090 [I:onnxruntime:, graph.cc:4888 onnxruntime::Graph::CleanUnusedInitializersAndNodeArgs] Removing initializer '/stages/stages.1/blocks/blocks.0/conv1/ReduceMean_output_0'. It is no longer used by any node.
2026-09-06 17:03:23.2274261 [I:onnxruntime:, graph.cc:4888 onnxruntime::Graph::CleanUnusedInitializersAndNodeArgs] Removing initializer '/stages/stages.1/blocks/blocks.0/conv1/BatchNormalization_output_0'. It is no longer used by any node.
2026-09-06 17:03:23.2276559 [I:onnxruntime:, graph.cc:4888 onnxruntime::Graph::CleanUnusedInitializersAndNodeArgs] Removing initializer '/stages/stages.1/blocks/blocks.0/conv1/BatchNormalization_output_1'. It is no longer used by any node.
2026-09-06 17:03:23.2278681 [I:onnxruntime:, graph.cc:4888 onnxruntime::Graph::CleanUnusedInitializersAndNodeArgs] Removing initializer '/stages/stages.0/blocks/blocks.2/conv3/Mul_output_0'. It is no longer used by any node.
2026-09-06 17:03:23.2280689 [I:onnxruntime:, graph.cc:4888 onnxruntime::Graph::CleanUnusedInitializersAndNodeArgs] Removing initializer '/stages/stages.0/blocks/blocks.2/conv3/ReduceMean_output_0'. It is no longer used by any node.
2026-09-06 17:03:23.2282780 [I:onnxruntime:, graph.cc:4888 onnxruntime::Graph::CleanUnusedInitializersAndNodeArgs] Removing initializer '/stages/stages.0/blocks/blocks.2/conv3/BatchNormalization_output_0'. It is no longer used by any node.
2026-09-06 17:03:23.2285037 [I:onnxruntime:, graph.cc:4888 onnxruntime::Graph::CleanUnusedInitializersAndNodeArgs] Removing initializer '/stages/stages.0/blocks/blocks.2/conv2/ReduceMean_1_output_0'. It is no longer used by any node.
2026-09-06 17:03:23.2287257 [I:onnxruntime:, graph.cc:4888 onnxruntime::Graph::CleanUnusedInitializersAndNodeArgs] Removing initializer '/stages/stages.0/blocks/blocks.2/conv2/Mul_output_0'. It is no longer used by any node.
2026-09-06 17:03:23.2289275 [I:onnxruntime:, graph.cc:4888 onnxruntime::Graph::CleanUnusedInitializersAndNodeArgs] Removing initializer '/stages/stages.0/blocks/blocks.2/conv2/ReduceMean_output_0'. It is no longer used by any node.
2026-09-06 17:03:23.2291318 [I:onnxruntime:, graph.cc:4888 onnxruntime::Graph::CleanUnusedInitializersAndNodeArgs] Removing initializer '/stages/stages.0/blocks/blocks.2/conv2/BatchNormalization_output_0'. It is no longer used by any node.
2026-09-06 17:03:23.2293478 [I:onnxruntime:, graph.cc:4888 onnxruntime::Graph::CleanUnusedInitializersAndNodeArgs] Removing initializer '/stages/stages.0/blocks/blocks.2/conv2/BatchNormalization_output_1'. It is no longer used by any node.
2026-09-06 17:03:23.2295778 [I:onnxruntime:, graph.cc:4888 onnxruntime::Graph::CleanUnusedInitializersAndNodeArgs] Removing initializer '/stages/stages.0/blocks/blocks.2/conv2/BatchNormalization_output_2'. It is no longer used by any node.
2026-09-06 17:03:23.2297987 [I:onnxruntime:, graph.cc:4888 onnxruntime::Graph::CleanUnusedInitializersAndNodeArgs] Removing initializer '/stages/stages.0/blocks/blocks.2/conv1/BatchNormalization_output_0'. It is no longer used by any node.
2026-09-06 17:03:23.2300208 [I:onnxruntime:, graph.cc:4888 onnxruntime::Graph::CleanUnusedInitializersAndNodeArgs] Removing initializer '/stages/stages.0/blocks/blocks.1/conv3/Sub_output_0'. It is no longer used by any node.
2026-09-06 17:03:23.2302216 [I:onnxruntime:, graph.cc:4888 onnxruntime::Graph::CleanUnusedInitializersAndNodeArgs] Removing initializer '/stages/stages.0/blocks/blocks.1/conv3/ReduceMean_2_output_0'. It is no longer used by any node.
2026-09-06 17:03:23.2304343 [I:onnxruntime:, graph.cc:4888 onnxruntime::Graph::CleanUnusedInitializersAndNodeArgs] Removing initializer '/stages/stages.0/blocks/blocks.1/conv3/BatchNormalization_output_0'. It is no longer used by any node.
2026-09-06 17:03:23.2306695 [I:onnxruntime:, graph.cc:4888 onnxruntime::Graph::CleanUnusedInitializersAndNodeArgs] Removing initializer '/stages/stages.0/blocks/blocks.1/conv3/BatchNormalization_output_1'. It is no longer used by any node.
2026-09-06 17:03:23.2308836 [I:onnxruntime:, graph.cc:4888 onnxruntime::Graph::CleanUnusedInitializersAndNodeArgs] Removing initializer '/stages/stages.0/blocks/blocks.1/conv3/BatchNormalization_output_2'. It is no longer used by any node.
2026-09-06 17:03:23.2310979 [I:onnxruntime:, graph.cc:4888 onnxruntime::Graph::CleanUnusedInitializersAndNodeArgs] Removing initializer '/stages/stages.0/blocks/blocks.1/conv2/BatchNormalization_output_0'. It is no longer used by any node.
2026-09-06 17:03:23.2313272 [I:onnxruntime:, graph.cc:4888 onnxruntime::Graph::CleanUnusedInitializersAndNodeArgs] Removing initializer '/stages/stages.0/blocks/blocks.1/conv1/Sub_output_0'. It is no longer used by any node.
2026-09-06 17:03:23.2315282 [I:onnxruntime:, graph.cc:4888 onnxruntime::Graph::CleanUnusedInitializersAndNodeArgs] Removing initializer '/stages/stages.0/blocks/blocks.1/conv1/Mul_output_0'. It is no longer used by any node.
2026-09-06 17:03:23.2317298 [I:onnxruntime:, graph.cc:4888 onnxruntime::Graph::CleanUnusedInitializersAndNodeArgs] Removing initializer '/stages/stages.0/blocks/blocks.1/conv1/BatchNormalization_output_0'. It is no longer used by any node.
2026-09-06 17:03:23.2319570 [I:onnxruntime:, graph.cc:4888 onnxruntime::Graph::CleanUnusedInitializersAndNodeArgs] Removing initializer '/stages/stages.0/blocks/blocks.1/conv1/BatchNormalization_output_1'. It is no longer used by any node.
2026-09-06 17:03:23.2321734 [I:onnxruntime:, graph.cc:4888 onnxruntime::Graph::CleanUnusedInitializersAndNodeArgs] Removing initializer '/stages/stages.0/blocks/blocks.0/conv3/Sub_output_0'. It is no longer used by any node.
2026-09-06 17:03:23.2323876 [I:onnxruntime:, graph.cc:4888 onnxruntime::Graph::CleanUnusedInitializersAndNodeArgs] Removing initializer '/stages/stages.0/blocks/blocks.0/conv3/Mul_output_0'. It is no longer used by any node.
2026-09-06 17:03:23.2325863 [I:onnxruntime:, graph.cc:4888 onnxruntime::Graph::CleanUnusedInitializersAndNodeArgs] Removing initializer '/stages/stages.0/blocks/blocks.0/conv3/BatchNormalization_output_0'. It is no longer used by any node.
2026-09-06 17:03:23.2328048 [I:onnxruntime:, graph.cc:4888 onnxruntime::Graph::CleanUnusedInitializersAndNodeArgs] Removing initializer '/stages/stages.0/blocks/blocks.0/conv3/BatchNormalization_output_1'. It is no longer used by any node.
2026-09-06 17:03:23.2330391 [I:onnxruntime:, graph.cc:4888 onnxruntime::Graph::CleanUnusedInitializersAndNodeArgs] Removing initializer '/stages/stages.0/blocks/blocks.0/conv3/BatchNormalization_output_2'. It is no longer used by any node.
2026-09-06 17:03:23.2332562 [I:onnxruntime:, graph.cc:4888 onnxruntime::Graph::CleanUnusedInitializersAndNodeArgs] Removing initializer '/stages/stages.0/blocks/blocks.0/conv2/ReduceMean_1_output_0'. It is no longer used by any node.
2026-09-06 17:03:23.2334670 [I:onnxruntime:, graph.cc:4888 onnxruntime::Graph::CleanUnusedInitializersAndNodeArgs] Removing initializer '/stages/stages.0/blocks/blocks.0/conv2/Mul_output_0'. It is no longer used by any node.
2026-09-06 17:03:23.2336824 [I:onnxruntime:, graph.cc:4888 onnxruntime::Graph::CleanUnusedInitializersAndNodeArgs] Removing initializer '/stages/stages.0/blocks/blocks.0/conv2/ReduceMean_2_output_0'. It is no longer used by any node.
2026-09-06 17:03:23.2338894 [I:onnxruntime:, graph.cc:4888 onnxruntime::Graph::CleanUnusedInitializersAndNodeArgs] Removing initializer '/stages/stages.0/blocks/blocks.0/conv1/Sub_output_0'. It is no longer used by any node.
2026-09-06 17:03:23.2340893 [I:onnxruntime:, graph.cc:4888 onnxruntime::Graph::CleanUnusedInitializersAndNodeArgs] Removing initializer '/stages/stages.0/blocks/blocks.0/conv1/Mul_output_0'. It is no longer used by any node.
2026-09-06 17:03:23.2343052 [I:onnxruntime:, graph.cc:4888 onnxruntime::Graph::CleanUnusedInitializersAndNodeArgs] Removing initializer '/stages/stages.0/blocks/blocks.0/conv1/BatchNormalization_output_1'. It is no longer used by any node.
2026-09-06 17:03:23.2345197 [I:onnxruntime:, graph.cc:4888 onnxruntime::Graph::CleanUnusedInitializersAndNodeArgs] Removing initializer '/stem/pad/Concat_output_0'. It is no longer used by any node.
2026-09-06 17:03:23.2347045 [I:onnxruntime:, graph.cc:4888 onnxruntime::Graph::CleanUnusedInitializersAndNodeArgs] Removing initializer '/stem/pad/Reshape_output_0'. It is no longer used by any node.
2026-09-06 17:03:23.2348926 [I:onnxruntime:, graph.cc:4888 onnxruntime::Graph::CleanUnusedInitializersAndNodeArgs] Removing initializer '/stem/conv/ReduceMean_1_output_0'. It is no longer used by any node.
2026-09-06 17:03:23.2350744 [I:onnxruntime:, graph.cc:4888 onnxruntime::Graph::CleanUnusedInitializersAndNodeArgs] Removing initializer '/stem/conv/ReduceMean_2_output_0'. It is no longer used by any node.
2026-09-06 17:03:23.2352698 [I:onnxruntime:, graph.cc:4888 onnxruntime::Graph::CleanUnusedInitializersAndNodeArgs] Removing initializer '/stem/conv/BatchNormalization_output_0'. It is no longer used by any node.
2026-09-06 17:03:23.2354580 [I:onnxruntime:, graph.cc:4888 onnxruntime::Graph::CleanUnusedInitializersAndNodeArgs] Removing initializer '/stem/conv/BatchNormalization_output_2'. It is no longer used by any node.
2026-09-06 17:03:23.2356554 [I:onnxruntime:, graph.cc:4888 onnxruntime::Graph::CleanUnusedInitializersAndNodeArgs] Removing initializer '/stages/stages.3/blocks/blocks.0/downsample/conv/BatchNormalization_output_1'. It is no longer used by any node.
2026-09-06 17:03:23.2358752 [I:onnxruntime:, graph.cc:4888 onnxruntime::Graph::CleanUnusedInitializersAndNodeArgs] Removing initializer '/stages/stages.2/blocks/blocks.0/downsample/conv/ReduceMean_1_output_0'. It is no longer used by any node.
2026-09-06 17:03:23.2360962 [I:onnxruntime:, graph.cc:4888 onnxruntime::Graph::CleanUnusedInitializersAndNodeArgs] Removing initializer '/stages/stages.2/blocks/blocks.0/downsample/conv/BatchNormalization_output_0'. It is no longer used by any node.
2026-09-06 17:03:23.2363595 [I:onnxruntime:, graph.cc:4888 onnxruntime::Graph::CleanUnusedInitializersAndNodeArgs] Removing initializer '/stages/stages.2/blocks/blocks.0/downsample/conv/BatchNormalization_output_1'. It is no longer used by any node.
2026-09-06 17:03:23.2366048 [I:onnxruntime:, graph.cc:4888 onnxruntime::Graph::CleanUnusedInitializersAndNodeArgs] Removing initializer '/stages/stages.3/blocks/blocks.0/downsample/conv/ReduceMean_1_output_0'. It is no longer used by any node.
2026-09-06 17:03:23.2368268 [I:onnxruntime:, graph.cc:4888 onnxruntime::Graph::CleanUnusedInitializersAndNodeArgs] Removing initializer '/stages/stages.3/blocks/blocks.0/downsample/conv/Sub_output_0'. It is no longer used by any node.
2026-09-06 17:03:23.2370418 [I:onnxruntime:, graph.cc:4888 onnxruntime::Graph::CleanUnusedInitializersAndNodeArgs] Removing initializer '/stages/stages.3/blocks/blocks.0/downsample/conv/Mul_output_0'. It is no longer used by any node.
2026-09-06 17:03:23.2372548 [I:onnxruntime:, graph.cc:4888 onnxruntime::Graph::CleanUnusedInitializersAndNodeArgs] Removing initializer '/stages/stages.3/blocks/blocks.0/downsample/conv/ReduceMean_2_output_0'. It is no longer used by any node.
2026-09-06 17:03:23.2374843 [I:onnxruntime:, graph.cc:4888 onnxruntime::Graph::CleanUnusedInitializersAndNodeArgs] Removing initializer '/stages/stages.3/blocks/blocks.0/downsample/conv/ReduceMean_output_0'. It is no longer used by any node.
2026-09-06 17:03:23.3140307 [I:onnxruntime:, graph_transformer.cc:15 onnxruntime::GraphTransformer::Apply] GraphTransformer MatMulAddFusion modified: 0 with status: OK
2026-09-06 17:03:23.3143076 [I:onnxruntime:, graph_transformer.cc:15 onnxruntime::GraphTransformer::Apply] GraphTransformer ReshapeFusion modified: 0 with status: OK
2026-09-06 17:03:23.3144728 [I:onnxruntime:, graph_transformer.cc:15 onnxruntime::GraphTransformer::Apply] GraphTransformer FreeDimensionOverrideTransformer modified: 0 with status: OK
2026-09-06 17:03:23.3146531 [I:onnxruntime:, graph_transformer.cc:15 onnxruntime::GraphTransformer::Apply] GraphTransformer GeluFusionL1 modified: 0 with status: OK
2026-09-06 17:03:23.3148589 [I:onnxruntime:, graph_transformer.cc:15 onnxruntime::GraphTransformer::Apply] GraphTransformer LayerNormFusionL1 modified: 0 with status: OK
2026-09-06 17:03:23.3150771 [I:onnxruntime:, graph_transformer.cc:15 onnxruntime::GraphTransformer::Apply] GraphTransformer QDQPropagationTransformer modified: 0 with status: OK
2026-09-06 17:03:23.3153498 [I:onnxruntime:, graph_transformer.cc:15 onnxruntime::GraphTransformer::Apply] GraphTransformer WeightBiasQuantization modified: 0 with status: OK
2026-09-06 17:03:23.3155799 [I:onnxruntime:, graph_transformer.cc:15 onnxruntime::GraphTransformer::Apply] GraphTransformer EnsureUniqueDQForNodeUnit modified: 0 with status: OK
2026-09-06 17:03:23.3157848 [I:onnxruntime:, graph_transformer.cc:15 onnxruntime::GraphTransformer::Apply] GraphTransformer RocmBlasAltImpl modified: 0 with status: OK
2026-09-06 17:03:23.3163810 [I:onnxruntime:, graph_transformer.cc:15 onnxruntime::GraphTransformer::Apply] GraphTransformer TransposeOptimizer modified: 0 with status: OK
2026-09-06 17:03:23.3166694 [I:onnxruntime:, graph_transformer.cc:15 onnxruntime::GraphTransformer::Apply] GraphTransformer Level1_RuleBasedTransformer modified: 1 with status: OK
2026-09-06 17:03:23.3193733 [I:onnxruntime:, graph.cc:4888 onnxruntime::Graph::CleanUnusedInitializersAndNodeArgs] Removing initializer '/stem/pad/Reshape_1_output_0'. It is no longer used by any node.
2026-09-06 17:03:23.3195765 [I:onnxruntime:, graph.cc:4888 onnxruntime::Graph::CleanUnusedInitializersAndNodeArgs] Removing initializer '/stem/pad/Constant_8_output_0'. It is no longer used by any node.
2026-09-06 17:03:23.3199186 [I:onnxruntime:, graph_transformer.cc:15 onnxruntime::GraphTransformer::Apply] GraphTransformer DoubleQDQPairsRemover modified: 0 with status: OK
2026-09-06 17:03:23.3204341 [I:onnxruntime:, graph_transformer.cc:15 onnxruntime::GraphTransformer::Apply] GraphTransformer CommonSubexpressionElimination modified: 0 with status: OK
2026-09-06 17:03:23.3206894 [I:onnxruntime:, graph_transformer.cc:15 onnxruntime::GraphTransformer::Apply] GraphTransformer ConstantFolding modified: 0 with status: OK
2026-09-06 17:03:23.3208866 [I:onnxruntime:, graph_transformer.cc:15 onnxruntime::GraphTransformer::Apply] GraphTransformer MatMulAddFusion modified: 0 with status: OK
2026-09-06 17:03:23.3210892 [I:onnxruntime:, graph_transformer.cc:15 onnxruntime::GraphTransformer::Apply] GraphTransformer ReshapeFusion modified: 0 with status: OK
2026-09-06 17:03:23.3212395 [I:onnxruntime:, graph_transformer.cc:15 onnxruntime::GraphTransformer::Apply] GraphTransformer FreeDimensionOverrideTransformer modified: 0 with status: OK
2026-09-06 17:03:23.3214047 [I:onnxruntime:, graph_transformer.cc:15 onnxruntime::GraphTransformer::Apply] GraphTransformer GeluFusionL1 modified: 0 with status: OK
2026-09-06 17:03:23.3215954 [I:onnxruntime:, graph_transformer.cc:15 onnxruntime::GraphTransformer::Apply] GraphTransformer LayerNormFusionL1 modified: 0 with status: OK
2026-09-06 17:03:23.3218375 [I:onnxruntime:, graph_transformer.cc:15 onnxruntime::GraphTransformer::Apply] GraphTransformer QDQPropagationTransformer modified: 0 with status: OK
2026-09-06 17:03:23.3220403 [I:onnxruntime:, graph_transformer.cc:15 onnxruntime::GraphTransformer::Apply] GraphTransformer WeightBiasQuantization modified: 0 with status: OK
2026-09-06 17:03:23.3222683 [I:onnxruntime:, graph_transformer.cc:15 onnxruntime::GraphTransformer::Apply] GraphTransformer EnsureUniqueDQForNodeUnit modified: 0 with status: OK
2026-09-06 17:03:23.3224900 [I:onnxruntime:, graph_transformer.cc:15 onnxruntime::GraphTransformer::Apply] GraphTransformer RocmBlasAltImpl modified: 0 with status: OK
2026-09-06 17:03:23.3227537 [I:onnxruntime:, graph_transformer.cc:15 onnxruntime::GraphTransformer::Apply] GraphTransformer Level1_RuleBasedTransformer modified: 0 with status: OK
2026-09-06 17:03:23.3229821 [I:onnxruntime:, graph_transformer.cc:15 onnxruntime::GraphTransformer::Apply] GraphTransformer DoubleQDQPairsRemover modified: 0 with status: OK
2026-09-06 17:03:23.3235200 [I:onnxruntime:, graph_transformer.cc:15 onnxruntime::GraphTransformer::Apply] GraphTransformer CommonSubexpressionElimination modified: 0 with status: OK
2026-09-06 17:03:23.3238178 [I:onnxruntime:, graph_transformer.cc:15 onnxruntime::GraphTransformer::Apply] GraphTransformer ConstantFolding modified: 0 with status: OK
2026-09-06 17:03:23.3240376 [I:onnxruntime:, graph_transformer.cc:15 onnxruntime::GraphTransformer::Apply] GraphTransformer MatMulAddFusion modified: 0 with status: OK
2026-09-06 17:03:23.3242615 [I:onnxruntime:, graph_transformer.cc:15 onnxruntime::GraphTransformer::Apply] GraphTransformer ReshapeFusion modified: 0 with status: OK
2026-09-06 17:03:23.3244379 [I:onnxruntime:, graph_transformer.cc:15 onnxruntime::GraphTransformer::Apply] GraphTransformer FreeDimensionOverrideTransformer modified: 0 with status: OK
2026-09-06 17:03:23.3246207 [I:onnxruntime:, graph_transformer.cc:15 onnxruntime::GraphTransformer::Apply] GraphTransformer GeluFusionL1 modified: 0 with status: OK
2026-09-06 17:03:23.3248142 [I:onnxruntime:, graph_transformer.cc:15 onnxruntime::GraphTransformer::Apply] GraphTransformer LayerNormFusionL1 modified: 0 with status: OK
2026-09-06 17:03:23.3250252 [I:onnxruntime:, graph_transformer.cc:15 onnxruntime::GraphTransformer::Apply] GraphTransformer QDQPropagationTransformer modified: 0 with status: OK
2026-09-06 17:03:23.3252601 [I:onnxruntime:, graph_transformer.cc:15 onnxruntime::GraphTransformer::Apply] GraphTransformer WeightBiasQuantization modified: 0 with status: OK
2026-09-06 17:03:23.3254809 [I:onnxruntime:, graph_transformer.cc:15 onnxruntime::GraphTransformer::Apply] GraphTransformer EnsureUniqueDQForNodeUnit modified: 0 with status: OK
2026-09-06 17:03:23.3256836 [I:onnxruntime:, graph_transformer.cc:15 onnxruntime::GraphTransformer::Apply] GraphTransformer RocmBlasAltImpl modified: 0 with status: OK
2026-09-06 17:03:23.4896979 [I:onnxruntime:, inference_session.cc:1465 onnxruntime::InferenceSession::TransformGraph] Running graph optimizations in loop 1 time/s (Graph Optimizations Loop Level : 1)
2026-09-06 17:03:23.4900347 [I:onnxruntime:, graph_transformer.cc:15 onnxruntime::GraphTransformer::Apply] GraphTransformer Level2_RuleBasedTransformer modified: 0 with status: OK
2026-09-06 17:03:23.4907611 [I:onnxruntime:, graph_transformer.cc:15 onnxruntime::GraphTransformer::Apply] GraphTransformer TransposeOptimizer_CPUExecutionProvider modified: 0 with status: OK
2026-09-06 17:03:23.4909988 [I:onnxruntime:, graph_transformer.cc:15 onnxruntime::GraphTransformer::Apply] GraphTransformer QDQS8ToU8Transformer modified: 0 with status: OK
2026-09-06 17:03:23.4913572 [I:onnxruntime:, graph_transformer.cc:15 onnxruntime::GraphTransformer::Apply] GraphTransformer QDQSelectorActionTransformer modified: 0 with status: OK
2026-09-06 17:03:23.4916093 [I:onnxruntime:, graph_transformer.cc:15 onnxruntime::GraphTransformer::Apply] GraphTransformer GemmActivationFusion modified: 0 with status: OK
2026-09-06 17:03:23.4918539 [I:onnxruntime:, graph_transformer.cc:15 onnxruntime::GraphTransformer::Apply] GraphTransformer MatMulIntegerToFloatFusion modified: 0 with status: OK
2026-09-06 17:03:23.4921001 [I:onnxruntime:, graph_transformer.cc:15 onnxruntime::GraphTransformer::Apply] GraphTransformer DynamicQuantizeMatMulFusion modified: 0 with status: OK
2026-09-06 17:03:23.4924044 [I:onnxruntime:, graph_transformer.cc:15 onnxruntime::GraphTransformer::Apply] GraphTransformer ConvActivationFusion modified: 0 with status: OK
2026-09-06 17:03:23.4926482 [I:onnxruntime:, graph_transformer.cc:15 onnxruntime::GraphTransformer::Apply] GraphTransformer GeluFusionL2 modified: 0 with status: OK
2026-09-06 17:03:23.4928151 [I:onnxruntime:, graph_transformer.cc:15 onnxruntime::GraphTransformer::Apply] GraphTransformer LayerNormFusionL2 modified: 0 with status: OK
2026-09-06 17:03:23.4930372 [I:onnxruntime:, graph_transformer.cc:15 onnxruntime::GraphTransformer::Apply] GraphTransformer SimplifiedLayerNormFusion modified: 0 with status: OK
2026-09-06 17:03:23.4932558 [I:onnxruntime:, graph_transformer.cc:15 onnxruntime::GraphTransformer::Apply] GraphTransformer AttentionFusion modified: 0 with status: OK
2026-09-06 17:03:23.4934597 [I:onnxruntime:, graph_transformer.cc:15 onnxruntime::GraphTransformer::Apply] GraphTransformer EmbedLayerNormFusion modified: 0 with status: OK
2026-09-06 17:03:23.4939003 [I:onnxruntime:, graph_transformer.cc:15 onnxruntime::GraphTransformer::Apply] GraphTransformer GatherSliceToSplitFusion modified: 0 with status: OK
2026-09-06 17:03:23.4941208 [I:onnxruntime:, graph_transformer.cc:15 onnxruntime::GraphTransformer::Apply] GraphTransformer GatherToSliceFusion modified: 0 with status: OK
2026-09-06 17:03:23.4944170 [I:onnxruntime:, graph_transformer.cc:15 onnxruntime::GraphTransformer::Apply] GraphTransformer MatmulTransposeFusion modified: 0 with status: OK
2026-09-06 17:03:23.4946671 [I:onnxruntime:, graph_transformer.cc:15 onnxruntime::GraphTransformer::Apply] GraphTransformer BiasGeluFusion modified: 0 with status: OK
2026-09-06 17:03:23.4948618 [I:onnxruntime:, graph_transformer.cc:15 onnxruntime::GraphTransformer::Apply] GraphTransformer GroupQueryAttentionFusion modified: 0 with status: OK
2026-09-06 17:03:23.4950708 [I:onnxruntime:, graph_transformer.cc:15 onnxruntime::GraphTransformer::Apply] GraphTransformer MatMulAddFusion modified: 0 with status: OK
2026-09-06 17:03:23.4952671 [I:onnxruntime:, graph_transformer.cc:15 onnxruntime::GraphTransformer::Apply] GraphTransformer SkipLayerNormFusion modified: 0 with status: OK
2026-09-06 17:03:23.4955060 [I:onnxruntime:, graph_transformer.cc:15 onnxruntime::GraphTransformer::Apply] GraphTransformer FastGeluFusion modified: 0 with status: OK
2026-09-06 17:03:23.4957129 [I:onnxruntime:, graph_transformer.cc:15 onnxruntime::GraphTransformer::Apply] GraphTransformer QuickGeluFusion modified: 0 with status: OK
2026-09-06 17:03:23.4959228 [I:onnxruntime:, graph_transformer.cc:15 onnxruntime::GraphTransformer::Apply] GraphTransformer BiasSoftmaxFusion modified: 0 with status: OK
2026-09-06 17:03:23.4962437 [I:onnxruntime:, graph_transformer.cc:15 onnxruntime::GraphTransformer::Apply] GraphTransformer BiasDropoutFusion modified: 0 with status: OK
2026-09-06 17:03:23.4964563 [I:onnxruntime:, graph_transformer.cc:15 onnxruntime::GraphTransformer::Apply] GraphTransformer MatMulScaleFusion modified: 0 with status: OK
2026-09-06 17:03:23.4966564 [I:onnxruntime:, graph_transformer.cc:15 onnxruntime::GraphTransformer::Apply] GraphTransformer MatMulActivationFusion modified: 0 with status: OK
2026-09-06 17:03:23.4968961 [I:onnxruntime:, graph_transformer.cc:15 onnxruntime::GraphTransformer::Apply] GraphTransformer MatMulNBitsFusion modified: 0 with status: OK
2026-09-06 17:03:23.4971197 [I:onnxruntime:, graph_transformer.cc:15 onnxruntime::GraphTransformer::Apply] GraphTransformer QDQFinalCleanupTransformer modified: 0 with status: OK
2026-09-06 17:03:24.0936980 [I:onnxruntime:, graph_transformer.cc:15 onnxruntime::GraphTransformer::Apply] GraphTransformer NchwcTransformer modified: 1 with status: OK
2026-09-06 17:03:24.0974657 [I:onnxruntime:, graph.cc:4888 onnxruntime::Graph::CleanUnusedInitializersAndNodeArgs] Removing initializer 'head.fc.weight'. It is no longer used by any node.
2026-09-06 17:03:24.0976383 [I:onnxruntime:, graph.cc:4888 onnxruntime::Graph::CleanUnusedInitializersAndNodeArgs] Removing initializer 'head.fc.bias'. It is no longer used by any node.
2026-09-06 17:03:24.0978001 [I:onnxruntime:, graph.cc:4888 onnxruntime::Graph::CleanUnusedInitializersAndNodeArgs] Removing initializer '/stages/stages.2/blocks/blocks.0/downsample/conv/Reshape_output_0'. It is no longer used by any node.
2026-09-06 17:03:24.0980139 [I:onnxruntime:, graph.cc:4888 onnxruntime::Graph::CleanUnusedInitializersAndNodeArgs] Removing initializer '/stages/stages.3/blocks/blocks.1/conv1/Reshape_output_0'. It is no longer used by any node.
2026-09-06 17:03:24.0982137 [I:onnxruntime:, graph.cc:4888 onnxruntime::Graph::CleanUnusedInitializersAndNodeArgs] Removing initializer '/stages/stages.0/blocks/blocks.0/conv2/Reshape_output_0'. It is no longer used by any node.
2026-09-06 17:03:24.0984150 [I:onnxruntime:, graph.cc:4888 onnxruntime::Graph::CleanUnusedInitializersAndNodeArgs] Removing initializer '/stages/stages.3/blocks/blocks.1/conv3/Reshape_output_0'. It is no longer used by any node.
2026-09-06 17:03:24.0986160 [I:onnxruntime:, graph.cc:4888 onnxruntime::Graph::CleanUnusedInitializersAndNodeArgs] Removing initializer '/stages/stages.1/blocks/blocks.0/downsample/conv/Reshape_output_0'. It is no longer used by any node.
2026-09-06 17:03:24.0988267 [I:onnxruntime:, graph.cc:4888 onnxruntime::Graph::CleanUnusedInitializersAndNodeArgs] Removing initializer '/stages/stages.2/blocks/blocks.4/conv2/Reshape_output_0'. It is no longer used by any node.
2026-09-06 17:03:24.0993239 [I:onnxruntime:, graph.cc:4888 onnxruntime::Graph::CleanUnusedInitializersAndNodeArgs] Removing initializer '/stages/stages.3/blocks/blocks.0/conv3/Reshape_output_0'. It is no longer used by any node.
2026-09-06 17:03:24.0995754 [I:onnxruntime:, graph.cc:4888 onnxruntime::Graph::CleanUnusedInitializersAndNodeArgs] Removing initializer '/stages/stages.2/blocks/blocks.0/conv1/Reshape_output_0'. It is no longer used by any node.
2026-09-06 17:03:24.0998316 [I:onnxruntime:, graph.cc:4888 onnxruntime::Graph::CleanUnusedInitializersAndNodeArgs] Removing initializer '/stages/stages.2/blocks/blocks.4/conv3/Reshape_output_0'. It is no longer used by any node.
2026-09-06 17:03:24.1000659 [I:onnxruntime:, graph.cc:4888 onnxruntime::Graph::CleanUnusedInitializersAndNodeArgs] Removing initializer '/stages/stages.3/blocks/blocks.0/conv2/Reshape_output_0'. It is no longer used by any node.
2026-09-06 17:03:24.1002784 [I:onnxruntime:, graph.cc:4888 onnxruntime::Graph::CleanUnusedInitializersAndNodeArgs] Removing initializer '/stages/stages.3/blocks/blocks.2/conv3/Reshape_output_0'. It is no longer used by any node.
2026-09-06 17:03:24.1004880 [I:onnxruntime:, graph.cc:4888 onnxruntime::Graph::CleanUnusedInitializersAndNodeArgs] Removing initializer '/stages/stages.2/blocks/blocks.5/conv2/Reshape_output_0'. It is no longer used by any node.
2026-09-06 17:03:24.1007023 [I:onnxruntime:, graph.cc:4888 onnxruntime::Graph::CleanUnusedInitializersAndNodeArgs] Removing initializer '/stages/stages.3/blocks/blocks.1/conv2/Reshape_output_0'. It is no longer used by any node.
2026-09-06 17:03:24.1009126 [I:onnxruntime:, graph.cc:4888 onnxruntime::Graph::CleanUnusedInitializersAndNodeArgs] Removing initializer '/stages/stages.1/blocks/blocks.1/conv3/Reshape_output_0'. It is no longer used by any node.
2026-09-06 17:03:24.1011347 [I:onnxruntime:, graph.cc:4888 onnxruntime::Graph::CleanUnusedInitializersAndNodeArgs] Removing initializer '/stages/stages.3/blocks/blocks.0/conv1/Reshape_output_0'. It is no longer used by any node.
2026-09-06 17:03:24.1013541 [I:onnxruntime:, graph.cc:4888 onnxruntime::Graph::CleanUnusedInitializersAndNodeArgs] Removing initializer '/stages/stages.2/blocks/blocks.1/conv3/Reshape_output_0'. It is no longer used by any node.
2026-09-06 17:03:24.1015615 [I:onnxruntime:, graph.cc:4888 onnxruntime::Graph::CleanUnusedInitializersAndNodeArgs] Removing initializer '/stages/stages.1/blocks/blocks.3/conv2/Reshape_output_0'. It is no longer used by any node.
2026-09-06 17:03:24.1017671 [I:onnxruntime:, graph.cc:4888 onnxruntime::Graph::CleanUnusedInitializersAndNodeArgs] Removing initializer '/stages/stages.0/blocks/blocks.2/conv1/Reshape_output_0'. It is no longer used by any node.
2026-09-06 17:03:24.1019726 [I:onnxruntime:, graph.cc:4888 onnxruntime::Graph::CleanUnusedInitializersAndNodeArgs] Removing initializer '/stages/stages.1/blocks/blocks.0/conv2/Reshape_output_0'. It is no longer used by any node.
2026-09-06 17:03:24.1021770 [I:onnxruntime:, graph.cc:4888 onnxruntime::Graph::CleanUnusedInitializersAndNodeArgs] Removing initializer '/stages/stages.0/blocks/blocks.1/conv1/Reshape_output_0'. It is no longer used by any node.
2026-09-06 17:03:24.1023957 [I:onnxruntime:, graph.cc:4888 onnxruntime::Graph::CleanUnusedInitializersAndNodeArgs] Removing initializer '/stages/stages.1/blocks/blocks.2/conv3/Reshape_output_0'. It is no longer used by any node.
2026-09-06 17:03:24.1026052 [I:onnxruntime:, graph.cc:4888 onnxruntime::Graph::CleanUnusedInitializersAndNodeArgs] Removing initializer '/stages/stages.3/blocks/blocks.2/conv1/Reshape_output_0'. It is no longer used by any node.
2026-09-06 17:03:24.1028244 [I:onnxruntime:, graph.cc:4888 onnxruntime::Graph::CleanUnusedInitializersAndNodeArgs] Removing initializer '/stages/stages.2/blocks/blocks.1/conv1/Reshape_output_0'. It is no longer used by any node.
2026-09-06 17:03:24.1030354 [I:onnxruntime:, graph.cc:4888 onnxruntime::Graph::CleanUnusedInitializersAndNodeArgs] Removing initializer '/stages/stages.1/blocks/blocks.2/conv2/Reshape_output_0'. It is no longer used by any node.
2026-09-06 17:03:24.1032423 [I:onnxruntime:, graph.cc:4888 onnxruntime::Graph::CleanUnusedInitializersAndNodeArgs] Removing initializer '/stages/stages.3/blocks/blocks.0/downsample/conv/Reshape_output_0'. It is no longer used by any node.
2026-09-06 17:03:24.1034670 [I:onnxruntime:, graph.cc:4888 onnxruntime::Graph::CleanUnusedInitializersAndNodeArgs] Removing initializer '/stages/stages.2/blocks/blocks.2/conv1/Reshape_output_0'. It is no longer used by any node.
2026-09-06 17:03:24.1036739 [I:onnxruntime:, graph.cc:4888 onnxruntime::Graph::CleanUnusedInitializersAndNodeArgs] Removing initializer '/stages/stages.0/blocks/blocks.2/conv3/Reshape_output_0'. It is no longer used by any node.
2026-09-06 17:03:24.1038825 [I:onnxruntime:, graph.cc:4888 onnxruntime::Graph::CleanUnusedInitializersAndNodeArgs] Removing initializer '/stages/stages.1/blocks/blocks.0/conv1/Reshape_output_0'. It is no longer used by any node.
2026-09-06 17:03:24.1041071 [I:onnxruntime:, graph.cc:4888 onnxruntime::Graph::CleanUnusedInitializersAndNodeArgs] Removing initializer '/stages/stages.0/blocks/blocks.0/conv1/Reshape_output_0'. It is no longer used by any node.
2026-09-06 17:03:24.1043137 [I:onnxruntime:, graph.cc:4888 onnxruntime::Graph::CleanUnusedInitializersAndNodeArgs] Removing initializer '/stages/stages.3/blocks/blocks.2/conv2/Reshape_output_0'. It is no longer used by any node.
2026-09-06 17:03:24.1045287 [I:onnxruntime:, graph.cc:4888 onnxruntime::Graph::CleanUnusedInitializersAndNodeArgs] Removing initializer '/stages/stages.2/blocks/blocks.5/conv3/Reshape_output_0'. It is no longer used by any node.
2026-09-06 17:03:24.1047596 [I:onnxruntime:, graph.cc:4888 onnxruntime::Graph::CleanUnusedInitializersAndNodeArgs] Removing initializer '/stages/stages.2/blocks/blocks.5/conv1/Reshape_output_0'. It is no longer used by any node.
2026-09-06 17:03:24.1049657 [I:onnxruntime:, graph.cc:4888 onnxruntime::Graph::CleanUnusedInitializersAndNodeArgs] Removing initializer '/stages/stages.2/blocks/blocks.4/conv1/Reshape_output_0'. It is no longer used by any node.
2026-09-06 17:03:24.1051713 [I:onnxruntime:, graph.cc:4888 onnxruntime::Graph::CleanUnusedInitializersAndNodeArgs] Removing initializer '/stages/stages.2/blocks/blocks.3/conv3/Reshape_output_0'. It is no longer used by any node.
2026-09-06 17:03:24.1053772 [I:onnxruntime:, graph.cc:4888 onnxruntime::Graph::CleanUnusedInitializersAndNodeArgs] Removing initializer '/stages/stages.2/blocks/blocks.3/conv2/Reshape_output_0'. It is no longer used by any node.
2026-09-06 17:03:24.1056032 [I:onnxruntime:, graph.cc:4888 onnxruntime::Graph::CleanUnusedInitializersAndNodeArgs] Removing initializer '/stages/stages.2/blocks/blocks.3/conv1/Reshape_output_0'. It is no longer used by any node.
2026-09-06 17:03:24.1058187 [I:onnxruntime:, graph.cc:4888 onnxruntime::Graph::CleanUnusedInitializersAndNodeArgs] Removing initializer '/stages/stages.2/blocks/blocks.2/conv3/Reshape_output_0'. It is no longer used by any node.
2026-09-06 17:03:24.1060234 [I:onnxruntime:, graph.cc:4888 onnxruntime::Graph::CleanUnusedInitializersAndNodeArgs] Removing initializer '/stages/stages.1/blocks/blocks.1/conv2/Reshape_output_0'. It is no longer used by any node.
2026-09-06 17:03:24.1062292 [I:onnxruntime:, graph.cc:4888 onnxruntime::Graph::CleanUnusedInitializersAndNodeArgs] Removing initializer '/stages/stages.2/blocks/blocks.2/conv2/Reshape_output_0'. It is no longer used by any node.
2026-09-06 17:03:24.1064302 [I:onnxruntime:, graph.cc:4888 onnxruntime::Graph::CleanUnusedInitializersAndNodeArgs] Removing initializer '/stages/stages.2/blocks/blocks.1/conv2/Reshape_output_0'. It is no longer used by any node.
2026-09-06 17:03:24.1066386 [I:onnxruntime:, graph.cc:4888 onnxruntime::Graph::CleanUnusedInitializersAndNodeArgs] Removing initializer '/stages/stages.1/blocks/blocks.0/conv3/Reshape_output_0'. It is no longer used by any node.
2026-09-06 17:03:24.1068433 [I:onnxruntime:, graph.cc:4888 onnxruntime::Graph::CleanUnusedInitializersAndNodeArgs] Removing initializer '/stages/stages.2/blocks/blocks.0/conv3/Reshape_output_0'. It is no longer used by any node.
2026-09-06 17:03:24.1070742 [I:onnxruntime:, graph.cc:4888 onnxruntime::Graph::CleanUnusedInitializersAndNodeArgs] Removing initializer '/stages/stages.2/blocks/blocks.0/conv2/Reshape_output_0'. It is no longer used by any node.
2026-09-06 17:03:24.1072780 [I:onnxruntime:, graph.cc:4888 onnxruntime::Graph::CleanUnusedInitializersAndNodeArgs] Removing initializer '/stages/stages.1/blocks/blocks.3/conv3/Reshape_output_0'. It is no longer used by any node.
2026-09-06 17:03:24.1074818 [I:onnxruntime:, graph.cc:4888 onnxruntime::Graph::CleanUnusedInitializersAndNodeArgs] Removing initializer '/stages/stages.1/blocks/blocks.3/conv1/Reshape_output_0'. It is no longer used by any node.
2026-09-06 17:03:24.1076869 [I:onnxruntime:, graph.cc:4888 onnxruntime::Graph::CleanUnusedInitializersAndNodeArgs] Removing initializer '/stages/stages.1/blocks/blocks.2/conv1/Reshape_output_0'. It is no longer used by any node.
2026-09-06 17:03:24.1078918 [I:onnxruntime:, graph.cc:4888 onnxruntime::Graph::CleanUnusedInitializersAndNodeArgs] Removing initializer '/stages/stages.0/blocks/blocks.0/downsample/conv/Reshape_output_0'. It is no longer used by any node.
2026-09-06 17:03:24.1081362 [I:onnxruntime:, graph.cc:4888 onnxruntime::Graph::CleanUnusedInitializersAndNodeArgs] Removing initializer '/stages/stages.1/blocks/blocks.1/conv1/Reshape_output_0'. It is no longer used by any node.
2026-09-06 17:03:24.1083685 [I:onnxruntime:, graph.cc:4888 onnxruntime::Graph::CleanUnusedInitializersAndNodeArgs] Removing initializer '/stages/stages.0/blocks/blocks.2/conv2/Reshape_output_0'. It is no longer used by any node.
2026-09-06 17:03:24.1086105 [I:onnxruntime:, graph.cc:4888 onnxruntime::Graph::CleanUnusedInitializersAndNodeArgs] Removing initializer '/stages/stages.0/blocks/blocks.1/conv3/Reshape_output_0'. It is no longer used by any node.
2026-09-06 17:03:24.1088151 [I:onnxruntime:, graph.cc:4888 onnxruntime::Graph::CleanUnusedInitializersAndNodeArgs] Removing initializer '/stages/stages.0/blocks/blocks.1/conv2/Reshape_output_0'. It is no longer used by any node.
2026-09-06 17:03:24.1090249 [I:onnxruntime:, graph.cc:4888 onnxruntime::Graph::CleanUnusedInitializersAndNodeArgs] Removing initializer '/stages/stages.0/blocks/blocks.0/conv3/Reshape_output_0'. It is no longer used by any node.
2026-09-06 17:03:24.1092507 [I:onnxruntime:, graph.cc:4888 onnxruntime::Graph::CleanUnusedInitializersAndNodeArgs] Removing initializer '/stem/conv/Reshape_output_0'. It is no longer used by any node.
2026-09-06 17:03:24.1258885 [I:onnxruntime:, graph_transformer.cc:15 onnxruntime::GraphTransformer::Apply] GraphTransformer NhwcTransformer modified: 0 with status: OK
2026-09-06 17:03:24.1264103 [I:onnxruntime:, graph_transformer.cc:15 onnxruntime::GraphTransformer::Apply] GraphTransformer ConvAddActivationFusion modified: 0 with status: OK
2026-09-06 17:03:24.1268024 [I:onnxruntime:, graph_transformer.cc:15 onnxruntime::GraphTransformer::Apply] GraphTransformer NchwcTransformer modified: 0 with status: OK
2026-09-06 17:03:24.1274501 [I:onnxruntime:, graph_transformer.cc:15 onnxruntime::GraphTransformer::Apply] GraphTransformer NhwcTransformer modified: 0 with status: OK
2026-09-06 17:03:24.1277522 [I:onnxruntime:, graph_transformer.cc:15 onnxruntime::GraphTransformer::Apply] GraphTransformer ConvAddActivationFusion modified: 0 with status: OK
2026-09-06 17:03:24.1282424 [I:onnxruntime:, graph_transformer.cc:15 onnxruntime::GraphTransformer::Apply] GraphTransformer RemoveDuplicateCastTransformer modified: 0 with status: OK
2026-09-06 17:03:24.1284122 [I:onnxruntime:, graph_transformer.cc:15 onnxruntime::GraphTransformer::Apply] GraphTransformer CastFloat16Transformer modified: 0 with status: OK
2026-09-06 17:03:24.1286531 [I:onnxruntime:, graph_transformer.cc:15 onnxruntime::GraphTransformer::Apply] GraphTransformer FuseFp16InitializerToFp32NodeTransformer modified: 0 with status: OK
2026-09-06 17:03:24.1288314 [I:onnxruntime:, graph_transformer.cc:15 onnxruntime::GraphTransformer::Apply] GraphTransformer MemcpyTransformer modified: 0 with status: OK
2026-09-06 17:03:24.1314174 [I:onnxruntime:, allocation_planner.cc:2659 onnxruntime::IGraphPartitioner::CreateGraphPartitioner] Use DeviceBasedPartition as default
2026-09-06 17:03:24.1338614 [I:onnxruntime:, session_state_utils.cc:243 onnxruntime::session_state_utils::SaveInitializedTensors] Saving initialized tensors.
2026-09-06 17:03:24.2351008 [I:onnxruntime:, session_state_utils.cc:438 onnxruntime::session_state_utils::SaveInitializedTensors] Done saving initialized tensors
2026-09-06 17:03:24.2370201 [I:onnxruntime:, inference_session.cc:2532 onnxruntime::InferenceSession::Initialize] Session successfully initialized.
  100/1000
  200/1000
  300/1000
  400/1000
  500/1000
  600/1000
  700/1000
  800/1000
  900/1000
  1000/1000

=== CPU | 1000 images | batch 1 | models/resnetv2_50x3_fp32.onnx ===
top-1: 84.00%    top-5: 96.00%
latency/batch  mean 470.79 ms   median 469.56 ms   p95 520.12 ms
latency/image  mean 470.79 ms
throughput ~2.1 img/s
