RESEARCH_PLATFORM {"machine": "Desktop 2", "cpu": "AMD Ryzen 7 8700G w/ Radeon 780M Graphics", "os": "Windows-11-10.0.26200-SP0", "ram_bytes": 33381138432, "source_sha256": {"tools/research_process.py": "b97c5b1f4821ad42214cd4ec55eef829f1abff924c8ece7f5474f9669586ee5e", "tools/quant_calib_alphabet.py": "88cbdf7ceeb39e7de5a6bca25c360b89b93da0e7182516e3960c4414087248e9", "tools/xint8_arithmetic_probe.py": "f9c4b7def7909edbf5a5394b3bc31e1d10f2732ebb6a445b5febc6a9e078aa5c", "scripts/research-lowlevel.sh": "800bfc258200fec9695442c58cb7578ad4c4f3f6d6d49f55dadc14fc06ff425f", "scripts/research-iron.sh": "eb3e68dad67727528407f4ae41698c5f52178f9a24c53ef2705a7639fe55ac44", "kernels/memory_placement/probe.py": "4ef7ea560f776f309a441f14d78cccd529b36e1600d212455485038035bf1770", "kernels/memory_placement/memory_kernels.cc": "01fbe2cb8ed6ed153eef0f20512422e3eb44e5a1f5b8759956d039f04eef46f3", "scripts/research-matrix.sh": "44dc191783a136d84ad69a3a6795dd74e966250b697ca4cbcdebdf733b0d0b50", "kernels/memory_placement/gemm.py": "8dbf48f8f4a356cc69bc65793b8dd7eab9b18074d414a1e01fb7e0abe42319a3", "kernels/memory_placement/gemm_placement.cc": "2fa1d57cf316cdd8c3599eae4581284c26ee392ad7dbbf289bafd175342ad9bc", "tools/research_summary.py": "e5d1913068f293914d67034d982ffd5363e5187d035108da8d6cdf4a09386efb", "tools/research_toolchain.py": "c6c01235e9eb9ca7f83e9f42e61d1c98bff86c5284a9ab1cd7fd91e571b010ca"}, "commit": "21900ca776b6bac043dc05260af34203f540a571", "command": ["python", "tools/quant_calib_alphabet.py", "--in-model", "../../models/modnet/modnet_cut_fp32.onnx", "--calib-dir", "../../data/modnet_calib", "--cfg-path", "../../models/modnet/preprocess_config.json", "--reference", "scratch/research_desktop2_20260909_c04/modnet_cle_legacy_1.onnx", "--out", "scratch/research_desktop2_20260909_c04/modnet_cle_dual_1.onnx", "--method", "dual", "--limit", "64", "--cle"], "seconds_limit": 900.0, "rss_gib_limit": 16.0, "checks_only": true, "free_ram_bytes": 21962752000}
ALPHABET_COLLECTION {"method": "dual", "store": "float16_bit_pattern_counts_uint64", "images": 64, "augmented_graph_sha256": "4ed775b227fd5ebf16c6eddf78aa4b95d9f4671befce2a128da3a47e190fa3fd", "graph_optimization": "ORT_DISABLE_ALL", "ort_version": "1.23.3.dev20260320", "numpy_version": "1.26.4", "spooled_tensors": 0, "skipped_prunable_tensors": 52, "legacy_sample_bytes": 12714516480, "count_table_bytes": 51904512}
HOST_TIMELINE {"elapsed_seconds": 2.516, "tree_rss_bytes": 1283272704, "foreign_peers": []}
HOST_TIMELINE {"elapsed_seconds": 5.016, "tree_rss_bytes": 1712242688, "foreign_peers": []}
HOST_TIMELINE {"elapsed_seconds": 7.516, "tree_rss_bytes": 1629954048, "foreign_peers": []}
HOST_TIMELINE {"elapsed_seconds": 10.063, "tree_rss_bytes": 1634791424, "foreign_peers": []}
HOST_TIMELINE {"elapsed_seconds": 12.625, "tree_rss_bytes": 1629573120, "foreign_peers": []}
HOST_TIMELINE {"elapsed_seconds": 15.219, "tree_rss_bytes": 1650163712, "foreign_peers": []}
ALPHABET_COLLECT 16 64
HOST_TIMELINE {"elapsed_seconds": 17.86, "tree_rss_bytes": 1635540992, "foreign_peers": []}
HOST_TIMELINE {"elapsed_seconds": 20.422, "tree_rss_bytes": 1630515200, "foreign_peers": []}
HOST_TIMELINE {"elapsed_seconds": 22.938, "tree_rss_bytes": 1663143936, "foreign_peers": []}
HOST_TIMELINE {"elapsed_seconds": 25.438, "tree_rss_bytes": 1656942592, "foreign_peers": []}
HOST_TIMELINE {"elapsed_seconds": 28.016, "tree_rss_bytes": 1641562112, "foreign_peers": []}
HOST_TIMELINE {"elapsed_seconds": 30.672, "tree_rss_bytes": 1632354304, "foreign_peers": []}
ALPHABET_COLLECT 32 64
HOST_TIMELINE {"elapsed_seconds": 33.172, "tree_rss_bytes": 1636683776, "foreign_peers": []}
HOST_TIMELINE {"elapsed_seconds": 35.719, "tree_rss_bytes": 1654857728, "foreign_peers": []}
HOST_TIMELINE {"elapsed_seconds": 38.313, "tree_rss_bytes": 1634725888, "foreign_peers": []}
HOST_TIMELINE {"elapsed_seconds": 40.875, "tree_rss_bytes": 1630527488, "foreign_peers": []}
HOST_TIMELINE {"elapsed_seconds": 43.36, "tree_rss_bytes": 1630527488, "foreign_peers": []}
ALPHABET_COLLECT 48 64
HOST_TIMELINE {"elapsed_seconds": 45.953, "tree_rss_bytes": 1630527488, "foreign_peers": []}
HOST_TIMELINE {"elapsed_seconds": 48.594, "tree_rss_bytes": 1714421760, "foreign_peers": []}
HOST_TIMELINE {"elapsed_seconds": 51.141, "tree_rss_bytes": 1645195264, "foreign_peers": []}
HOST_TIMELINE {"elapsed_seconds": 53.61, "tree_rss_bytes": 1638400000, "foreign_peers": []}
HOST_TIMELINE {"elapsed_seconds": 56.188, "tree_rss_bytes": 1639710720, "foreign_peers": []}
HOST_TIMELINE {"elapsed_seconds": 58.657, "tree_rss_bytes": 1648893952, "foreign_peers": []}
ALPHABET_COLLECT 64 64
ALPHABET_FALLBACK {"fallback_tensors": 84, "fallback_sample_bytes": 12626067456, "sample_bytes": 12714516480}
HOST_TIMELINE {"elapsed_seconds": 61.172, "tree_rss_bytes": 2009640960, "foreign_peers": []}
HOST_TIMELINE {"elapsed_seconds": 63.672, "tree_rss_bytes": 2657992704, "foreign_peers": []}
HOST_TIMELINE {"elapsed_seconds": 66.188, "tree_rss_bytes": 3781971968, "foreign_peers": []}
HOST_TIMELINE {"elapsed_seconds": 68.75, "tree_rss_bytes": 3916959744, "foreign_peers": []}
HOST_TIMELINE {"elapsed_seconds": 71.219, "tree_rss_bytes": 3450920960, "foreign_peers": []}
HOST_TIMELINE {"elapsed_seconds": 73.75, "tree_rss_bytes": 3988561920, "foreign_peers": []}
HOST_TIMELINE {"elapsed_seconds": 76.422, "tree_rss_bytes": 2594320384, "foreign_peers": []}
HOST_TIMELINE {"elapsed_seconds": 79.016, "tree_rss_bytes": 2483830784, "foreign_peers": []}
HOST_TIMELINE {"elapsed_seconds": 81.532, "tree_rss_bytes": 8146333696, "foreign_peers": []}
HOST_TIMELINE {"elapsed_seconds": 84.063, "tree_rss_bytes": 4847587328, "foreign_peers": []}
HOST_TIMELINE {"elapsed_seconds": 86.657, "tree_rss_bytes": 8263782400, "foreign_peers": []}
HOST_TIMELINE {"elapsed_seconds": 89.157, "tree_rss_bytes": 5845426176, "foreign_peers": []}
HOST_TIMELINE {"elapsed_seconds": 91.672, "tree_rss_bytes": 8462254080, "foreign_peers": []}
HOST_TIMELINE {"elapsed_seconds": 94.188, "tree_rss_bytes": 5524406272, "foreign_peers": []}
HOST_TIMELINE {"elapsed_seconds": 96.782, "tree_rss_bytes": 7769550848, "foreign_peers": []}
HOST_TIMELINE {"elapsed_seconds": 99.282, "tree_rss_bytes": 3668074496, "foreign_peers": []}
HOST_TIMELINE {"elapsed_seconds": 101.844, "tree_rss_bytes": 2605068288, "foreign_peers": []}
HOST_TIMELINE {"elapsed_seconds": 104.36, "tree_rss_bytes": 1727148032, "foreign_peers": []}
HOST_TIMELINE {"elapsed_seconds": 106.953, "tree_rss_bytes": 4323999744, "foreign_peers": []}
HOST_TIMELINE {"elapsed_seconds": 109.578, "tree_rss_bytes": 4160782336, "foreign_peers": []}
HOST_TIMELINE {"elapsed_seconds": 112.125, "tree_rss_bytes": 2768306176, "foreign_peers": []}
HOST_TIMELINE {"elapsed_seconds": 114.797, "tree_rss_bytes": 3088318464, "foreign_peers": []}
HOST_TIMELINE {"elapsed_seconds": 117.375, "tree_rss_bytes": 2033565696, "foreign_peers": []}
HOST_TIMELINE {"elapsed_seconds": 119.938, "tree_rss_bytes": 4243267584, "foreign_peers": []}
HOST_TIMELINE {"elapsed_seconds": 122.453, "tree_rss_bytes": 3920838656, "foreign_peers": []}
HOST_TIMELINE {"elapsed_seconds": 124.953, "tree_rss_bytes": 2784645120, "foreign_peers": []}
HOST_TIMELINE {"elapsed_seconds": 127.532, "tree_rss_bytes": 3715555328, "foreign_peers": []}
HOST_TIMELINE {"elapsed_seconds": 130.047, "tree_rss_bytes": 3003834368, "foreign_peers": []}
HOST_TIMELINE {"elapsed_seconds": 132.547, "tree_rss_bytes": 4690710528, "foreign_peers": []}
HOST_TIMELINE {"elapsed_seconds": 135.094, "tree_rss_bytes": 1986576384, "foreign_peers": []}
HOST_TIMELINE {"elapsed_seconds": 137.703, "tree_rss_bytes": 4517593088, "foreign_peers": []}
HOST_TIMELINE {"elapsed_seconds": 140.313, "tree_rss_bytes": 4083716096, "foreign_peers": []}
HOST_TIMELINE {"elapsed_seconds": 142.891, "tree_rss_bytes": 2145890304, "foreign_peers": []}
HOST_TIMELINE {"elapsed_seconds": 145.453, "tree_rss_bytes": 2426617856, "foreign_peers": []}
HOST_TIMELINE {"elapsed_seconds": 147.985, "tree_rss_bytes": 1945505792, "foreign_peers": []}
HOST_TIMELINE {"elapsed_seconds": 150.453, "tree_rss_bytes": 2861461504, "foreign_peers": []}
HOST_TIMELINE {"elapsed_seconds": 153.032, "tree_rss_bytes": 2413436928, "foreign_peers": []}
HOST_TIMELINE {"elapsed_seconds": 155.782, "tree_rss_bytes": 2465206272, "foreign_peers": []}
HOST_TIMELINE {"elapsed_seconds": 158.422, "tree_rss_bytes": 2325848064, "foreign_peers": []}
HOST_TIMELINE {"elapsed_seconds": 161.016, "tree_rss_bytes": 2496204800, "foreign_peers": []}
HOST_TIMELINE {"elapsed_seconds": 163.547, "tree_rss_bytes": 1692864512, "foreign_peers": []}
HOST_TIMELINE {"elapsed_seconds": 166.078, "tree_rss_bytes": 1664643072, "foreign_peers": []}
HOST_TIMELINE {"elapsed_seconds": 168.641, "tree_rss_bytes": 1865101312, "foreign_peers": []}
HOST_TIMELINE {"elapsed_seconds": 171.172, "tree_rss_bytes": 1873317888, "foreign_peers": []}
HOST_TIMELINE {"elapsed_seconds": 173.813, "tree_rss_bytes": 1731284992, "foreign_peers": []}
HOST_TIMELINE {"elapsed_seconds": 176.328, "tree_rss_bytes": 1622822912, "foreign_peers": []}
HOST_TIMELINE {"elapsed_seconds": 178.938, "tree_rss_bytes": 2147266560, "foreign_peers": []}
HOST_TIMELINE {"elapsed_seconds": 181.469, "tree_rss_bytes": 1606934528, "foreign_peers": []}
HOST_TIMELINE {"elapsed_seconds": 183.922, "tree_rss_bytes": 2193047552, "foreign_peers": []}
HOST_TIMELINE {"elapsed_seconds": 186.485, "tree_rss_bytes": 2030415872, "foreign_peers": []}
HOST_TIMELINE {"elapsed_seconds": 188.969, "tree_rss_bytes": 1793556480, "foreign_peers": []}
HOST_TIMELINE {"elapsed_seconds": 191.563, "tree_rss_bytes": 1553645568, "foreign_peers": []}
HOST_TIMELINE {"elapsed_seconds": 194.11, "tree_rss_bytes": 1856086016, "foreign_peers": []}
HOST_TIMELINE {"elapsed_seconds": 196.844, "tree_rss_bytes": 2721878016, "foreign_peers": []}
HOST_TIMELINE {"elapsed_seconds": 199.5, "tree_rss_bytes": 1575157760, "foreign_peers": []}
HOST_TIMELINE {"elapsed_seconds": 202.094, "tree_rss_bytes": 1926758400, "foreign_peers": []}
HOST_TIMELINE {"elapsed_seconds": 204.688, "tree_rss_bytes": 3177852928, "foreign_peers": []}
HOST_TIMELINE {"elapsed_seconds": 207.297, "tree_rss_bytes": 2711789568, "foreign_peers": []}
HOST_TIMELINE {"elapsed_seconds": 209.844, "tree_rss_bytes": 2485039104, "foreign_peers": []}
HOST_TIMELINE {"elapsed_seconds": 212.391, "tree_rss_bytes": 2596298752, "foreign_peers": []}
HOST_TIMELINE {"elapsed_seconds": 214.907, "tree_rss_bytes": 3290025984, "foreign_peers": []}
HOST_TIMELINE {"elapsed_seconds": 217.422, "tree_rss_bytes": 3670040576, "foreign_peers": []}
HOST_TIMELINE {"elapsed_seconds": 220.016, "tree_rss_bytes": 2596298752, "foreign_peers": []}
HOST_TIMELINE {"elapsed_seconds": 222.516, "tree_rss_bytes": 1808662528, "foreign_peers": []}
HOST_TIMELINE {"elapsed_seconds": 225.0, "tree_rss_bytes": 2652856320, "foreign_peers": []}
HOST_TIMELINE {"elapsed_seconds": 227.594, "tree_rss_bytes": 4150738944, "foreign_peers": []}
HOST_TIMELINE {"elapsed_seconds": 230.157, "tree_rss_bytes": 3010445312, "foreign_peers": []}
HOST_TIMELINE {"elapsed_seconds": 232.735, "tree_rss_bytes": 3043549184, "foreign_peers": []}
HOST_TIMELINE {"elapsed_seconds": 235.313, "tree_rss_bytes": 4142903296, "foreign_peers": []}
HOST_TIMELINE {"elapsed_seconds": 237.828, "tree_rss_bytes": 5108154368, "foreign_peers": []}
HOST_TIMELINE {"elapsed_seconds": 240.36, "tree_rss_bytes": 6455136256, "foreign_peers": []}
HOST_TIMELINE {"elapsed_seconds": 242.875, "tree_rss_bytes": 2864726016, "foreign_peers": []}
HOST_TIMELINE {"elapsed_seconds": 245.469, "tree_rss_bytes": 3747586048, "foreign_peers": []}
HOST_TIMELINE {"elapsed_seconds": 248.11, "tree_rss_bytes": 4992786432, "foreign_peers": []}
HOST_TIMELINE {"elapsed_seconds": 250.719, "tree_rss_bytes": 6810591232, "foreign_peers": []}
HOST_TIMELINE {"elapsed_seconds": 253.235, "tree_rss_bytes": 6816460800, "foreign_peers": []}
HOST_TIMELINE {"elapsed_seconds": 255.766, "tree_rss_bytes": 4144820224, "foreign_peers": []}
HOST_TIMELINE {"elapsed_seconds": 258.344, "tree_rss_bytes": 2882842624, "foreign_peers": []}
HOST_TIMELINE {"elapsed_seconds": 261.141, "tree_rss_bytes": 3685806080, "foreign_peers": []}
HOST_TIMELINE {"elapsed_seconds": 263.688, "tree_rss_bytes": 3290533888, "foreign_peers": []}
HOST_TIMELINE {"elapsed_seconds": 266.344, "tree_rss_bytes": 4043010048, "foreign_peers": []}
HOST_TIMELINE {"elapsed_seconds": 268.969, "tree_rss_bytes": 3544375296, "foreign_peers": []}
HOST_TIMELINE {"elapsed_seconds": 271.688, "tree_rss_bytes": 2181738496, "foreign_peers": []}
HOST_TIMELINE {"elapsed_seconds": 274.235, "tree_rss_bytes": 2316079104, "foreign_peers": []}
HOST_TIMELINE {"elapsed_seconds": 276.75, "tree_rss_bytes": 6612094976, "foreign_peers": []}
HOST_TIMELINE {"elapsed_seconds": 279.422, "tree_rss_bytes": 2892337152, "foreign_peers": []}
HOST_TIMELINE {"elapsed_seconds": 282.125, "tree_rss_bytes": 5463965696, "foreign_peers": []}
HOST_TIMELINE {"elapsed_seconds": 284.625, "tree_rss_bytes": 6581911552, "foreign_peers": []}
HOST_TIMELINE {"elapsed_seconds": 287.203, "tree_rss_bytes": 3546468352, "foreign_peers": []}
HOST_TIMELINE {"elapsed_seconds": 289.875, "tree_rss_bytes": 3217580032, "foreign_peers": []}
HOST_TIMELINE {"elapsed_seconds": 292.422, "tree_rss_bytes": 2596286464, "foreign_peers": []}
HOST_TIMELINE {"elapsed_seconds": 294.922, "tree_rss_bytes": 10692927488, "foreign_peers": []}
HOST_TIMELINE {"elapsed_seconds": 297.578, "tree_rss_bytes": 9443987456, "foreign_peers": []}
HOST_TIMELINE {"elapsed_seconds": 300.172, "tree_rss_bytes": 11665408000, "foreign_peers": []}
HOST_TIMELINE {"elapsed_seconds": 302.719, "tree_rss_bytes": 10573504512, "foreign_peers": []}
HOST_TIMELINE {"elapsed_seconds": 305.188, "tree_rss_bytes": 11666518016, "foreign_peers": []}
HOST_TIMELINE {"elapsed_seconds": 307.828, "tree_rss_bytes": 10112675840, "foreign_peers": []}
HOST_TIMELINE {"elapsed_seconds": 310.547, "tree_rss_bytes": 11762823168, "foreign_peers": []}
HOST_TIMELINE {"elapsed_seconds": 313.266, "tree_rss_bytes": 3791155200, "foreign_peers": []}
HOST_TIMELINE {"elapsed_seconds": 315.985, "tree_rss_bytes": 6550810624, "foreign_peers": []}
HOST_TIMELINE {"elapsed_seconds": 318.563, "tree_rss_bytes": 2070302720, "foreign_peers": []}
HOST_TIMELINE {"elapsed_seconds": 321.141, "tree_rss_bytes": 9605947392, "foreign_peers": []}
HOST_TIMELINE {"elapsed_seconds": 323.813, "tree_rss_bytes": 8446717952, "foreign_peers": []}
HOST_TIMELINE {"elapsed_seconds": 326.516, "tree_rss_bytes": 5942927360, "foreign_peers": []}
HOST_TIMELINE {"elapsed_seconds": 329.188, "tree_rss_bytes": 7155953664, "foreign_peers": []}
HOST_TIMELINE {"elapsed_seconds": 331.641, "tree_rss_bytes": 3536441344, "foreign_peers": []}
HOST_TIMELINE {"elapsed_seconds": 334.344, "tree_rss_bytes": 6610247680, "foreign_peers": []}
HOST_TIMELINE {"elapsed_seconds": 336.875, "tree_rss_bytes": 4388974592, "foreign_peers": []}
HOST_TIMELINE {"elapsed_seconds": 339.547, "tree_rss_bytes": 7176454144, "foreign_peers": []}
HOST_TIMELINE {"elapsed_seconds": 342.047, "tree_rss_bytes": 4848222208, "foreign_peers": []}
HOST_TIMELINE {"elapsed_seconds": 344.657, "tree_rss_bytes": 6330806272, "foreign_peers": []}
HOST_TIMELINE {"elapsed_seconds": 347.203, "tree_rss_bytes": 1645948928, "foreign_peers": []}
HOST_TIMELINE {"elapsed_seconds": 349.766, "tree_rss_bytes": 5810708480, "foreign_peers": []}
HOST_TIMELINE {"elapsed_seconds": 352.188, "tree_rss_bytes": 5453463552, "foreign_peers": []}
HOST_TIMELINE {"elapsed_seconds": 354.735, "tree_rss_bytes": 5190881280, "foreign_peers": []}
HOST_TIMELINE {"elapsed_seconds": 357.25, "tree_rss_bytes": 2114170880, "foreign_peers": []}
HOST_TIMELINE {"elapsed_seconds": 359.985, "tree_rss_bytes": 1170583552, "foreign_peers": []}
ALPHABET_RESULT {"method": "dual", "store": "float16_bit_pattern_counts_uint64", "images": 64, "augmented_graph_sha256": "4ed775b227fd5ebf16c6eddf78aa4b95d9f4671befce2a128da3a47e190fa3fd", "graph_optimization": "ORT_DISABLE_ALL", "ort_version": "1.23.3.dev20260320", "numpy_version": "1.26.4", "spooled_tensors": 99, "skipped_prunable_tensors": 52, "legacy_sample_bytes": 12714516480, "count_table_bytes": 51904512, "fallback_tensors": 84, "fallback_sample_bytes": 12626067456, "sample_bytes": 12714516480, "timings": {"inference_seconds": 6.188233700078854, "count_seconds": 15.682993600115879, "write_seconds": 4.93835939996643, "hash_seconds": 6.959597699955339, "certificate_seconds": 0.31308700000226963, "legacy_reduction_seconds": 299.6123535000006}, "collector_seconds": 359.82849039999564, "certified_tensors": 15, "certified_positions_checked_against_legacy": true}
ALPHABET_TENSOR {"name": "input", "position": 7, "count": 50331648, "unique_values": 256, "vmin": -1.0, "vmax": 1.0, "minmax_pos": 7, "candidate_positions": [6, 7, 8, 9, 10], "histogram_loss_float64": [1019.3303359223064, 278.752197570866, 2301380.854903169, 7521958.950678773, 11803036.391410299], "equivalence_representatives": [0, 1, 2, 3, 4], "certificate": "nonnegative_gamma_n_minus_1", "reason": "unbounded_universal_reduction_error", "certified": false, "samples_sha256": "da17c3879dbf0abf7b6079444566b9106e2c4b15451f2144ccf5707cdcc4534f", "legacy_minmse_pos": 7, "legacy_candidate_sqerr": [1019.3295288085938, 278.75250244140625, 2301376.0, 7521980.0, 11803039.0]}
ALPHABET_TENSOR {"name": "/lr_branch/backbone/features.0/features.0.2/Clip_output_0", "position": 5, "count": 134217728, "unique_values": 16394, "vmin": 0.0, "vmax": 5.28125, "minmax_pos": 5, "candidate_positions": [4, 5, 6, 7, 8], "histogram_loss_float64": [20475.270733894173, 5250.755904258552, 25379.719817699257, 738597.9951148046, 7118991.130047784], "equivalence_representatives": [0, 1, 2, 3, 4], "certificate": "nonnegative_gamma_n_minus_1", "reason": "unbounded_universal_reduction_error", "certified": false, "samples_sha256": "bdf71f4b76c27695e31ca193ad3a63a417cac2fba78ed0b44507d1fedfbfd7f2", "legacy_minmse_pos": 5, "legacy_candidate_sqerr": [20475.24609375, 5250.75732421875, 25379.734375, 738602.0625, 7118979.5]}
ALPHABET_TENSOR {"name": "/lr_branch/backbone/features.1/conv/conv.2/Clip_output_0", "position": 4, "count": 134217728, "unique_values": 14384, "vmin": 0.0, "vmax": 6.0, "minmax_pos": 4, "candidate_positions": [3, 4, 5, 6, 7], "histogram_loss_float64": [122465.4872111783, 37931.98952288485, 1258894.9228038297, 13002841.325349998, 56138230.45989365], "equivalence_representatives": [0, 1, 2, 3, 4], "certificate": "nonnegative_gamma_n_minus_1", "reason": "unbounded_universal_reduction_error", "certified": false, "samples_sha256": "971ae59c7f65b4a83607791a284926984f1ce06c87a50ebbbefe8cced36e8dc0", "legacy_minmse_pos": 4, "legacy_candidate_sqerr": [122464.4140625, 37932.140625, 1258898.0, 13002415.0, 56138072.0]}
ALPHABET_TENSOR {"name": "/lr_branch/backbone/features.1/conv/conv.3/Conv_output_0", "position": 3, "count": 67108864, "unique_values": 33379, "vmin": -11.1953125, "vmax": 13.0859375, "minmax_pos": 3, "candidate_positions": [2, 3, 4, 5, 6], "histogram_loss_float64": [352102.9041526867, 87594.56989365348, 90483.20387345085, 20699464.573846634, 116104068.04118638], "equivalence_representatives": [0, 1, 2, 3, 4], "certificate": "nonnegative_gamma_n_minus_1", "reason": "unbounded_universal_reduction_error", "certified": false, "samples_sha256": "654dbffa77b2fdb4fb2bf07fe0e1fb84bc52b8957f7e2487d8583e5d2f41e3e1", "legacy_minmse_pos": 3, "legacy_candidate_sqerr": [352103.4375, 87594.53125, 90483.25, 20699452.0, 116103976.0]}
ALPHABET_TENSOR {"name": "/lr_branch/backbone/features.2/conv/conv.2/Clip_output_0", "position": 4, "count": 402653184, "unique_values": 17828, "vmin": 0.0, "vmax": 6.0, "minmax_pos": 4, "candidate_positions": [3, 4, 5, 6, 7], "histogram_loss_float64": [350188.5346166645, 88536.88783092846, 266857.3098585163, 3699976.9971916233, 14272426.980806246], "equivalence_representatives": [0, 1, 2, 3, 4], "certificate": "nonnegative_gamma_n_minus_1", "reason": "unbounded_universal_reduction_error", "certified": false, "samples_sha256": "39f46827bd1e96aba3294b64d7183d7fcd90a424781b80f0061089ea0c0c1e92", "legacy_minmse_pos": 4, "legacy_candidate_sqerr": [350189.71875, 88537.1640625, 266856.96875, 3700218.25, 14272206.0]}
ALPHABET_TENSOR {"name": "/hr_branch/tohr_enc2x/tohr_enc2x.1/Relu_output_0", "position": 4, "count": 134217728, "unique_values": 18607, "vmin": 0.0, "vmax": 15.296875, "minmax_pos": 3, "candidate_positions": [2, 3, 4, 5, 6], "histogram_loss_float64": [405677.32897182985, 100648.93396755739, 37487.96970745607, 1310092.1335944799, 11089889.291220155], "equivalence_representatives": [0, 1, 2, 3, 4], "certificate": "nonnegative_gamma_n_minus_1", "reason": "unbounded_universal_reduction_error", "certified": false, "samples_sha256": "d89da5655f5cd2b27300785b4069f55d9d06c3172470ee5b8f27aa712920b7fe", "legacy_minmse_pos": 4, "legacy_candidate_sqerr": [405678.375, 100649.171875, 37487.95703125, 1310095.625, 11089895.0]}
ALPHABET_TENSOR {"name": "/hr_branch/Resize_output_0", "position": 7, "count": 12582912, "unique_values": 1022, "vmin": -1.0, "vmax": 1.0, "minmax_pos": 7, "candidate_positions": [6, 7, 8, 9, 10], "histogram_loss_float64": [254.992652061861, 68.85429323045537, 555025.3587169084, 1833495.3820977244, 2887953.334854367], "equivalence_representatives": [0, 1, 2, 3, 4], "certificate": "nonnegative_gamma_n_minus_1", "loss_intervals": [[0, 1019.9703650677909], [0, 275.4171072573288], [0, 2220100.905554835], [0, 7333979.779835528], [0, 11551810.585253831]], "reduction_gamma": 2.9999990463259114, "histogram_gamma": 2.2692958623343352e-13, "reason": "overlapping_intervals", "certified": false, "samples_sha256": "c943f00837d92eff37f95d7a2aec5344ee9148d60bb2f8c07dfa82d73c987ed8", "legacy_minmse_pos": 7, "legacy_candidate_sqerr": [254.99249267578125, 68.85431671142578, 555025.1875, 1833495.5, 2887951.75]}
ALPHABET_TENSOR {"name": "/hr_branch/Concat_output_0", "position": 4, "count": 146800640, "unique_values": 19118, "vmin": -1.0, "vmax": 15.296875, "minmax_pos": 3, "candidate_positions": [2, 3, 4, 5, 6], "histogram_loss_float64": [470294.0258267821, 116599.16843542468, 41527.360795349, 1311107.6921399536, 11090144.283872217], "equivalence_representatives": [0, 1, 2, 3, 4], "certificate": "nonnegative_gamma_n_minus_1", "reason": "unbounded_universal_reduction_error", "certified": false, "samples_sha256": "6aeb9f223bdc37143970323f1fe3373dc3a1239bdf37001b4f2f88b81a85ab35", "legacy_minmse_pos": 4, "legacy_candidate_sqerr": [470294.90625, 116599.421875, 41527.34375, 1311104.5, 11090027.0]}
ALPHABET_TENSOR {"name": "/lr_branch/backbone/features.2/conv/conv.5/Clip_output_0", "position": 4, "count": 100663296, "unique_values": 17920, "vmin": 0.0, "vmax": 6.0, "minmax_pos": 4, "candidate_positions": [3, 4, 5, 6, 7], "histogram_loss_float64": [92298.49891088896, 22653.335756286902, 31053.22128389768, 350755.5473534911, 2227505.966385886], "equivalence_representatives": [0, 1, 2, 3, 4], "certificate": "nonnegative_gamma_n_minus_1", "reason": "unbounded_universal_reduction_error", "certified": false, "samples_sha256": "3bb61f5fbdec6f9a5edc34df5596871031e2b0673d8b4aa123232d08c835c0cc", "legacy_minmse_pos": 4, "legacy_candidate_sqerr": [92298.5390625, 22653.369140625, 31053.189453125, 350755.40625, 2227465.0]}
ALPHABET_TENSOR {"name": "/lr_branch/backbone/features.2/conv/conv.6/Conv_output_0", "position": 5, "count": 25165824, "unique_values": 33939, "vmin": -6.5390625, "vmax": 6.28515625, "minmax_pos": 4, "candidate_positions": [3, 4, 5, 6, 7], "histogram_loss_float64": [32797.77690316016, 8191.656518943846, 3245.5263586121164, 153875.81074691593, 1189803.7831832843], "equivalence_representatives": [0, 1, 2, 3, 4], "certificate": "nonnegative_gamma_n_minus_1", "reason": "unbounded_universal_reduction_error", "certified": false, "samples_sha256": "e5a6d425505962e02381d20b4af1065937502d79f306bb55a1bcdd92142b2c21", "legacy_minmse_pos": 5, "legacy_candidate_sqerr": [32797.7734375, 8191.66015625, 3245.52294921875, 153876.03125, 1189803.875]}
ALPHABET_TENSOR {"name": "/hr_branch/conv_enc2x/conv_enc2x.1/Relu_output_0", "position": 4, "count": 33554432, "unique_values": 17096, "vmin": 0.0, "vmax": 10.1953125, "minmax_pos": 4, "candidate_positions": [3, 4, 5, 6, 7], "histogram_loss_float64": [23623.839848806645, 5973.259843160891, 48221.85855894306, 874605.4044459364, 3624627.107226362], "equivalence_representatives": [0, 1, 2, 3, 4], "certificate": "nonnegative_gamma_n_minus_1", "reason": "unbounded_universal_reduction_error", "certified": false, "samples_sha256": "2e436bf56dc0741820a58d0bc905c5312ba29ce188c2369785eb4b394817c34c", "legacy_minmse_pos": 4, "legacy_candidate_sqerr": [23623.86328125, 5973.25244140625, 48221.921875, 874604.4375, 3624627.5]}
ALPHABET_TENSOR {"name": "/lr_branch/backbone/features.3/conv/conv.2/Clip_output_0", "position": 6, "count": 150994944, "unique_values": 17522, "vmin": 0.0, "vmax": 5.88671875, "minmax_pos": 4, "candidate_positions": [3, 4, 5, 6, 7], "histogram_loss_float64": [152161.59604329578, 38078.31242436877, 9602.489644713314, 8373.193867392452, 79602.36657363884], "equivalence_representatives": [0, 1, 2, 3, 4], "certificate": "nonnegative_gamma_n_minus_1", "reason": "unbounded_universal_reduction_error", "certified": false, "samples_sha256": "58e5e5c145c57e6022925e4d7d2f5737c9ce35bf79db9039f27506874c0a1f7f", "legacy_minmse_pos": 6, "legacy_candidate_sqerr": [152161.328125, 38078.2265625, 9602.4580078125, 8373.1962890625, 79601.546875]}
ALPHABET_TENSOR {"name": "/lr_branch/backbone/features.3/conv/conv.5/Clip_output_0", "position": 5, "count": 150994944, "unique_values": 17921, "vmin": 0.0, "vmax": 6.0, "minmax_pos": 4, "candidate_positions": [3, 4, 5, 6, 7], "histogram_loss_float64": [114578.7368235779, 28188.024680633556, 22081.90628578187, 234575.00697376253, 1260784.4338528109], "equivalence_representatives": [0, 1, 2, 3, 4], "certificate": "nonnegative_gamma_n_minus_1", "reason": "unbounded_universal_reduction_error", "certified": false, "samples_sha256": "faef95dde9f1f64bf2633c082634cf0e0685e909f9e8db05bd584d4016fd49e7", "legacy_minmse_pos": 5, "legacy_candidate_sqerr": [114578.6875, 28188.0546875, 22081.97265625, 234575.453125, 1260774.0]}
ALPHABET_TENSOR {"name": "/lr_branch/backbone/features.3/conv/conv.6/Conv_output_0", "position": 4, "count": 25165824, "unique_values": 34787, "vmin": -8.703125, "vmax": 14.4921875, "minmax_pos": 3, "candidate_positions": [2, 3, 4, 5, 6], "histogram_loss_float64": [131097.6524807837, 32781.34085053466, 9775.400874796129, 141264.97600716614, 1427190.2879747779], "equivalence_representatives": [0, 1, 2, 3, 4], "certificate": "nonnegative_gamma_n_minus_1", "reason": "unbounded_universal_reduction_error", "certified": false, "samples_sha256": "64e18584795cbaaa9cd13b0f1a32bf46980824e5686dd6b992ed24743f6ca59f", "legacy_minmse_pos": 4, "legacy_candidate_sqerr": [131097.515625, 32781.34375, 9775.4052734375, 141264.96875, 1427189.375]}
ALPHABET_TENSOR {"name": "/lr_branch/backbone/features.3/Add_output_0", "position": 4, "count": 25165824, "unique_values": 34469, "vmin": -11.96875, "vmax": 14.90625, "minmax_pos": 3, "candidate_positions": [2, 3, 4, 5, 6], "histogram_loss_float64": [131198.7377549205, 32777.19582376817, 15022.597713569205, 367760.30512819637, 3107402.9856976066], "equivalence_representatives": [0, 1, 2, 3, 4], "certificate": "nonnegative_gamma_n_minus_1", "reason": "unbounded_universal_reduction_error", "certified": false, "samples_sha256": "8a3cdff0e51ec626cb7d8ee399d242faea71e0136d7797dc064320546a0376a0", "legacy_minmse_pos": 4, "legacy_candidate_sqerr": [131198.8125, 32777.20703125, 15022.5869140625, 367760.46875, 3107400.0]}
ALPHABET_TENSOR {"name": "/lr_branch/backbone/features.4/conv/conv.2/Clip_output_0", "position": 5, "count": 150994944, "unique_values": 17648, "vmin": 0.0, "vmax": 6.0, "minmax_pos": 4, "candidate_positions": [3, 4, 5, 6, 7], "histogram_loss_float64": [111328.81648656294, 27826.189274038523, 7155.831645216194, 18653.272257532328, 196628.45975651906], "equivalence_representatives": [0, 1, 2, 3, 4], "certificate": "nonnegative_gamma_n_minus_1", "reason": "unbounded_universal_reduction_error", "certified": false, "samples_sha256": "087d5f50a52b7772e38aca5e81f57851c65116520116f65d3398fe1e0684f3c0", "legacy_minmse_pos": 5, "legacy_candidate_sqerr": [111328.953125, 27826.154296875, 7155.83056640625, 18653.302734375, 196628.875]}
ALPHABET_TENSOR {"name": "/hr_branch/tohr_enc4x/tohr_enc4x.1/Relu_output_0", "position": 4, "count": 33554432, "unique_values": 17818, "vmin": 0.0, "vmax": 12.703125, "minmax_pos": 3, "candidate_positions": [2, 3, 4, 5, 6], "histogram_loss_float64": [102297.38694295882, 25593.31034383773, 11391.617308711997, 429802.5511885643, 3265364.3821850778], "equivalence_representatives": [0, 1, 2, 3, 4], "certificate": "nonnegative_gamma_n_minus_1", "reason": "unbounded_universal_reduction_error", "certified": false, "samples_sha256": "ca808f60894ebaa74de30388ac3a925e57004254eb2c550937903e5e1f8cec91", "legacy_minmse_pos": 4, "legacy_candidate_sqerr": [102297.3984375, 25593.30078125, 11391.6259765625, 429803.09375, 3265359.5]}
ALPHABET_TENSOR {"name": "/hr_branch/Concat_1_output_0", "position": 4, "count": 67108864, "unique_values": 18339, "vmin": 0.0, "vmax": 12.703125, "minmax_pos": 3, "candidate_positions": [2, 3, 4, 5, 6], "histogram_loss_float64": [197552.03921547154, 49217.150192644374, 17364.877151872886, 478024.40974750736, 4139969.786631014], "equivalence_representatives": [0, 1, 2, 3, 4], "certificate": "nonnegative_gamma_n_minus_1", "reason": "unbounded_universal_reduction_error", "certified": false, "samples_sha256": "8bead39741557c204a09abd16827ff9dc5fc146fc2691a10918db7191f62c210", "legacy_minmse_pos": 4, "legacy_candidate_sqerr": [197552.46875, 49217.2578125, 17364.892578125, 478025.375, 4139956.25]}
ALPHABET_TENSOR {"name": "/lr_branch/backbone/features.4/conv/conv.5/Clip_output_0", "position": 5, "count": 37748736, "unique_values": 17334, "vmin": 0.0, "vmax": 6.0, "minmax_pos": 4, "candidate_positions": [3, 4, 5, 6, 7], "histogram_loss_float64": [34748.18060612953, 8715.874846699597, 2561.1420481232417, 21197.348755362393, 247440.44594502723], "equivalence_representatives": [0, 1, 2, 3, 4], "certificate": "nonnegative_gamma_n_minus_1", "reason": "unbounded_universal_reduction_error", "certified": false, "samples_sha256": "964e8024f300155c895cca66b435b4f70b74aa9db57d0d65c1389c8b91036041", "legacy_minmse_pos": 5, "legacy_candidate_sqerr": [34748.16796875, 8715.890625, 2561.13671875, 21197.353515625, 247440.5625]}
ALPHABET_TENSOR {"name": "/lr_branch/backbone/features.4/conv/conv.6/Conv_output_0", "position": 5, "count": 8388608, "unique_values": 29816, "vmin": -5.77734375, "vmax": 5.48046875, "minmax_pos": 4, "candidate_positions": [3, 4, 5, 6, 7], "histogram_loss_float64": [10924.360161918932, 2726.3838283007676, 844.6870099490219, 46323.92585195952, 567206.7246862834], "equivalence_representatives": [0, 1, 2, 3, 4], "certificate": "nonnegative_gamma_n_minus_1", "loss_intervals": [[0.002604570115679344, 21848.717719412405], [0.0006500204806334651, 5452.767006617158], [0.00020138905259503193, 1689.3738185201764], [0.01104448325820905, 92647.84066004919], [0.1352326051717021, 1134413.3141474726]], "reduction_gamma": 0.9999997615814494, "histogram_gamma": 6.620481940488565e-12, "reason": "overlapping_intervals", "certified": false, "samples_sha256": "2e3bf34cc0b19066cda2065b3a4bc337621428972cab8569782a1b09c683e9dc", "legacy_minmse_pos": 5, "legacy_candidate_sqerr": [10924.3603515625, 2726.38525390625, 844.687744140625, 46323.91796875, 567206.375]}
ALPHABET_TENSOR {"name": "/hr_branch/conv_enc4x/conv_enc4x.1/Relu_output_0", "position": 4, "count": 67108864, "unique_values": 18133, "vmin": 0.0, "vmax": 11.90625, "minmax_pos": 3, "candidate_positions": [2, 3, 4, 5, 6], "histogram_loss_float64": [181065.9604748984, 45269.659846236274, 11757.89262287812, 69943.79476921754, 1263072.059836318], "equivalence_representatives": [0, 1, 2, 3, 4], "certificate": "nonnegative_gamma_n_minus_1", "reason": "unbounded_universal_reduction_error", "certified": false, "samples_sha256": "33cc6f001a101dbc8b7f03e9cd14783f0d044417de59bdd679cfe8980b7b451b", "legacy_minmse_pos": 4, "legacy_candidate_sqerr": [181066.09375, 45269.66015625, 11757.8740234375, 69943.796875, 1263068.75]}
ALPHABET_TENSOR {"name": "/lr_branch/backbone/features.5/conv/conv.2/Clip_output_0", "position": 6, "count": 50331648, "unique_values": 16138, "vmin": 0.0, "vmax": 2.99609375, "minmax_pos": 5, "candidate_positions": [4, 5, 6, 7, 8], "histogram_loss_float64": [12802.745240227532, 3240.2759685676806, 798.2947955291979, 1148.6066683691256, 57989.31671424324], "equivalence_representatives": [0, 1, 2, 3, 4], "certificate": "nonnegative_gamma_n_minus_1", "reason": "unbounded_universal_reduction_error", "certified": false, "samples_sha256": "a7dd6a5750a6651efcaba95d3ffebbb6e7e2c735f7d0eae4cf30d8e2ee810b51", "legacy_minmse_pos": 6, "legacy_candidate_sqerr": [12802.7119140625, 3240.267578125, 798.2945556640625, 1148.606689453125, 57989.24609375]}
ALPHABET_TENSOR {"name": "/lr_branch/backbone/features.5/conv/conv.5/Clip_output_0", "position": 6, "count": 50331648, "unique_values": 16708, "vmin": 0.0, "vmax": 4.625, "minmax_pos": 5, "candidate_positions": [4, 5, 6, 7, 8], "histogram_loss_float64": [6731.240926660357, 1689.963298715411, 598.7602593076808, 15373.994922078906, 173388.6845071984], "equivalence_representatives": [0, 1, 2, 3, 4], "certificate": "nonnegative_gamma_n_minus_1", "reason": "unbounded_universal_reduction_error", "certified": false, "samples_sha256": "833ffc653035fd5fbcc629737e0bda86b0bbe28582acf9f92582f6caab7e8479", "legacy_minmse_pos": 6, "legacy_candidate_sqerr": [6731.24560546875, 1689.9598388671875, 598.7606201171875, 15374.02734375, 173388.578125]}
ALPHABET_TENSOR {"name": "/lr_branch/backbone/features.5/conv/conv.6/Conv_output_0", "position": 5, "count": 8388608, "unique_values": 31067, "vmin": -4.6015625, "vmax": 4.90625, "minmax_pos": 5, "candidate_positions": [4, 5, 6, 7, 8], "histogram_loss_float64": [2730.7740875167387, 687.5641685409087, 4311.0990239066605, 77093.7214100642, 336848.9348722978], "equivalence_representatives": [0, 1, 2, 3, 4], "certificate": "nonnegative_gamma_n_minus_1", "loss_intervals": [[0.0006510671998721705, 5461.547524003956], [0.0001639280524854558, 1375.1281731632516], [0.001027845980631436, 8622.197020026824], [0.018380573316417938, 154187.42444061878], [0.08031103481235365, 673697.7894382084]], "reduction_gamma": 0.9999997615814494, "histogram_gamma": 6.898259741253535e-12, "reason": "overlapping_intervals", "certified": false, "samples_sha256": "9e2e0053a58c55ef6af7dc49bdb4ef7c31f2f3d571c1aa57c54740b89e280088", "legacy_minmse_pos": 5, "legacy_candidate_sqerr": [2730.7744140625, 687.5645141601562, 4311.099609375, 77093.6875, 336848.96875]}
ALPHABET_TENSOR {"name": "/lr_branch/backbone/features.5/Add_output_0", "position": 4, "count": 8388608, "unique_values": 30158, "vmin": -8.5625, "vmax": 7.78515625, "minmax_pos": 4, "candidate_positions": [3, 4, 5, 6, 7], "histogram_loss_float64": [10926.369698700568, 2733.499711212775, 4254.248535332341, 167449.55061739412, 1175034.6392360898], "equivalence_representatives": [0, 1, 2, 3, 4], "certificate": "nonnegative_gamma_n_minus_1", "loss_intervals": [[0.002605049226525935, 21852.736792498254], [0.0006517170391233026, 5466.998770745123], [0.001014291769546715, 8508.496056429894], [0.0399230791513338, 334899.0613139519], [0.2801500555529613, 2350068.9983378625]], "reduction_gamma": 0.9999997615814494, "histogram_gamma": 6.696421195373937e-12, "reason": "overlapping_intervals", "certified": false, "samples_sha256": "e361fdb65288d01bb0b58ee065ae3368eba946ff13a8f0abc71805543c05d48f", "legacy_minmse_pos": 4, "legacy_candidate_sqerr": [10926.365234375, 2733.499755859375, 4254.2490234375, 167449.4375, 1175034.0]}
ALPHABET_TENSOR {"name": "/lr_branch/backbone/features.6/conv/conv.2/Clip_output_0", "position": 6, "count": 50331648, "unique_values": 16259, "vmin": 0.0, "vmax": 2.453125, "minmax_pos": 6, "candidate_positions": [5, 6, 7, 8, 9], "histogram_loss_float64": [3011.3965653559603, 756.2946268698612, 1515.1513941070475, 44335.886466690004, 419645.28434143646], "equivalence_representatives": [0, 1, 2, 3, 4], "certificate": "nonnegative_gamma_n_minus_1", "reason": "unbounded_universal_reduction_error", "certified": false, "samples_sha256": "45f56c5ae5d50f24ffca4dc488137c23795582a65d80b44680d615b161988f80", "legacy_minmse_pos": 6, "legacy_candidate_sqerr": [3011.3984375, 756.29541015625, 1515.1495361328125, 44335.8203125, 419645.28125]}
ALPHABET_TENSOR {"name": "/lr_branch/backbone/features.6/conv/conv.5/Clip_output_0", "position": 6, "count": 50331648, "unique_values": 16642, "vmin": 0.0, "vmax": 3.958984375, "minmax_pos": 5, "candidate_positions": [4, 5, 6, 7, 8], "histogram_loss_float64": [6162.176536541896, 1584.8702277955585, 494.5758914765888, 9321.98631517263, 124862.37660894962], "equivalence_representatives": [0, 1, 2, 3, 4], "certificate": "nonnegative_gamma_n_minus_1", "reason": "unbounded_universal_reduction_error", "certified": false, "samples_sha256": "a24c851bfe59b92a4645c40fafc66cc1fe95a531ac3557ab08a1706915ec8c68", "legacy_minmse_pos": 6, "legacy_candidate_sqerr": [6162.1884765625, 1584.8731689453125, 494.57666015625, 9321.9794921875, 124862.2734375]}
ALPHABET_TENSOR {"name": "/lr_branch/backbone/features.6/conv/conv.6/Conv_output_0", "position": 5, "count": 8388608, "unique_values": 31446, "vmin": -4.35546875, "vmax": 5.65625, "minmax_pos": 4, "candidate_positions": [3, 4, 5, 6, 7], "histogram_loss_float64": [10926.700960184266, 2732.1601696264042, 691.692041422059, 3079.3005588304286, 46653.36146410817], "equivalence_representatives": [0, 1, 2, 3, 4], "certificate": "nonnegative_gamma_n_minus_1", "loss_intervals": [[0.0026051282054079922, 21853.399315392926], [0.0006513976675596694, 5464.319687893299], [0.00016491221395469136, 1383.383917941564], [0.0007341623759970147, 6158.600383541486], [0.011123026819358742, 93306.71180584109]], "reduction_gamma": 0.9999997615814494, "histogram_gamma": 6.98241464652129e-12, "reason": "overlapping_intervals", "certified": false, "samples_sha256": "50b957133822c6de7962b0bbca48689867182fe34faaf45d6e1603d766ea6027", "legacy_minmse_pos": 5, "legacy_candidate_sqerr": [10926.6953125, 2732.159423828125, 691.6917724609375, 3079.30029296875, 46653.40234375]}
ALPHABET_TENSOR {"name": "/lr_branch/backbone/features.6/Add_output_0", "position": 4, "count": 8388608, "unique_values": 30256, "vmin": -9.7109375, "vmax": 7.73828125, "minmax_pos": 4, "candidate_positions": [3, 4, 5, 6, 7], "histogram_loss_float64": [10928.623266111634, 2742.8316515791626, 11463.030233274712, 339038.8396412242, 1839671.192170929], "equivalence_representatives": [0, 1, 2, 3, 4], "certificate": "nonnegative_gamma_n_minus_1", "loss_intervals": [[0.00260558651880163, 21857.2439267836], [0.0006539419468194225, 5485.662649253235], [0.0027329990533256805, 22926.057733704405], [0.08083314873325581, 678077.5984538555], [0.43861173915767887, 3679341.9457548386]], "reduction_gamma": 0.9999997615814494, "histogram_gamma": 6.718181566656882e-12, "reason": "overlapping_intervals", "certified": false, "samples_sha256": "e00e5acd7facfe7f054c81a00da60c1c954f45ec25dbe9a61be2a42e4e24c1c9", "legacy_minmse_pos": 4, "legacy_candidate_sqerr": [10928.6201171875, 2742.834228515625, 11463.0263671875, 339038.96875, 1839670.5]}
ALPHABET_TENSOR {"name": "/lr_branch/backbone/features.7/conv/conv.2/Clip_output_0", "position": 6, "count": 50331648, "unique_values": 16444, "vmin": 0.0, "vmax": 2.67578125, "minmax_pos": 6, "candidate_positions": [5, 6, 7, 8, 9], "histogram_loss_float64": [2053.1058068187394, 521.5468296916642, 5915.3627959401765, 116937.90179803087, 545617.1941671693], "equivalence_representatives": [0, 1, 2, 3, 4], "certificate": "nonnegative_gamma_n_minus_1", "reason": "unbounded_universal_reduction_error", "certified": false, "samples_sha256": "80a855b0d2c3378db043800ef2e1e2155ec69c9caa64e681b51ed6583624b14d", "legacy_minmse_pos": 6, "legacy_candidate_sqerr": [2053.10595703125, 521.5458374023438, 5915.34619140625, 116937.7734375, 545617.375]}
ALPHABET_TENSOR {"name": "/lr_branch/backbone/features.7/conv/conv.5/Clip_output_0", "position": 5, "count": 12582912, "unique_values": 15935, "vmin": 0.0, "vmax": 4.80859375, "minmax_pos": 5, "candidate_positions": [4, 5, 6, 7, 8], "histogram_loss_float64": [3282.0419965400215, 800.7241330756663, 1374.2836387767313, 47359.93678945441, 412878.25165334484], "equivalence_representatives": [0, 1, 2, 3, 4], "certificate": "nonnegative_gamma_n_minus_1", "loss_intervals": [[0, 13128.164856208135], [0, 3202.895768684142], [0, 5497.133244507682], [0, 189439.7019925435], [0, 1651512.6128679335]], "reduction_gamma": 2.9999990463259114, "histogram_gamma": 3.538280779492894e-12, "reason": "overlapping_intervals", "certified": false, "samples_sha256": "a05107a0663289b223cbb9b6972e2254b5d520f63b56bfdb2fdcc895ef829297", "legacy_minmse_pos": 5, "legacy_candidate_sqerr": [3282.045166015625, 800.7237548828125, 1374.2841796875, 47359.9453125, 412878.125]}
ALPHABET_TENSOR {"name": "/lr_branch/backbone/features.7/conv/conv.6/Conv_output_0", "position": 5, "count": 4194304, "unique_values": 27385, "vmin": -3.892578125, "vmax": 4.23046875, "minmax_pos": 5, "candidate_positions": [4, 5, 6, 7, 8], "histogram_loss_float64": [1365.9133995948705, 341.45594014510255, 1492.4754010616196, 63533.208374816044, 337069.6392992764], "equivalence_representatives": [0, 1, 2, 3, 4], "certificate": "nonnegative_gamma_n_minus_1", "loss_intervals": [[910.6090777950897, 1821.217721400189], [227.6373296106545, 455.2745506809349], [994.9837588500671, 1989.9670432792225], [42355.47898184026, 84710.9377680494], [224713.12858199907, 449426.1500179203]], "reduction_gamma": 0.33333322736952886, "histogram_gamma": 6.080691505908958e-12, "reason": "separated_intervals", "certified": true, "samples_sha256": "fbbddbd2eb30f924e727ca97445263387e145577780152647124555ce742f36c", "legacy_minmse_pos": 5, "legacy_candidate_sqerr": [1365.9134521484375, 341.45599365234375, 1492.4759521484375, 63533.21484375, 337069.5625]}
ALPHABET_TENSOR {"name": "/lr_branch/backbone/features.8/conv/conv.2/Clip_output_0", "position": 7, "count": 25165824, "unique_values": 15345, "vmin": 0.0, "vmax": 1.6396484375, "minmax_pos": 6, "candidate_positions": [5, 6, 7, 8, 9], "histogram_loss_float64": [1513.1267873209363, 378.37816347297485, 108.83696200069241, 10212.24127116915, 161502.42652918887], "equivalence_representatives": [0, 1, 2, 3, 4], "certificate": "nonnegative_gamma_n_minus_1", "reason": "unbounded_universal_reduction_error", "certified": false, "samples_sha256": "1fcd6c3856bdcac643c2d4931bdcb5c7ae7a8b9c8f0c29cd41b1a9abc5b7364b", "legacy_minmse_pos": 7, "legacy_candidate_sqerr": [1513.1256103515625, 378.3780517578125, 108.83709716796875, 10212.2333984375, 161502.390625]}
ALPHABET_TENSOR {"name": "/lr_branch/backbone/features.8/conv/conv.5/Clip_output_0", "position": 6, "count": 25165824, "unique_values": 15962, "vmin": 0.0, "vmax": 2.60546875, "minmax_pos": 6, "candidate_positions": [5, 6, 7, 8, 9], "histogram_loss_float64": [854.5592601344786, 217.67965651013472, 954.777008657237, 22500.211095531366, 114153.9154811994], "equivalence_representatives": [0, 1, 2, 3, 4], "certificate": "nonnegative_gamma_n_minus_1", "reason": "unbounded_universal_reduction_error", "certified": false, "samples_sha256": "3f03a9c2958966c550963c45727e4c5fc6c72d5ab4dd7ec3ebf7215bc6da7b5e", "legacy_minmse_pos": 6, "legacy_candidate_sqerr": [854.5592041015625, 217.67970275878906, 954.7769775390625, 22500.224609375, 114153.984375]}
ALPHABET_TENSOR {"name": "/lr_branch/backbone/features.8/conv/conv.6/Conv_output_0", "position": 5, "count": 4194304, "unique_values": 28718, "vmin": -3.9453125, "vmax": 3.25390625, "minmax_pos": 5, "candidate_positions": [4, 5, 6, 7, 8], "histogram_loss_float64": [1366.0426652211906, 341.3813693303825, 568.8490063924553, 16499.512187339762, 91539.57136438083], "equivalence_representatives": [0, 1, 2, 3, 4], "certificate": "nonnegative_gamma_n_minus_1", "loss_intervals": [[910.6952548927304, 1821.3900755554585], [227.5876157262056, 455.1751229360108], [379.23273120328986, 758.4652815840391], [10999.676539840775, 21999.3478349089], [61026.39060907927, 122052.75212007156]], "reduction_gamma": 0.33333322736952886, "histogram_gamma": 6.376676964277712e-12, "reason": "overlapping_intervals", "certified": false, "samples_sha256": "5db236edfd962e98dd66f4a235c5131bd106ea087df6546380ec2d478f4cbbb4", "legacy_minmse_pos": 5, "legacy_candidate_sqerr": [1366.04296875, 341.381591796875, 568.8490600585938, 16499.505859375, 91539.5859375]}
ALPHABET_TENSOR {"name": "/lr_branch/backbone/features.8/Add_output_0", "position": 5, "count": 4194304, "unique_values": 27372, "vmin": -4.265625, "vmax": 4.78125, "minmax_pos": 5, "candidate_positions": [4, 5, 6, 7, 8], "histogram_loss_float64": [1365.7065277223023, 342.98745538038327, 5804.531653416572, 145048.16769762087, 589372.5265586501], "equivalence_representatives": [0, 1, 2, 3, 4], "certificate": "nonnegative_gamma_n_minus_1", "loss_intervals": [[910.4711631914602, 1820.9418922586788], [228.65833992978796, 457.3165708323685], [3869.688383991117, 7739.374922865548], [96698.79383434847, 193397.54156148102], [392915.08015553356, 785829.9729641548]], "reduction_gamma": 0.33333322736952886, "histogram_gamma": 6.077804926044897e-12, "reason": "separated_intervals", "certified": true, "samples_sha256": "af4526b9b1d1bc7640fb95e85faab8d0bb99eb77346ba09d0d9f471e12382ac4", "legacy_minmse_pos": 5, "legacy_candidate_sqerr": [1365.70703125, 342.98724365234375, 5804.5302734375, 145048.140625, 589372.5]}
ALPHABET_TENSOR {"name": "/lr_branch/backbone/features.9/conv/conv.2/Clip_output_0", "position": 7, "count": 25165824, "unique_values": 15479, "vmin": 0.0, "vmax": 1.6591796875, "minmax_pos": 6, "candidate_positions": [5, 6, 7, 8, 9], "histogram_loss_float64": [1304.6574019672385, 326.13473169822595, 100.0640300395002, 3632.434418621849, 71240.76271539126], "equivalence_representatives": [0, 1, 2, 3, 4], "certificate": "nonnegative_gamma_n_minus_1", "reason": "unbounded_universal_reduction_error", "certified": false, "samples_sha256": "1f0e634cc3568d0c87a0b8ef1e0ff8581a83a0efe33dcaac310976661c485a11", "legacy_minmse_pos": 7, "legacy_candidate_sqerr": [1304.6551513671875, 326.1341857910156, 100.06396484375, 3632.430908203125, 71240.8125]}
ALPHABET_TENSOR {"name": "/lr_branch/backbone/features.9/conv/conv.5/Clip_output_0", "position": 6, "count": 25165824, "unique_values": 16063, "vmin": 0.0, "vmax": 2.71484375, "minmax_pos": 6, "candidate_positions": [5, 6, 7, 8, 9], "histogram_loss_float64": [894.0982510312433, 227.73829738935189, 1364.3778194054003, 21665.25710268458, 117215.08986819303], "equivalence_representatives": [0, 1, 2, 3, 4], "certificate": "nonnegative_gamma_n_minus_1", "reason": "unbounded_universal_reduction_error", "certified": false, "samples_sha256": "c57e51b485f751aef6e0c258908c8b290a1fca39b7cff68346fc97859b67d215", "legacy_minmse_pos": 6, "legacy_candidate_sqerr": [894.0975341796875, 227.73825073242188, 1364.377197265625, 21665.2578125, 117215.203125]}
ALPHABET_TENSOR {"name": "/lr_branch/backbone/features.9/conv/conv.6/Conv_output_0", "position": 6, "count": 4194304, "unique_values": 28090, "vmin": -2.966796875, "vmax": 2.8203125, "minmax_pos": 5, "candidate_positions": [4, 5, 6, 7, 8], "histogram_loss_float64": [1365.7290562282662, 341.6547516475779, 104.25503312455237, 2936.003293682204, 36735.58000097083], "equivalence_representatives": [0, 1, 2, 3, 4], "certificate": "nonnegative_gamma_n_minus_1", "loss_intervals": [[910.4861821976779, 1820.971930264534], [227.76987063333507, 455.53963266324143], [69.50336646319462, 139.00669978634366], [1957.3358402193387, 3914.670747157278], [24490.390559802938, 48980.7694422915]], "reduction_gamma": 0.33333322736952886, "histogram_gamma": 6.2372329523830336e-12, "reason": "separated_intervals", "certified": true, "samples_sha256": "cf76f372747a56e6cb0ea9c7189a29778b1479b597bda1e4a20d95b42ed99a87", "legacy_minmse_pos": 6, "legacy_candidate_sqerr": [1365.7291259765625, 341.6546936035156, 104.2550277709961, 2936.00390625, 36735.6015625]}
ALPHABET_TENSOR {"name": "/lr_branch/backbone/features.9/Add_output_0", "position": 5, "count": 4194304, "unique_values": 27520, "vmin": -4.98046875, "vmax": 5.5390625, "minmax_pos": 5, "candidate_positions": [4, 5, 6, 7, 8], "histogram_loss_float64": [1365.685507634021, 360.43568692479244, 13787.578786232807, 230326.56448821106, 802502.0188180148], "equivalence_representatives": [0, 1, 2, 3, 4], "certificate": "nonnegative_gamma_n_minus_1", "loss_intervals": [[910.4571497970153, 1820.9138654765904], [240.2904961415298, 480.5808777095236], [9191.72065175, 18383.436920771786], [153551.06739748135, 307102.06157987914], [535001.4309115739, 1070002.6067277251]], "reduction_gamma": 0.33333322736952886, "histogram_gamma": 6.110667527574203e-12, "reason": "separated_intervals", "certified": true, "samples_sha256": "4ff0590c7346b61f637c2bef2acf9dd5d772bedf2c47377655cf6806488e77a7", "legacy_minmse_pos": 5, "legacy_candidate_sqerr": [1365.68505859375, 360.4356689453125, 13787.5830078125, 230326.515625, 802502.125]}
ALPHABET_TENSOR {"name": "/lr_branch/backbone/features.10/conv/conv.2/Clip_output_0", "position": 7, "count": 25165824, "unique_values": 15454, "vmin": 0.0, "vmax": 1.6962890625, "minmax_pos": 6, "candidate_positions": [5, 6, 7, 8, 9], "histogram_loss_float64": [1118.2015569176388, 279.48652743956575, 81.52314263245589, 2448.853381272764, 49409.87834721839], "equivalence_representatives": [0, 1, 2, 3, 4], "certificate": "nonnegative_gamma_n_minus_1", "reason": "unbounded_universal_reduction_error", "certified": false, "samples_sha256": "a762a2cd10ed57ceed0fdbe3fb80e13a8814585b25dc5fae9f365947537e80d8", "legacy_minmse_pos": 7, "legacy_candidate_sqerr": [1118.2010498046875, 279.486328125, 81.5230712890625, 2448.8564453125, 49409.8515625]}
ALPHABET_TENSOR {"name": "/lr_branch/backbone/features.10/conv/conv.5/Clip_output_0", "position": 6, "count": 25165824, "unique_values": 16142, "vmin": 0.0, "vmax": 2.94921875, "minmax_pos": 5, "candidate_positions": [4, 5, 6, 7, 8], "histogram_loss_float64": [4087.3425203499055, 988.1262766060092, 272.9939538177707, 2118.5645953950143, 30424.465821304606], "equivalence_representatives": [0, 1, 2, 3, 4], "certificate": "nonnegative_gamma_n_minus_1", "reason": "unbounded_universal_reduction_error", "certified": false, "samples_sha256": "22d7cd9cae27db68ddbfadbde221b8a9cecd3009b62b9e4c900743b350490ba1", "legacy_minmse_pos": 6, "legacy_candidate_sqerr": [4087.341064453125, 988.1266479492188, 272.9942932128906, 2118.563232421875, 30424.46875]}
ALPHABET_TENSOR {"name": "/lr_branch/backbone/features.10/conv/conv.6/Conv_output_0", "position": 6, "count": 4194304, "unique_values": 28388, "vmin": -2.904296875, "vmax": 3.03515625, "minmax_pos": 5, "candidate_positions": [4, 5, 6, 7, 8], "histogram_loss_float64": [1365.2716464836176, 341.4709138710076, 125.0993482906396, 4586.60008154698, 45192.65022943802], "equivalence_representatives": [0, 1, 2, 3, 4], "certificate": "nonnegative_gamma_n_minus_1", "loss_intervals": [[910.1812423193851, 1820.3620506535879], [227.64731209612714, 455.2945156473232], [83.39957878257019, 166.79911779923475], [3057.7338736923043, 6115.466289420931], [30128.438274887234, 60256.86218417873]], "reduction_gamma": 0.33333322736952886, "histogram_gamma": 6.3034022446515225e-12, "reason": "separated_intervals", "certified": true, "samples_sha256": "0578af4750efc62c023997521579e51f41957c6d1ba12c60b19bcd31e1f1c4f7", "legacy_minmse_pos": 6, "legacy_candidate_sqerr": [1365.2711181640625, 341.4710693359375, 125.09933471679688, 4586.6015625, 45192.6328125]}
ALPHABET_TENSOR {"name": "/lr_branch/backbone/features.10/Add_output_0", "position": 5, "count": 4194304, "unique_values": 27658, "vmin": -5.95703125, "vmax": 5.90234375, "minmax_pos": 4, "candidate_positions": [3, 4, 5, 6, 7], "histogram_loss_float64": [5460.506618015912, 1366.332282536176, 393.5636868406804, 21043.387692921315, 287581.1949629118], "equivalence_representatives": [0, 1, 2, 3, 4], "certificate": "nonnegative_gamma_n_minus_1", "loss_intervals": [[3640.338323937638, 7280.674912116544], [910.8883331336228, 1821.7762319443239], [262.3758329290143, 524.751540753958], [14028.927358365463, 28057.848027563326], [191720.82711396113, 383441.5628130399]], "reduction_gamma": 0.33333322736952886, "histogram_gamma": 6.141309683054233e-12, "reason": "separated_intervals", "certified": true, "samples_sha256": "96943a6c262be7f495c24f655c15ce85a9097a7cd1944232aeab36d700df10a5", "legacy_minmse_pos": 5, "legacy_candidate_sqerr": [5460.50537109375, 1366.33154296875, 393.5637512207031, 21043.38671875, 287581.1875]}
ALPHABET_TENSOR {"name": "/lr_branch/backbone/features.11/conv/conv.2/Clip_output_0", "position": 7, "count": 25165824, "unique_values": 15623, "vmin": 0.0, "vmax": 1.748046875, "minmax_pos": 6, "candidate_positions": [5, 6, 7, 8, 9], "histogram_loss_float64": [1136.9669937712238, 284.28362413468824, 156.54986997666822, 10451.361399523645, 113388.33977815854], "equivalence_representatives": [0, 1, 2, 3, 4], "certificate": "nonnegative_gamma_n_minus_1", "reason": "unbounded_universal_reduction_error", "certified": false, "samples_sha256": "f93995928217e4ed06292158d3f3f7d456cbd4200821ed8adf3a7f61441372bb", "legacy_minmse_pos": 7, "legacy_candidate_sqerr": [1136.96728515625, 284.2837829589844, 156.54969787597656, 10451.3642578125, 113388.3828125]}
ALPHABET_TENSOR {"name": "/lr_branch/backbone/features.11/conv/conv.5/Clip_output_0", "position": 5, "count": 25165824, "unique_values": 16655, "vmin": 0.0, "vmax": 4.87109375, "minmax_pos": 5, "candidate_positions": [4, 5, 6, 7, 8], "histogram_loss_float64": [4711.164115022842, 1178.3374405614777, 1465.8495560399933, 22152.64143742246, 169371.58152585846], "equivalence_representatives": [0, 1, 2, 3, 4], "certificate": "nonnegative_gamma_n_minus_1", "reason": "unbounded_universal_reduction_error", "certified": false, "samples_sha256": "ae7d4e489094ece9bd3259c1242c38f1face812a0441da15b2bdab4f477815ba", "legacy_minmse_pos": 5, "legacy_candidate_sqerr": [4711.16162109375, 1178.337158203125, 1465.850341796875, 22152.646484375, 169371.5625]}
ALPHABET_TENSOR {"name": "/lr_branch/backbone/features.11/conv/conv.6/Conv_output_0", "position": 6, "count": 6291456, "unique_values": 29158, "vmin": -2.791015625, "vmax": 3.220703125, "minmax_pos": 5, "candidate_positions": [4, 5, 6, 7, 8], "histogram_loss_float64": [2047.4722839775081, 512.3298021736143, 160.85392560386637, 8057.697272914883, 93645.4598914566], "equivalence_representatives": [0, 1, 2, 3, 4], "certificate": "nonnegative_gamma_n_minus_1", "loss_intervals": [[818.9892260051471, 3275.9553419657773], [204.93199904343504, 819.7276053077743], [64.34159478548877, 257.3662564234938], [3223.080138651995, 12892.314407240376], [37458.19824550191, 149832.7215381389]], "reduction_gamma": 0.5999998474121241, "histogram_gamma": 6.474376590445981e-12, "reason": "overlapping_intervals", "certified": false, "samples_sha256": "e7e7a88673e3b918a3a26f62558aa589a45a8a2da609a439f825b9d8423b338a", "legacy_minmse_pos": 6, "legacy_candidate_sqerr": [2047.4720458984375, 512.3294067382812, 160.85386657714844, 8057.6904296875, 93645.53125]}
ALPHABET_TENSOR {"name": "/lr_branch/backbone/features.12/conv/conv.2/Clip_output_0", "position": 7, "count": 37748736, "unique_values": 15675, "vmin": 0.0, "vmax": 1.6015625, "minmax_pos": 6, "candidate_positions": [5, 6, 7, 8, 9], "histogram_loss_float64": [1529.2618914252967, 382.3392987853736, 137.38857036893074, 5878.066937968776, 75546.98390942131], "equivalence_representatives": [0, 1, 2, 3, 4], "certificate": "nonnegative_gamma_n_minus_1", "reason": "unbounded_universal_reduction_error", "certified": false, "samples_sha256": "118e190eb22956a277d88fbba9bf8b7b39f35b70808ff4f5d3f5e437b84f4fca", "legacy_minmse_pos": 7, "legacy_candidate_sqerr": [1529.2630615234375, 382.3398742675781, 137.3885955810547, 5878.072265625, 75546.953125]}
ALPHABET_TENSOR {"name": "/lr_branch/backbone/features.12/conv/conv.5/Clip_output_0", "position": 6, "count": 37748736, "unique_values": 16624, "vmin": 0.0, "vmax": 4.1484375, "minmax_pos": 5, "candidate_positions": [4, 5, 6, 7, 8], "histogram_loss_float64": [5149.494281985169, 1319.1372196453865, 521.7356977242287, 8292.322673417932, 68804.84038690508], "equivalence_representatives": [0, 1, 2, 3, 4], "certificate": "nonnegative_gamma_n_minus_1", "reason": "unbounded_universal_reduction_error", "certified": false, "samples_sha256": "d048f69b0ec4d35c1af9023ce4d936035c8776ea53c9ec765bd6646f7850a324", "legacy_minmse_pos": 6, "legacy_candidate_sqerr": [5149.490234375, 1319.13818359375, 521.7357788085938, 8292.31640625, 68804.8359375]}
ALPHABET_TENSOR {"name": "/lr_branch/backbone/features.12/conv/conv.6/Conv_output_0", "position": 6, "count": 6291456, "unique_values": 29840, "vmin": -2.92578125, "vmax": 3.736328125, "minmax_pos": 5, "candidate_positions": [4, 5, 6, 7, 8], "histogram_loss_float64": [2049.1074544638263, 512.0048362463581, 198.9970697611438, 4341.495082125053, 47485.353769078836], "equivalence_representatives": [0, 1, 2, 3, 4], "certificate": "nonnegative_gamma_n_minus_1", "loss_intervals": [[819.6432944490532, 3278.5716144948933], [204.80201262291655, 819.2076598738709], [79.59885826847024, 318.39528125539965], [1736.5986952980263, 6946.3914689866015], [18994.14875319494, 75976.55878534031]], "reduction_gamma": 0.5999998474121241, "histogram_gamma": 6.625811011006836e-12, "reason": "overlapping_intervals", "certified": false, "samples_sha256": "6d663e32cf6b41781943247b92ee761bb7b941c7333e4b909544e3d8c927ccf6", "legacy_minmse_pos": 6, "legacy_candidate_sqerr": [2049.107666015625, 512.0050659179688, 198.99716186523438, 4341.49609375, 47485.35546875]}
ALPHABET_TENSOR {"name": "/lr_branch/backbone/features.12/Add_output_0", "position": 5, "count": 6291456, "unique_values": 29221, "vmin": -3.779296875, "vmax": 4.11328125, "minmax_pos": 5, "candidate_positions": [4, 5, 6, 7, 8], "histogram_loss_float64": [2046.696402924614, 512.5112871104052, 1414.6744519644542, 50965.98272504146, 302020.4549763822], "equivalence_representatives": [0, 1, 2, 3, 4], "certificate": "nonnegative_gamma_n_minus_1", "loss_intervals": [[818.67887346559, 3274.713932399575], [205.00459304584047, 820.0179811789607], [565.8699966442794, 2263.4789072956446], [20386.400866675343, 81545.56458380443], [120808.22807442865, 483232.6818806875]], "reduction_gamma": 0.5999998474121241, "histogram_gamma": 6.48836540055644e-12, "reason": "overlapping_intervals", "certified": false, "samples_sha256": "a4d2aa163cddead23cb49fdaf9dadd84d9aa0220e2ba9446ed45673fab942fc8", "legacy_minmse_pos": 5, "legacy_candidate_sqerr": [2046.696044921875, 512.5112915039062, 1414.6741943359375, 50965.96484375, 302020.3125]}
ALPHABET_TENSOR {"name": "/lr_branch/backbone/features.13/conv/conv.2/Clip_output_0", "position": 7, "count": 37748736, "unique_values": 15723, "vmin": 0.0, "vmax": 1.9560546875, "minmax_pos": 6, "candidate_positions": [5, 6, 7, 8, 9], "histogram_loss_float64": [1422.5739836929583, 355.6715004680897, 145.80023404343376, 5359.438214132026, 65228.08543170376], "equivalence_representatives": [0, 1, 2, 3, 4], "certificate": "nonnegative_gamma_n_minus_1", "reason": "unbounded_universal_reduction_error", "certified": false, "samples_sha256": "12769c5fb07cc3d4db00f8d6d3adafc2d237a216ac50a9de266087ef9fe9a308", "legacy_minmse_pos": 7, "legacy_candidate_sqerr": [1422.57470703125, 355.67083740234375, 145.80010986328125, 5359.44677734375, 65228.13671875]}
ALPHABET_TENSOR {"name": "/lr_branch/backbone/features.13/conv/conv.5/Clip_output_0", "position": 5, "count": 37748736, "unique_values": 16877, "vmin": 0.0, "vmax": 6.0, "minmax_pos": 4, "candidate_positions": [3, 4, 5, 6, 7], "histogram_loss_float64": [22103.251979728066, 5692.29256810697, 1675.8174323037479, 2184.565766234717, 13493.394800741991], "equivalence_representatives": [0, 1, 2, 3, 4], "certificate": "nonnegative_gamma_n_minus_1", "reason": "unbounded_universal_reduction_error", "certified": false, "samples_sha256": "ef973867a31b818d82dd79b31878b3f033b2641194ef9a94d921b3e1820e5552", "legacy_minmse_pos": 5, "legacy_candidate_sqerr": [22103.275390625, 5692.29541015625, 1675.8187255859375, 2184.56494140625, 13493.4296875]}
ALPHABET_TENSOR {"name": "/lr_branch/backbone/features.13/conv/conv.6/Conv_output_0", "position": 4, "count": 6291456, "unique_values": 31317, "vmin": -10.9609375, "vmax": 9.3203125, "minmax_pos": 4, "candidate_positions": [3, 4, 5, 6, 7], "histogram_loss_float64": [8195.615649171445, 2320.6115865188576, 7723.036593385312, 23160.121947713473, 68565.84440238058], "equivalence_representatives": [0, 1, 2, 3, 4], "certificate": "nonnegative_gamma_n_minus_1", "loss_intervals": [[3278.2475101973628, 13112.983788213918], [928.2449886982804, 3712.9781843588003], [3089.2158157743906, 12356.857371060682], [9264.052312974776, 37056.19158264544], [27426.348223078054, 109705.34058225529]], "reduction_gamma": 0.5999998474121241, "histogram_gamma": 6.953770892485562e-12, "reason": "overlapping_intervals", "certified": false, "samples_sha256": "b1f8f42b6cd4c2e41b3f7acf84df9b37350e20a6e1cf02d84fea153b7ba29a49", "legacy_minmse_pos": 4, "legacy_candidate_sqerr": [8195.61328125, 2320.612060546875, 7723.0390625, 23160.130859375, 68565.828125]}
ALPHABET_TENSOR {"name": "/lr_branch/backbone/features.13/Add_output_0", "position": 4, "count": 6291456, "unique_values": 30491, "vmin": -10.9296875, "vmax": 10.2265625, "minmax_pos": 4, "candidate_positions": [3, 4, 5, 6, 7], "histogram_loss_float64": [8189.316047003031, 2364.3020585081576, 8576.331889440775, 49327.330952217366, 304877.84427498793], "equivalence_representatives": [0, 1, 2, 3, 4], "certificate": "nonnegative_gamma_n_minus_1", "loss_intervals": [[3275.727668369373, 13102.904425703226], [945.7211841606887, 3782.8829328748366], [3430.5340643973473, 13722.129714553885], [19730.939907506003, 78923.72199732951], [121951.1842298321, 487804.50432262087]], "reduction_gamma": 0.5999998474121241, "histogram_gamma": 6.770362048814968e-12, "reason": "overlapping_intervals", "certified": false, "samples_sha256": "a01e324add51616104906ecb33eb5fd29165502dd9474fa0294413d255b07631", "legacy_minmse_pos": 4, "legacy_candidate_sqerr": [8189.31591796875, 2364.3017578125, 8576.330078125, 49327.359375, 304877.8125]}
ALPHABET_TENSOR {"name": "/lr_branch/backbone/features.14/conv/conv.2/Clip_output_0", "position": 6, "count": 37748736, "unique_values": 16920, "vmin": 0.0, "vmax": 3.607421875, "minmax_pos": 5, "candidate_positions": [4, 5, 6, 7, 8], "histogram_loss_float64": [3930.030836364197, 985.5612166132205, 900.4015052522891, 10242.21830548899, 37118.46414208965], "equivalence_representatives": [0, 1, 2, 3, 4], "certificate": "nonnegative_gamma_n_minus_1", "reason": "unbounded_universal_reduction_error", "certified": false, "samples_sha256": "655e75f68848153b7101fed9d9b65f3d55b32136ceaacb577471045dab615939", "legacy_minmse_pos": 6, "legacy_candidate_sqerr": [3930.030029296875, 985.5601196289062, 900.4016723632812, 10242.201171875, 37118.54296875]}
ALPHABET_TENSOR {"name": "/lr_branch/backbone/features.14/conv/conv.5/Clip_output_0", "position": 5, "count": 9437184, "unique_values": 16338, "vmin": 0.0, "vmax": 6.0, "minmax_pos": 4, "candidate_positions": [3, 4, 5, 6, 7], "histogram_loss_float64": [9721.562984357028, 2558.1762617923305, 1777.186311612277, 14979.499946484713, 49294.10507334247], "equivalence_representatives": [0, 1, 2, 3, 4], "certificate": "nonnegative_gamma_n_minus_1", "loss_intervals": [[0, 22220.71236556488], [0, 5847.259230349266], [0, 4062.1395874202017], [0, 34238.85235598728], [0, 112672.22481767634]], "reduction_gamma": 1.28571397431047, "histogram_gamma": 3.6277647552783225e-12, "reason": "overlapping_intervals", "certified": false, "samples_sha256": "bb5dd18b0d5ffe1c44d9e90d2fe8ae33e290981a9008830d3a159f2fbaedb023", "legacy_minmse_pos": 5, "legacy_candidate_sqerr": [9721.564453125, 2558.17578125, 1777.185791015625, 14979.490234375, 49294.08984375]}
ALPHABET_TENSOR {"name": "/lr_branch/backbone/features.14/conv/conv.6/Conv_output_0", "position": 4, "count": 2621440, "unique_values": 28605, "vmin": -9.28125, "vmax": 8.09375, "minmax_pos": 4, "candidate_positions": [3, 4, 5, 6, 7], "histogram_loss_float64": [3411.7686287744336, 862.4530274255567, 1860.9406020028882, 8177.01400011614, 18208.64764916733], "equivalence_representatives": [0, 1, 2, 3, 4], "certificate": "nonnegative_gamma_n_minus_1", "loss_intervals": [[2779.9599090767583, 4043.5773484801352], [702.7395760322058, 1022.1664788209365], [1516.322127799021, 2205.5590762111333], [6662.752832816771, 9691.275167434747], [14836.677386699952, 21580.61791167755]], "reduction_gamma": 0.18518510146069694, "histogram_gamma": 6.351585923920864e-12, "reason": "separated_intervals", "certified": true, "samples_sha256": "db09ce23e3dbaec134cbc7c8bf87ffaaa758966f6459028d51b6784c59e8bb64", "legacy_minmse_pos": 4, "legacy_candidate_sqerr": [3411.76953125, 862.453125, 1860.9405517578125, 8177.01171875, 18208.638671875]}
ALPHABET_TENSOR {"name": "/lr_branch/backbone/features.15/conv/conv.2/Clip_output_0", "position": 6, "count": 15728640, "unique_values": 16523, "vmin": 0.0, "vmax": 3.681640625, "minmax_pos": 5, "candidate_positions": [4, 5, 6, 7, 8], "histogram_loss_float64": [3125.7040145069186, 780.8003117710176, 380.0482353836122, 2784.7169865637843, 8991.839085024578], "equivalence_representatives": [0, 1, 2, 3, 4], "certificate": "nonnegative_gamma_n_minus_1", "loss_intervals": [[0, 50011.21653788147], [0, 12492.793074326228], [0, 6080.765967089782], [0, 44555.42929381547], [0, 143869.28815647616]], "reduction_gamma": 14.999984741225491, "histogram_gamma": 3.668843007189753e-12, "reason": "overlapping_intervals", "certified": false, "samples_sha256": "56d2cd205b6122ca598c2ab4be4e4de348915e5b0823d745181886e571eb5c65", "legacy_minmse_pos": 6, "legacy_candidate_sqerr": [3125.702880859375, 780.80078125, 380.0484313964844, 2784.715576171875, 8991.8330078125]}
ALPHABET_TENSOR {"name": "/lr_branch/backbone/features.15/conv/conv.5/Clip_output_0", "position": 5, "count": 15728640, "unique_values": 16697, "vmin": 0.0, "vmax": 6.0, "minmax_pos": 4, "candidate_positions": [3, 4, 5, 6, 7], "histogram_loss_float64": [9169.869423501907, 2337.0226179293973, 815.5935054950099, 2755.69901620668, 9610.891472094474], "equivalence_representatives": [0, 1, 2, 3, 4], "certificate": "nonnegative_gamma_n_minus_1", "loss_intervals": [[0, 146717.77085560476], [0, 37392.32622690786], [0, 13049.483643011154], [0, 44091.14221088046], [0, 153774.116903656]], "reduction_gamma": 14.999984741225491, "histogram_gamma": 3.707478768446994e-12, "reason": "overlapping_intervals", "certified": false, "samples_sha256": "62aba6de8cd53078f3f11a6939ea3af6ed7839e0334789398cdd581f7e51cdef", "legacy_minmse_pos": 5, "legacy_candidate_sqerr": [9169.876953125, 2337.02001953125, 815.5925903320312, 2755.69970703125, 9610.888671875]}
ALPHABET_TENSOR {"name": "/lr_branch/backbone/features.15/conv/conv.6/Conv_output_0", "position": 5, "count": 2621440, "unique_values": 28752, "vmin": -4.52734375, "vmax": 5.00390625, "minmax_pos": 5, "candidate_positions": [4, 5, 6, 7, 8], "histogram_loss_float64": [852.5782665020406, 224.9234822994649, 2082.7152222401073, 8418.15312421383, 19264.34745387794], "equivalence_representatives": [0, 1, 2, 3, 4], "certificate": "nonnegative_gamma_n_minus_1", "loss_intervals": [[694.6934737122397, 1010.4630592938576], [183.27100440777508, 266.5759601916866], [1697.0273924849998, 2468.40305200014], [6859.236583750813, 9977.069664696754], [15696.877315957214, 22831.81759184422]], "reduction_gamma": 0.18518510146069694, "histogram_gamma": 6.384226480845259e-12, "reason": "separated_intervals", "certified": true, "samples_sha256": "c51ad2403be737db7f4d9b974c26a8c01b0530e94162b0ea7877e373920755d8", "legacy_minmse_pos": 5, "legacy_candidate_sqerr": [852.578125, 224.9233856201172, 2082.71533203125, 8418.1533203125, 19264.34375]}
ALPHABET_TENSOR {"name": "/lr_branch/backbone/features.15/Add_output_0", "position": 4, "count": 2621440, "unique_values": 28796, "vmin": -11.3046875, "vmax": 12.421875, "minmax_pos": 3, "candidate_positions": [2, 3, 4, 5, 6], "histogram_loss_float64": [13642.841759859777, 3416.0577175013786, 1542.4312221400498, 8306.832690417024, 25748.66761392281], "equivalence_representatives": [0, 1, 2, 3, 4], "certificate": "nonnegative_gamma_n_minus_1", "loss_intervals": [[11116.390724276827, 16169.292795475038], [2783.45472247249, 4048.660712538357], [1256.7959397638613, 1828.0665045198914], [6768.531035781831, 9845.13434507189], [20980.397989226592, 30516.93723868001]], "reduction_gamma": 0.18518510146069694, "histogram_gamma": 6.3939964434620856e-12, "reason": "separated_intervals", "certified": true, "samples_sha256": "87b0440a70a27b1f3bcf713c396ac78dbcbd5cdf556d4570f50685a305898e99", "legacy_minmse_pos": 4, "legacy_candidate_sqerr": [13642.84375, 3416.057373046875, 1542.43115234375, 8306.8310546875, 25748.67578125]}
ALPHABET_TENSOR {"name": "/lr_branch/backbone/features.16/conv/conv.2/Clip_output_0", "position": 5, "count": 15728640, "unique_values": 16934, "vmin": 0.0, "vmax": 4.55859375, "minmax_pos": 5, "candidate_positions": [4, 5, 6, 7, 8], "histogram_loss_float64": [2652.167098239013, 664.5543405562123, 1381.550330832549, 7271.496942713806, 16029.029715061137], "equivalence_representatives": [0, 1, 2, 3, 4], "certificate": "nonnegative_gamma_n_minus_1", "loss_intervals": [[0, 42434.63310316407], [0, 10632.859308654552], [0, 22104.784212638944], [0, 116343.84012972622], [0, 256464.2308585926]], "reduction_gamma": 14.999984741225491, "histogram_gamma": 3.760103339814619e-12, "reason": "overlapping_intervals", "certified": false, "samples_sha256": "a8f95b2dbb1bc6a0fbf2279c04990aa4b31413dd4ef9ad5e100c602096c112ab", "legacy_minmse_pos": 5, "legacy_candidate_sqerr": [2652.170166015625, 664.5546875, 1381.5509033203125, 7271.49365234375, 16029.0244140625]}
ALPHABET_TENSOR {"name": "/lr_branch/backbone/features.16/conv/conv.5/Clip_output_0", "position": 5, "count": 15728640, "unique_values": 16888, "vmin": 0.0, "vmax": 6.0, "minmax_pos": 4, "candidate_positions": [3, 4, 5, 6, 7], "histogram_loss_float64": [9368.213354602225, 2384.964258685477, 1082.9426102784946, 6626.389580026038, 22258.58762337244], "equivalence_representatives": [0, 1, 2, 3, 4], "certificate": "nonnegative_gamma_n_minus_1", "loss_intervals": [[0, 149891.27072674263], [0, 38159.39174747891], [0, 17327.065240143806], [0, 106022.13217022983], [0, 356137.0623365253]], "reduction_gamma": 14.999984741225491, "histogram_gamma": 3.749889287987992e-12, "reason": "overlapping_intervals", "certified": false, "samples_sha256": "c8eda56abcc89d4d814c17308d7eb33bdf7d9cb7d1ddf3510505919492b8fa87", "legacy_minmse_pos": 5, "legacy_candidate_sqerr": [9368.2138671875, 2384.964599609375, 1082.9425048828125, 6626.38818359375, 22258.57421875]}
ALPHABET_TENSOR {"name": "/lr_branch/backbone/features.16/conv/conv.6/Conv_output_0", "position": 3, "count": 2621440, "unique_values": 30209, "vmin": -15.3359375, "vmax": 14.71875, "minmax_pos": 3, "candidate_positions": [2, 3, 4, 5, 6], "histogram_loss_float64": [13650.493962315519, 3415.6157427110275, 4724.406762150717, 33281.51909544848, 80146.25520828151], "equivalence_representatives": [0, 1, 2, 3, 4], "certificate": "nonnegative_gamma_n_minus_1", "loss_intervals": [[11122.625852840873, 16178.362071824078], [2783.094594827662, 4048.136890602879], [3849.5170165344102, 5599.296507778762], [27118.277604809813, 39444.76058616984], [65304.3628054029, 94988.14761135924]], "reduction_gamma": 0.18518510146069694, "histogram_gamma": 6.707745470225266e-12, "reason": "overlapping_intervals", "certified": false, "samples_sha256": "c4c349abeff8da5bf292d0c2ba5bd1edb194f19313628211f39e0b146411af52", "legacy_minmse_pos": 3, "legacy_candidate_sqerr": [13650.49609375, 3415.61376953125, 4724.4052734375, 33281.51953125, 80146.2421875]}
ALPHABET_TENSOR {"name": "/lr_branch/backbone/features.16/Add_output_0", "position": 3, "count": 2621440, "unique_values": 29800, "vmin": -22.390625, "vmax": 16.96875, "minmax_pos": 3, "candidate_positions": [2, 3, 4, 5, 6], "histogram_loss_float64": [13656.081033118902, 4084.0139707409735, 25261.303227790486, 105496.22663915975, 198475.49966109637], "equivalence_representatives": [0, 1, 2, 3, 4], "certificate": "nonnegative_gamma_n_minus_1", "loss_intervals": [[11127.178281371645, 16184.983784899627], [3327.7154291803813, 4840.312512311575], [20583.286226386463, 29939.32022925642], [85959.89720469744, 125032.55607388062], [161720.79411782353, 235230.20520485565]], "reduction_gamma": 0.18518510146069694, "histogram_gamma": 6.616929226809718e-12, "reason": "separated_intervals", "certified": true, "samples_sha256": "e6a8dcfeab4a1d2dbc19e7490e67c8b164e66e9dec54ebe8027126b43dead4bf", "legacy_minmse_pos": 3, "legacy_candidate_sqerr": [13656.0859375, 4084.01611328125, 25261.302734375, 105496.21875, 198475.546875]}
ALPHABET_TENSOR {"name": "/lr_branch/backbone/features.17/conv/conv.2/Clip_output_0", "position": 6, "count": 15728640, "unique_values": 15501, "vmin": 0.0, "vmax": 2.82421875, "minmax_pos": 5, "candidate_positions": [4, 5, 6, 7, 8], "histogram_loss_float64": [1408.5444121590776, 353.3927140465899, 90.3394310704394, 242.02992852842053, 1490.1639786890669], "equivalence_representatives": [0, 1, 2, 3, 4], "certificate": "nonnegative_gamma_n_minus_1", "loss_intervals": [[0, 22536.689101961252], [0, 5654.278032425166], [0, 1445.4295186629984], [0, 3872.475163387955], [0, 23842.600921031015]], "reduction_gamma": 14.999984741225491, "histogram_gamma": 3.4419134209547574e-12, "reason": "overlapping_intervals", "certified": false, "samples_sha256": "205f11305e87bdcacbe49ddf76c216801a357da8fe18763a9287d46d78ec195a", "legacy_minmse_pos": 6, "legacy_candidate_sqerr": [1408.5440673828125, 353.3927001953125, 90.33944702148438, 242.03012084960938, 1490.16259765625]}
ALPHABET_TENSOR {"name": "/lr_branch/backbone/features.17/conv/conv.5/Clip_output_0", "position": 6, "count": 15728640, "unique_values": 15612, "vmin": 0.0, "vmax": 4.390625, "minmax_pos": 5, "candidate_positions": [4, 5, 6, 7, 8], "histogram_loss_float64": [4042.294300732834, 952.6368557789153, 365.9280635692901, 3288.1818425037686, 26367.54356097959], "equivalence_representatives": [0, 1, 2, 3, 4], "certificate": "nonnegative_gamma_n_minus_1", "loss_intervals": [[0, 64676.64713149235], [0, 15242.175156444519], [0, 5854.843433515132], [0, 52610.85930661743], [0, 421880.29464073456]], "reduction_gamma": 14.999984741225491, "histogram_gamma": 3.4665603721016063e-12, "reason": "overlapping_intervals", "certified": false, "samples_sha256": "84b95165a3463a2253a2e177920bb969436b3fa5ee171aa92fe681df1886f357", "legacy_minmse_pos": 6, "legacy_candidate_sqerr": [4042.28955078125, 952.6370849609375, 365.9281311035156, 3288.18359375, 26367.533203125]}
ALPHABET_TENSOR {"name": "/lr_branch/backbone/features.17/conv/conv.6/Conv_output_0", "position": 5, "count": 5242880, "unique_values": 28942, "vmin": -4.8984375, "vmax": 5.04296875, "minmax_pos": 5, "candidate_positions": [4, 5, 6, 7, 8], "histogram_loss_float64": [1705.0844094132483, 429.03778046122204, 3499.2161247109466, 80372.40372103205, 359627.6734550422], "equivalence_representatives": [0, 1, 2, 3, 4], "certificate": "nonnegative_gamma_n_minus_1", "loss_intervals": [[930.0462565129932, 2480.122562323466], [234.02066162690153, 624.0548992980493], [1908.6637820102003, 5089.768467432138], [43839.50307387992, 116905.30436865379], [196160.59450712864, 523094.7524050569]], "reduction_gamma": 0.4545453284397708, "histogram_gamma": 6.426414955781555e-12, "reason": "separated_intervals", "certified": true, "samples_sha256": "669b12ee64106b2ee9b0e5a46bf4eed6e2fad7158324b9c8128eea7e595359dc", "legacy_minmse_pos": 5, "legacy_candidate_sqerr": [1705.0836181640625, 429.0376892089844, 3499.215087890625, 80372.390625, 359627.875]}
ALPHABET_TENSOR {"name": "/lr_branch/backbone/features.18/features.18.2/Clip_output_0", "position": 4, "count": 20971520, "unique_values": 15756, "vmin": 0.0, "vmax": 6.0, "minmax_pos": 4, "candidate_positions": [3, 4, 5, 6, 7], "histogram_loss_float64": [8923.790378186619, 2229.9359508489715, 58757.278888318455, 878914.022917602, 2944157.1678285934], "equivalence_representatives": [0, 1, 2, 3, 4], "certificate": "nonnegative_gamma_n_minus_1", "reason": "unbounded_universal_reduction_error", "certified": false, "samples_sha256": "965ef9b59dca57c716debcc90cc671253eb96b3bbe319d38aeb016e6603cd7c3", "legacy_minmse_pos": 4, "legacy_candidate_sqerr": [8923.7919921875, 2229.936279296875, 58757.25390625, 878914.1875, 2944162.0]}
ALPHABET_TENSOR {"name": "/lr_branch/se_block/pool/GlobalAveragePool_output_0", "position": 6, "count": 81920, "unique_values": 7653, "vmin": 0.0, "vmax": 2.880859375, "minmax_pos": 5, "candidate_positions": [4, 5, 6, 7, 8], "histogram_loss_float64": [26.742199369256973, 6.690411039178848, 6.066657253091812, 147.57338608104516, 1095.6071686824016], "equivalence_representatives": [0, 1, 2, 3, 4], "certificate": "nonnegative_gamma_n_minus_1", "loss_intervals": [[26.610983121298915, 26.873415617215475], [6.657583124700451, 6.723238953657356], [6.036889918273666, 6.096424587910057], [146.8492861013598, 148.29748606073298], [1090.2313407661784, 1100.9829965986432]], "reduction_gamma": 0.004906711153446388, "histogram_gamma": 1.6993073614941525e-12, "reason": "separated_intervals", "certified": true, "samples_sha256": "22c0996cad01f3d009935f4fd090f70037d11a08117c5097b228643fd6217558", "legacy_minmse_pos": 6, "legacy_candidate_sqerr": [26.742198944091797, 6.690411567687988, 6.066657066345215, 147.57339477539062, 1095.6070556640625]}
ALPHABET_TENSOR {"name": "/lr_branch/se_block/fc/fc.1/Relu_output_0", "position": 5, "count": 20480, "unique_values": 4818, "vmin": 0.0, "vmax": 3.380859375, "minmax_pos": 5, "candidate_positions": [4, 5, 6, 7, 8], "histogram_loss_float64": [3.2145565591448744, 0.8186701379412611, 49.65019403320493, 686.061929389059, 2068.6507871143217], "equivalence_representatives": [0, 1, 2, 3, 4], "certificate": "nonnegative_gamma_n_minus_1", "loss_intervals": [[3.210627936058392, 3.2184851822313654], [0.817669612256006, 0.8196706636265184], [49.58951477778095, 49.71087328862904], [685.2234688782656, 686.9003898998541], [2066.1226159371777, 2071.1789582914707]], "reduction_gamma": 0.0012221353119046985, "histogram_gamma": 1.0698109065299455e-12, "reason": "separated_intervals", "certified": true, "samples_sha256": "68902a68f06cd2499d285f444afefbf75ea519afabacba09a1872f1f8f47b621", "legacy_minmse_pos": 5, "legacy_candidate_sqerr": [3.2145566940307617, 0.8186701536178589, 49.65019607543945, 686.0618896484375, 2068.650634765625]}
ALPHABET_TENSOR {"name": "/lr_branch/se_block/fc/fc.2/Conv_output_0", "position": 6, "count": 81920, "unique_values": 14421, "vmin": -2.46484375, "vmax": 2.9140625, "minmax_pos": 5, "candidate_positions": [4, 5, 6, 7, 8], "histogram_loss_float64": [26.590310012137422, 6.684596930777559, 6.670925294196138, 371.5279825079794, 2691.9589282918328], "equivalence_representatives": [0, 1, 2, 3, 4], "certificate": "nonnegative_gamma_n_minus_1", "loss_intervals": [[26.459839041342526, 26.720780982933153], [6.651797544439716, 6.717396317115613], [6.638192990630038, 6.703657597762448], [369.705002011206, 373.35096300476454], [2678.750263385184, 2705.167593198566]], "reduction_gamma": 0.004906711153446388, "histogram_gamma": 3.2021052476341302e-12, "reason": "overlapping_intervals", "certified": false, "samples_sha256": "5035a376960a02c740d96003fb35971945c3716d7792f8f1404ee5c60a5ae80a", "legacy_minmse_pos": 6, "legacy_candidate_sqerr": [26.590309143066406, 6.684597492218018, 6.670925617218018, 371.5279541015625, 2691.958984375]}
ALPHABET_TENSOR {"name": "/lr_branch/se_block/fc/fc.3/Sigmoid_output_0", "position": 7, "count": 81920, "unique_values": 2401, "vmin": 0.07843017578125, "vmax": 0.94873046875, "minmax_pos": 7, "candidate_positions": [6, 7, 8, 9, 10], "histogram_loss_float64": [1.6644698604941368, 0.41924872249364853, 252.7202860340476, 4787.815489433706, 10506.807282947004], "equivalence_representatives": [0, 1, 2, 3, 4], "certificate": "nonnegative_gamma_n_minus_1", "loss_intervals": [[1.6563027876641907, 1.6726369333240916], [0.4171915901106981, 0.4213058548766011], [251.48026058772797, 253.96031148036855], [4764.323061768514, 4811.307917098922], [10455.253414459074, 10558.361151434989]], "reduction_gamma": 0.004906711153446388, "histogram_gamma": 5.331290964252845e-13, "reason": "separated_intervals", "certified": true, "samples_sha256": "c2fdcdf21ef70814d33037ef4135c2f65df5da9365709ece4554505ffb34d64a", "legacy_minmse_pos": 7, "legacy_candidate_sqerr": [1.664469838142395, 0.41924870014190674, 252.7202911376953, 4787.8154296875, 10506.8076171875]}
ALPHABET_TENSOR {"name": "/lr_branch/se_block/Mul_output_0", "position": 5, "count": 20971520, "unique_values": 16436, "vmin": 0.0, "vmax": 5.66015625, "minmax_pos": 4, "candidate_positions": [3, 4, 5, 6, 7], "histogram_loss_float64": [8923.5821063555, 2231.41034198172, 614.3476951158755, 20250.68521738417, 199490.72057396537], "equivalence_representatives": [0, 1, 2, 3, 4], "certificate": "nonnegative_gamma_n_minus_1", "reason": "unbounded_universal_reduction_error", "certified": false, "samples_sha256": "e9437fe51e2e662cccd3df27ec3d4b6247a8bca426dd0c485f97275e99248da3", "legacy_minmse_pos": 5, "legacy_candidate_sqerr": [8923.5791015625, 2231.410888671875, 614.3469848632812, 20250.669921875, 199490.515625]}
ALPHABET_TENSOR {"name": "/lr_branch/Resize_output_0", "position": 5, "count": 83886080, "unique_values": 17413, "vmin": 0.0, "vmax": 5.0234375, "minmax_pos": 5, "candidate_positions": [4, 5, 6, 7, 8], "histogram_loss_float64": [15086.831650918068, 3860.1414377146375, 11426.042324250282, 227102.80512279802, 1118347.1366839611], "equivalence_representatives": [0, 1, 2, 3, 4], "certificate": "nonnegative_gamma_n_minus_1", "reason": "unbounded_universal_reduction_error", "certified": false, "samples_sha256": "a5c709f987f41e709749024b5ffccac3e7a578cd13b5914698a319bc184451c8", "legacy_minmse_pos": 5, "legacy_candidate_sqerr": [15086.84375, 3860.13037109375, 11426.0478515625, 227102.46875, 1118346.0]}
ALPHABET_TENSOR {"name": "/lr_branch/conv_lr16x/conv_lr16x.1/Relu_output_0", "position": 4, "count": 6291456, "unique_values": 14855, "vmin": 0.0, "vmax": 17.3125, "minmax_pos": 3, "candidate_positions": [2, 3, 4, 5, 6], "histogram_loss_float64": [16348.568923834437, 4088.0741270815065, 2803.0126189027956, 13245.21139228689, 120166.9434691702], "equivalence_representatives": [0, 1, 2, 3, 4], "certificate": "nonnegative_gamma_n_minus_1", "loss_intervals": [[6539.430064105607, 26157.707783627986], [1635.2302746177554, 6540.917979561441], [1121.2054752631607, 4484.819762553527], [5298.086577955949, 21192.336206670265], [48066.795723528165, 192267.09121528795]], "reduction_gamma": 0.5999998474121241, "histogram_gamma": 3.2984726061722203e-12, "reason": "overlapping_intervals", "certified": false, "samples_sha256": "92ec1935843c905cb7fe789cb0f0476e6845b3232613a63e188dca8fb9270750", "legacy_minmse_pos": 4, "legacy_candidate_sqerr": [16348.5693359375, 4088.074951171875, 2803.01220703125, 13245.21875, 120167.0078125]}
ALPHABET_TENSOR {"name": "/lr_branch/Resize_1_output_0", "position": 4, "count": 25165824, "unique_values": 18595, "vmin": 0.0, "vmax": 16.953125, "minmax_pos": 3, "candidate_positions": [2, 3, 4, 5, 6], "histogram_loss_float64": [74735.07308441584, 19184.36843353693, 11459.790175022525, 46706.49108177607, 383691.25670319976], "equivalence_representatives": [0, 1, 2, 3, 4], "certificate": "nonnegative_gamma_n_minus_1", "reason": "unbounded_universal_reduction_error", "certified": false, "samples_sha256": "3adb38c27d3206cfb080dff9bcacc618b1935fade8e0879fa86c70dea3355b53", "legacy_minmse_pos": 4, "legacy_candidate_sqerr": [74734.9375, 19184.365234375, 11459.783203125, 46706.48046875, 383690.8125]}
ALPHABET_TENSOR {"name": "/lr_branch/conv_lr8x/conv_lr8x.1/Relu_output_0", "position": 4, "count": 8388608, "unique_values": 15348, "vmin": 0.0, "vmax": 14.2578125, "minmax_pos": 3, "candidate_positions": [2, 3, 4, 5, 6], "histogram_loss_float64": [23288.519896106867, 5826.869490223078, 3737.532549457697, 19192.175926761774, 108171.61566074386], "equivalence_representatives": [0, 1, 2, 3, 4], "certificate": "nonnegative_gamma_n_minus_1", "loss_intervals": [[0.005552415158504251, 46577.034239957335], [0.0013892337782079928, 11653.737591252098], [0.0008910970931424936, 7475.064207843779], [0.004575770766704951, 38384.347277883615], [0.025790119818435278, 216343.2055321053]], "reduction_gamma": 0.9999997615814494, "histogram_gamma": 3.407940596400995e-12, "reason": "overlapping_intervals", "certified": false, "samples_sha256": "5854059e6470793d8eb5654571ca529002ecafd04fab3fe7b86b610e8be426be", "legacy_minmse_pos": 4, "legacy_candidate_sqerr": [23288.5234375, 5826.86767578125, 3737.53125, 19192.193359375, 108171.578125]}
ALPHABET_TENSOR {"name": "/hr_branch/Resize_2_output_0", "position": 4, "count": 33554432, "unique_values": 18895, "vmin": 0.0, "vmax": 14.1484375, "minmax_pos": 3, "candidate_positions": [2, 3, 4, 5, 6], "histogram_loss_float64": [99261.17172652672, 25247.64104110191, 15172.754608454203, 75321.0121644158, 413120.82450229116], "equivalence_representatives": [0, 1, 2, 3, 4], "certificate": "nonnegative_gamma_n_minus_1", "reason": "unbounded_universal_reduction_error", "certified": false, "samples_sha256": "20d6e2258b23b15aab7fa7362ff5043937a9fe893937fcac1a7ae7bb2127b748", "legacy_minmse_pos": 4, "legacy_candidate_sqerr": [99261.0546875, 25247.65234375, 15172.7529296875, 75321.34375, 413119.6875]}
ALPHABET_TENSOR {"name": "/hr_branch/Resize_1_output_0", "position": 7, "count": 3145728, "unique_values": 1022, "vmin": -1.0, "vmax": 1.0, "minmax_pos": 7, "candidate_positions": [6, 7, 8, 9, 10], "histogram_loss_float64": [63.694372602098156, 17.244484611146618, 138489.841004439, 457772.74958065926, 721193.945062198], "equivalence_representatives": [0, 1, 2, 3, 4], "certificate": "nonnegative_gamma_n_minus_1", "loss_intervals": [[48.995676983253254, 78.39306822094974], [13.264989719399312, 21.223979502895734], [106530.65943053305, 170449.02257835947], [352132.9256244347, 563412.5735369319], [554764.638240295, 887623.2518841766]], "reduction_gamma": 0.23076914048054475, "histogram_gamma": 2.2692958623343352e-13, "reason": "separated_intervals", "certified": true, "samples_sha256": "24bca0d2a03e695ed26ff5f674efa23108c5e77136faacc78f69938102750bef", "legacy_minmse_pos": 7, "legacy_candidate_sqerr": [63.69437789916992, 17.244478225708008, 138489.78125, 457772.8125, 721193.9375]}
ALPHABET_TENSOR {"name": "/hr_branch/Concat_2_output_0", "position": 4, "count": 103809024, "unique_values": 19497, "vmin": -1.0, "vmax": 14.1484375, "minmax_pos": 3, "candidate_positions": [2, 3, 4, 5, 6], "histogram_loss_float64": [296459.2315701839, 74505.47316259111, 27940.479220330373, 145518.72764962877, 1676256.5787112112], "equivalence_representatives": [0, 1, 2, 3, 4], "certificate": "nonnegative_gamma_n_minus_1", "reason": "unbounded_universal_reduction_error", "certified": false, "samples_sha256": "2157b88b01f3e784fc5643169c0a34d54dd465d979e32bcb30f8608a115cc0ef", "legacy_minmse_pos": 4, "legacy_candidate_sqerr": [296459.625, 74505.609375, 27940.546875, 145518.8125, 1676252.375]}
ALPHABET_TENSOR {"name": "/f_branch/conv_lr4x/conv_lr4x.1/Relu_output_0", "position": 3, "count": 33554432, "unique_values": 18219, "vmin": 0.0, "vmax": 15.5625, "minmax_pos": 3, "candidate_positions": [2, 3, 4, 5, 6], "histogram_loss_float64": [80669.15096169761, 20204.553580105814, 48333.76414376548, 214881.71149712853, 763469.3392141466], "equivalence_representatives": [0, 1, 2, 3, 4], "certificate": "nonnegative_gamma_n_minus_1", "reason": "unbounded_universal_reduction_error", "certified": false, "samples_sha256": "4b7267b684768584ba861afa690e74873a3efef495ab979f498dfd5cb8fed59e", "legacy_minmse_pos": 3, "legacy_candidate_sqerr": [80669.1640625, 20204.580078125, 48333.74609375, 214881.75, 763466.875]}
ALPHABET_TENSOR {"name": "/hr_branch/conv_hr4x/conv_hr4x.1/Relu_output_0", "position": 3, "count": 67108864, "unique_values": 19282, "vmin": 0.0, "vmax": 20.921875, "minmax_pos": 3, "candidate_positions": [2, 3, 4, 5, 6], "histogram_loss_float64": [167116.10209497577, 44460.52499231463, 142695.62676080829, 492482.0760749257, 1677729.6653252519], "equivalence_representatives": [0, 1, 2, 3, 4], "certificate": "nonnegative_gamma_n_minus_1", "reason": "unbounded_universal_reduction_error", "certified": false, "samples_sha256": "944651d475f79d77b6a5598c5e1582a6877b890aeee2306666663ba2e92ba36b", "legacy_minmse_pos": 3, "legacy_candidate_sqerr": [167116.34375, 44460.5, 142695.25, 492483.1875, 1677734.25]}
ALPHABET_TENSOR {"name": "/f_branch/Resize_1_output_0", "position": 3, "count": 134217728, "unique_values": 19396, "vmin": 0.0, "vmax": 15.5546875, "minmax_pos": 3, "candidate_positions": [2, 3, 4, 5, 6], "histogram_loss_float64": [328085.1818214886, 83160.9837471478, 192867.78818669246, 855376.0722004407, 3023674.6831051344], "equivalence_representatives": [0, 1, 2, 3, 4], "certificate": "nonnegative_gamma_n_minus_1", "reason": "unbounded_universal_reduction_error", "certified": false, "samples_sha256": "5ffca01f54d16941c9c250da22e6a4ac909a1d22bcf2627dcc7cfa701f3d707a", "legacy_minmse_pos": 3, "legacy_candidate_sqerr": [328086.53125, 83161.1953125, 192867.0, 855375.125, 3023472.5]}
ALPHABET_TENSOR {"name": "/hr_branch/conv_hr4x/conv_hr4x.3/Relu_output_0", "position": 3, "count": 67108864, "unique_values": 19819, "vmin": 0.0, "vmax": 30.078125, "minmax_pos": 2, "candidate_positions": [1, 2, 3, 4, 5], "histogram_loss_float64": [627064.1067831832, 156949.03994968708, 142389.28959873493, 656544.7003271895, 1529218.5939095337], "equivalence_representatives": [0, 1, 2, 3, 4], "certificate": "nonnegative_gamma_n_minus_1", "reason": "unbounded_universal_reduction_error", "certified": false, "samples_sha256": "bc8607c8f43fd61ecd3d239ebc03b39f0d53cb54ffdad1964a8fef9206ace22b", "legacy_minmse_pos": 3, "legacy_candidate_sqerr": [627064.5, 156949.1875, 142389.046875, 656545.8125, 1529216.25]}
ALPHABET_TENSOR {"name": "/hr_branch/conv_hr4x/conv_hr4x.5/Relu_output_0", "position": 2, "count": 33554432, "unique_values": 19796, "vmin": 0.0, "vmax": 59.625, "minmax_pos": 1, "candidate_positions": [0, 1, 2, 3, 4], "histogram_loss_float64": [1436669.2584454832, 357699.0016095456, 213099.45247624483, 815739.8253552732, 1963769.7896954832], "equivalence_representatives": [0, 1, 2, 3, 4], "certificate": "nonnegative_gamma_n_minus_1", "reason": "unbounded_universal_reduction_error", "certified": false, "samples_sha256": "f20e22e1853153338bb9e56107b875a8f3d904b1dbb0ddd71dbb6031e79d5efa", "legacy_minmse_pos": 2, "legacy_candidate_sqerr": [1436668.875, 357698.5, 213099.140625, 815739.1875, 1963771.25]}
ALPHABET_TENSOR {"name": "/hr_branch/Resize_3_output_0", "position": 2, "count": 134217728, "unique_values": 21293, "vmin": 0.0, "vmax": 59.46875, "minmax_pos": 1, "candidate_positions": [0, 1, 2, 3, 4], "histogram_loss_float64": [6065193.9717770815, 1589063.3282223935, 906462.2931882138, 3263165.1859952207, 7821050.288904309], "equivalence_representatives": [0, 1, 2, 3, 4], "certificate": "nonnegative_gamma_n_minus_1", "reason": "unbounded_universal_reduction_error", "certified": false, "samples_sha256": "0b78c396eae89974b3d2cad7eb2112e935ef524862776fb6211b5ad18c1029e3", "legacy_minmse_pos": 2, "legacy_candidate_sqerr": [6065200.5, 1589063.0, 906466.75, 3263166.75, 7820965.0]}
ALPHABET_TENSOR {"name": "/hr_branch/Concat_3_output_0", "position": 2, "count": 268435456, "unique_values": 21293, "vmin": 0.0, "vmax": 59.46875, "minmax_pos": 1, "candidate_positions": [0, 1, 2, 3, 4], "histogram_loss_float64": [11782954.64449891, 3169802.0671063326, 1312139.6221600436, 3363814.119962778, 7858538.258611765], "equivalence_representatives": [0, 1, 2, 3, 4], "certificate": "nonnegative_gamma_n_minus_1", "reason": "unbounded_universal_reduction_error", "certified": false, "samples_sha256": "2b15385dd132a0f62d1410fd3ca5f82f8ac41e17125c894e154807cf1396c612", "legacy_minmse_pos": 2, "legacy_candidate_sqerr": [11782977.0, 3169803.75, 1312143.875, 3363806.75, 7858495.5]}
ALPHABET_TENSOR {"name": "/hr_branch/conv_hr2x/conv_hr2x.1/Relu_output_0", "position": 2, "count": 268435456, "unique_values": 21289, "vmin": 0.0, "vmax": 59.0, "minmax_pos": 1, "candidate_positions": [0, 1, 2, 3, 4], "histogram_loss_float64": [10996965.63929049, 2804914.1370932236, 1465902.7053305286, 7261735.549248375, 18134167.63644091], "equivalence_representatives": [0, 1, 2, 3, 4], "certificate": "nonnegative_gamma_n_minus_1", "reason": "unbounded_universal_reduction_error", "certified": false, "samples_sha256": "a198552de9ab756c38ba009ba7e60b629884d24c8f7cedf759d7ce34da19fcc1", "legacy_minmse_pos": 2, "legacy_candidate_sqerr": [10997004.0, 2804911.75, 1465907.0, 7261731.0, 18136830.0]}
ALPHABET_TENSOR {"name": "/hr_branch/conv_hr2x/conv_hr2x.3/Relu_output_0", "position": 2, "count": 134217728, "unique_values": 20632, "vmin": 0.0, "vmax": 38.375, "minmax_pos": 2, "candidate_positions": [1, 2, 3, 4, 5], "histogram_loss_float64": [1328212.0804914865, 363613.4490217599, 2383424.7297224435, 7543079.601983491, 13968061.096435014], "equivalence_representatives": [0, 1, 2, 3, 4], "certificate": "nonnegative_gamma_n_minus_1", "reason": "unbounded_universal_reduction_error", "certified": false, "samples_sha256": "6774ea5efa6a7d35d9198ead9e0478dc1a28d6c19eae3bdc5a497deae3728041", "legacy_minmse_pos": 2, "legacy_candidate_sqerr": [1328216.0, 363612.28125, 2383426.0, 7542968.5, 13965610.0]}
ALPHABET_TENSOR {"name": "/hr_branch/conv_hr2x/conv_hr2x.5/Relu_output_0", "position": 2, "count": 134217728, "unique_values": 21087, "vmin": 0.0, "vmax": 52.25, "minmax_pos": 1, "candidate_positions": [0, 1, 2, 3, 4], "histogram_loss_float64": [5018543.892052261, 1283500.3009878085, 727175.0225454258, 3697200.476830094, 9751391.7495161], "equivalence_representatives": [0, 1, 2, 3, 4], "certificate": "nonnegative_gamma_n_minus_1", "reason": "unbounded_universal_reduction_error", "certified": false, "samples_sha256": "2ab664591f0231104c45f13effe4572cdb1b024fbe12d2d54650bb5b56d4cae7", "legacy_minmse_pos": 2, "legacy_candidate_sqerr": [5018547.5, 1283499.75, 727174.125, 3697197.0, 9751217.0]}
ALPHABET_TENSOR {"name": "/hr_branch/conv_hr2x/conv_hr2x.7/Relu_output_0", "position": 1, "count": 134217728, "unique_values": 21505, "vmin": 0.0, "vmax": 66.0, "minmax_pos": 1, "candidate_positions": [0, 1, 2, 3, 4], "histogram_loss_float64": [5952904.619957868, 1539494.169518415, 2708499.6065301336, 11340500.376793806, 23711220.366105024], "equivalence_representatives": [0, 1, 2, 3, 4], "certificate": "nonnegative_gamma_n_minus_1", "reason": "unbounded_universal_reduction_error", "certified": false, "samples_sha256": "58961af23fb0168784b2618988adabeec554dd8b7b8ff568ea34ba5629111306", "legacy_minmse_pos": 1, "legacy_candidate_sqerr": [5952888.0, 1539494.75, 2708501.25, 11340534.0, 23711842.0]}
ALPHABET_TENSOR {"name": "/f_branch/Concat_output_0", "position": 1, "count": 268435456, "unique_values": 21526, "vmin": 0.0, "vmax": 66.0, "minmax_pos": 1, "candidate_positions": [0, 1, 2, 3, 4], "histogram_loss_float64": [11137697.071432676, 2838769.492086974, 3036584.7883516224, 11423661.360540953, 23904088.154291715], "equivalence_representatives": [0, 1, 2, 3, 4], "certificate": "nonnegative_gamma_n_minus_1", "reason": "unbounded_universal_reduction_error", "certified": false, "samples_sha256": "b8c64ed9c18af79b9600f7b3870499a18605b212a0450ca76f1b325e3077c0fc", "legacy_minmse_pos": 1, "legacy_candidate_sqerr": [11137663.0, 2838771.0, 3036557.75, 11423674.0, 23904138.0]}
ALPHABET_TENSOR {"name": "/f_branch/conv_f2x/conv_f2x.1/Relu_output_0", "position": 1, "count": 134217728, "unique_values": 21369, "vmin": 0.0, "vmax": 62.5625, "minmax_pos": 1, "candidate_positions": [0, 1, 2, 3, 4], "histogram_loss_float64": [5103918.179367928, 1351895.099778084, 1546198.998154549, 8739258.996354012, 20894612.241902262], "equivalence_representatives": [0, 1, 2, 3, 4], "certificate": "nonnegative_gamma_n_minus_1", "reason": "unbounded_universal_reduction_error", "certified": false, "samples_sha256": "c50b096de82e1e0b458727972cc66e2cdf652bf8651bd0487dccdbb70d550ade", "legacy_minmse_pos": 1, "legacy_candidate_sqerr": [5103907.0, 1351890.375, 1546195.25, 8739185.0, 20894728.0]}
ALPHABET_TENSOR {"name": "/f_branch/Resize_2_output_0", "position": 1, "count": 536870912, "unique_values": 21458, "vmin": 0.0, "vmax": 62.53125, "minmax_pos": 1, "candidate_positions": [0, 1, 2, 3, 4], "histogram_loss_float64": [20506219.22147154, 5465232.260534039, 6201066.48380064, 34926505.85834288, 83493273.60910583], "equivalence_representatives": [0, 1, 2, 3, 4], "certificate": "nonnegative_gamma_n_minus_1", "reason": "unbounded_universal_reduction_error", "certified": false, "samples_sha256": "8d852cf7b4f6b7b5cdf7d99e6f069962f69b25fa2921b151a997aa2882a52e6b", "legacy_minmse_pos": 1, "legacy_candidate_sqerr": [20506306.0, 5465220.0, 6201023.0, 34925316.0, 83412832.0]}
ALPHABET_TENSOR {"name": "/f_branch/Concat_1_output_0", "position": 2, "count": 587202560, "unique_values": 21586, "vmin": -1.0, "vmax": 62.53125, "minmax_pos": 1, "candidate_positions": [0, 1, 2, 3, 4], "histogram_loss_float64": [24542394.609335, 6525630.7655850025, 6458785.181356488, 34990211.52171904, 83509395.13030821], "equivalence_representatives": [0, 1, 2, 3, 4], "certificate": "nonnegative_gamma_n_minus_1", "reason": "unbounded_universal_reduction_error", "certified": false, "samples_sha256": "226ec2927f834b6770e8222cc1b870889481135e395c398e9d79c3757c310757", "legacy_minmse_pos": 2, "legacy_candidate_sqerr": [24542556.0, 6525613.5, 6458738.0, 34992840.0, 83413640.0]}
ALPHABET_TENSOR {"name": "/f_branch/conv_f/conv_f.1/Relu_output_0", "position": 0, "count": 268435456, "unique_values": 22819, "vmin": 0.0, "vmax": 166.875, "minmax_pos": 0, "candidate_positions": [-1, 0, 1, 2, 3], "histogram_loss_float64": [44878045.5626848, 14631290.754091047, 68334821.14764574, 210582614.85577562, 387042745.2652757], "equivalence_representatives": [0, 1, 2, 3, 4], "certificate": "nonnegative_gamma_n_minus_1", "reason": "unbounded_universal_reduction_error", "certified": false, "samples_sha256": "4475433b940b3c1164c75e7f46f6c6cd5efe0d9c57c5a3a994e38864c852e70c", "legacy_minmse_pos": 0, "legacy_candidate_sqerr": [44877960.0, 14631258.0, 68334640.0, 210590176.0, 386853600.0]}
ALPHABET_TENSOR {"name": "logits", "position": -1, "count": 16777216, "unique_values": 26165, "vmin": -35.25, "vmax": 191.875, "minmax_pos": -1, "candidate_positions": [-2, -1, 0, 1, 2], "histogram_loss_float64": [20487555.347588748, 5608664.570245, 10393100.619073126, 78100861.47844812, 185547477.74620938], "equivalence_representatives": [0, 1, 2, 3, 4], "certificate": "nonnegative_gamma_n_minus_1", "loss_intervals": [[0, 343724141380448.7], [0, 94097776967094.28], [0, 174367293996936.72], [0, 1310315022817617.0], [0, 3112970112421435.5]], "reduction_gamma": 16777215.000000002, "histogram_gamma": 5.809797087897199e-12, "reason": "overlapping_intervals", "certified": false, "samples_sha256": "023767930043bec3fc88a47e2ae88a0474cf3ada985872232661fbff5b053040", "legacy_minmse_pos": -1, "legacy_candidate_sqerr": [20487550.0, 5608665.0, 10393113.0, 78100144.0, 185556928.0]}
HOST_TIMELINE {"elapsed_seconds": 362.5, "tree_rss_bytes": 2771427328, "foreign_peers": []}
ALPHABET_MODEL_RESULT {"method": "dual", "family": "modnet", "wall_seconds": 362.8410281000033, "output_sha256": "71eb3f5f07ddce1facb47f5987fb735a64579ca3890c98f73bac7c848840bdb9", "production_default_changed": false, "calibration_error_report": "certified_intervals_and_exact_fallback", "reference_sha256": "71eb3f5f07ddce1facb47f5987fb735a64579ca3890c98f73bac7c848840bdb9", "onnx_bytes_identical": true}
RESEARCH_PROCESS_RESULT {"exit_code": 0, "stop": null, "peak_tree_rss_bytes": 13202608128, "rss_measurement": "maximum observed across sampled descendant working sets; zero observations reported as null", "elapsed_seconds": 363.640999999996, "foreign_contention_observed": false, "timing_eligible": false}
