PRODUCER_REPORT_FROM_SIDECAR {
  "producer": "Ignition",
  "producer_version": "0.1.0a1",
  "scope": "folded_resnet_cle_adaround",
  "format": "XINT8_QDQ",
  "mode": "own_minmse_cle+adaround",
  "cle": true,
  "input_sha256": "d999c960ea12f9481e6fb43aab28ea3e2741c712fc4c30997b07d9b725cb87e6",
  "versions": {
    "numpy": "1.26.4",
    "onnx": "1.18.0",
    "torch": "2.4.1",
    "onnxruntime": "1.22.1"
  },
  "cle_report": {
    "pattern_count": 33,
    "unique_pairs": 32,
    "pairs": [
      {
        "head": "/layer1/layer1.0/conv1/Conv",
        "tail": "/layer1/layer1.0/conv2/Conv",
        "chain": [
          "/layer1/layer1.0/conv1/Conv_output_0",
          "/layer1/layer1.0/act1/Relu_output_0",
          "/layer1/layer1.0/conv2/Conv_output_0"
        ],
        "size": 3
      },
      {
        "head": "/layer1/layer1.0/conv2/Conv",
        "tail": "/layer1/layer1.0/conv3/Conv",
        "chain": [
          "/layer1/layer1.0/conv2/Conv_output_0",
          "/layer1/layer1.0/act2/Relu_output_0",
          "/layer1/layer1.0/conv3/Conv_output_0"
        ],
        "size": 3
      },
      {
        "head": "/layer1/layer1.1/conv1/Conv",
        "tail": "/layer1/layer1.1/conv2/Conv",
        "chain": [
          "/layer1/layer1.1/conv1/Conv_output_0",
          "/layer1/layer1.1/act1/Relu_output_0",
          "/layer1/layer1.1/conv2/Conv_output_0"
        ],
        "size": 3
      },
      {
        "head": "/layer1/layer1.1/conv2/Conv",
        "tail": "/layer1/layer1.1/conv3/Conv",
        "chain": [
          "/layer1/layer1.1/conv2/Conv_output_0",
          "/layer1/layer1.1/act2/Relu_output_0",
          "/layer1/layer1.1/conv3/Conv_output_0"
        ],
        "size": 3
      },
      {
        "head": "/layer1/layer1.2/conv1/Conv",
        "tail": "/layer1/layer1.2/conv2/Conv",
        "chain": [
          "/layer1/layer1.2/conv1/Conv_output_0",
          "/layer1/layer1.2/act1/Relu_output_0",
          "/layer1/layer1.2/conv2/Conv_output_0"
        ],
        "size": 3
      },
      {
        "head": "/layer1/layer1.2/conv2/Conv",
        "tail": "/layer1/layer1.2/conv3/Conv",
        "chain": [
          "/layer1/layer1.2/conv2/Conv_output_0",
          "/layer1/layer1.2/act2/Relu_output_0",
          "/layer1/layer1.2/conv3/Conv_output_0"
        ],
        "size": 3
      },
      {
        "head": "/layer2/layer2.0/conv1/Conv",
        "tail": "/layer2/layer2.0/conv2/Conv",
        "chain": [
          "/layer2/layer2.0/conv1/Conv_output_0",
          "/layer2/layer2.0/act1/Relu_output_0",
          "/layer2/layer2.0/conv2/Conv_output_0"
        ],
        "size": 3
      },
      {
        "head": "/layer2/layer2.0/conv2/Conv",
        "tail": "/layer2/layer2.0/conv3/Conv",
        "chain": [
          "/layer2/layer2.0/conv2/Conv_output_0",
          "/layer2/layer2.0/act2/Relu_output_0",
          "/layer2/layer2.0/conv3/Conv_output_0"
        ],
        "size": 3
      },
      {
        "head": "/layer2/layer2.1/conv1/Conv",
        "tail": "/layer2/layer2.1/conv2/Conv",
        "chain": [
          "/layer2/layer2.1/conv1/Conv_output_0",
          "/layer2/layer2.1/act1/Relu_output_0",
          "/layer2/layer2.1/conv2/Conv_output_0"
        ],
        "size": 3
      },
      {
        "head": "/layer2/layer2.1/conv2/Conv",
        "tail": "/layer2/layer2.1/conv3/Conv",
        "chain": [
          "/layer2/layer2.1/conv2/Conv_output_0",
          "/layer2/layer2.1/act2/Relu_output_0",
          "/layer2/layer2.1/conv3/Conv_output_0"
        ],
        "size": 3
      },
      {
        "head": "/layer2/layer2.2/conv1/Conv",
        "tail": "/layer2/layer2.2/conv2/Conv",
        "chain": [
          "/layer2/layer2.2/conv1/Conv_output_0",
          "/layer2/layer2.2/act1/Relu_output_0",
          "/layer2/layer2.2/conv2/Conv_output_0"
        ],
        "size": 3
      },
      {
        "head": "/layer2/layer2.2/conv2/Conv",
        "tail": "/layer2/layer2.2/conv3/Conv",
        "chain": [
          "/layer2/layer2.2/conv2/Conv_output_0",
          "/layer2/layer2.2/act2/Relu_output_0",
          "/layer2/layer2.2/conv3/Conv_output_0"
        ],
        "size": 3
      },
      {
        "head": "/layer2/layer2.3/conv1/Conv",
        "tail": "/layer2/layer2.3/conv2/Conv",
        "chain": [
          "/layer2/layer2.3/conv1/Conv_output_0",
          "/layer2/layer2.3/act1/Relu_output_0",
          "/layer2/layer2.3/conv2/Conv_output_0"
        ],
        "size": 3
      },
      {
        "head": "/layer2/layer2.3/conv2/Conv",
        "tail": "/layer2/layer2.3/conv3/Conv",
        "chain": [
          "/layer2/layer2.3/conv2/Conv_output_0",
          "/layer2/layer2.3/act2/Relu_output_0",
          "/layer2/layer2.3/conv3/Conv_output_0"
        ],
        "size": 3
      },
      {
        "head": "/layer3/layer3.0/conv1/Conv",
        "tail": "/layer3/layer3.0/conv2/Conv",
        "chain": [
          "/layer3/layer3.0/conv1/Conv_output_0",
          "/layer3/layer3.0/act1/Relu_output_0",
          "/layer3/layer3.0/conv2/Conv_output_0"
        ],
        "size": 3
      },
      {
        "head": "/layer3/layer3.0/conv2/Conv",
        "tail": "/layer3/layer3.0/conv3/Conv",
        "chain": [
          "/layer3/layer3.0/conv2/Conv_output_0",
          "/layer3/layer3.0/act2/Relu_output_0",
          "/layer3/layer3.0/conv3/Conv_output_0"
        ],
        "size": 3
      },
      {
        "head": "/layer3/layer3.1/conv1/Conv",
        "tail": "/layer3/layer3.1/conv2/Conv",
        "chain": [
          "/layer3/layer3.1/conv1/Conv_output_0",
          "/layer3/layer3.1/act1/Relu_output_0",
          "/layer3/layer3.1/conv2/Conv_output_0"
        ],
        "size": 3
      },
      {
        "head": "/layer3/layer3.1/conv2/Conv",
        "tail": "/layer3/layer3.1/conv3/Conv",
        "chain": [
          "/layer3/layer3.1/conv2/Conv_output_0",
          "/layer3/layer3.1/act2/Relu_output_0",
          "/layer3/layer3.1/conv3/Conv_output_0"
        ],
        "size": 3
      },
      {
        "head": "/layer3/layer3.2/conv1/Conv",
        "tail": "/layer3/layer3.2/conv2/Conv",
        "chain": [
          "/layer3/layer3.2/conv1/Conv_output_0",
          "/layer3/layer3.2/act1/Relu_output_0",
          "/layer3/layer3.2/conv2/Conv_output_0"
        ],
        "size": 3
      },
      {
        "head": "/layer3/layer3.2/conv2/Conv",
        "tail": "/layer3/layer3.2/conv3/Conv",
        "chain": [
          "/layer3/layer3.2/conv2/Conv_output_0",
          "/layer3/layer3.2/act2/Relu_output_0",
          "/layer3/layer3.2/conv3/Conv_output_0"
        ],
        "size": 3
      },
      {
        "head": "/layer3/layer3.3/conv1/Conv",
        "tail": "/layer3/layer3.3/conv2/Conv",
        "chain": [
          "/layer3/layer3.3/conv1/Conv_output_0",
          "/layer3/layer3.3/act1/Relu_output_0",
          "/layer3/layer3.3/conv2/Conv_output_0"
        ],
        "size": 3
      },
      {
        "head": "/layer3/layer3.3/conv2/Conv",
        "tail": "/layer3/layer3.3/conv3/Conv",
        "chain": [
          "/layer3/layer3.3/conv2/Conv_output_0",
          "/layer3/layer3.3/act2/Relu_output_0",
          "/layer3/layer3.3/conv3/Conv_output_0"
        ],
        "size": 3
      },
      {
        "head": "/layer3/layer3.4/conv1/Conv",
        "tail": "/layer3/layer3.4/conv2/Conv",
        "chain": [
          "/layer3/layer3.4/conv1/Conv_output_0",
          "/layer3/layer3.4/act1/Relu_output_0",
          "/layer3/layer3.4/conv2/Conv_output_0"
        ],
        "size": 3
      },
      {
        "head": "/layer3/layer3.4/conv2/Conv",
        "tail": "/layer3/layer3.4/conv3/Conv",
        "chain": [
          "/layer3/layer3.4/conv2/Conv_output_0",
          "/layer3/layer3.4/act2/Relu_output_0",
          "/layer3/layer3.4/conv3/Conv_output_0"
        ],
        "size": 3
      },
      {
        "head": "/layer3/layer3.5/conv1/Conv",
        "tail": "/layer3/layer3.5/conv2/Conv",
        "chain": [
          "/layer3/layer3.5/conv1/Conv_output_0",
          "/layer3/layer3.5/act1/Relu_output_0",
          "/layer3/layer3.5/conv2/Conv_output_0"
        ],
        "size": 3
      },
      {
        "head": "/layer3/layer3.5/conv2/Conv",
        "tail": "/layer3/layer3.5/conv3/Conv",
        "chain": [
          "/layer3/layer3.5/conv2/Conv_output_0",
          "/layer3/layer3.5/act2/Relu_output_0",
          "/layer3/layer3.5/conv3/Conv_output_0"
        ],
        "size": 3
      },
      {
        "head": "/layer4/layer4.0/conv1/Conv",
        "tail": "/layer4/layer4.0/conv2/Conv",
        "chain": [
          "/layer4/layer4.0/conv1/Conv_output_0",
          "/layer4/layer4.0/act1/Relu_output_0",
          "/layer4/layer4.0/conv2/Conv_output_0"
        ],
        "size": 3
      },
      {
        "head": "/layer4/layer4.0/conv2/Conv",
        "tail": "/layer4/layer4.0/conv3/Conv",
        "chain": [
          "/layer4/layer4.0/conv2/Conv_output_0",
          "/layer4/layer4.0/act2/Relu_output_0",
          "/layer4/layer4.0/conv3/Conv_output_0"
        ],
        "size": 3
      },
      {
        "head": "/layer4/layer4.1/conv1/Conv",
        "tail": "/layer4/layer4.1/conv2/Conv",
        "chain": [
          "/layer4/layer4.1/conv1/Conv_output_0",
          "/layer4/layer4.1/act1/Relu_output_0",
          "/layer4/layer4.1/conv2/Conv_output_0"
        ],
        "size": 3
      },
      {
        "head": "/layer4/layer4.1/conv2/Conv",
        "tail": "/layer4/layer4.1/conv3/Conv",
        "chain": [
          "/layer4/layer4.1/conv2/Conv_output_0",
          "/layer4/layer4.1/act2/Relu_output_0",
          "/layer4/layer4.1/conv3/Conv_output_0"
        ],
        "size": 3
      },
      {
        "head": "/layer4/layer4.2/conv1/Conv",
        "tail": "/layer4/layer4.2/conv2/Conv",
        "chain": [
          "/layer4/layer4.2/conv1/Conv_output_0",
          "/layer4/layer4.2/act1/Relu_output_0",
          "/layer4/layer4.2/conv2/Conv_output_0"
        ],
        "size": 3
      },
      {
        "head": "/layer4/layer4.2/conv2/Conv",
        "tail": "/layer4/layer4.2/conv3/Conv",
        "chain": [
          "/layer4/layer4.2/conv2/Conv_output_0",
          "/layer4/layer4.2/act2/Relu_output_0",
          "/layer4/layer4.2/conv3/Conv_output_0"
        ],
        "size": 3
      },
      {
        "head": "/layer1/layer1.0/conv1/Conv",
        "tail": "/layer1/layer1.0/conv2/Conv",
        "chain": [
          "/layer1/layer1.0/conv1/Conv_output_0",
          "/layer1/layer1.0/act1/Relu_output_0",
          "/layer1/layer1.0/conv2/Conv_output_0"
        ],
        "size": 3
      }
    ],
    "steps": 1,
    "last_diff": 0.9202582412929688,
    "weight_threshold": 0.5,
    "append_bias": true,
    "use_threshold": true,
    "scaled": {
      "0:0:/layer1/layer1.0/conv1/Conv->/layer1/layer1.0/conv2/Conv": {
        "channels": 64,
        "scale_min": 0.43903234601020813,
        "scale_max": 1.6269893646240234,
        "unit_scales": 29
      },
      "0:1:/layer1/layer1.0/conv2/Conv->/layer1/layer1.0/conv3/Conv": {
        "channels": 64,
        "scale_min": 0.5157560110092163,
        "scale_max": 3.429570436477661,
        "unit_scales": 24
      },
      "0:2:/layer1/layer1.1/conv1/Conv->/layer1/layer1.1/conv2/Conv": {
        "channels": 64,
        "scale_min": 0.6753840446472168,
        "scale_max": 2.8362791538238525,
        "unit_scales": 0
      },
      "0:3:/layer1/layer1.1/conv2/Conv->/layer1/layer1.1/conv3/Conv": {
        "channels": 64,
        "scale_min": 0.29572367668151855,
        "scale_max": 2.254338026046753,
        "unit_scales": 0
      },
      "0:4:/layer1/layer1.2/conv1/Conv->/layer1/layer1.2/conv2/Conv": {
        "channels": 64,
        "scale_min": 0.3851180076599121,
        "scale_max": 1.213152527809143,
        "unit_scales": 1
      },
      "0:5:/layer1/layer1.2/conv2/Conv->/layer1/layer1.2/conv3/Conv": {
        "channels": 64,
        "scale_min": 0.5224791765213013,
        "scale_max": 1.386553406715393,
        "unit_scales": 0
      },
      "0:6:/layer2/layer2.0/conv1/Conv->/layer2/layer2.0/conv2/Conv": {
        "channels": 128,
        "scale_min": 0.3490521013736725,
        "scale_max": 0.917726993560791,
        "unit_scales": 0
      },
      "0:7:/layer2/layer2.0/conv2/Conv->/layer2/layer2.0/conv3/Conv": {
        "channels": 128,
        "scale_min": 0.6680071949958801,
        "scale_max": 1.9005168676376343,
        "unit_scales": 0
      },
      "0:8:/layer2/layer2.1/conv1/Conv->/layer2/layer2.1/conv2/Conv": {
        "channels": 128,
        "scale_min": 0.5005756616592407,
        "scale_max": 2.5046732425689697,
        "unit_scales": 47
      },
      "0:9:/layer2/layer2.1/conv2/Conv->/layer2/layer2.1/conv3/Conv": {
        "channels": 128,
        "scale_min": 0.5420117974281311,
        "scale_max": 5.119661808013916,
        "unit_scales": 0
      },
      "0:10:/layer2/layer2.2/conv1/Conv->/layer2/layer2.2/conv2/Conv": {
        "channels": 128,
        "scale_min": 0.3352210521697998,
        "scale_max": 2.0627214908599854,
        "unit_scales": 25
      },
      "0:11:/layer2/layer2.2/conv2/Conv->/layer2/layer2.2/conv3/Conv": {
        "channels": 128,
        "scale_min": 0.43655917048454285,
        "scale_max": 3.394679546356201,
        "unit_scales": 0
      },
      "0:12:/layer2/layer2.3/conv1/Conv->/layer2/layer2.3/conv2/Conv": {
        "channels": 128,
        "scale_min": 0.3296496272087097,
        "scale_max": 2.095451593399048,
        "unit_scales": 16
      },
      "0:13:/layer2/layer2.3/conv2/Conv->/layer2/layer2.3/conv3/Conv": {
        "channels": 128,
        "scale_min": 0.5202000737190247,
        "scale_max": 3.503633499145508,
        "unit_scales": 0
      },
      "0:14:/layer3/layer3.0/conv1/Conv->/layer3/layer3.0/conv2/Conv": {
        "channels": 256,
        "scale_min": 0.2446935623884201,
        "scale_max": 1.4124497175216675,
        "unit_scales": 62
      },
      "0:15:/layer3/layer3.0/conv2/Conv->/layer3/layer3.0/conv3/Conv": {
        "channels": 256,
        "scale_min": 0.3561782240867615,
        "scale_max": 1.7382073402404785,
        "unit_scales": 0
      },
      "0:16:/layer3/layer3.1/conv1/Conv->/layer3/layer3.1/conv2/Conv": {
        "channels": 256,
        "scale_min": 0.5168776512145996,
        "scale_max": 2.2249326705932617,
        "unit_scales": 220
      },
      "0:17:/layer3/layer3.1/conv2/Conv->/layer3/layer3.1/conv3/Conv": {
        "channels": 256,
        "scale_min": 0.4131603538990021,
        "scale_max": 4.644340515136719,
        "unit_scales": 0
      },
      "0:18:/layer3/layer3.2/conv1/Conv->/layer3/layer3.2/conv2/Conv": {
        "channels": 256,
        "scale_min": 0.2516445815563202,
        "scale_max": 1.9092578887939453,
        "unit_scales": 114
      },
      "0:19:/layer3/layer3.2/conv2/Conv->/layer3/layer3.2/conv3/Conv": {
        "channels": 256,
        "scale_min": 0.4815578758716583,
        "scale_max": 3.8994178771972656,
        "unit_scales": 0
      },
      "0:20:/layer3/layer3.3/conv1/Conv->/layer3/layer3.3/conv2/Conv": {
        "channels": 256,
        "scale_min": 0.3233453929424286,
        "scale_max": 1.5078516006469727,
        "unit_scales": 92
      },
      "0:21:/layer3/layer3.3/conv2/Conv->/layer3/layer3.3/conv3/Conv": {
        "channels": 256,
        "scale_min": 0.5406704545021057,
        "scale_max": 3.6330251693725586,
        "unit_scales": 0
      },
      "0:22:/layer3/layer3.4/conv1/Conv->/layer3/layer3.4/conv2/Conv": {
        "channels": 256,
        "scale_min": 0.33509522676467896,
        "scale_max": 1.9312142133712769,
        "unit_scales": 102
      },
      "0:23:/layer3/layer3.4/conv2/Conv->/layer3/layer3.4/conv3/Conv": {
        "channels": 256,
        "scale_min": 0.41193631291389465,
        "scale_max": 2.417032241821289,
        "unit_scales": 0
      },
      "0:24:/layer3/layer3.5/conv1/Conv->/layer3/layer3.5/conv2/Conv": {
        "channels": 256,
        "scale_min": 0.7764763832092285,
        "scale_max": 2.771657943725586,
        "unit_scales": 232
      },
      "0:25:/layer3/layer3.5/conv2/Conv->/layer3/layer3.5/conv3/Conv": {
        "channels": 256,
        "scale_min": 1.0470694303512573,
        "scale_max": 4.274139404296875,
        "unit_scales": 0
      },
      "0:26:/layer4/layer4.0/conv1/Conv->/layer4/layer4.0/conv2/Conv": {
        "channels": 512,
        "scale_min": 0.3945195972919464,
        "scale_max": 3.219158887863159,
        "unit_scales": 301
      },
      "0:27:/layer4/layer4.0/conv2/Conv->/layer4/layer4.0/conv3/Conv": {
        "channels": 512,
        "scale_min": 0.26246583461761475,
        "scale_max": 1.4044256210327148,
        "unit_scales": 9
      },
      "0:28:/layer4/layer4.1/conv1/Conv->/layer4/layer4.1/conv2/Conv": {
        "channels": 512,
        "scale_min": 0.30759871006011963,
        "scale_max": 1.0,
        "unit_scales": 366
      },
      "0:29:/layer4/layer4.1/conv2/Conv->/layer4/layer4.1/conv3/Conv": {
        "channels": 512,
        "scale_min": 0.29593560099601746,
        "scale_max": 2.551863193511963,
        "unit_scales": 12
      },
      "0:30:/layer4/layer4.2/conv1/Conv->/layer4/layer4.2/conv2/Conv": {
        "channels": 512,
        "scale_min": 0.3986676335334778,
        "scale_max": 1.7051275968551636,
        "unit_scales": 89
      },
      "0:31:/layer4/layer4.2/conv2/Conv->/layer4/layer4.2/conv3/Conv": {
        "channels": 512,
        "scale_min": 0.39486366510391235,
        "scale_max": 3.976264238357544,
        "unit_scales": 0
      },
      "0:32:/layer1/layer1.0/conv1/Conv->/layer1/layer1.0/conv2/Conv": {
        "channels": 64,
        "scale_min": 0.7181614637374878,
        "scale_max": 1.507444143295288,
        "unit_scales": 18
      }
    }
  },
  "preprocess": {
    "input_size": [
      3,
      224,
      224
    ],
    "interpolation": "bicubic",
    "mean": [
      0.485,
      0.456,
      0.406
    ],
    "std": [
      0.229,
      0.224,
      0.225
    ],
    "crop_pct": 0.95,
    "crop_mode": "center"
  },
  "emit": {
    "activations": 74,
    "initializers": 108,
    "pruned": 49
  },
  "gap_mul": 1,
  "refine": {
    "loops": 2,
    "changes_by_rule": {
      "align_pool": 1
    },
    "log": [
      {
        "scale": "/global_pool/pool/GlobalAveragePool_output_0_scale",
        "old": 5,
        "new": 2,
        "rule": "align_pool",
        "node": "/global_pool/pool/GlobalAveragePool"
      }
    ],
    "converged": true
  },
  "output_sha256": "bf6053219f39a7094ab5614b68a9094d668aa9a391006a57bfe457e6f2bfc2bc",
  "wall_seconds": 528.1657357999993,
  "quark_imported": false,
  "torch_imported": true,
  "base_model": "models/resnet50_ignition_cle_c64.onnx",
  "base_sha256": "74f2b9a180e05b22a203aeb896f2f31daf20a58beb759dc81f6aee52021e8bbe",
  "adaround": {
    "config": {
      "DataSize": 1000,
      "FixedSeed": 1705472343,
      "BatchSize": 2,
      "NumIterations": 1000,
      "LearningRate": 0.1,
      "OptimAlgorithm": "adaround",
      "OptimDevice": "cpu",
      "InferDevice": "cpu",
      "EarlyStop": true,
      "RegParam": 0.01,
      "BetaRange": [
        20,
        2
      ],
      "WarmStart": 0.2,
      "DropRatio": 1.0
    },
    "images": 64,
    "layers": [
      {
        "index": 0,
        "name": "/conv1/Conv",
        "start": "input",
        "end": "/act1/Relu_output_0",
        "has_act": true,
        "images": 64,
        "iterations": 1000,
        "early_stop": false,
        "recons_before": 0.016244789585471153,
        "recons_after": 0.005595241207629442,
        "changed_elements": 1008,
        "max_lsb": 1,
        "data_seconds": 0.18014970000058383,
        "train_seconds": 7.675993699999708
      },
      {
        "index": 1,
        "name": "/layer1/layer1.0/conv1/Conv",
        "start": "/maxpool/MaxPool_output_0",
        "end": "/layer1/layer1.0/act1/Relu_output_0",
        "has_act": true,
        "images": 64,
        "iterations": 1000,
        "early_stop": false,
        "recons_before": 0.014824096113443375,
        "recons_after": 0.006869133561849594,
        "changed_elements": 754,
        "max_lsb": 1,
        "data_seconds": 0.25225120000050083,
        "train_seconds": 3.3008073999999397
      },
      {
        "index": 2,
        "name": "/layer1/layer1.0/downsample/downsample.0/Conv",
        "start": "/maxpool/MaxPool_output_0",
        "end": "/layer1/layer1.0/downsample/downsample.0/Conv_output_0",
        "has_act": false,
        "images": 64,
        "iterations": 1000,
        "early_stop": false,
        "recons_before": 0.08900333940982819,
        "recons_after": 0.03450768440961838,
        "changed_elements": 2880,
        "max_lsb": 1,
        "data_seconds": 0.26965629999995144,
        "train_seconds": 5.678931399999783
      },
      {
        "index": 3,
        "name": "/layer1/layer1.0/conv2/Conv",
        "start": "/layer1/layer1.0/act1/Relu_output_0",
        "end": "/layer1/layer1.0/act2/Relu_output_0",
        "has_act": true,
        "images": 64,
        "iterations": 1000,
        "early_stop": false,
        "recons_before": 0.026667069643735886,
        "recons_after": 0.010079558938741684,
        "changed_elements": 5765,
        "max_lsb": 1,
        "data_seconds": 0.3119021000002249,
        "train_seconds": 5.64368850000028
      },
      {
        "index": 4,
        "name": "/layer1/layer1.0/conv3/Conv",
        "start": "/layer1/layer1.0/act2/Relu_output_0",
        "end": "/layer1/layer1.0/conv3/Conv_output_0",
        "has_act": false,
        "images": 64,
        "iterations": 1000,
        "early_stop": false,
        "recons_before": 0.012763690203428268,
        "recons_after": 0.008164126425981522,
        "changed_elements": 1920,
        "max_lsb": 1,
        "data_seconds": 0.329257399999733,
        "train_seconds": 5.742988500000138
      },
      {
        "index": 5,
        "name": "/layer1/layer1.1/conv1/Conv",
        "start": "/layer1/layer1.0/act3/Relu_output_0",
        "end": "/layer1/layer1.1/act1/Relu_output_0",
        "has_act": true,
        "images": 64,
        "iterations": 1000,
        "early_stop": false,
        "recons_before": 0.05178792029619217,
        "recons_after": 0.03634054586291313,
        "changed_elements": 5258,
        "max_lsb": 1,
        "data_seconds": 0.47463020000031975,
        "train_seconds": 5.529573600000731
      },
      {
        "index": 6,
        "name": "/layer1/layer1.1/conv2/Conv",
        "start": "/layer1/layer1.1/act1/Relu_output_0",
        "end": "/layer1/layer1.1/act2/Relu_output_0",
        "has_act": true,
        "images": 64,
        "iterations": 1000,
        "early_stop": false,
        "recons_before": 0.33231744170188904,
        "recons_after": 0.273563414812088,
        "changed_elements": 12729,
        "max_lsb": 1,
        "data_seconds": 0.49088149999988673,
        "train_seconds": 5.644467400000394
      },
      {
        "index": 7,
        "name": "/layer1/layer1.1/conv3/Conv",
        "start": "/layer1/layer1.1/act2/Relu_output_0",
        "end": "/layer1/layer1.1/conv3/Conv_output_0",
        "has_act": false,
        "images": 64,
        "iterations": 1000,
        "early_stop": false,
        "recons_before": 0.48307013511657715,
        "recons_after": 0.463080495595932,
        "changed_elements": 4087,
        "max_lsb": 1,
        "data_seconds": 0.5207749000001058,
        "train_seconds": 5.638256000000183
      },
      {
        "index": 8,
        "name": "/layer1/layer1.2/conv1/Conv",
        "start": "/layer1/layer1.1/act3/Relu_output_0",
        "end": "/layer1/layer1.2/act1/Relu_output_0",
        "has_act": true,
        "images": 64,
        "iterations": 1000,
        "early_stop": false,
        "recons_before": 0.08251413702964783,
        "recons_after": 0.06991615891456604,
        "changed_elements": 6221,
        "max_lsb": 1,
        "data_seconds": 0.6846663000005719,
        "train_seconds": 5.541201000000001
      },
      {
        "index": 9,
        "name": "/layer1/layer1.2/conv2/Conv",
        "start": "/layer1/layer1.2/act1/Relu_output_0",
        "end": "/layer1/layer1.2/act2/Relu_output_0",
        "has_act": true,
        "images": 64,
        "iterations": 1000,
        "early_stop": false,
        "recons_before": 0.1854066699743271,
        "recons_after": 0.1710626184940338,
        "changed_elements": 13852,
        "max_lsb": 1,
        "data_seconds": 0.6316376999993736,
        "train_seconds": 5.775097900000219
      },
      {
        "index": 10,
        "name": "/layer1/layer1.2/conv3/Conv",
        "start": "/layer1/layer1.2/act2/Relu_output_0",
        "end": "/layer1/layer1.2/conv3/Conv_output_0",
        "has_act": false,
        "images": 64,
        "iterations": 1000,
        "early_stop": false,
        "recons_before": 0.0861869752407074,
        "recons_after": 0.08081667125225067,
        "changed_elements": 4092,
        "max_lsb": 1,
        "data_seconds": 0.7228096000008009,
        "train_seconds": 5.713723099999697
      },
      {
        "index": 11,
        "name": "/layer2/layer2.0/conv1/Conv",
        "start": "/layer1/layer1.2/act3/Relu_output_0",
        "end": "/layer2/layer2.0/act1/Relu_output_0",
        "has_act": true,
        "images": 64,
        "iterations": 1000,
        "early_stop": false,
        "recons_before": 0.05546445772051811,
        "recons_after": 0.04769350215792656,
        "changed_elements": 12727,
        "max_lsb": 1,
        "data_seconds": 0.8308842000005825,
        "train_seconds": 7.093697399999655
      },
      {
        "index": 12,
        "name": "/layer2/layer2.0/downsample/downsample.0/Conv",
        "start": "/layer1/layer1.2/act3/Relu_output_0",
        "end": "/layer2/layer2.0/downsample/downsample.0/Conv_output_0",
        "has_act": false,
        "images": 64,
        "iterations": 1000,
        "early_stop": false,
        "recons_before": 0.6907511353492737,
        "recons_after": 0.5381362438201904,
        "changed_elements": 41175,
        "max_lsb": 1,
        "data_seconds": 0.8344564999997601,
        "train_seconds": 8.57377329999963
      },
      {
        "index": 13,
        "name": "/layer2/layer2.0/conv2/Conv",
        "start": "/layer2/layer2.0/act1/Relu_output_0",
        "end": "/layer2/layer2.0/act2/Relu_output_0",
        "has_act": true,
        "images": 64,
        "iterations": 1000,
        "early_stop": false,
        "recons_before": 0.5234935283660889,
        "recons_after": 0.4978830814361572,
        "changed_elements": 55739,
        "max_lsb": 1,
        "data_seconds": 0.8681471999998394,
        "train_seconds": 6.037377599999672
      },
      {
        "index": 14,
        "name": "/layer2/layer2.0/conv3/Conv",
        "start": "/layer2/layer2.0/act2/Relu_output_0",
        "end": "/layer2/layer2.0/conv3/Conv_output_0",
        "has_act": false,
        "images": 64,
        "iterations": 1000,
        "early_stop": false,
        "recons_before": 0.46727102994918823,
        "recons_after": 0.43782809376716614,
        "changed_elements": 16693,
        "max_lsb": 1,
        "data_seconds": 0.8913159000003361,
        "train_seconds": 5.600940899999841
      },
      {
        "index": 15,
        "name": "/layer2/layer2.1/conv1/Conv",
        "start": "/layer2/layer2.0/act3/Relu_output_0",
        "end": "/layer2/layer2.1/act1/Relu_output_0",
        "has_act": true,
        "images": 64,
        "iterations": 1000,
        "early_stop": false,
        "recons_before": 0.08043321222066879,
        "recons_after": 0.07259918749332428,
        "changed_elements": 19995,
        "max_lsb": 1,
        "data_seconds": 0.9371535000000222,
        "train_seconds": 5.528400999999576
      },
      {
        "index": 16,
        "name": "/layer2/layer2.1/conv2/Conv",
        "start": "/layer2/layer2.1/act1/Relu_output_0",
        "end": "/layer2/layer2.1/act2/Relu_output_0",
        "has_act": true,
        "images": 64,
        "iterations": 1000,
        "early_stop": false,
        "recons_before": 0.24039708077907562,
        "recons_after": 0.22136133909225464,
        "changed_elements": 46572,
        "max_lsb": 1,
        "data_seconds": 1.0023619999992661,
        "train_seconds": 5.1234770000000935
      },
      {
        "index": 17,
        "name": "/layer2/layer2.1/conv3/Conv",
        "start": "/layer2/layer2.1/act2/Relu_output_0",
        "end": "/layer2/layer2.1/conv3/Conv_output_0",
        "has_act": false,
        "images": 64,
        "iterations": 1000,
        "early_stop": false,
        "recons_before": 0.35551199316978455,
        "recons_after": 0.3169201910495758,
        "changed_elements": 11583,
        "max_lsb": 1,
        "data_seconds": 1.0987701000003653,
        "train_seconds": 5.646042200000011
      },
      {
        "index": 18,
        "name": "/layer2/layer2.2/conv1/Conv",
        "start": "/layer2/layer2.1/act3/Relu_output_0",
        "end": "/layer2/layer2.2/act1/Relu_output_0",
        "has_act": true,
        "images": 64,
        "iterations": 1000,
        "early_stop": false,
        "recons_before": 0.0561961829662323,
        "recons_after": 0.053570616990327835,
        "changed_elements": 22586,
        "max_lsb": 1,
        "data_seconds": 1.1126556999997774,
        "train_seconds": 5.839984799999911
      },
      {
        "index": 19,
        "name": "/layer2/layer2.2/conv2/Conv",
        "start": "/layer2/layer2.2/act1/Relu_output_0",
        "end": "/layer2/layer2.2/act2/Relu_output_0",
        "has_act": true,
        "images": 64,
        "iterations": 1000,
        "early_stop": false,
        "recons_before": 0.29765966534614563,
        "recons_after": 0.2851879596710205,
        "changed_elements": 50098,
        "max_lsb": 1,
        "data_seconds": 1.1698193000001993,
        "train_seconds": 5.239240300000347
      },
      {
        "index": 20,
        "name": "/layer2/layer2.2/conv3/Conv",
        "start": "/layer2/layer2.2/act2/Relu_output_0",
        "end": "/layer2/layer2.2/conv3/Conv_output_0",
        "has_act": false,
        "images": 64,
        "iterations": 1000,
        "early_stop": false,
        "recons_before": 0.3644675314426422,
        "recons_after": 0.33991149067878723,
        "changed_elements": 12876,
        "max_lsb": 1,
        "data_seconds": 1.2309338999993997,
        "train_seconds": 5.580459299999347
      },
      {
        "index": 21,
        "name": "/layer2/layer2.3/conv1/Conv",
        "start": "/layer2/layer2.2/act3/Relu_output_0",
        "end": "/layer2/layer2.3/act1/Relu_output_0",
        "has_act": true,
        "images": 64,
        "iterations": 1000,
        "early_stop": false,
        "recons_before": 0.06160368397831917,
        "recons_after": 0.05663658678531647,
        "changed_elements": 21457,
        "max_lsb": 1,
        "data_seconds": 1.321624599999268,
        "train_seconds": 5.465757900000426
      },
      {
        "index": 22,
        "name": "/layer2/layer2.3/conv2/Conv",
        "start": "/layer2/layer2.3/act1/Relu_output_0",
        "end": "/layer2/layer2.3/act2/Relu_output_0",
        "has_act": true,
        "images": 64,
        "iterations": 1000,
        "early_stop": false,
        "recons_before": 0.16496555507183075,
        "recons_after": 0.15320394933223724,
        "changed_elements": 45660,
        "max_lsb": 1,
        "data_seconds": 1.3356456999999864,
        "train_seconds": 5.225393900000199
      },
      {
        "index": 23,
        "name": "/layer2/layer2.3/conv3/Conv",
        "start": "/layer2/layer2.3/act2/Relu_output_0",
        "end": "/layer2/layer2.3/conv3/Conv_output_0",
        "has_act": false,
        "images": 64,
        "iterations": 1000,
        "early_stop": false,
        "recons_before": 0.28718799352645874,
        "recons_after": 0.266941100358963,
        "changed_elements": 13539,
        "max_lsb": 1,
        "data_seconds": 1.2894030999996176,
        "train_seconds": 5.621445300000232
      },
      {
        "index": 24,
        "name": "/layer3/layer3.0/conv1/Conv",
        "start": "/layer2/layer2.3/act3/Relu_output_0",
        "end": "/layer3/layer3.0/act1/Relu_output_0",
        "has_act": true,
        "images": 64,
        "iterations": 1000,
        "early_stop": false,
        "recons_before": 0.05724390223622322,
        "recons_after": 0.053824108093976974,
        "changed_elements": 48043,
        "max_lsb": 1,
        "data_seconds": 1.4430959999999686,
        "train_seconds": 6.177490600000056
      },
      {
        "index": 25,
        "name": "/layer3/layer3.0/downsample/downsample.0/Conv",
        "start": "/layer2/layer2.3/act3/Relu_output_0",
        "end": "/layer3/layer3.0/downsample/downsample.0/Conv_output_0",
        "has_act": false,
        "images": 64,
        "iterations": 1000,
        "early_stop": false,
        "recons_before": 0.41432109475135803,
        "recons_after": 0.3516444265842438,
        "changed_elements": 156679,
        "max_lsb": 1,
        "data_seconds": 1.4925365000008242,
        "train_seconds": 8.576346700000613
      },
      {
        "index": 26,
        "name": "/layer3/layer3.0/conv2/Conv",
        "start": "/layer3/layer3.0/act1/Relu_output_0",
        "end": "/layer3/layer3.0/act2/Relu_output_0",
        "has_act": true,
        "images": 64,
        "iterations": 1000,
        "early_stop": false,
        "recons_before": 0.22914980351924896,
        "recons_after": 0.2053000032901764,
        "changed_elements": 205044,
        "max_lsb": 1,
        "data_seconds": 1.529122699999789,
        "train_seconds": 8.181799900000442
      },
      {
        "index": 27,
        "name": "/layer3/layer3.0/conv3/Conv",
        "start": "/layer3/layer3.0/act2/Relu_output_0",
        "end": "/layer3/layer3.0/conv3/Conv_output_0",
        "has_act": false,
        "images": 64,
        "iterations": 1000,
        "early_stop": false,
        "recons_before": 0.5408778190612793,
        "recons_after": 0.5105722546577454,
        "changed_elements": 66576,
        "max_lsb": 1,
        "data_seconds": 1.4971546999995553,
        "train_seconds": 5.634109900000112
      },
      {
        "index": 28,
        "name": "/layer3/layer3.1/conv1/Conv",
        "start": "/layer3/layer3.0/act3/Relu_output_0",
        "end": "/layer3/layer3.1/act1/Relu_output_0",
        "has_act": true,
        "images": 64,
        "iterations": 1000,
        "early_stop": false,
        "recons_before": 0.11657335609197617,
        "recons_after": 0.10439306497573853,
        "changed_elements": 84215,
        "max_lsb": 1,
        "data_seconds": 1.5782425999996121,
        "train_seconds": 5.731623800000307
      },
      {
        "index": 29,
        "name": "/layer3/layer3.1/conv2/Conv",
        "start": "/layer3/layer3.1/act1/Relu_output_0",
        "end": "/layer3/layer3.1/act2/Relu_output_0",
        "has_act": true,
        "images": 64,
        "iterations": 1000,
        "early_stop": false,
        "recons_before": 0.19308020174503326,
        "recons_after": 0.17122147977352142,
        "changed_elements": 200817,
        "max_lsb": 1,
        "data_seconds": 1.4696368999993865,
        "train_seconds": 7.611972900000183
      },
      {
        "index": 30,
        "name": "/layer3/layer3.1/conv3/Conv",
        "start": "/layer3/layer3.1/act2/Relu_output_0",
        "end": "/layer3/layer3.1/conv3/Conv_output_0",
        "has_act": false,
        "images": 64,
        "iterations": 1000,
        "early_stop": false,
        "recons_before": 0.22441893815994263,
        "recons_after": 0.20796331763267517,
        "changed_elements": 61148,
        "max_lsb": 1,
        "data_seconds": 1.6715448000004471,
        "train_seconds": 5.7197440999998435
      },
      {
        "index": 31,
        "name": "/layer3/layer3.2/conv1/Conv",
        "start": "/layer3/layer3.1/act3/Relu_output_0",
        "end": "/layer3/layer3.2/act1/Relu_output_0",
        "has_act": true,
        "images": 64,
        "iterations": 1000,
        "early_stop": false,
        "recons_before": 0.04296908900141716,
        "recons_after": 0.03903612866997719,
        "changed_elements": 90321,
        "max_lsb": 1,
        "data_seconds": 1.7254488999997193,
        "train_seconds": 5.733519100000194
      },
      {
        "index": 32,
        "name": "/layer3/layer3.2/conv2/Conv",
        "start": "/layer3/layer3.2/act1/Relu_output_0",
        "end": "/layer3/layer3.2/act2/Relu_output_0",
        "has_act": true,
        "images": 64,
        "iterations": 1000,
        "early_stop": false,
        "recons_before": 0.11256641894578934,
        "recons_after": 0.09706153720617294,
        "changed_elements": 195955,
        "max_lsb": 1,
        "data_seconds": 1.7377989000005982,
        "train_seconds": 7.591399100000672
      },
      {
        "index": 33,
        "name": "/layer3/layer3.2/conv3/Conv",
        "start": "/layer3/layer3.2/act2/Relu_output_0",
        "end": "/layer3/layer3.2/conv3/Conv_output_0",
        "has_act": false,
        "images": 64,
        "iterations": 1000,
        "early_stop": false,
        "recons_before": 0.17941811680793762,
        "recons_after": 0.16697292029857635,
        "changed_elements": 54028,
        "max_lsb": 1,
        "data_seconds": 1.837270900000476,
        "train_seconds": 5.79116729999987
      },
      {
        "index": 34,
        "name": "/layer3/layer3.3/conv1/Conv",
        "start": "/layer3/layer3.2/act3/Relu_output_0",
        "end": "/layer3/layer3.3/act1/Relu_output_0",
        "has_act": true,
        "images": 64,
        "iterations": 1000,
        "early_stop": false,
        "recons_before": 0.0320403054356575,
        "recons_after": 0.028944240882992744,
        "changed_elements": 92027,
        "max_lsb": 1,
        "data_seconds": 1.7843997999998464,
        "train_seconds": 5.587483500000417
      },
      {
        "index": 35,
        "name": "/layer3/layer3.3/conv2/Conv",
        "start": "/layer3/layer3.3/act1/Relu_output_0",
        "end": "/layer3/layer3.3/act2/Relu_output_0",
        "has_act": true,
        "images": 64,
        "iterations": 1000,
        "early_stop": false,
        "recons_before": 0.09436585009098053,
        "recons_after": 0.08144356310367584,
        "changed_elements": 202351,
        "max_lsb": 1,
        "data_seconds": 1.829849099999592,
        "train_seconds": 7.75388010000006
      },
      {
        "index": 36,
        "name": "/layer3/layer3.3/conv3/Conv",
        "start": "/layer3/layer3.3/act2/Relu_output_0",
        "end": "/layer3/layer3.3/conv3/Conv_output_0",
        "has_act": false,
        "images": 64,
        "iterations": 1000,
        "early_stop": false,
        "recons_before": 0.19831643998622894,
        "recons_after": 0.18219907581806183,
        "changed_elements": 53456,
        "max_lsb": 1,
        "data_seconds": 2.0343347999996695,
        "train_seconds": 5.575996200000191
      },
      {
        "index": 37,
        "name": "/layer3/layer3.4/conv1/Conv",
        "start": "/layer3/layer3.3/act3/Relu_output_0",
        "end": "/layer3/layer3.4/act1/Relu_output_0",
        "has_act": true,
        "images": 64,
        "iterations": 1000,
        "early_stop": false,
        "recons_before": 0.03647976741194725,
        "recons_after": 0.03267732262611389,
        "changed_elements": 96843,
        "max_lsb": 1,
        "data_seconds": 2.1070755999999164,
        "train_seconds": 5.70354960000077
      },
      {
        "index": 38,
        "name": "/layer3/layer3.4/conv2/Conv",
        "start": "/layer3/layer3.4/act1/Relu_output_0",
        "end": "/layer3/layer3.4/act2/Relu_output_0",
        "has_act": true,
        "images": 64,
        "iterations": 1000,
        "early_stop": false,
        "recons_before": 0.0942593365907669,
        "recons_after": 0.07964333146810532,
        "changed_elements": 203341,
        "max_lsb": 1,
        "data_seconds": 2.0958874999996624,
        "train_seconds": 7.546853600000759
      },
      {
        "index": 39,
        "name": "/layer3/layer3.4/conv3/Conv",
        "start": "/layer3/layer3.4/act2/Relu_output_0",
        "end": "/layer3/layer3.4/conv3/Conv_output_0",
        "has_act": false,
        "images": 64,
        "iterations": 1000,
        "early_stop": false,
        "recons_before": 0.21026848256587982,
        "recons_after": 0.19468529522418976,
        "changed_elements": 66705,
        "max_lsb": 1,
        "data_seconds": 2.1611619000004794,
        "train_seconds": 5.6562066999995295
      },
      {
        "index": 40,
        "name": "/layer3/layer3.5/conv1/Conv",
        "start": "/layer3/layer3.4/act3/Relu_output_0",
        "end": "/layer3/layer3.5/act1/Relu_output_0",
        "has_act": true,
        "images": 64,
        "iterations": 1000,
        "early_stop": false,
        "recons_before": 0.03767617046833038,
        "recons_after": 0.03238159418106079,
        "changed_elements": 97796,
        "max_lsb": 1,
        "data_seconds": 2.1909506000001784,
        "train_seconds": 5.74803509999947
      },
      {
        "index": 41,
        "name": "/layer3/layer3.5/conv2/Conv",
        "start": "/layer3/layer3.5/act1/Relu_output_0",
        "end": "/layer3/layer3.5/act2/Relu_output_0",
        "has_act": true,
        "images": 64,
        "iterations": 1000,
        "early_stop": false,
        "recons_before": 0.21164704859256744,
        "recons_after": 0.18032409250736237,
        "changed_elements": 212828,
        "max_lsb": 1,
        "data_seconds": 2.2654781999999614,
        "train_seconds": 7.584497300000294
      },
      {
        "index": 42,
        "name": "/layer3/layer3.5/conv3/Conv",
        "start": "/layer3/layer3.5/act2/Relu_output_0",
        "end": "/layer3/layer3.5/conv3/Conv_output_0",
        "has_act": false,
        "images": 64,
        "iterations": 1000,
        "early_stop": false,
        "recons_before": 0.17229250073432922,
        "recons_after": 0.15762291848659515,
        "changed_elements": 61587,
        "max_lsb": 1,
        "data_seconds": 2.36252500000046,
        "train_seconds": 5.791530200000125
      },
      {
        "index": 43,
        "name": "/layer4/layer4.0/conv1/Conv",
        "start": "/layer3/layer3.5/act3/Relu_output_0",
        "end": "/layer4/layer4.0/act1/Relu_output_0",
        "has_act": true,
        "images": 64,
        "iterations": 1000,
        "early_stop": false,
        "recons_before": 0.02262759394943714,
        "recons_after": 0.019313963130116463,
        "changed_elements": 195702,
        "max_lsb": 1,
        "data_seconds": 2.4124375999999756,
        "train_seconds": 7.966960100000506
      },
      {
        "index": 44,
        "name": "/layer4/layer4.0/downsample/downsample.0/Conv",
        "start": "/layer3/layer3.5/act3/Relu_output_0",
        "end": "/layer4/layer4.0/downsample/downsample.0/Conv_output_0",
        "has_act": false,
        "images": 64,
        "iterations": 1000,
        "early_stop": false,
        "recons_before": 0.21966426074504852,
        "recons_after": 0.18485839664936066,
        "changed_elements": 784384,
        "max_lsb": 1,
        "data_seconds": 2.3095407000000705,
        "train_seconds": 23.91035869999996
      },
      {
        "index": 45,
        "name": "/layer4/layer4.0/conv2/Conv",
        "start": "/layer4/layer4.0/act1/Relu_output_0",
        "end": "/layer4/layer4.0/act2/Relu_output_0",
        "has_act": true,
        "images": 64,
        "iterations": 1000,
        "early_stop": false,
        "recons_before": 0.051491882652044296,
        "recons_after": 0.03603000193834305,
        "changed_elements": 893666,
        "max_lsb": 1,
        "data_seconds": 2.4843823000001066,
        "train_seconds": 26.32450390000031
      },
      {
        "index": 46,
        "name": "/layer4/layer4.0/conv3/Conv",
        "start": "/layer4/layer4.0/act2/Relu_output_0",
        "end": "/layer4/layer4.0/conv3/Conv_output_0",
        "has_act": false,
        "images": 64,
        "iterations": 1000,
        "early_stop": false,
        "recons_before": 0.0992700532078743,
        "recons_after": 0.08951772749423981,
        "changed_elements": 331442,
        "max_lsb": 1,
        "data_seconds": 2.5507606999999552,
        "train_seconds": 10.763689100000192
      },
      {
        "index": 47,
        "name": "/layer4/layer4.1/conv1/Conv",
        "start": "/layer4/layer4.0/act3/Relu_output_0",
        "end": "/layer4/layer4.1/act1/Relu_output_0",
        "has_act": true,
        "images": 64,
        "iterations": 1000,
        "early_stop": false,
        "recons_before": 0.03390789404511452,
        "recons_after": 0.027991702780127525,
        "changed_elements": 411763,
        "max_lsb": 1,
        "data_seconds": 2.6057377000006454,
        "train_seconds": 10.961923799999568
      },
      {
        "index": 48,
        "name": "/layer4/layer4.1/conv2/Conv",
        "start": "/layer4/layer4.1/act1/Relu_output_0",
        "end": "/layer4/layer4.1/act2/Relu_output_0",
        "has_act": true,
        "images": 64,
        "iterations": 1000,
        "early_stop": false,
        "recons_before": 0.016238534823060036,
        "recons_after": 0.005789903923869133,
        "changed_elements": 797543,
        "max_lsb": 1,
        "data_seconds": 2.7476612000000387,
        "train_seconds": 25.597080900000037
      },
      {
        "index": 49,
        "name": "/layer4/layer4.1/conv3/Conv",
        "start": "/layer4/layer4.1/act2/Relu_output_0",
        "end": "/layer4/layer4.1/conv3/Conv_output_0",
        "has_act": false,
        "images": 64,
        "iterations": 1000,
        "early_stop": false,
        "recons_before": 0.02287803776562214,
        "recons_after": 0.01759212836623192,
        "changed_elements": 319322,
        "max_lsb": 1,
        "data_seconds": 2.595081499999651,
        "train_seconds": 10.697423800000252
      },
      {
        "index": 50,
        "name": "/layer4/layer4.2/conv1/Conv",
        "start": "/layer4/layer4.1/act3/Relu_output_0",
        "end": "/layer4/layer4.2/act1/Relu_output_0",
        "has_act": true,
        "images": 64,
        "iterations": 1000,
        "early_stop": false,
        "recons_before": 0.005237990524619818,
        "recons_after": 0.003673716215416789,
        "changed_elements": 409310,
        "max_lsb": 1,
        "data_seconds": 2.7460260999996535,
        "train_seconds": 10.932923899999878
      },
      {
        "index": 51,
        "name": "/layer4/layer4.2/conv2/Conv",
        "start": "/layer4/layer4.2/act1/Relu_output_0",
        "end": "/layer4/layer4.2/act2/Relu_output_0",
        "has_act": true,
        "images": 64,
        "iterations": 1000,
        "early_stop": false,
        "recons_before": 0.008943075314164162,
        "recons_after": 0.005121435038745403,
        "changed_elements": 872069,
        "max_lsb": 1,
        "data_seconds": 2.8567180999998527,
        "train_seconds": 25.529630800000632
      },
      {
        "index": 52,
        "name": "/layer4/layer4.2/conv3/Conv",
        "start": "/layer4/layer4.2/act2/Relu_output_0",
        "end": "/layer4/layer4.2/conv3/Conv_output_0",
        "has_act": false,
        "images": 64,
        "iterations": 1000,
        "early_stop": false,
        "recons_before": 0.017494525760412216,
        "recons_after": 0.012521571479737759,
        "changed_elements": 305743,
        "max_lsb": 1,
        "data_seconds": 2.909666599999582,
        "train_seconds": 10.776507199999287
      },
      {
        "index": 53,
        "name": "/fc/Gemm",
        "start": "/global_pool/flatten/Flatten_output_0",
        "end": "output_QuantizeLinear_Input",
        "has_act": false,
        "images": 64,
        "iterations": 1000,
        "early_stop": false,
        "recons_before": 2.9358954429626465,
        "recons_after": 0.6424630880355835,
        "changed_elements": 954309,
        "max_lsb": 1,
        "data_seconds": 2.868269099999452,
        "train_seconds": 18.493718599999738
      }
    ],
    "torch_version": "2.4.1+cpu",
    "torch_threads": 8,
    "onnxruntime_version": "1.22.1",
    "float_graph_optimization": "ORT default (ENABLE_ALL), as Quark's float reference session",
    "quant_graph_optimization": "ORT_DISABLE_ALL, as Quark's quantized data session",
    "peak_rss_bytes": 3055075328,
    "data_seconds": 82.6915855999996,
    "train_seconds": 444.1126459000043,
    "wall_seconds": 527.1195619
  }
}
REFERENCE_SHA256 a9250faebefafb2815d0a2092d3ef6fd78900b9c15e39fec1b861ccd7ca62a3d
POSITION_DELTA {}
SAME_FLOAT_PREPROCESS_LISTING_CLE True
ADAROUND_PROVENANCE {"own": {"DataSize": 1000, "FixedSeed": 1705472343, "BatchSize": 2, "NumIterations": 1000, "LearningRate": 0.1, "OptimAlgorithm": "adaround", "OptimDevice": "cpu", "InferDevice": "cpu", "EarlyStop": true}, "reference": {"DataSize": 1000, "FixedSeed": 1705472343, "BatchSize": 2, "NumIterations": 1000, "LearningRate": 0.1, "OptimAlgorithm": "adaround", "OptimDevice": "cpu", "InferDevice": "cpu", "EarlyStop": true}, "pass": true}
ADAROUND_SUMMARY {
  "config": {
    "DataSize": 1000,
    "FixedSeed": 1705472343,
    "BatchSize": 2,
    "NumIterations": 1000,
    "LearningRate": 0.1,
    "OptimAlgorithm": "adaround",
    "OptimDevice": "cpu",
    "InferDevice": "cpu",
    "EarlyStop": true,
    "RegParam": 0.01,
    "BetaRange": [
      20,
      2
    ],
    "WarmStart": 0.2,
    "DropRatio": 1.0
  },
  "images": 64,
  "torch_version": "2.4.1+cpu",
  "torch_threads": 8,
  "onnxruntime_version": "1.22.1",
  "float_graph_optimization": "ORT default (ENABLE_ALL), as Quark's float reference session",
  "quant_graph_optimization": "ORT_DISABLE_ALL, as Quark's quantized data session",
  "peak_rss_bytes": 3055075328,
  "data_seconds": 82.6915855999996,
  "train_seconds": 444.1126459000043,
  "wall_seconds": 527.1195619
}
CALIBRATION_STATS {
  "store": "exact_float16",
  "mode": "All",
  "images": 64,
  "listing": [
    "data/calib/000000.jpg",
    "data/calib/000001.jpg",
    "data/calib/000002.jpg",
    "data/calib/000003.jpg",
    "data/calib/000004.jpg",
    "data/calib/000005.jpg",
    "data/calib/000006.jpg",
    "data/calib/000007.jpg",
    "data/calib/000008.jpg",
    "data/calib/000009.jpg",
    "data/calib/000010.jpg",
    "data/calib/000011.jpg",
    "data/calib/000012.jpg",
    "data/calib/000013.jpg",
    "data/calib/000014.jpg",
    "data/calib/000015.jpg",
    "data/calib/000016.jpg",
    "data/calib/000017.jpg",
    "data/calib/000018.jpg",
    "data/calib/000019.jpg",
    "data/calib/000020.jpg",
    "data/calib/000021.jpg",
    "data/calib/000022.jpg",
    "data/calib/000023.jpg",
    "data/calib/000024.jpg",
    "data/calib/000025.jpg",
    "data/calib/000026.jpg",
    "data/calib/000027.jpg",
    "data/calib/000028.jpg",
    "data/calib/000029.jpg",
    "data/calib/000030.jpg",
    "data/calib/000031.jpg",
    "data/calib/000032.jpg",
    "data/calib/000033.jpg",
    "data/calib/000034.jpg",
    "data/calib/000035.jpg",
    "data/calib/000036.jpg",
    "data/calib/000037.jpg",
    "data/calib/000038.jpg",
    "data/calib/000039.jpg",
    "data/calib/000040.jpg",
    "data/calib/000041.jpg",
    "data/calib/000042.jpg",
    "data/calib/000043.jpg",
    "data/calib/000044.jpg",
    "data/calib/000045.jpg",
    "data/calib/000046.jpg",
    "data/calib/000047.jpg",
    "data/calib/000048.jpg",
    "data/calib/000049.jpg",
    "data/calib/000050.jpg",
    "data/calib/000051.jpg",
    "data/calib/000052.jpg",
    "data/calib/000053.jpg",
    "data/calib/000054.jpg",
    "data/calib/000055.jpg",
    "data/calib/000056.jpg",
    "data/calib/000057.jpg",
    "data/calib/000058.jpg",
    "data/calib/000059.jpg",
    "data/calib/000060.jpg",
    "data/calib/000061.jpg",
    "data/calib/000062.jpg",
    "data/calib/000063.jpg"
  ],
  "sample_bytes": 3404592128,
  "free_bytes_before": 807971532800,
  "ort_version": "1.23.3.dev20260320",
  "graph_optimization": "ORT_DISABLE_ALL",
  "tensors": {
    "input": {
      "count": 9633792,
      "vmin": -2.1171875,
      "vmax": 2.640625,
      "minmax_pos": 6,
      "candidate_positions": [
        5,
        6,
        7,
        8,
        9
      ],
      "candidate_sqerr": [
        787.6327514648438,
        64099.64453125,
        2246458.25,
        6190071.5,
        9379026.0
      ],
      "minmse_pos": 5
    },
    "/conv1/Conv_output_0": {
      "count": 51380224,
      "vmin": -14.3125,
      "vmax": 53.34375,
      "minmax_pos": 1,
      "candidate_positions": [
        0,
        1,
        2,
        3,
        4
      ],
      "candidate_sqerr": [
        4356347.5,
        1088695.0,
        52522476.0,
        391908128.0,
        881572672.0
      ],
      "minmse_pos": 1
    },
    "/act1/Relu_output_0": {
      "count": 51380224,
      "vmin": 0.0,
      "vmax": 53.34375,
      "minmax_pos": 1,
      "candidate_positions": [
        0,
        1,
        2,
        3,
        4
      ],
      "candidate_sqerr": [
        3945495.25,
        977460.3125,
        52492752.0,
        391901568.0,
        881562944.0
      ],
      "minmse_pos": 1
    },
    "/maxpool/MaxPool_output_0": {
      "count": 12845056,
      "vmin": 0.0,
      "vmax": 53.34375,
      "minmax_pos": 1,
      "candidate_positions": [
        0,
        1,
        2,
        3,
        4
      ],
      "candidate_sqerr": [
        1054533.875,
        263376.15625,
        17322244.0,
        120913032.0,
        261699280.0
      ],
      "minmse_pos": 1
    },
    "/layer1/layer1.0/conv1/Conv_output_0": {
      "count": 12845056,
      "vmin": -14.4609375,
      "vmax": 24.0,
      "minmax_pos": 2,
      "candidate_positions": [
        1,
        2,
        3,
        4,
        5
      ],
      "candidate_sqerr": [
        278141.15625,
        70780.25,
        22805.01171875,
        2987858.75,
        11984633.0
      ],
      "minmse_pos": 3
    },
    "/layer1/layer1.0/act1/Relu_output_0": {
      "count": 12845056,
      "vmin": 0.0,
      "vmax": 24.0,
      "minmax_pos": 2,
      "candidate_positions": [
        1,
        2,
        3,
        4,
        5
      ],
      "candidate_sqerr": [
        149358.875,
        32815.3046875,
        14909.3388671875,
        2982837.5,
        11905989.0
      ],
      "minmse_pos": 3
    },
    "/layer1/layer1.0/conv2/Conv_output_0": {
      "count": 12845056,
      "vmin": -16.203125,
      "vmax": 30.171875,
      "minmax_pos": 2,
      "candidate_positions": [
        1,
        2,
        3,
        4,
        5
      ],
      "candidate_sqerr": [
        238970.5625,
        69058.5859375,
        5765857.5,
        35209592.0,
        91164152.0
      ],
      "minmse_pos": 2
    },
    "/layer1/layer1.0/act2/Relu_output_0": {
      "count": 12845056,
      "vmin": 0.0,
      "vmax": 30.171875,
      "minmax_pos": 2,
      "candidate_positions": [
        1,
        2,
        3,
        4,
        5
      ],
      "candidate_sqerr": [
        120531.578125,
        31714.916015625,
        5757439.0,
        35185808.0,
        90308872.0
      ],
      "minmse_pos": 2
    },
    "/layer1/layer1.0/conv3/Conv_output_0": {
      "count": 51380224,
      "vmin": -11.203125,
      "vmax": 11.2734375,
      "minmax_pos": 3,
      "candidate_positions": [
        2,
        3,
        4,
        5,
        6
      ],
      "candidate_sqerr": [
        261696.875,
        70839.921875,
        108217.9375,
        9981568.0,
        60364660.0
      ],
      "minmse_pos": 3
    },
    "/layer1/layer1.0/downsample/downsample.0/Conv_output_0": {
      "count": 51380224,
      "vmin": -35.5625,
      "vmax": 16.875,
      "minmax_pos": 2,
      "candidate_positions": [
        1,
        2,
        3,
        4,
        5
      ],
      "candidate_sqerr": [
        1053598.5,
        260596.578125,
        244543.796875,
        3330534.5,
        26810196.0
      ],
      "minmse_pos": 3
    },
    "/layer1/layer1.0/Add_output_0": {
      "count": 51380224,
      "vmin": -37.96875,
      "vmax": 14.265625,
      "minmax_pos": 2,
      "candidate_positions": [
        1,
        2,
        3,
        4,
        5
      ],
      "candidate_sqerr": [
        1051898.5,
        282908.6875,
        352875.5,
        8201133.0,
        34992364.0
      ],
      "minmse_pos": 2
    },
    "/layer1/layer1.0/act3/Relu_output_0": {
      "count": 51380224,
      "vmin": 0.0,
      "vmax": 14.265625,
      "minmax_pos": 3,
      "candidate_positions": [
        2,
        3,
        4,
        5,
        6
      ],
      "candidate_sqerr": [
        128791.0390625,
        32353.21484375,
        53419.63671875,
        4852155.5,
        16566935.0
      ],
      "minmse_pos": 3
    },
    "/layer1/layer1.1/conv1/Conv_output_0": {
      "count": 12845056,
      "vmin": -35.90625,
      "vmax": 14.359375,
      "minmax_pos": 2,
      "candidate_positions": [
        1,
        2,
        3,
        4,
        5
      ],
      "candidate_sqerr": [
        266193.46875,
        66982.4375,
        34899.09765625,
        453610.875,
        4096293.75
      ],
      "minmse_pos": 3
    },
    "/layer1/layer1.1/act1/Relu_output_0": {
      "count": 12845056,
      "vmin": 0.0,
      "vmax": 14.359375,
      "minmax_pos": 3,
      "candidate_positions": [
        2,
        3,
        4,
        5,
        6
      ],
      "candidate_sqerr": [
        29270.900390625,
        7297.71630859375,
        5214.0771484375,
        403968.90625,
        2410410.0
      ],
      "minmse_pos": 4
    },
    "/layer1/layer1.1/conv2/Conv_output_0": {
      "count": 12845056,
      "vmin": -28.421875,
      "vmax": 16.984375,
      "minmax_pos": 2,
      "candidate_positions": [
        1,
        2,
        3,
        4,
        5
      ],
      "candidate_sqerr": [
        268219.6875,
        66936.2890625,
        27419.22265625,
        1004640.5,
        7500234.0
      ],
      "minmse_pos": 3
    },
    "/layer1/layer1.1/act2/Relu_output_0": {
      "count": 12845056,
      "vmin": 0.0,
      "vmax": 16.984375,
      "minmax_pos": 3,
      "candidate_positions": [
        2,
        3,
        4,
        5,
        6
      ],
      "candidate_sqerr": [
        35247.53515625,
        8804.154296875,
        25053.619140625,
        415857.125,
        3572007.0
      ],
      "minmse_pos": 3
    },
    "/layer1/layer1.1/conv3/Conv_output_0": {
      "count": 51380224,
      "vmin": -21.203125,
      "vmax": 17.65625,
      "minmax_pos": 3,
      "candidate_positions": [
        2,
        3,
        4,
        5,
        6
      ],
      "candidate_sqerr": [
        250960.359375,
        67695.546875,
        167893.796875,
        3071740.75,
        13535514.0
      ],
      "minmse_pos": 3
    },
    "/layer1/layer1.1/Add_output_0": {
      "count": 51380224,
      "vmin": -21.203125,
      "vmax": 17.65625,
      "minmax_pos": 3,
      "candidate_positions": [
        2,
        3,
        4,
        5,
        6
      ],
      "candidate_sqerr": [
        260608.265625,
        68519.171875,
        181209.5625,
        7815948.5,
        30746364.0
      ],
      "minmse_pos": 3
    },
    "/layer1/layer1.1/act3/Relu_output_0": {
      "count": 51380224,
      "vmin": 0.0,
      "vmax": 17.65625,
      "minmax_pos": 3,
      "candidate_positions": [
        2,
        3,
        4,
        5,
        6
      ],
      "candidate_sqerr": [
        171819.65625,
        43966.2734375,
        64063.640625,
        4917042.0,
        17740566.0
      ],
      "minmse_pos": 3
    },
    "/layer1/layer1.2/conv1/Conv_output_0": {
      "count": 12845056,
      "vmin": -26.546875,
      "vmax": 17.09375,
      "minmax_pos": 2,
      "candidate_positions": [
        1,
        2,
        3,
        4,
        5
      ],
      "candidate_sqerr": [
        264633.21875,
        66571.6796875,
        19515.548828125,
        2322306.75,
        11550033.0
      ],
      "minmse_pos": 3
    },
    "/layer1/layer1.2/act1/Relu_output_0": {
      "count": 12845056,
      "vmin": 0.0,
      "vmax": 17.09375,
      "minmax_pos": 3,
      "candidate_positions": [
        2,
        3,
        4,
        5,
        6
      ],
      "candidate_sqerr": [
        33325.015625,
        8404.53515625,
        10042.6962890625,
        266832.0,
        2965973.0
      ],
      "minmse_pos": 3
    },
    "/layer1/layer1.2/conv2/Conv_output_0": {
      "count": 12845056,
      "vmin": -48.5625,
      "vmax": 45.40625,
      "minmax_pos": 1,
      "candidate_positions": [
        0,
        1,
        2,
        3,
        4
      ],
      "candidate_sqerr": [
        1069773.375,
        267442.4375,
        99346.21875,
        332640.125,
        4900616.5
      ],
      "minmse_pos": 2
    },
    "/layer1/layer1.2/act2/Relu_output_0": {
      "count": 12845056,
      "vmin": 0.0,
      "vmax": 45.40625,
      "minmax_pos": 1,
      "candidate_positions": [
        0,
        1,
        2,
        3,
        4
      ],
      "candidate_sqerr": [
        542793.5,
        135917.09375,
        44016.4609375,
        134812.78125,
        3776471.25
      ],
      "minmse_pos": 2
    },
    "/layer1/layer1.2/conv3/Conv_output_0": {
      "count": 51380224,
      "vmin": -76.0625,
      "vmax": 23.5,
      "minmax_pos": 1,
      "candidate_positions": [
        0,
        1,
        2,
        3,
        4
      ],
      "candidate_sqerr": [
        3166691.0,
        920535.8125,
        596522.25,
        1225255.875,
        2417365.5
      ],
      "minmse_pos": 2
    },
    "/layer1/layer1.2/Add_output_0": {
      "count": 51380224,
      "vmin": -66.375,
      "vmax": 23.5,
      "minmax_pos": 1,
      "candidate_positions": [
        0,
        1,
        2,
        3,
        4
      ],
      "candidate_sqerr": [
        4099030.5,
        1045465.875,
        449385.46875,
        898321.4375,
        1971645.375
      ],
      "minmse_pos": 2
    },
    "/layer1/layer1.2/act3/Relu_output_0": {
      "count": 51380224,
      "vmin": 0.0,
      "vmax": 23.5,
      "minmax_pos": 2,
      "candidate_positions": [
        1,
        2,
        3,
        4,
        5
      ],
      "candidate_sqerr": [
        712538.5625,
        176432.84375,
        48020.73828125,
        78222.5546875,
        4514629.0
      ],
      "minmse_pos": 3
    },
    "/layer2/layer2.0/conv1/Conv_output_0": {
      "count": 25690112,
      "vmin": -31.984375,
      "vmax": 16.25,
      "minmax_pos": 2,
      "candidate_positions": [
        1,
        2,
        3,
        4,
        5
      ],
      "candidate_sqerr": [
        535042.25,
        133786.703125,
        54630.90234375,
        126968.75,
        1005782.875
      ],
      "minmse_pos": 3
    },
    "/layer2/layer2.0/act1/Relu_output_0": {
      "count": 25690112,
      "vmin": 0.0,
      "vmax": 16.25,
      "minmax_pos": 3,
      "candidate_positions": [
        2,
        3,
        4,
        5,
        6
      ],
      "candidate_sqerr": [
        46810.61328125,
        11712.169921875,
        3571.478515625,
        45385.69140625,
        633271.4375
      ],
      "minmse_pos": 4
    },
    "/layer2/layer2.0/conv2/Conv_output_0": {
      "count": 6422528,
      "vmin": -46.84375,
      "vmax": 38.125,
      "minmax_pos": 1,
      "candidate_positions": [
        0,
        1,
        2,
        3,
        4
      ],
      "candidate_sqerr": [
        535154.3125,
        133878.265625,
        34887.33984375,
        212786.0625,
        5812075.0
      ],
      "minmse_pos": 2
    },
    "/layer2/layer2.0/act2/Relu_output_0": {
      "count": 6422528,
      "vmin": 0.0,
      "vmax": 38.125,
      "minmax_pos": 2,
      "candidate_positions": [
        1,
        2,
        3,
        4,
        5
      ],
      "candidate_sqerr": [
        76238.2421875,
        19255.09765625,
        80570.75,
        3801761.75,
        24785168.0
      ],
      "minmse_pos": 2
    },
    "/layer2/layer2.0/conv3/Conv_output_0": {
      "count": 25690112,
      "vmin": -46.28125,
      "vmax": 41.3125,
      "minmax_pos": 1,
      "candidate_positions": [
        0,
        1,
        2,
        3,
        4
      ],
      "candidate_sqerr": [
        2173610.75,
        531553.6875,
        137856.3125,
        901965.6875,
        9038010.0
      ],
      "minmse_pos": 2
    },
    "/layer2/layer2.0/downsample/downsample.0/Conv_output_0": {
      "count": 25690112,
      "vmin": -57.6875,
      "vmax": 38.46875,
      "minmax_pos": 1,
      "candidate_positions": [
        0,
        1,
        2,
        3,
        4
      ],
      "candidate_sqerr": [
        2137086.75,
        535372.625,
        164870.34375,
        571713.6875,
        6074748.5
      ],
      "minmse_pos": 2
    },
    "/layer2/layer2.0/Add_output_0": {
      "count": 25690112,
      "vmin": -62.0625,
      "vmax": 44.375,
      "minmax_pos": 1,
      "candidate_positions": [
        0,
        1,
        2,
        3,
        4
      ],
      "candidate_sqerr": [
        2145195.5,
        534286.6875,
        206305.90625,
        2072239.5,
        25837452.0
      ],
      "minmse_pos": 2
    },
    "/layer2/layer2.0/act3/Relu_output_0": {
      "count": 25690112,
      "vmin": 0.0,
      "vmax": 44.375,
      "minmax_pos": 2,
      "candidate_positions": [
        1,
        2,
        3,
        4,
        5
      ],
      "candidate_sqerr": [
        264506.78125,
        67406.4609375,
        99455.1796875,
        4005793.25,
        24987788.0
      ],
      "minmse_pos": 2
    },
    "/layer2/layer2.1/conv1/Conv_output_0": {
      "count": 6422528,
      "vmin": -23.546875,
      "vmax": 18.5,
      "minmax_pos": 2,
      "candidate_positions": [
        1,
        2,
        3,
        4,
        5
      ],
      "candidate_sqerr": [
        133787.875,
        33463.5859375,
        8989.6640625,
        413013.1875,
        5116485.0
      ],
      "minmse_pos": 3
    },
    "/layer2/layer2.1/act1/Relu_output_0": {
      "count": 6422528,
      "vmin": 0.0,
      "vmax": 18.5,
      "minmax_pos": 3,
      "candidate_positions": [
        2,
        3,
        4,
        5,
        6
      ],
      "candidate_sqerr": [
        13688.91796875,
        3683.424560546875,
        89033.65625,
        996146.125,
        3431525.5
      ],
      "minmse_pos": 3
    },
    "/layer2/layer2.1/conv2/Conv_output_0": {
      "count": 6422528,
      "vmin": -51.6875,
      "vmax": 36.4375,
      "minmax_pos": 1,
      "candidate_positions": [
        0,
        1,
        2,
        3,
        4
      ],
      "candidate_sqerr": [
        535839.5625,
        133811.59375,
        46914.66796875,
        3363758.25,
        19847474.0
      ],
      "minmse_pos": 2
    },
    "/layer2/layer2.1/act2/Relu_output_0": {
      "count": 6422528,
      "vmin": 0.0,
      "vmax": 36.4375,
      "minmax_pos": 2,
      "candidate_positions": [
        1,
        2,
        3,
        4,
        5
      ],
      "candidate_sqerr": [
        58277.5546875,
        14718.8388671875,
        96936.6484375,
        1375935.375,
        5156720.5
      ],
      "minmse_pos": 2
    },
    "/layer2/layer2.1/conv3/Conv_output_0": {
      "count": 25690112,
      "vmin": -53.46875,
      "vmax": 30.484375,
      "minmax_pos": 1,
      "candidate_positions": [
        0,
        1,
        2,
        3,
        4
      ],
      "candidate_sqerr": [
        2067064.25,
        521968.25,
        136251.390625,
        400748.75,
        7309794.5
      ],
      "minmse_pos": 2
    },
    "/layer2/layer2.1/Add_output_0": {
      "count": 25690112,
      "vmin": -52.0625,
      "vmax": 44.28125,
      "minmax_pos": 1,
      "candidate_positions": [
        0,
        1,
        2,
        3,
        4
      ],
      "candidate_sqerr": [
        2116058.25,
        531825.75,
        137671.28125,
        430953.53125,
        11648811.0
      ],
      "minmse_pos": 2
    },
    "/layer2/layer2.1/act3/Relu_output_0": {
      "count": 25690112,
      "vmin": 0.0,
      "vmax": 44.28125,
      "minmax_pos": 2,
      "candidate_positions": [
        1,
        2,
        3,
        4,
        5
      ],
      "candidate_sqerr": [
        296539.78125,
        76405.125,
        99747.2109375,
        5095330.5,
        27385800.0
      ],
      "minmse_pos": 2
    },
    "/layer2/layer2.2/conv1/Conv_output_0": {
      "count": 6422528,
      "vmin": -20.359375,
      "vmax": 15.875,
      "minmax_pos": 3,
      "candidate_positions": [
        2,
        3,
        4,
        5,
        6
      ],
      "candidate_sqerr": [
        33430.890625,
        8538.2490234375,
        81532.0390625,
        943766.1875,
        3557722.25
      ],
      "minmse_pos": 3
    },
    "/layer2/layer2.2/act1/Relu_output_0": {
      "count": 6422528,
      "vmin": 0.0,
      "vmax": 15.875,
      "minmax_pos": 3,
      "candidate_positions": [
        2,
        3,
        4,
        5,
        6
      ],
      "candidate_sqerr": [
        12863.33203125,
        3219.650146484375,
        11855.5693359375,
        140507.625,
        618676.375
      ],
      "minmse_pos": 3
    },
    "/layer2/layer2.2/conv2/Conv_output_0": {
      "count": 6422528,
      "vmin": -59.65625,
      "vmax": 39.5625,
      "minmax_pos": 1,
      "candidate_positions": [
        0,
        1,
        2,
        3,
        4
      ],
      "candidate_sqerr": [
        534872.9375,
        133813.515625,
        49141.33984375,
        1092446.375,
        9001198.0
      ],
      "minmse_pos": 2
    },
    "/layer2/layer2.2/act2/Relu_output_0": {
      "count": 6422528,
      "vmin": 0.0,
      "vmax": 39.5625,
      "minmax_pos": 2,
      "candidate_positions": [
        1,
        2,
        3,
        4,
        5
      ],
      "candidate_sqerr": [
        56594.58984375,
        14445.2880859375,
        85777.5703125,
        1122989.125,
        4528886.0
      ],
      "minmse_pos": 2
    },
    "/layer2/layer2.2/conv3/Conv_output_0": {
      "count": 25690112,
      "vmin": -46.0625,
      "vmax": 30.90625,
      "minmax_pos": 1,
      "candidate_positions": [
        0,
        1,
        2,
        3,
        4
      ],
      "candidate_sqerr": [
        2028477.0,
        533069.0,
        135659.90625,
        387536.40625,
        5129563.5
      ],
      "minmse_pos": 2
    },
    "/layer2/layer2.2/Add_output_0": {
      "count": 25690112,
      "vmin": -46.0625,
      "vmax": 43.1875,
      "minmax_pos": 1,
      "candidate_positions": [
        0,
        1,
        2,
        3,
        4
      ],
      "candidate_sqerr": [
        2094471.5,
        533823.1875,
        136191.859375,
        659881.5625,
        12083119.0
      ],
      "minmse_pos": 2
    },
    "/layer2/layer2.2/act3/Relu_output_0": {
      "count": 25690112,
      "vmin": 0.0,
      "vmax": 43.1875,
      "minmax_pos": 2,
      "candidate_positions": [
        1,
        2,
        3,
        4,
        5
      ],
      "candidate_sqerr": [
        286883.5,
        72766.96875,
        326448.375,
        7492671.0,
        33582652.0
      ],
      "minmse_pos": 2
    },
    "/layer2/layer2.3/conv1/Conv_output_0": {
      "count": 6422528,
      "vmin": -24.828125,
      "vmax": 23.125,
      "minmax_pos": 2,
      "candidate_positions": [
        1,
        2,
        3,
        4,
        5
      ],
      "candidate_sqerr": [
        133860.265625,
        33429.2421875,
        9618.2412109375,
        251517.8125,
        2683323.25
      ],
      "minmse_pos": 3
    },
    "/layer2/layer2.3/act1/Relu_output_0": {
      "count": 6422528,
      "vmin": 0.0,
      "vmax": 23.125,
      "minmax_pos": 2,
      "candidate_positions": [
        1,
        2,
        3,
        4,
        5
      ],
      "candidate_sqerr": [
        42101.0546875,
        10525.576171875,
        3205.53173828125,
        28083.482421875,
        201139.90625
      ],
      "minmse_pos": 3
    },
    "/layer2/layer2.3/conv2/Conv_output_0": {
      "count": 6422528,
      "vmin": -38.78125,
      "vmax": 23.359375,
      "minmax_pos": 2,
      "candidate_positions": [
        1,
        2,
        3,
        4,
        5
      ],
      "candidate_sqerr": [
        133815.9375,
        33906.94921875,
        405821.09375,
        5792167.5,
        22956292.0
      ],
      "minmse_pos": 2
    },
    "/layer2/layer2.3/act2/Relu_output_0": {
      "count": 6422528,
      "vmin": 0.0,
      "vmax": 23.359375,
      "minmax_pos": 2,
      "candidate_positions": [
        1,
        2,
        3,
        4,
        5
      ],
      "candidate_sqerr": [
        57446.77734375,
        14355.1708984375,
        3896.44677734375,
        118870.3515625,
        1732183.75
      ],
      "minmse_pos": 3
    },
    "/layer2/layer2.3/conv3/Conv_output_0": {
      "count": 25690112,
      "vmin": -59.59375,
      "vmax": 26.96875,
      "minmax_pos": 1,
      "candidate_positions": [
        0,
        1,
        2,
        3,
        4
      ],
      "candidate_sqerr": [
        2061992.0,
        523447.75,
        135818.78125,
        264962.09375,
        4293111.5
      ],
      "minmse_pos": 2
    },
    "/layer2/layer2.3/Add_output_0": {
      "count": 25690112,
      "vmin": -59.53125,
      "vmax": 37.6875,
      "minmax_pos": 1,
      "candidate_positions": [
        0,
        1,
        2,
        3,
        4
      ],
      "candidate_sqerr": [
        2135113.75,
        530411.625,
        135601.625,
        693428.4375,
        12819962.0
      ],
      "minmse_pos": 2
    },
    "/layer2/layer2.3/act3/Relu_output_0": {
      "count": 25690112,
      "vmin": 0.0,
      "vmax": 37.6875,
      "minmax_pos": 2,
      "candidate_positions": [
        1,
        2,
        3,
        4,
        5
      ],
      "candidate_sqerr": [
        276717.75,
        70215.8828125,
        456773.65625,
        8817899.0,
        38831772.0
      ],
      "minmse_pos": 2
    },
    "/layer3/layer3.0/conv1/Conv_output_0": {
      "count": 12845056,
      "vmin": -21.375,
      "vmax": 21.515625,
      "minmax_pos": 3,
      "candidate_positions": [
        2,
        3,
        4,
        5,
        6
      ],
      "candidate_sqerr": [
        66893.5234375,
        16820.544921875,
        59820.61328125,
        1489704.75,
        7950006.0
      ],
      "minmse_pos": 3
    },
    "/layer3/layer3.0/act1/Relu_output_0": {
      "count": 12845056,
      "vmin": 0.0,
      "vmax": 21.515625,
      "minmax_pos": 3,
      "candidate_positions": [
        2,
        3,
        4,
        5,
        6
      ],
      "candidate_sqerr": [
        17776.91796875,
        4495.64013671875,
        8294.4072265625,
        129963.484375,
        739489.75
      ],
      "minmse_pos": 3
    },
    "/layer3/layer3.0/conv2/Conv_output_0": {
      "count": 3211264,
      "vmin": -32.09375,
      "vmax": 23.890625,
      "minmax_pos": 2,
      "candidate_positions": [
        1,
        2,
        3,
        4,
        5
      ],
      "candidate_sqerr": [
        66881.171875,
        16740.04296875,
        12189.4775390625,
        337412.59375,
        2683181.25
      ],
      "minmse_pos": 3
    },
    "/layer3/layer3.0/act2/Relu_output_0": {
      "count": 3211264,
      "vmin": 0.0,
      "vmax": 23.890625,
      "minmax_pos": 2,
      "candidate_positions": [
        1,
        2,
        3,
        4,
        5
      ],
      "candidate_sqerr": [
        40184.2265625,
        10053.1552734375,
        2922.96484375,
        51409.7265625,
        696526.25
      ],
      "minmse_pos": 3
    },
    "/layer3/layer3.0/conv3/Conv_output_0": {
      "count": 12845056,
      "vmin": -40.28125,
      "vmax": 33.78125,
      "minmax_pos": 2,
      "candidate_positions": [
        1,
        2,
        3,
        4,
        5
      ],
      "candidate_sqerr": [
        266593.15625,
        67264.8515625,
        108440.796875,
        3264217.75,
        18816612.0
      ],
      "minmse_pos": 2
    },
    "/layer3/layer3.0/downsample/downsample.0/Conv_output_0": {
      "count": 12845056,
      "vmin": -44.8125,
      "vmax": 22.46875,
      "minmax_pos": 2,
      "candidate_positions": [
        1,
        2,
        3,
        4,
        5
      ],
      "candidate_sqerr": [
        267797.15625,
        67160.71875,
        38282.33984375,
        993409.4375,
        8310705.0
      ],
      "minmse_pos": 3
    },
    "/layer3/layer3.0/Add_output_0": {
      "count": 12845056,
      "vmin": -65.5625,
      "vmax": 47.4375,
      "minmax_pos": 1,
      "candidate_positions": [
        0,
        1,
        2,
        3,
        4
      ],
      "candidate_sqerr": [
        1068550.25,
        267347.90625,
        82662.9375,
        1651691.25,
        22190890.0
      ],
      "minmse_pos": 2
    },
    "/layer3/layer3.0/act3/Relu_output_0": {
      "count": 12845056,
      "vmin": 0.0,
      "vmax": 47.4375,
      "minmax_pos": 1,
      "candidate_positions": [
        0,
        1,
        2,
        3,
        4
      ],
      "candidate_sqerr": [
        407461.84375,
        102001.9765625,
        27312.69140625,
        61967.6875,
        815017.5
      ],
      "minmse_pos": 2
    },
    "/layer3/layer3.1/conv1/Conv_output_0": {
      "count": 3211264,
      "vmin": -28.015625,
      "vmax": 28.71875,
      "minmax_pos": 2,
      "candidate_positions": [
        1,
        2,
        3,
        4,
        5
      ],
      "candidate_sqerr": [
        66974.921875,
        16724.76953125,
        7742.15673828125,
        250077.8125,
        2240494.0
      ],
      "minmse_pos": 3
    },
    "/layer3/layer3.1/act1/Relu_output_0": {
      "count": 3211264,
      "vmin": 0.0,
      "vmax": 28.71875,
      "minmax_pos": 2,
      "candidate_positions": [
        1,
        2,
        3,
        4,
        5
      ],
      "candidate_sqerr": [
        27348.376953125,
        6832.9521484375,
        2431.76220703125,
        15099.9599609375,
        206867.078125
      ],
      "minmse_pos": 3
    },
    "/layer3/layer3.1/conv2/Conv_output_0": {
      "count": 3211264,
      "vmin": -60.40625,
      "vmax": 35.65625,
      "minmax_pos": 1,
      "candidate_positions": [
        0,
        1,
        2,
        3,
        4
      ],
      "candidate_sqerr": [
        267715.5,
        66880.484375,
        39112.828125,
        715864.8125,
        4857512.0
      ],
      "minmse_pos": 2
    },
    "/layer3/layer3.1/act2/Relu_output_0": {
      "count": 3211264,
      "vmin": 0.0,
      "vmax": 35.65625,
      "minmax_pos": 2,
      "candidate_positions": [
        1,
        2,
        3,
        4,
        5
      ],
      "candidate_sqerr": [
        24882.943359375,
        6259.03857421875,
        11974.048828125,
        232237.9375,
        1317135.25
      ],
      "minmse_pos": 2
    },
    "/layer3/layer3.1/conv3/Conv_output_0": {
      "count": 12845056,
      "vmin": -36.375,
      "vmax": 21.125,
      "minmax_pos": 2,
      "candidate_positions": [
        1,
        2,
        3,
        4,
        5
      ],
      "candidate_sqerr": [
        267729.09375,
        67115.6796875,
        93864.8984375,
        3116271.25,
        15372164.0
      ],
      "minmse_pos": 2
    },
    "/layer3/layer3.1/Add_output_0": {
      "count": 12845056,
      "vmin": -36.375,
      "vmax": 42.71875,
      "minmax_pos": 2,
      "candidate_positions": [
        1,
        2,
        3,
        4,
        5
      ],
      "candidate_sqerr": [
        267687.4375,
        68053.046875,
        119246.4140625,
        3179434.25,
        17629192.0
      ],
      "minmse_pos": 2
    },
    "/layer3/layer3.1/act3/Relu_output_0": {
      "count": 12845056,
      "vmin": 0.0,
      "vmax": 42.71875,
      "minmax_pos": 2,
      "candidate_positions": [
        1,
        2,
        3,
        4,
        5
      ],
      "candidate_sqerr": [
        117738.140625,
        30483.86328125,
        52953.62109375,
        670034.875,
        4850728.0
      ],
      "minmse_pos": 2
    },
    "/layer3/layer3.2/conv1/Conv_output_0": {
      "count": 3211264,
      "vmin": -20.296875,
      "vmax": 19.21875,
      "minmax_pos": 3,
      "candidate_positions": [
        2,
        3,
        4,
        5,
        6
      ],
      "candidate_sqerr": [
        16730.27734375,
        4396.9951171875,
        88554.0234375,
        1175983.5,
        4359774.0
      ],
      "minmse_pos": 3
    },
    "/layer3/layer3.2/act1/Relu_output_0": {
      "count": 3211264,
      "vmin": 0.0,
      "vmax": 19.21875,
      "minmax_pos": 3,
      "candidate_positions": [
        2,
        3,
        4,
        5,
        6
      ],
      "candidate_sqerr": [
        5397.05126953125,
        1378.2904052734375,
        4268.56982421875,
        61400.578125,
        324042.84375
      ],
      "minmse_pos": 3
    },
    "/layer3/layer3.2/conv2/Conv_output_0": {
      "count": 3211264,
      "vmin": -37.625,
      "vmax": 28.453125,
      "minmax_pos": 2,
      "candidate_positions": [
        1,
        2,
        3,
        4,
        5
      ],
      "candidate_sqerr": [
        66894.234375,
        16788.5,
        79533.1171875,
        1884750.875,
        10506447.0
      ],
      "minmse_pos": 2
    },
    "/layer3/layer3.2/act2/Relu_output_0": {
      "count": 3211264,
      "vmin": 0.0,
      "vmax": 28.453125,
      "minmax_pos": 2,
      "candidate_positions": [
        1,
        2,
        3,
        4,
        5
      ],
      "candidate_sqerr": [
        23209.66796875,
        5801.1650390625,
        2584.11328125,
        55726.9609375,
        618808.0
      ],
      "minmse_pos": 3
    },
    "/layer3/layer3.2/conv3/Conv_output_0": {
      "count": 12845056,
      "vmin": -34.375,
      "vmax": 30.4375,
      "minmax_pos": 2,
      "candidate_positions": [
        1,
        2,
        3,
        4,
        5
      ],
      "candidate_sqerr": [
        267851.125,
        66900.171875,
        48446.01953125,
        1717880.125,
        9988033.0
      ],
      "minmse_pos": 3
    },
    "/layer3/layer3.2/Add_output_0": {
      "count": 12845056,
      "vmin": -34.375,
      "vmax": 43.96875,
      "minmax_pos": 2,
      "candidate_positions": [
        1,
        2,
        3,
        4,
        5
      ],
      "candidate_sqerr": [
        267774.03125,
        67909.1328125,
        101592.609375,
        2141295.25,
        13172731.0
      ],
      "minmse_pos": 2
    },
    "/layer3/layer3.2/act3/Relu_output_0": {
      "count": 12845056,
      "vmin": 0.0,
      "vmax": 43.96875,
      "minmax_pos": 2,
      "candidate_positions": [
        1,
        2,
        3,
        4,
        5
      ],
      "candidate_sqerr": [
        116638.375,
        30234.68359375,
        69988.7578125,
        879320.75,
        5460816.5
      ],
      "minmse_pos": 2
    },
    "/layer3/layer3.3/conv1/Conv_output_0": {
      "count": 3211264,
      "vmin": -34.125,
      "vmax": 37.34375,
      "minmax_pos": 2,
      "candidate_positions": [
        1,
        2,
        3,
        4,
        5
      ],
      "candidate_sqerr": [
        66909.3828125,
        16773.55859375,
        57047.02734375,
        547634.0,
        2078678.0
      ],
      "minmse_pos": 2
    },
    "/layer3/layer3.3/act1/Relu_output_0": {
      "count": 3211264,
      "vmin": 0.0,
      "vmax": 37.34375,
      "minmax_pos": 2,
      "candidate_positions": [
        1,
        2,
        3,
        4,
        5
      ],
      "candidate_sqerr": [
        18431.845703125,
        4648.587890625,
        1843.6063232421875,
        6283.087890625,
        49022.1640625
      ],
      "minmse_pos": 3
    },
    "/layer3/layer3.3/conv2/Conv_output_0": {
      "count": 3211264,
      "vmin": -46.28125,
      "vmax": 30.765625,
      "minmax_pos": 1,
      "candidate_positions": [
        0,
        1,
        2,
        3,
        4
      ],
      "candidate_sqerr": [
        267608.5625,
        66914.3046875,
        18208.857421875,
        135502.890625,
        2095543.875
      ],
      "minmse_pos": 2
    },
    "/layer3/layer3.3/act2/Relu_output_0": {
      "count": 3211264,
      "vmin": 0.0,
      "vmax": 30.765625,
      "minmax_pos": 2,
      "candidate_positions": [
        1,
        2,
        3,
        4,
        5
      ],
      "candidate_sqerr": [
        24584.287109375,
        6154.412109375,
        3855.09423828125,
        50777.79296875,
        457995.4375
      ],
      "minmse_pos": 3
    },
    "/layer3/layer3.3/conv3/Conv_output_0": {
      "count": 12845056,
      "vmin": -44.59375,
      "vmax": 41.875,
      "minmax_pos": 2,
      "candidate_positions": [
        1,
        2,
        3,
        4,
        5
      ],
      "candidate_sqerr": [
        267538.5,
        69594.71875,
        652076.6875,
        7519355.0,
        26631732.0
      ],
      "minmse_pos": 2
    },
    "/layer3/layer3.3/Add_output_0": {
      "count": 12845056,
      "vmin": -44.59375,
      "vmax": 54.0,
      "minmax_pos": 1,
      "candidate_positions": [
        0,
        1,
        2,
        3,
        4
      ],
      "candidate_sqerr": [
        1066650.5,
        267433.03125,
        75875.234375,
        573957.5625,
        6758887.0
      ],
      "minmse_pos": 2
    },
    "/layer3/layer3.3/act3/Relu_output_0": {
      "count": 12845056,
      "vmin": 0.0,
      "vmax": 54.0,
      "minmax_pos": 1,
      "candidate_positions": [
        0,
        1,
        2,
        3,
        4
      ],
      "candidate_sqerr": [
        421032.53125,
        107053.546875,
        34320.03125,
        126547.2421875,
        999018.9375
      ],
      "minmse_pos": 2
    },
    "/layer3/layer3.4/conv1/Conv_output_0": {
      "count": 3211264,
      "vmin": -29.765625,
      "vmax": 30.609375,
      "minmax_pos": 2,
      "candidate_positions": [
        1,
        2,
        3,
        4,
        5
      ],
      "candidate_sqerr": [
        66848.6484375,
        16712.791015625,
        9446.8447265625,
        255081.546875,
        1886592.0
      ],
      "minmse_pos": 3
    },
    "/layer3/layer3.4/act1/Relu_output_0": {
      "count": 3211264,
      "vmin": 0.0,
      "vmax": 30.609375,
      "minmax_pos": 2,
      "candidate_positions": [
        1,
        2,
        3,
        4,
        5
      ],
      "candidate_sqerr": [
        15805.6650390625,
        3965.9697265625,
        2112.416748046875,
        12334.240234375,
        69011.859375
      ],
      "minmse_pos": 3
    },
    "/layer3/layer3.4/conv2/Conv_output_0": {
      "count": 3211264,
      "vmin": -33.6875,
      "vmax": 40.5625,
      "minmax_pos": 2,
      "candidate_positions": [
        1,
        2,
        3,
        4,
        5
      ],
      "candidate_sqerr": [
        66903.890625,
        16829.80859375,
        65321.66015625,
        1452416.75,
        7545651.0
      ],
      "minmse_pos": 2
    },
    "/layer3/layer3.4/act2/Relu_output_0": {
      "count": 3211264,
      "vmin": 0.0,
      "vmax": 40.5625,
      "minmax_pos": 2,
      "candidate_positions": [
        1,
        2,
        3,
        4,
        5
      ],
      "candidate_sqerr": [
        29754.4296875,
        7531.1591796875,
        7836.17138671875,
        54610.8515625,
        441420.125
      ],
      "minmse_pos": 2
    },
    "/layer3/layer3.4/conv3/Conv_output_0": {
      "count": 12845056,
      "vmin": -43.5625,
      "vmax": 37.15625,
      "minmax_pos": 2,
      "candidate_positions": [
        1,
        2,
        3,
        4,
        5
      ],
      "candidate_sqerr": [
        267929.5625,
        67112.796875,
        195420.625,
        4734317.5,
        23517674.0
      ],
      "minmse_pos": 2
    },
    "/layer3/layer3.4/Add_output_0": {
      "count": 12845056,
      "vmin": -39.3125,
      "vmax": 63.03125,
      "minmax_pos": 1,
      "candidate_positions": [
        0,
        1,
        2,
        3,
        4
      ],
      "candidate_sqerr": [
        1063336.875,
        267899.125,
        83811.6171875,
        395123.53125,
        6006119.5
      ],
      "minmse_pos": 2
    },
    "/layer3/layer3.4/act3/Relu_output_0": {
      "count": 12845056,
      "vmin": 0.0,
      "vmax": 63.03125,
      "minmax_pos": 1,
      "candidate_positions": [
        0,
        1,
        2,
        3,
        4
      ],
      "candidate_sqerr": [
        399657.84375,
        101494.90625,
        41976.953125,
        222781.53125,
        1582224.0
      ],
      "minmse_pos": 2
    },
    "/layer3/layer3.5/conv1/Conv_output_0": {
      "count": 3211264,
      "vmin": -36.125,
      "vmax": 22.296875,
      "minmax_pos": 2,
      "candidate_positions": [
        1,
        2,
        3,
        4,
        5
      ],
      "candidate_sqerr": [
        66865.6328125,
        16744.880859375,
        33050.8671875,
        772007.0,
        4640455.5
      ],
      "minmse_pos": 2
    },
    "/layer3/layer3.5/act1/Relu_output_0": {
      "count": 3211264,
      "vmin": 0.0,
      "vmax": 22.296875,
      "minmax_pos": 3,
      "candidate_positions": [
        2,
        3,
        4,
        5,
        6
      ],
      "candidate_sqerr": [
        3273.91748046875,
        1063.0753173828125,
        9374.3662109375,
        78062.3359375,
        348198.5625
      ],
      "minmse_pos": 3
    },
    "/layer3/layer3.5/conv2/Conv_output_0": {
      "count": 3211264,
      "vmin": -54.84375,
      "vmax": 49.5,
      "minmax_pos": 1,
      "candidate_positions": [
        0,
        1,
        2,
        3,
        4
      ],
      "candidate_sqerr": [
        267680.5625,
        66923.7578125,
        210893.359375,
        3437935.5,
        10747474.0
      ],
      "minmse_pos": 1
    },
    "/layer3/layer3.5/act2/Relu_output_0": {
      "count": 3211264,
      "vmin": 0.0,
      "vmax": 49.5,
      "minmax_pos": 1,
      "candidate_positions": [
        0,
        1,
        2,
        3,
        4
      ],
      "candidate_sqerr": [
        128111.515625,
        32012.41796875,
        9003.9609375,
        64740.28125,
        1203657.75
      ],
      "minmse_pos": 2
    },
    "/layer3/layer3.5/conv3/Conv_output_0": {
      "count": 12845056,
      "vmin": -45.65625,
      "vmax": 32.8125,
      "minmax_pos": 1,
      "candidate_positions": [
        0,
        1,
        2,
        3,
        4
      ],
      "candidate_sqerr": [
        1062704.25,
        266907.5625,
        69043.984375,
        254913.90625,
        3708471.25
      ],
      "minmse_pos": 2
    },
    "/layer3/layer3.5/Add_output_0": {
      "count": 12845056,
      "vmin": -45.65625,
      "vmax": 64.8125,
      "minmax_pos": 1,
      "candidate_positions": [
        0,
        1,
        2,
        3,
        4
      ],
      "candidate_sqerr": [
        1070145.0,
        267732.875,
        95858.3515625,
        569676.3125,
        5776939.5
      ],
      "minmse_pos": 2
    },
    "/layer3/layer3.5/act3/Relu_output_0": {
      "count": 12845056,
      "vmin": 0.0,
      "vmax": 64.8125,
      "minmax_pos": 1,
      "candidate_positions": [
        0,
        1,
        2,
        3,
        4
      ],
      "candidate_sqerr": [
        424691.125,
        106249.46875,
        53444.8125,
        327123.625,
        2176260.0
      ],
      "minmse_pos": 2
    },
    "/layer4/layer4.0/conv1/Conv_output_0": {
      "count": 6422528,
      "vmin": -24.640625,
      "vmax": 23.890625,
      "minmax_pos": 2,
      "candidate_positions": [
        1,
        2,
        3,
        4,
        5
      ],
      "candidate_sqerr": [
        133791.375,
        33465.640625,
        11365.3623046875,
        209586.8125,
        2605738.25
      ],
      "minmse_pos": 3
    },
    "/layer4/layer4.0/act1/Relu_output_0": {
      "count": 6422528,
      "vmin": 0.0,
      "vmax": 23.890625,
      "minmax_pos": 2,
      "candidate_positions": [
        1,
        2,
        3,
        4,
        5
      ],
      "candidate_sqerr": [
        18830.9765625,
        4726.876953125,
        1540.5621337890625,
        5966.8037109375,
        57231.25
      ],
      "minmse_pos": 3
    },
    "/layer4/layer4.0/conv2/Conv_output_0": {
      "count": 1605632,
      "vmin": -28.453125,
      "vmax": 25.78125,
      "minmax_pos": 2,
      "candidate_positions": [
        1,
        2,
        3,
        4,
        5
      ],
      "candidate_sqerr": [
        33457.4140625,
        8357.4501953125,
        3160.852294921875,
        84747.3671875,
        905289.625
      ],
      "minmse_pos": 3
    },
    "/layer4/layer4.0/act2/Relu_output_0": {
      "count": 1605632,
      "vmin": 0.0,
      "vmax": 25.78125,
      "minmax_pos": 2,
      "candidate_positions": [
        1,
        2,
        3,
        4,
        5
      ],
      "candidate_sqerr": [
        13141.568359375,
        3285.652099609375,
        1006.4299926757812,
        3214.71826171875,
        39649.1953125
      ],
      "minmse_pos": 3
    },
    "/layer4/layer4.0/conv3/Conv_output_0": {
      "count": 6422528,
      "vmin": -23.3125,
      "vmax": 20.59375,
      "minmax_pos": 2,
      "candidate_positions": [
        1,
        2,
        3,
        4,
        5
      ],
      "candidate_sqerr": [
        133866.9375,
        33455.89453125,
        9090.2919921875,
        126988.921875,
        2396328.75
      ],
      "minmse_pos": 3
    },
    "/layer4/layer4.0/downsample/downsample.0/Conv_output_0": {
      "count": 6422528,
      "vmin": -21.671875,
      "vmax": 24.90625,
      "minmax_pos": 2,
      "candidate_positions": [
        1,
        2,
        3,
        4,
        5
      ],
      "candidate_sqerr": [
        133620.0,
        33459.88671875,
        8743.3203125,
        95252.2421875,
        2220622.25
      ],
      "minmse_pos": 3
    },
    "/layer4/layer4.0/Add_output_0": {
      "count": 6422528,
      "vmin": -43.46875,
      "vmax": 31.140625,
      "minmax_pos": 2,
      "candidate_positions": [
        1,
        2,
        3,
        4,
        5
      ],
      "candidate_sqerr": [
        133847.953125,
        33611.5390625,
        108335.8359375,
        4683862.5,
        30141580.0
      ],
      "minmse_pos": 2
    },
    "/layer4/layer4.0/act3/Relu_output_0": {
      "count": 6422528,
      "vmin": 0.0,
      "vmax": 31.140625,
      "minmax_pos": 2,
      "candidate_positions": [
        1,
        2,
        3,
        4,
        5
      ],
      "candidate_sqerr": [
        10084.609375,
        2533.322265625,
        2239.64990234375,
        14562.005859375,
        81761.859375
      ],
      "minmse_pos": 3
    },
    "/layer4/layer4.1/conv1/Conv_output_0": {
      "count": 1605632,
      "vmin": -19.328125,
      "vmax": 23.078125,
      "minmax_pos": 2,
      "candidate_positions": [
        1,
        2,
        3,
        4,
        5
      ],
      "candidate_sqerr": [
        33422.1640625,
        8367.2080078125,
        2161.809814453125,
        8531.4482421875,
        152278.25
      ],
      "minmse_pos": 3
    },
    "/layer4/layer4.1/act1/Relu_output_0": {
      "count": 1605632,
      "vmin": 0.0,
      "vmax": 23.078125,
      "minmax_pos": 2,
      "candidate_positions": [
        1,
        2,
        3,
        4,
        5
      ],
      "candidate_sqerr": [
        10409.91015625,
        2619.04833984375,
        707.8114624023438,
        2384.93115234375,
        27309.5234375
      ],
      "minmse_pos": 3
    },
    "/layer4/layer4.1/conv2/Conv_output_0": {
      "count": 1605632,
      "vmin": -35.46875,
      "vmax": 16.046875,
      "minmax_pos": 2,
      "candidate_positions": [
        1,
        2,
        3,
        4,
        5
      ],
      "candidate_sqerr": [
        33437.07421875,
        8361.11328125,
        26548.859375,
        405133.71875,
        1648574.5
      ],
      "minmse_pos": 2
    },
    "/layer4/layer4.1/act2/Relu_output_0": {
      "count": 1605632,
      "vmin": 0.0,
      "vmax": 16.046875,
      "minmax_pos": 3,
      "candidate_positions": [
        2,
        3,
        4,
        5,
        6
      ],
      "candidate_sqerr": [
        2018.32275390625,
        506.4880065917969,
        987.6506958007812,
        22099.21484375,
        138260.171875
      ],
      "minmse_pos": 3
    },
    "/layer4/layer4.1/conv3/Conv_output_0": {
      "count": 6422528,
      "vmin": -17.15625,
      "vmax": 8.453125,
      "minmax_pos": 3,
      "candidate_positions": [
        2,
        3,
        4,
        5,
        6
      ],
      "candidate_sqerr": [
        33432.13671875,
        8370.392578125,
        19876.75,
        903448.8125,
        6073251.0
      ],
      "minmse_pos": 3
    },
    "/layer4/layer4.1/Add_output_0": {
      "count": 6422528,
      "vmin": -17.15625,
      "vmax": 32.1875,
      "minmax_pos": 2,
      "candidate_positions": [
        1,
        2,
        3,
        4,
        5
      ],
      "candidate_sqerr": [
        133824.453125,
        33439.01953125,
        9143.0498046875,
        29196.044921875,
        939406.9375
      ],
      "minmse_pos": 3
    },
    "/layer4/layer4.1/act3/Relu_output_0": {
      "count": 6422528,
      "vmin": 0.0,
      "vmax": 32.1875,
      "minmax_pos": 2,
      "candidate_positions": [
        1,
        2,
        3,
        4,
        5
      ],
      "candidate_sqerr": [
        10065.8994140625,
        2547.037109375,
        1411.7528076171875,
        10390.5458984375,
        61452.828125
      ],
      "minmse_pos": 3
    },
    "/layer4/layer4.2/conv1/Conv_output_0": {
      "count": 1605632,
      "vmin": -15.7265625,
      "vmax": 11.6953125,
      "minmax_pos": 3,
      "candidate_positions": [
        2,
        3,
        4,
        5,
        6
      ],
      "candidate_sqerr": [
        8363.30078125,
        2094.047607421875,
        2878.612548828125,
        78052.8359375,
        533805.0
      ],
      "minmse_pos": 3
    },
    "/layer4/layer4.2/act1/Relu_output_0": {
      "count": 1605632,
      "vmin": 0.0,
      "vmax": 11.6953125,
      "minmax_pos": 3,
      "candidate_positions": [
        2,
        3,
        4,
        5,
        6
      ],
      "candidate_sqerr": [
        1620.8958740234375,
        405.75677490234375,
        136.25875854492188,
        1429.21923828125,
        10725.8671875
      ],
      "minmse_pos": 4
    },
    "/layer4/layer4.2/conv2/Conv_output_0": {
      "count": 1605632,
      "vmin": -27.421875,
      "vmax": 18.59375,
      "minmax_pos": 2,
      "candidate_positions": [
        1,
        2,
        3,
        4,
        5
      ],
      "candidate_sqerr": [
        33438.2421875,
        8368.5703125,
        3454.157958984375,
        90234.828125,
        848194.5
      ],
      "minmse_pos": 3
    },
    "/layer4/layer4.2/act2/Relu_output_0": {
      "count": 1605632,
      "vmin": 0.0,
      "vmax": 18.59375,
      "minmax_pos": 3,
      "candidate_positions": [
        2,
        3,
        4,
        5,
        6
      ],
      "candidate_sqerr": [
        2477.535400390625,
        639.761474609375,
        3802.282958984375,
        32560.953125,
        135603.46875
      ],
      "minmse_pos": 3
    },
    "/layer4/layer4.2/conv3/Conv_output_0": {
      "count": 6422528,
      "vmin": -33.8125,
      "vmax": 17.78125,
      "minmax_pos": 2,
      "candidate_positions": [
        1,
        2,
        3,
        4,
        5
      ],
      "candidate_sqerr": [
        133862.5625,
        33466.84765625,
        15403.7353515625,
        171027.9375,
        1155060.625
      ],
      "minmse_pos": 3
    },
    "/layer4/layer4.2/Add_output_0": {
      "count": 6422528,
      "vmin": -33.8125,
      "vmax": 35.28125,
      "minmax_pos": 2,
      "candidate_positions": [
        1,
        2,
        3,
        4,
        5
      ],
      "candidate_sqerr": [
        133860.578125,
        33472.703125,
        15964.8515625,
        162927.890625,
        1115612.375
      ],
      "minmse_pos": 3
    },
    "/layer4/layer4.2/act3/Relu_output_0": {
      "count": 6422528,
      "vmin": 0.0,
      "vmax": 35.28125,
      "minmax_pos": 2,
      "candidate_positions": [
        1,
        2,
        3,
        4,
        5
      ],
      "candidate_sqerr": [
        6937.8349609375,
        1794.3458251953125,
        1869.3616943359375,
        11029.7001953125,
        54602.2265625
      ],
      "minmse_pos": 2
    },
    "/global_pool/pool/GlobalAveragePool_output_0": {
      "count": 131072,
      "vmin": 0.0,
      "vmax": 4.41015625,
      "minmax_pos": 5,
      "candidate_positions": [
        4,
        5,
        6,
        7,
        8
      ],
      "candidate_sqerr": [
        15.8003568649292,
        4.610471725463867,
        43.46125030517578,
        217.7764892578125,
        593.4549560546875
      ],
      "minmse_pos": 5
    },
    "/global_pool/flatten/Flatten_output_0": {
      "count": 131072,
      "vmin": 0.0,
      "vmax": 4.41015625,
      "minmax_pos": 5,
      "candidate_positions": [
        4,
        5,
        6,
        7,
        8
      ],
      "candidate_sqerr": [
        15.8003568649292,
        4.610471725463867,
        43.46125030517578,
        217.7764892578125,
        593.4549560546875
      ],
      "minmse_pos": 5
    },
    "output": {
      "count": 64000,
      "vmin": -16.78125,
      "vmax": 14.8125,
      "minmax_pos": 3,
      "candidate_positions": [
        2,
        3,
        4,
        5,
        6
      ],
      "candidate_sqerr": [
        335.45269775390625,
        84.4271469116211,
        425400.84375,
        2563271.0,
        4395122.5
      ],
      "minmse_pos": 3
    },
    "onnx::Conv_497": {
      "count": 9408,
      "vmin": -2.654186248779297,
      "vmax": 1.7661172151565552,
      "minmax_pos": 6,
      "candidate_positions": [
        5,
        6,
        7,
        8,
        9
      ],
      "candidate_sqerr": [
        0.7410874962806702,
        0.6404200792312622,
        5.8705573081970215,
        24.580856323242188,
        58.13640213012695
      ],
      "minmse_pos": 6
    },
    "onnx::Conv_498": {
      "count": 64,
      "vmin": -2.978825807571411,
      "vmax": 31.3055477142334,
      "minmax_pos": 2,
      "candidate_positions": [
        1,
        2,
        3,
        4,
        5
      ],
      "candidate_sqerr": [
        1.1782786846160889,
        0.3256334066390991,
        259.7528076171875,
        835.8773803710938,
        1353.502197265625
      ],
      "minmse_pos": 2
    },
    "onnx::Conv_500": {
      "count": 4096,
      "vmin": -0.7847419381141663,
      "vmax": 0.5467033982276917,
      "minmax_pos": 7,
      "candidate_positions": [
        6,
        7,
        8,
        9,
        10
      ],
      "candidate_sqerr": [
        0.0665188878774643,
        0.016896769404411316,
        0.14892134070396423,
        1.4935016632080078,
        4.506147384643555
      ],
      "minmse_pos": 7
    },
    "onnx::Conv_501": {
      "count": 64,
      "vmin": -10.35488224029541,
      "vmax": 18.141511917114258,
      "minmax_pos": 3,
      "candidate_positions": [
        2,
        3,
        4,
        5,
        6
      ],
      "candidate_sqerr": [
        0.40032362937927246,
        5.204151153564453,
        156.8928985595703,
        399.06744384765625,
        625.1273803710938
      ],
      "minmse_pos": 2
    },
    "onnx::Conv_503": {
      "count": 36864,
      "vmin": -0.7298634052276611,
      "vmax": 0.9070755839347839,
      "minmax_pos": 7,
      "candidate_positions": [
        6,
        7,
        8,
        9,
        10
      ],
      "candidate_sqerr": [
        0.36006659269332886,
        0.09110061824321747,
        0.42036518454551697,
        4.34530782699585,
        17.889122009277344
      ],
      "minmse_pos": 7
    },
    "onnx::Conv_504": {
      "count": 64,
      "vmin": -6.4318013191223145,
      "vmax": 14.12209701538086,
      "minmax_pos": 3,
      "candidate_positions": [
        2,
        3,
        4,
        5,
        6
      ],
      "candidate_sqerr": [
        0.3316041827201843,
        0.08668670058250427,
        57.606109619140625,
        266.0159912109375,
        507.0677490234375
      ],
      "minmse_pos": 3
    },
    "onnx::Conv_506": {
      "count": 16384,
      "vmin": -0.9004637598991394,
      "vmax": 0.8777406215667725,
      "minmax_pos": 7,
      "candidate_positions": [
        6,
        7,
        8,
        9,
        10
      ],
      "candidate_sqerr": [
        0.17901283502578735,
        0.044700466096401215,
        0.8110730648040771,
        8.661394119262695,
        24.90474510192871
      ],
      "minmse_pos": 7
    },
    "onnx::Conv_507": {
      "count": 256,
      "vmin": -11.870809555053711,
      "vmax": 14.662384986877441,
      "minmax_pos": 3,
      "candidate_positions": [
        2,
        3,
        4,
        5,
        6
      ],
      "candidate_sqerr": [
        1.1893558502197266,
        0.37162303924560547,
        155.38735961914062,
        1213.1966552734375,
        2763.27734375
      ],
      "minmse_pos": 3
    },
    "onnx::Conv_509": {
      "count": 16384,
      "vmin": -1.8817014694213867,
      "vmax": 2.476712703704834,
      "minmax_pos": 6,
      "candidate_positions": [
        5,
        6,
        7,
        8,
        9
      ],
      "candidate_sqerr": [
        1.0670866966247559,
        0.5135763883590698,
        7.262364387512207,
        30.43181037902832,
        69.75555419921875
      ],
      "minmse_pos": 6
    },
    "onnx::Conv_510": {
      "count": 256,
      "vmin": -21.670700073242188,
      "vmax": 29.95998764038086,
      "minmax_pos": 2,
      "candidate_positions": [
        1,
        2,
        3,
        4,
        5
      ],
      "candidate_sqerr": [
        4.902276039123535,
        1.451628565788269,
        437.5531311035156,
        1664.23876953125,
        3046.79443359375
      ],
      "minmse_pos": 2
    },
    "onnx::Conv_512": {
      "count": 16384,
      "vmin": -0.8071147799491882,
      "vmax": 1.1025999784469604,
      "minmax_pos": 7,
      "candidate_positions": [
        6,
        7,
        8,
        9,
        10
      ],
      "candidate_sqerr": [
        0.26829782128334045,
        0.07880093157291412,
        1.6109439134597778,
        13.780839920043945,
        42.54615783691406
      ],
      "minmse_pos": 7
    },
    "onnx::Conv_513": {
      "count": 64,
      "vmin": -3.734297037124634,
      "vmax": 7.265086650848389,
      "minmax_pos": 4,
      "candidate_positions": [
        3,
        4,
        5,
        6,
        7
      ],
      "candidate_sqerr": [
        0.09858859330415726,
        0.019360095262527466,
        10.87085247039795,
        36.8297119140625,
        75.86228942871094
      ],
      "minmse_pos": 4
    },
    "onnx::Conv_515": {
      "count": 36864,
      "vmin": -1.4107459783554077,
      "vmax": 1.211806297302246,
      "minmax_pos": 6,
      "candidate_positions": [
        5,
        6,
        7,
        8,
        9
      ],
      "candidate_sqerr": [
        2.9928088188171387,
        0.7520884275436401,
        1.1794543266296387,
        14.218371391296387,
        39.146549224853516
      ],
      "minmse_pos": 6
    },
    "onnx::Conv_516": {
      "count": 64,
      "vmin": -3.7826409339904785,
      "vmax": 4.565019130706787,
      "minmax_pos": 5,
      "candidate_positions": [
        4,
        5,
        6,
        7,
        8
      ],
      "candidate_sqerr": [
        0.01606626808643341,
        0.3606642782688141,
        13.499130249023438,
        53.361961364746094,
        94.63127136230469
      ],
      "minmse_pos": 4
    },
    "onnx::Conv_518": {
      "count": 16384,
      "vmin": -1.8913205862045288,
      "vmax": 2.2825095653533936,
      "minmax_pos": 6,
      "candidate_positions": [
        5,
        6,
        7,
        8,
        9
      ],
      "candidate_sqerr": [
        1.057997226715088,
        0.3657037019729614,
        4.770693778991699,
        32.083045959472656,
        84.21691131591797
      ],
      "minmse_pos": 6
    },
    "onnx::Conv_519": {
      "count": 256,
      "vmin": -15.648719787597656,
      "vmax": 5.489434719085693,
      "minmax_pos": 3,
      "candidate_positions": [
        2,
        3,
        4,
        5,
        6
      ],
      "candidate_sqerr": [
        1.2351800203323364,
        0.3290287256240845,
        68.74906921386719,
        244.77914428710938,
        481.3878173828125
      ],
      "minmse_pos": 3
    },
    "onnx::Conv_521": {
      "count": 16384,
      "vmin": -1.3638582229614258,
      "vmax": 1.1981223821640015,
      "minmax_pos": 7,
      "candidate_positions": [
        6,
        7,
        8,
        9,
        10
      ],
      "candidate_sqerr": [
        0.3164750933647156,
        0.2610095143318176,
        4.112351417541504,
        27.35495948791504,
        78.67615509033203
      ],
      "minmse_pos": 7
    },
    "onnx::Conv_522": {
      "count": 64,
      "vmin": -11.986173629760742,
      "vmax": 4.1866044998168945,
      "minmax_pos": 3,
      "candidate_positions": [
        2,
        3,
        4,
        5,
        6
      ],
      "candidate_sqerr": [
        0.344833642244339,
        0.07724110037088394,
        16.40731430053711,
        64.33800506591797,
        119.55876159667969
      ],
      "minmse_pos": 3
    },
    "onnx::Conv_524": {
      "count": 36864,
      "vmin": -0.8003494739532471,
      "vmax": 0.7584397792816162,
      "minmax_pos": 7,
      "candidate_positions": [
        6,
        7,
        8,
        9,
        10
      ],
      "candidate_sqerr": [
        0.7450862526893616,
        0.18518728017807007,
        0.9184175729751587,
        13.707488059997559,
        58.03942108154297
      ],
      "minmse_pos": 7
    },
    "onnx::Conv_525": {
      "count": 64,
      "vmin": -2.229975461959839,
      "vmax": 15.073909759521484,
      "minmax_pos": 3,
      "candidate_positions": [
        2,
        3,
        4,
        5,
        6
      ],
      "candidate_sqerr": [
        0.37028825283050537,
        0.07904350757598877,
        58.38771438598633,
        207.7238006591797,
        375.3714904785156
      ],
      "minmse_pos": 3
    },
    "onnx::Conv_527": {
      "count": 16384,
      "vmin": -0.7584398984909058,
      "vmax": 0.8003493547439575,
      "minmax_pos": 7,
      "candidate_positions": [
        6,
        7,
        8,
        9,
        10
      ],
      "candidate_sqerr": [
        0.2607327699661255,
        0.06793664395809174,
        0.5134230852127075,
        6.568778038024902,
        24.824100494384766
      ],
      "minmse_pos": 7
    },
    "onnx::Conv_528": {
      "count": 256,
      "vmin": -10.55872631072998,
      "vmax": 4.992198944091797,
      "minmax_pos": 4,
      "candidate_positions": [
        3,
        4,
        5,
        6,
        7
      ],
      "candidate_sqerr": [
        0.3221144676208496,
        10.38718318939209,
        118.52374267578125,
        341.41595458984375,
        586.224365234375
      ],
      "minmse_pos": 3
    },
    "onnx::Conv_530": {
      "count": 32768,
      "vmin": -0.9918739795684814,
      "vmax": 0.530928373336792,
      "minmax_pos": 7,
      "candidate_positions": [
        6,
        7,
        8,
        9,
        10
      ],
      "candidate_sqerr": [
        0.6611863374710083,
        0.1644916534423828,
        1.3423833847045898,
        15.075166702270508,
        57.19563293457031
      ],
      "minmse_pos": 7
    },
    "onnx::Conv_531": {
      "count": 128,
      "vmin": -4.407942295074463,
      "vmax": 3.79229998588562,
      "minmax_pos": 5,
      "candidate_positions": [
        4,
        5,
        6,
        7,
        8
      ],
      "candidate_sqerr": [
        0.04423616826534271,
        0.20320482552051544,
        12.203710556030273,
        50.944091796875,
        106.94346618652344
      ],
      "minmse_pos": 4
    },
    "onnx::Conv_533": {
      "count": 147456,
      "vmin": -1.07166588306427,
      "vmax": 0.9662472605705261,
      "minmax_pos": 7,
      "candidate_positions": [
        6,
        7,
        8,
        9,
        10
      ],
      "candidate_sqerr": [
        2.9937210083007812,
        0.7579726576805115,
        11.948498725891113,
        119.24247741699219,
        391.7701416015625
      ],
      "minmse_pos": 7
    },
    "onnx::Conv_534": {
      "count": 128,
      "vmin": -1.2303224802017212,
      "vmax": 11.585487365722656,
      "minmax_pos": 3,
      "candidate_positions": [
        2,
        3,
        4,
        5,
        6
      ],
      "candidate_sqerr": [
        0.6972878575325012,
        0.1671321839094162,
        14.345149040222168,
        272.44708251953125,
        694.6719970703125
      ],
      "minmse_pos": 3
    },
    "onnx::Conv_536": {
      "count": 65536,
      "vmin": -1.090216040611267,
      "vmax": 1.1585487127304077,
      "minmax_pos": 7,
      "candidate_positions": [
        6,
        7,
        8,
        9,
        10
      ],
      "candidate_sqerr": [
        1.2796590328216553,
        0.3675616383552551,
        6.296818733215332,
        45.95768737792969,
        129.2722625732422
      ],
      "minmse_pos": 7
    },
    "onnx::Conv_537": {
      "count": 512,
      "vmin": -17.522615432739258,
      "vmax": 11.601089477539062,
      "minmax_pos": 3,
      "candidate_positions": [
        2,
        3,
        4,
        5,
        6
      ],
      "candidate_sqerr": [
        2.723379611968994,
        3.395937919616699,
        393.9185791015625,
        2003.2952880859375,
        4085.67578125
      ],
      "minmse_pos": 2
    },
    "onnx::Conv_539": {
      "count": 131072,
      "vmin": -8.966340065002441,
      "vmax": 4.318783760070801,
      "minmax_pos": 4,
      "candidate_positions": [
        3,
        4,
        5,
        6,
        7
      ],
      "candidate_sqerr": [
        157.3582763671875,
        42.43434143066406,
        40.769866943359375,
        167.677001953125,
        547.7719116210938
      ],
      "minmse_pos": 5
    },
    "onnx::Conv_540": {
      "count": 512,
      "vmin": -13.029541015625,
      "vmax": 17.05259132385254,
      "minmax_pos": 3,
      "candidate_positions": [
        2,
        3,
        4,
        5,
        6
      ],
      "candidate_sqerr": [
        2.7412469387054443,
        2.2716517448425293,
        445.3646545410156,
        2028.638427734375,
        4114.501953125
      ],
      "minmse_pos": 3
    },
    "onnx::Conv_542": {
      "count": 65536,
      "vmin": -0.6673064827919006,
      "vmax": 0.40295442938804626,
      "minmax_pos": 8,
      "candidate_positions": [
        7,
        8,
        9,
        10,
        11
      ],
      "candidate_sqerr": [
        0.3281926214694977,
        0.11140518635511398,
        0.7105255126953125,
        5.293398857116699,
        16.469697952270508
      ],
      "minmse_pos": 8
    },
    "onnx::Conv_543": {
      "count": 128,
      "vmin": -3.226654291152954,
      "vmax": 3.919124126434326,
      "minmax_pos": 5,
      "candidate_positions": [
        4,
        5,
        6,
        7,
        8
      ],
      "candidate_sqerr": [
        0.04255307465791702,
        0.00964401289820671,
        13.346034049987793,
        79.52506256103516,
        159.01937866210938
      ],
      "minmse_pos": 5
    },
    "onnx::Conv_545": {
      "count": 147456,
      "vmin": -1.0769543647766113,
      "vmax": 1.0492322444915771,
      "minmax_pos": 7,
      "candidate_positions": [
        6,
        7,
        8,
        9,
        10
      ],
      "candidate_sqerr": [
        2.997152090072632,
        0.7636903524398804,
        11.31452465057373,
        92.91580963134766,
        277.785888671875
      ],
      "minmse_pos": 7
    },
    "onnx::Conv_546": {
      "count": 128,
      "vmin": -7.626034259796143,
      "vmax": 4.42429256439209,
      "minmax_pos": 4,
      "candidate_positions": [
        3,
        4,
        5,
        6,
        7
      ],
      "candidate_sqerr": [
        0.19280365109443665,
        0.04020194709300995,
        22.787029266357422,
        101.25064086914062,
        251.1802520751953
      ],
      "minmse_pos": 4
    },
    "onnx::Conv_548": {
      "count": 65536,
      "vmin": -3.8130176067352295,
      "vmax": 2.1122937202453613,
      "minmax_pos": 5,
      "candidate_positions": [
        4,
        5,
        6,
        7,
        8
      ],
      "candidate_sqerr": [
        17.390531539916992,
        4.747119426727295,
        7.302001953125,
        37.054290771484375,
        160.05812072753906
      ],
      "minmse_pos": 5
    },
    "onnx::Conv_549": {
      "count": 512,
      "vmin": -14.657136917114258,
      "vmax": 13.8270845413208,
      "minmax_pos": 3,
      "candidate_positions": [
        2,
        3,
        4,
        5,
        6
      ],
      "candidate_sqerr": [
        2.775749444961548,
        0.6423879861831665,
        127.08784484863281,
        757.4390869140625,
        1701.4801025390625
      ],
      "minmse_pos": 3
    },
    "onnx::Conv_551": {
      "count": 65536,
      "vmin": -0.3746432363986969,
      "vmax": 0.2582647502422333,
      "minmax_pos": 8,
      "candidate_positions": [
        7,
        8,
        9,
        10,
        11
      ],
      "candidate_sqerr": [
        0.3328266441822052,
        0.08272385597229004,
        0.05091720074415207,
        0.7977691292762756,
        4.175351619720459
      ],
      "minmse_pos": 9
    },
    "onnx::Conv_552": {
      "count": 128,
      "vmin": -1.6486469507217407,
      "vmax": 1.8530131578445435,
      "minmax_pos": 6,
      "candidate_positions": [
        5,
        6,
        7,
        8,
        9
      ],
      "candidate_sqerr": [
        0.010770868510007858,
        0.0027101142331957817,
        2.8867292404174805,
        20.11524200439453,
        43.3248291015625
      ],
      "minmse_pos": 6
    },
    "onnx::Conv_554": {
      "count": 147456,
      "vmin": -0.9801631569862366,
      "vmax": 1.0906813144683838,
      "minmax_pos": 7,
      "candidate_positions": [
        6,
        7,
        8,
        9,
        10
      ],
      "candidate_sqerr": [
        2.9922850131988525,
        0.7708248496055603,
        13.52752685546875,
        127.19735717773438,
        423.33294677734375
      ],
      "minmse_pos": 7
    },
    "onnx::Conv_555": {
      "count": 128,
      "vmin": -5.1482110023498535,
      "vmax": 5.236381530761719,
      "minmax_pos": 5,
      "candidate_positions": [
        4,
        5,
        6,
        7,
        8
      ],
      "candidate_sqerr": [
        0.0392913818359375,
        3.099173069000244,
        40.18973159790039,
        105.31788635253906,
        178.4122314453125
      ],
      "minmse_pos": 4
    },
    "onnx::Conv_557": {
      "count": 65536,
      "vmin": -2.5741055011749268,
      "vmax": 2.6181910037994385,
      "minmax_pos": 6,
      "candidate_positions": [
        5,
        6,
        7,
        8,
        9
      ],
      "candidate_sqerr": [
        4.752387046813965,
        2.0304486751556396,
        13.728933334350586,
        63.27565002441406,
        190.70657348632812
      ],
      "minmse_pos": 6
    },
    "onnx::Conv_558": {
      "count": 512,
      "vmin": -14.30549144744873,
      "vmax": 12.255986213684082,
      "minmax_pos": 3,
      "candidate_positions": [
        2,
        3,
        4,
        5,
        6
      ],
      "candidate_sqerr": [
        2.563371181488037,
        0.6660462617874146,
        145.20297241210938,
        844.78076171875,
        1792.2095947265625
      ],
      "minmse_pos": 3
    },
    "onnx::Conv_560": {
      "count": 65536,
      "vmin": -0.4389812648296356,
      "vmax": 0.37264347076416016,
      "minmax_pos": 8,
      "candidate_positions": [
        7,
        8,
        9,
        10,
        11
      ],
      "candidate_sqerr": [
        0.33314573764801025,
        0.08322755247354507,
        0.20916107296943665,
        2.081601142883301,
        8.55178451538086
      ],
      "minmse_pos": 8
    },
    "onnx::Conv_561": {
      "count": 128,
      "vmin": -2.533149003982544,
      "vmax": 1.7379542589187622,
      "minmax_pos": 6,
      "candidate_positions": [
        5,
        6,
        7,
        8,
        9
      ],
      "candidate_sqerr": [
        0.010551036335527897,
        0.3036113977432251,
        5.88067626953125,
        30.772579193115234,
        59.59542465209961
      ],
      "minmse_pos": 5
    },
    "onnx::Conv_563": {
      "count": 147456,
      "vmin": -2.857198715209961,
      "vmax": 1.138789176940918,
      "minmax_pos": 5,
      "candidate_positions": [
        4,
        5,
        6,
        7,
        8
      ],
      "candidate_sqerr": [
        46.58854293823242,
        11.958579063415527,
        3.884413242340088,
        9.048182487487793,
        58.93659973144531
      ],
      "minmse_pos": 6
    },
    "onnx::Conv_564": {
      "count": 128,
      "vmin": -4.104798316955566,
      "vmax": 5.099128246307373,
      "minmax_pos": 5,
      "candidate_positions": [
        4,
        5,
        6,
        7,
        8
      ],
      "candidate_sqerr": [
        0.038370393216609955,
        1.4156771898269653,
        36.55058288574219,
        144.59239196777344,
        256.56146240234375
      ],
      "minmse_pos": 4
    },
    "onnx::Conv_566": {
      "count": 65536,
      "vmin": -2.857198476791382,
      "vmax": 2.1489226818084717,
      "minmax_pos": 5,
      "candidate_positions": [
        4,
        5,
        6,
        7,
        8
      ],
      "candidate_sqerr": [
        17.926918029785156,
        4.888855934143066,
        2.3836774826049805,
        17.273521423339844,
        102.74686431884766
      ],
      "minmse_pos": 6
    },
    "onnx::Conv_567": {
      "count": 512,
      "vmin": -13.119918823242188,
      "vmax": 14.817418098449707,
      "minmax_pos": 3,
      "candidate_positions": [
        2,
        3,
        4,
        5,
        6
      ],
      "candidate_sqerr": [
        2.62338924407959,
        0.7332737445831299,
        110.36095428466797,
        528.4867553710938,
        1136.8284912109375
      ],
      "minmse_pos": 3
    },
    "onnx::Conv_569": {
      "count": 131072,
      "vmin": -0.3898625373840332,
      "vmax": 0.3059987425804138,
      "minmax_pos": 8,
      "candidate_positions": [
        7,
        8,
        9,
        10,
        11
      ],
      "candidate_sqerr": [
        0.6630159616470337,
        0.16673725843429565,
        0.1283901482820511,
        2.657423257827759,
        12.77435302734375
      ],
      "minmse_pos": 9
    },
    "onnx::Conv_570": {
      "count": 256,
      "vmin": -1.6618881225585938,
      "vmax": 1.6074714660644531,
      "minmax_pos": 6,
      "candidate_positions": [
        5,
        6,
        7,
        8,
        9
      ],
      "candidate_sqerr": [
        0.02159908041357994,
        0.004991641268134117,
        4.417304039001465,
        37.39344787597656,
        82.41505432128906
      ],
      "minmse_pos": 6
    },
    "onnx::Conv_572": {
      "count": 589824,
      "vmin": -1.123491644859314,
      "vmax": 0.7601417899131775,
      "minmax_pos": 7,
      "candidate_positions": [
        6,
        7,
        8,
        9,
        10
      ],
      "candidate_sqerr": [
        12.004265785217285,
        3.034700632095337,
        6.950912952423096,
        74.49359893798828,
        322.3500671386719
      ],
      "minmse_pos": 7
    },
    "onnx::Conv_573": {
      "count": 256,
      "vmin": -1.7932384014129639,
      "vmax": 2.928046941757202,
      "minmax_pos": 5,
      "candidate_positions": [
        4,
        5,
        6,
        7,
        8
      ],
      "candidate_sqerr": [
        0.0842573493719101,
        0.022644761949777603,
        6.147663116455078,
        91.03673553466797,
        218.43890380859375
      ],
      "minmse_pos": 5
    },
    "onnx::Conv_575": {
      "count": 262144,
      "vmin": -1.4640233516693115,
      "vmax": 1.3557724952697754,
      "minmax_pos": 6,
      "candidate_positions": [
        5,
        6,
        7,
        8,
        9
      ],
      "candidate_sqerr": [
        21.01307487487793,
        5.269153118133545,
        3.622591972351074,
        81.69731903076172,
        417.35369873046875
      ],
      "minmse_pos": 7
    },
    "onnx::Conv_576": {
      "count": 1024,
      "vmin": -18.3922119140625,
      "vmax": 6.73436164855957,
      "minmax_pos": 3,
      "candidate_positions": [
        2,
        3,
        4,
        5,
        6
      ],
      "candidate_sqerr": [
        5.153173446655273,
        9.961241722106934,
        262.4659729003906,
        1369.363037109375,
        3773.5419921875
      ],
      "minmse_pos": 2
    },
    "onnx::Conv_578": {
      "count": 524288,
      "vmin": -2.3196780681610107,
      "vmax": 1.3513520956039429,
      "minmax_pos": 6,
      "candidate_positions": [
        5,
        6,
        7,
        8,
        9
      ],
      "candidate_sqerr": [
        41.809959411621094,
        10.739863395690918,
        5.293054580688477,
        13.813515663146973,
        41.359161376953125
      ],
      "minmse_pos": 7
    },
    "onnx::Conv_579": {
      "count": 1024,
      "vmin": -25.415754318237305,
      "vmax": 10.814770698547363,
      "minmax_pos": 2,
      "candidate_positions": [
        1,
        2,
        3,
        4,
        5
      ],
      "candidate_sqerr": [
        22.172935485839844,
        5.352465629577637,
        92.3429946899414,
        376.4288330078125,
        1041.8519287109375
      ],
      "minmse_pos": 2
    },
    "onnx::Conv_581": {
      "count": 262144,
      "vmin": -0.5551511645317078,
      "vmax": 0.5443737506866455,
      "minmax_pos": 8,
      "candidate_positions": [
        7,
        8,
        9,
        10,
        11
      ],
      "candidate_sqerr": [
        1.328948974609375,
        0.33861804008483887,
        0.5913501381874084,
        4.548386096954346,
        19.46970558166504
      ],
      "minmse_pos": 8
    },
    "onnx::Conv_582": {
      "count": 256,
      "vmin": -5.787580966949463,
      "vmax": 8.104665756225586,
      "minmax_pos": 4,
      "candidate_positions": [
        3,
        4,
        5,
        6,
        7
      ],
      "candidate_sqerr": [
        0.3266427516937256,
        0.11326837539672852,
        33.68649673461914,
        133.21664428710938,
        281.5072021484375
      ],
      "minmse_pos": 4
    },
    "onnx::Conv_584": {
      "count": 589824,
      "vmin": -0.7919007539749146,
      "vmax": 0.6255218982696533,
      "minmax_pos": 7,
      "candidate_positions": [
        6,
        7,
        8,
        9,
        10
      ],
      "candidate_sqerr": [
        11.979697227478027,
        3.000178337097168,
        1.229921579360962,
        15.623682975769043,
        80.7800064086914
      ],
      "minmse_pos": 8
    },
    "onnx::Conv_585": {
      "count": 256,
      "vmin": -3.0884923934936523,
      "vmax": 4.704888820648193,
      "minmax_pos": 5,
      "candidate_positions": [
        4,
        5,
        6,
        7,
        8
      ],
      "candidate_sqerr": [
        0.0847809761762619,
        0.5633665323257446,
        16.783470153808594,
        117.87962341308594,
        269.574951171875
      ],
      "minmse_pos": 4
    },
    "onnx::Conv_587": {
      "count": 262144,
      "vmin": -2.3524444103240967,
      "vmax": 1.565697193145752,
      "minmax_pos": 6,
      "candidate_positions": [
        5,
        6,
        7,
        8,
        9
      ],
      "candidate_sqerr": [
        21.056331634521484,
        5.432680130004883,
        6.325097560882568,
        72.49859619140625,
        302.9125671386719
      ],
      "minmse_pos": 6
    },
    "onnx::Conv_588": {
      "count": 1024,
      "vmin": -14.862518310546875,
      "vmax": 10.384382247924805,
      "minmax_pos": 3,
      "candidate_positions": [
        2,
        3,
        4,
        5,
        6
      ],
      "candidate_sqerr": [
        5.512850284576416,
        1.3342562913894653,
        94.66841888427734,
        449.20068359375,
        1081.169677734375
      ],
      "minmse_pos": 3
    },
    "onnx::Conv_590": {
      "count": 262144,
      "vmin": -0.3229095935821533,
      "vmax": 0.3509659171104431,
      "minmax_pos": 8,
      "candidate_positions": [
        7,
        8,
        9,
        10,
        11
      ],
      "candidate_sqerr": [
        1.3330397605895996,
        0.334830105304718,
        0.13876980543136597,
        1.739196538925171,
        9.852438926696777
      ],
      "minmse_pos": 9
    },
    "onnx::Conv_591": {
      "count": 256,
      "vmin": -2.1825780868530273,
      "vmax": 1.5836480855941772,
      "minmax_pos": 6,
      "candidate_positions": [
        5,
        6,
        7,
        8,
        9
      ],
      "candidate_sqerr": [
        0.019515279680490494,
        0.07978890091180801,
        4.59444522857666,
        21.375118255615234,
        51.027137756347656
      ],
      "minmse_pos": 5
    },
    "onnx::Conv_593": {
      "count": 589824,
      "vmin": -1.3489747047424316,
      "vmax": 1.098546028137207,
      "minmax_pos": 7,
      "candidate_positions": [
        6,
        7,
        8,
        9,
        10
      ],
      "candidate_sqerr": [
        12.021578788757324,
        3.868013858795166,
        29.958898544311523,
        192.37413024902344,
        617.66162109375
      ],
      "minmse_pos": 7
    },
    "onnx::Conv_594": {
      "count": 256,
      "vmin": -6.8747406005859375,
      "vmax": 3.0829930305480957,
      "minmax_pos": 4,
      "candidate_positions": [
        3,
        4,
        5,
        6,
        7
      ],
      "candidate_sqerr": [
        0.3254176378250122,
        0.08124814182519913,
        14.66054916381836,
        66.83576965332031,
        183.67385864257812
      ],
      "minmse_pos": 4
    },
    "onnx::Conv_596": {
      "count": 262144,
      "vmin": -3.4373700618743896,
      "vmax": 1.9733105897903442,
      "minmax_pos": 5,
      "candidate_positions": [
        4,
        5,
        6,
        7,
        8
      ],
      "candidate_sqerr": [
        79.98121643066406,
        21.204761505126953,
        11.964696884155273,
        42.642295837402344,
        143.15817260742188
      ],
      "minmse_pos": 6
    },
    "onnx::Conv_597": {
      "count": 1024,
      "vmin": -10.824575424194336,
      "vmax": 9.40344524383545,
      "minmax_pos": 4,
      "candidate_positions": [
        3,
        4,
        5,
        6,
        7
      ],
      "candidate_sqerr": [
        1.3826239109039307,
        24.211910247802734,
        301.4766845703125,
        975.5984497070312,
        1890.1328125
      ],
      "minmse_pos": 3
    },
    "onnx::Conv_599": {
      "count": 262144,
      "vmin": -0.3982771635055542,
      "vmax": 0.31219854950904846,
      "minmax_pos": 8,
      "candidate_positions": [
        7,
        8,
        9,
        10,
        11
      ],
      "candidate_sqerr": [
        1.3274568319320679,
        0.33402881026268005,
        0.16814590990543365,
        2.537679433822632,
        12.41453742980957
      ],
      "minmse_pos": 9
    },
    "onnx::Conv_600": {
      "count": 256,
      "vmin": -1.6740180253982544,
      "vmax": 1.469679832458496,
      "minmax_pos": 6,
      "candidate_positions": [
        5,
        6,
        7,
        8,
        9
      ],
      "candidate_sqerr": [
        0.021017692983150482,
        0.005068034864962101,
        1.7128207683563232,
        17.879714965820312,
        49.38438415527344
      ],
      "minmse_pos": 6
    },
    "onnx::Conv_602": {
      "count": 589824,
      "vmin": -1.3085718154907227,
      "vmax": 1.031960129737854,
      "minmax_pos": 7,
      "candidate_positions": [
        6,
        7,
        8,
        9,
        10
      ],
      "candidate_sqerr": [
        11.98442554473877,
        3.390627384185791,
        13.08708381652832,
        132.18048095703125,
        537.9431762695312
      ],
      "minmse_pos": 7
    },
    "onnx::Conv_603": {
      "count": 256,
      "vmin": -7.021156311035156,
      "vmax": 3.5555531978607178,
      "minmax_pos": 4,
      "candidate_positions": [
        3,
        4,
        5,
        6,
        7
      ],
      "candidate_sqerr": [
        0.335457980632782,
        0.08077488094568253,
        9.339797019958496,
        43.02391052246094,
        151.31976318359375
      ],
      "minmse_pos": 4
    },
    "onnx::Conv_605": {
      "count": 262144,
      "vmin": -3.5105786323547363,
      "vmax": 1.7777765989303589,
      "minmax_pos": 5,
      "candidate_positions": [
        4,
        5,
        6,
        7,
        8
      ],
      "candidate_sqerr": [
        78.11873626708984,
        20.962358474731445,
        7.898745536804199,
        16.954191207885742,
        101.00164794921875
      ],
      "minmse_pos": 6
    },
    "onnx::Conv_606": {
      "count": 1024,
      "vmin": -20.699079513549805,
      "vmax": 9.483953475952148,
      "minmax_pos": 3,
      "candidate_positions": [
        2,
        3,
        4,
        5,
        6
      ],
      "candidate_sqerr": [
        5.326606273651123,
        24.607967376708984,
        262.2531433105469,
        869.5509643554688,
        1947.67138671875
      ],
      "minmse_pos": 2
    },
    "onnx::Conv_608": {
      "count": 262144,
      "vmin": -0.3463451564311981,
      "vmax": 0.3231382668018341,
      "minmax_pos": 9,
      "candidate_positions": [
        8,
        9,
        10,
        11,
        12
      ],
      "candidate_sqerr": [
        0.3321763873100281,
        0.12023171782493591,
        1.5495355129241943,
        11.13416576385498,
        39.909854888916016
      ],
      "minmse_pos": 9
    },
    "onnx::Conv_609": {
      "count": 256,
      "vmin": -2.0172128677368164,
      "vmax": 1.5991650819778442,
      "minmax_pos": 6,
      "candidate_positions": [
        5,
        6,
        7,
        8,
        9
      ],
      "candidate_sqerr": [
        0.022450219839811325,
        0.0059694210067391396,
        1.924248456954956,
        19.62967300415039,
        50.872093200683594
      ],
      "minmse_pos": 6
    },
    "onnx::Conv_611": {
      "count": 589824,
      "vmin": -0.9025874137878418,
      "vmax": 1.0733966827392578,
      "minmax_pos": 7,
      "candidate_positions": [
        6,
        7,
        8,
        9,
        10
      ],
      "candidate_sqerr": [
        11.998132705688477,
        3.006640911102295,
        4.581265926361084,
        73.36347961425781,
        360.7440185546875
      ],
      "minmse_pos": 7
    },
    "onnx::Conv_612": {
      "count": 256,
      "vmin": -3.0294675827026367,
      "vmax": 3.7210488319396973,
      "minmax_pos": 5,
      "candidate_positions": [
        4,
        5,
        6,
        7,
        8
      ],
      "candidate_sqerr": [
        0.0799521952867508,
        0.02308586612343788,
        8.916648864746094,
        83.22499084472656,
        201.2743682861328
      ],
      "minmse_pos": 5
    },
    "onnx::Conv_614": {
      "count": 262144,
      "vmin": -1.8605244159698486,
      "vmax": 1.4922670125961304,
      "minmax_pos": 6,
      "candidate_positions": [
        5,
        6,
        7,
        8,
        9
      ],
      "candidate_sqerr": [
        20.900850296020508,
        5.30878210067749,
        3.9146909713745117,
        65.11701965332031,
        363.8869323730469
      ],
      "minmse_pos": 7
    },
    "onnx::Conv_615": {
      "count": 1024,
      "vmin": -15.369282722473145,
      "vmax": 19.62900733947754,
      "minmax_pos": 3,
      "candidate_positions": [
        2,
        3,
        4,
        5,
        6
      ],
      "candidate_sqerr": [
        5.211188793182373,
        15.43736457824707,
        381.4065246582031,
        1228.8170166015625,
        2722.580322265625
      ],
      "minmse_pos": 2
    },
    "onnx::Conv_617": {
      "count": 262144,
      "vmin": -0.379820853471756,
      "vmax": 0.4260520935058594,
      "minmax_pos": 8,
      "candidate_positions": [
        7,
        8,
        9,
        10,
        11
      ],
      "candidate_sqerr": [
        1.333473801612854,
        0.3333475589752197,
        0.21294629573822021,
        2.7995364665985107,
        18.471057891845703
      ],
      "minmse_pos": 9
    },
    "onnx::Conv_618": {
      "count": 256,
      "vmin": -6.642597198486328,
      "vmax": 5.9106879234313965,
      "minmax_pos": 4,
      "candidate_positions": [
        3,
        4,
        5,
        6,
        7
      ],
      "candidate_sqerr": [
        0.3430584669113159,
        0.0863429456949234,
        15.889605522155762,
        71.24940490722656,
        147.46612548828125
      ],
      "minmse_pos": 4
    },
    "onnx::Conv_620": {
      "count": 589824,
      "vmin": -1.3164162635803223,
      "vmax": 1.5489258766174316,
      "minmax_pos": 6,
      "candidate_positions": [
        5,
        6,
        7,
        8,
        9
      ],
      "candidate_sqerr": [
        47.977622985839844,
        11.998228073120117,
        3.6415979862213135,
        10.627843856811523,
        50.84614562988281
      ],
      "minmse_pos": 7
    },
    "onnx::Conv_621": {
      "count": 256,
      "vmin": -28.520294189453125,
      "vmax": 12.978218078613281,
      "minmax_pos": 2,
      "candidate_positions": [
        1,
        2,
        3,
        4,
        5
      ],
      "candidate_sqerr": [
        5.284250736236572,
        1.1816984415054321,
        160.2342529296875,
        465.13092041015625,
        885.6402587890625
      ],
      "minmse_pos": 2
    },
    "onnx::Conv_623": {
      "count": 262144,
      "vmin": -1.5489258766174316,
      "vmax": 0.7269782423973083,
      "minmax_pos": 6,
      "candidate_positions": [
        5,
        6,
        7,
        8,
        9
      ],
      "candidate_sqerr": [
        20.714859008789062,
        5.293081760406494,
        1.6363043785095215,
        1.6395107507705688,
        12.331916809082031
      ],
      "minmse_pos": 7
    },
    "onnx::Conv_624": {
      "count": 1024,
      "vmin": -12.052719116210938,
      "vmax": 16.7482967376709,
      "minmax_pos": 3,
      "candidate_positions": [
        2,
        3,
        4,
        5,
        6
      ],
      "candidate_sqerr": [
        5.405287742614746,
        2.0376501083374023,
        129.68634033203125,
        522.4478149414062,
        1236.932861328125
      ],
      "minmse_pos": 3
    },
    "onnx::Conv_626": {
      "count": 524288,
      "vmin": -0.35629042983055115,
      "vmax": 0.3282298445701599,
      "minmax_pos": 8,
      "candidate_positions": [
        7,
        8,
        9,
        10,
        11
      ],
      "candidate_sqerr": [
        2.667198896408081,
        0.668330729007721,
        0.20235075056552887,
        1.3046929836273193,
        11.039780616760254
      ],
      "minmse_pos": 9
    },
    "onnx::Conv_627": {
      "count": 512,
      "vmin": -3.796428918838501,
      "vmax": 1.877500057220459,
      "minmax_pos": 5,
      "candidate_positions": [
        4,
        5,
        6,
        7,
        8
      ],
      "candidate_sqerr": [
        0.17216238379478455,
        0.03897944092750549,
        3.295917510986328,
        10.544437408447266,
        25.18475914001465
      ],
      "minmse_pos": 5
    },
    "onnx::Conv_629": {
      "count": 2359296,
      "vmin": -0.683384358882904,
      "vmax": 0.4919355511665344,
      "minmax_pos": 8,
      "candidate_positions": [
        7,
        8,
        9,
        10,
        11
      ],
      "candidate_sqerr": [
        11.994715690612793,
        3.063291072845459,
        3.8438539505004883,
        109.45982360839844,
        655.9736938476562
      ],
      "minmse_pos": 8
    },
    "onnx::Conv_630": {
      "count": 512,
      "vmin": -2.291417121887207,
      "vmax": 2.404613494873047,
      "minmax_pos": 6,
      "candidate_positions": [
        5,
        6,
        7,
        8,
        9
      ],
      "candidate_sqerr": [
        0.04093289375305176,
        0.28256556391716003,
        14.323324203491211,
        62.85700225830078,
        141.1793212890625
      ],
      "minmse_pos": 5
    },
    "onnx::Conv_632": {
      "count": 1048576,
      "vmin": -1.1457085609436035,
      "vmax": 1.2023066282272339,
      "minmax_pos": 7,
      "candidate_positions": [
        6,
        7,
        8,
        9,
        10
      ],
      "candidate_sqerr": [
        21.22826385498047,
        5.3884358406066895,
        17.572750091552734,
        173.59463500976562,
        786.954833984375
      ],
      "minmse_pos": 7
    },
    "onnx::Conv_633": {
      "count": 2048,
      "vmin": -8.421850204467773,
      "vmax": 6.519309043884277,
      "minmax_pos": 4,
      "candidate_positions": [
        3,
        4,
        5,
        6,
        7
      ],
      "candidate_sqerr": [
        2.58655047416687,
        0.9013844132423401,
        59.44727325439453,
        555.1434326171875,
        1698.089599609375
      ],
      "minmse_pos": 4
    },
    "onnx::Conv_635": {
      "count": 2097152,
      "vmin": -0.40479278564453125,
      "vmax": 0.2723928689956665,
      "minmax_pos": 8,
      "candidate_positions": [
        7,
        8,
        9,
        10,
        11
      ],
      "candidate_sqerr": [
        10.628181457519531,
        2.657531976699829,
        0.7575411200523376,
        2.3128621578216553,
        45.67942428588867
      ],
      "minmse_pos": 9
    },
    "onnx::Conv_636": {
      "count": 2048,
      "vmin": -5.062148094177246,
      "vmax": 4.939718246459961,
      "minmax_pos": 5,
      "candidate_positions": [
        4,
        5,
        6,
        7,
        8
      ],
      "candidate_sqerr": [
        0.6800879836082458,
        2.632031202316284,
        37.83155059814453,
        128.7220458984375,
        332.47503662109375
      ],
      "minmse_pos": 4
    },
    "onnx::Conv_638": {
      "count": 1048576,
      "vmin": -0.45121708512306213,
      "vmax": 0.4971592426300049,
      "minmax_pos": 8,
      "candidate_positions": [
        7,
        8,
        9,
        10,
        11
      ],
      "candidate_sqerr": [
        5.313334941864014,
        1.3298847675323486,
        4.116884708404541,
        131.991943359375,
        783.5850830078125
      ],
      "minmse_pos": 8
    },
    "onnx::Conv_639": {
      "count": 512,
      "vmin": -2.463003158569336,
      "vmax": 1.9621623754501343,
      "minmax_pos": 6,
      "candidate_positions": [
        5,
        6,
        7,
        8,
        9
      ],
      "candidate_sqerr": [
        0.04007384926080704,
        0.23970343172550201,
        7.453311920166016,
        29.274921417236328,
        56.71809387207031
      ],
      "minmse_pos": 5
    },
    "onnx::Conv_641": {
      "count": 2359296,
      "vmin": -0.716554582118988,
      "vmax": 0.803459882736206,
      "minmax_pos": 7,
      "candidate_positions": [
        6,
        7,
        8,
        9,
        10
      ],
      "candidate_sqerr": [
        47.790199279785156,
        12.000364303588867,
        3.662442684173584,
        13.318055152893066,
        70.09022521972656
      ],
      "minmse_pos": 8
    },
    "onnx::Conv_642": {
      "count": 512,
      "vmin": -3.6099953651428223,
      "vmax": 3.2540626525878906,
      "minmax_pos": 5,
      "candidate_positions": [
        4,
        5,
        6,
        7,
        8
      ],
      "candidate_sqerr": [
        0.15241873264312744,
        0.04150782525539398,
        7.796200275421143,
        55.90254592895508,
        153.76583862304688
      ],
      "minmse_pos": 5
    },
    "onnx::Conv_644": {
      "count": 1048576,
      "vmin": -1.8049976825714111,
      "vmax": 1.6270314455032349,
      "minmax_pos": 6,
      "candidate_positions": [
        5,
        6,
        7,
        8,
        9
      ],
      "candidate_sqerr": [
        85.2389907836914,
        21.33890151977539,
        8.785449028015137,
        50.2495002746582,
        285.7060546875
      ],
      "minmse_pos": 7
    },
    "onnx::Conv_645": {
      "count": 2048,
      "vmin": -9.576370239257812,
      "vmax": 5.044183731079102,
      "minmax_pos": 4,
      "candidate_positions": [
        3,
        4,
        5,
        6,
        7
      ],
      "candidate_sqerr": [
        2.517395496368408,
        3.3623898029327393,
        82.32173156738281,
        289.75048828125,
        789.4908447265625
      ],
      "minmse_pos": 3
    },
    "onnx::Conv_647": {
      "count": 1048576,
      "vmin": -0.8186190128326416,
      "vmax": 0.7437499165534973,
      "minmax_pos": 7,
      "candidate_positions": [
        6,
        7,
        8,
        9,
        10
      ],
      "candidate_sqerr": [
        21.33555030822754,
        5.327419281005859,
        2.2792413234710693,
        15.637269020080566,
        107.3218002319336
      ],
      "minmse_pos": 8
    },
    "onnx::Conv_648": {
      "count": 512,
      "vmin": -4.356526851654053,
      "vmax": 1.574979305267334,
      "minmax_pos": 5,
      "candidate_positions": [
        4,
        5,
        6,
        7,
        8
      ],
      "candidate_sqerr": [
        0.1677456498146057,
        0.1930704414844513,
        5.637382984161377,
        13.772371292114258,
        27.47753143310547
      ],
      "minmse_pos": 4
    },
    "onnx::Conv_650": {
      "count": 2359296,
      "vmin": -1.18757963180542,
      "vmax": 0.7949103713035583,
      "minmax_pos": 7,
      "candidate_positions": [
        6,
        7,
        8,
        9,
        10
      ],
      "candidate_sqerr": [
        47.938751220703125,
        12.03343391418457,
        7.027750015258789,
        63.017967224121094,
        454.1053466796875
      ],
      "minmse_pos": 8
    },
    "onnx::Conv_651": {
      "count": 512,
      "vmin": -3.5407590866088867,
      "vmax": 3.0769147872924805,
      "minmax_pos": 5,
      "candidate_positions": [
        4,
        5,
        6,
        7,
        8
      ],
      "candidate_sqerr": [
        0.1628170609474182,
        0.04214497283101082,
        14.195243835449219,
        91.19766235351562,
        241.67506408691406
      ],
      "minmse_pos": 5
    },
    "onnx::Conv_653": {
      "count": 1048576,
      "vmin": -1.770379662513733,
      "vmax": 1.5384573936462402,
      "minmax_pos": 6,
      "candidate_positions": [
        5,
        6,
        7,
        8,
        9
      ],
      "candidate_sqerr": [
        85.29297637939453,
        21.29964256286621,
        10.05770492553711,
        59.05635452270508,
        295.99090576171875
      ],
      "minmse_pos": 7
    },
    "onnx::Conv_654": {
      "count": 2048,
      "vmin": -11.354988098144531,
      "vmax": 5.179150581359863,
      "minmax_pos": 3,
      "candidate_positions": [
        2,
        3,
        4,
        5,
        6
      ],
      "candidate_sqerr": [
        10.585502624511719,
        2.635981798171997,
        20.118350982666016,
        162.02403259277344,
        354.4484558105469
      ],
      "minmse_pos": 3
    },
    "fc.weight": {
      "count": 2048000,
      "vmin": -3.082160711288452,
      "vmax": 4.724536895751953,
      "minmax_pos": 5,
      "candidate_positions": [
        4,
        5,
        6,
        7,
        8
      ],
      "candidate_sqerr": [
        667.039794921875,
        167.74273681640625,
        755.449462890625,
        3863.61376953125,
        11080.9892578125
      ],
      "minmse_pos": 5
    },
    "fc.bias": {
      "count": 1000,
      "vmin": -4.156919956207275,
      "vmax": -2.2809653282165527,
      "minmax_pos": 5,
      "candidate_positions": [
        4,
        5,
        6,
        7,
        8
      ],
      "candidate_sqerr": [
        0.3187311291694641,
        0.12195154279470444,
        2103.68798828125,
        5931.064453125,
        8583.080078125
      ],
      "minmse_pos": 5
    }
  },
  "sharing": {
    "/maxpool/MaxPool_output_0": "/act1/Relu_output_0"
  },
  "emission_positions": {
    "input": {
      "name": "input",
      "dtype": "uint8",
      "pos": 5,
      "zp": 128,
      "source": "activation_minmse"
    },
    "/conv1/Conv_output_0": {
      "name": "/conv1/Conv_output_0",
      "dtype": "uint8",
      "pos": 1,
      "zp": 128,
      "source": "activation_minmse"
    },
    "/act1/Relu_output_0": {
      "name": "/act1/Relu_output_0",
      "dtype": "uint8",
      "pos": 1,
      "zp": 128,
      "source": "activation_minmse"
    },
    "/maxpool/MaxPool_output_0": {
      "name": "/maxpool/MaxPool_output_0",
      "dtype": "uint8",
      "pos": 1,
      "zp": 128,
      "source": "shared:/act1/Relu_output_0"
    },
    "/layer1/layer1.0/conv1/Conv_output_0": {
      "name": "/layer1/layer1.0/conv1/Conv_output_0",
      "dtype": "uint8",
      "pos": 3,
      "zp": 128,
      "source": "activation_minmse"
    },
    "/layer1/layer1.0/act1/Relu_output_0": {
      "name": "/layer1/layer1.0/act1/Relu_output_0",
      "dtype": "uint8",
      "pos": 3,
      "zp": 128,
      "source": "activation_minmse"
    },
    "/layer1/layer1.0/conv2/Conv_output_0": {
      "name": "/layer1/layer1.0/conv2/Conv_output_0",
      "dtype": "uint8",
      "pos": 2,
      "zp": 128,
      "source": "activation_minmse"
    },
    "/layer1/layer1.0/act2/Relu_output_0": {
      "name": "/layer1/layer1.0/act2/Relu_output_0",
      "dtype": "uint8",
      "pos": 2,
      "zp": 128,
      "source": "activation_minmse"
    },
    "/layer1/layer1.0/conv3/Conv_output_0": {
      "name": "/layer1/layer1.0/conv3/Conv_output_0",
      "dtype": "uint8",
      "pos": 3,
      "zp": 128,
      "source": "activation_minmse"
    },
    "/layer1/layer1.0/downsample/downsample.0/Conv_output_0": {
      "name": "/layer1/layer1.0/downsample/downsample.0/Conv_output_0",
      "dtype": "uint8",
      "pos": 3,
      "zp": 128,
      "source": "activation_minmse"
    },
    "/layer1/layer1.0/Add_output_0": {
      "name": "/layer1/layer1.0/Add_output_0",
      "dtype": "uint8",
      "pos": 2,
      "zp": 128,
      "source": "activation_minmse"
    },
    "/layer1/layer1.0/act3/Relu_output_0": {
      "name": "/layer1/layer1.0/act3/Relu_output_0",
      "dtype": "uint8",
      "pos": 3,
      "zp": 128,
      "source": "activation_minmse"
    },
    "/layer1/layer1.1/conv1/Conv_output_0": {
      "name": "/layer1/layer1.1/conv1/Conv_output_0",
      "dtype": "uint8",
      "pos": 3,
      "zp": 128,
      "source": "activation_minmse"
    },
    "/layer1/layer1.1/act1/Relu_output_0": {
      "name": "/layer1/layer1.1/act1/Relu_output_0",
      "dtype": "uint8",
      "pos": 4,
      "zp": 128,
      "source": "activation_minmse"
    },
    "/layer1/layer1.1/conv2/Conv_output_0": {
      "name": "/layer1/layer1.1/conv2/Conv_output_0",
      "dtype": "uint8",
      "pos": 3,
      "zp": 128,
      "source": "activation_minmse"
    },
    "/layer1/layer1.1/act2/Relu_output_0": {
      "name": "/layer1/layer1.1/act2/Relu_output_0",
      "dtype": "uint8",
      "pos": 3,
      "zp": 128,
      "source": "activation_minmse"
    },
    "/layer1/layer1.1/conv3/Conv_output_0": {
      "name": "/layer1/layer1.1/conv3/Conv_output_0",
      "dtype": "uint8",
      "pos": 3,
      "zp": 128,
      "source": "activation_minmse"
    },
    "/layer1/layer1.1/Add_output_0": {
      "name": "/layer1/layer1.1/Add_output_0",
      "dtype": "uint8",
      "pos": 3,
      "zp": 128,
      "source": "activation_minmse"
    },
    "/layer1/layer1.1/act3/Relu_output_0": {
      "name": "/layer1/layer1.1/act3/Relu_output_0",
      "dtype": "uint8",
      "pos": 3,
      "zp": 128,
      "source": "activation_minmse"
    },
    "/layer1/layer1.2/conv1/Conv_output_0": {
      "name": "/layer1/layer1.2/conv1/Conv_output_0",
      "dtype": "uint8",
      "pos": 3,
      "zp": 128,
      "source": "activation_minmse"
    },
    "/layer1/layer1.2/act1/Relu_output_0": {
      "name": "/layer1/layer1.2/act1/Relu_output_0",
      "dtype": "uint8",
      "pos": 3,
      "zp": 128,
      "source": "activation_minmse"
    },
    "/layer1/layer1.2/conv2/Conv_output_0": {
      "name": "/layer1/layer1.2/conv2/Conv_output_0",
      "dtype": "uint8",
      "pos": 2,
      "zp": 128,
      "source": "activation_minmse"
    },
    "/layer1/layer1.2/act2/Relu_output_0": {
      "name": "/layer1/layer1.2/act2/Relu_output_0",
      "dtype": "uint8",
      "pos": 2,
      "zp": 128,
      "source": "activation_minmse"
    },
    "/layer1/layer1.2/conv3/Conv_output_0": {
      "name": "/layer1/layer1.2/conv3/Conv_output_0",
      "dtype": "uint8",
      "pos": 2,
      "zp": 128,
      "source": "activation_minmse"
    },
    "/layer1/layer1.2/Add_output_0": {
      "name": "/layer1/layer1.2/Add_output_0",
      "dtype": "uint8",
      "pos": 2,
      "zp": 128,
      "source": "activation_minmse"
    },
    "/layer1/layer1.2/act3/Relu_output_0": {
      "name": "/layer1/layer1.2/act3/Relu_output_0",
      "dtype": "uint8",
      "pos": 3,
      "zp": 128,
      "source": "activation_minmse"
    },
    "/layer2/layer2.0/conv1/Conv_output_0": {
      "name": "/layer2/layer2.0/conv1/Conv_output_0",
      "dtype": "uint8",
      "pos": 3,
      "zp": 128,
      "source": "activation_minmse"
    },
    "/layer2/layer2.0/act1/Relu_output_0": {
      "name": "/layer2/layer2.0/act1/Relu_output_0",
      "dtype": "uint8",
      "pos": 4,
      "zp": 128,
      "source": "activation_minmse"
    },
    "/layer2/layer2.0/conv2/Conv_output_0": {
      "name": "/layer2/layer2.0/conv2/Conv_output_0",
      "dtype": "uint8",
      "pos": 2,
      "zp": 128,
      "source": "activation_minmse"
    },
    "/layer2/layer2.0/act2/Relu_output_0": {
      "name": "/layer2/layer2.0/act2/Relu_output_0",
      "dtype": "uint8",
      "pos": 2,
      "zp": 128,
      "source": "activation_minmse"
    },
    "/layer2/layer2.0/conv3/Conv_output_0": {
      "name": "/layer2/layer2.0/conv3/Conv_output_0",
      "dtype": "uint8",
      "pos": 2,
      "zp": 128,
      "source": "activation_minmse"
    },
    "/layer2/layer2.0/downsample/downsample.0/Conv_output_0": {
      "name": "/layer2/layer2.0/downsample/downsample.0/Conv_output_0",
      "dtype": "uint8",
      "pos": 2,
      "zp": 128,
      "source": "activation_minmse"
    },
    "/layer2/layer2.0/Add_output_0": {
      "name": "/layer2/layer2.0/Add_output_0",
      "dtype": "uint8",
      "pos": 2,
      "zp": 128,
      "source": "activation_minmse"
    },
    "/layer2/layer2.0/act3/Relu_output_0": {
      "name": "/layer2/layer2.0/act3/Relu_output_0",
      "dtype": "uint8",
      "pos": 2,
      "zp": 128,
      "source": "activation_minmse"
    },
    "/layer2/layer2.1/conv1/Conv_output_0": {
      "name": "/layer2/layer2.1/conv1/Conv_output_0",
      "dtype": "uint8",
      "pos": 3,
      "zp": 128,
      "source": "activation_minmse"
    },
    "/layer2/layer2.1/act1/Relu_output_0": {
      "name": "/layer2/layer2.1/act1/Relu_output_0",
      "dtype": "uint8",
      "pos": 3,
      "zp": 128,
      "source": "activation_minmse"
    },
    "/layer2/layer2.1/conv2/Conv_output_0": {
      "name": "/layer2/layer2.1/conv2/Conv_output_0",
      "dtype": "uint8",
      "pos": 2,
      "zp": 128,
      "source": "activation_minmse"
    },
    "/layer2/layer2.1/act2/Relu_output_0": {
      "name": "/layer2/layer2.1/act2/Relu_output_0",
      "dtype": "uint8",
      "pos": 2,
      "zp": 128,
      "source": "activation_minmse"
    },
    "/layer2/layer2.1/conv3/Conv_output_0": {
      "name": "/layer2/layer2.1/conv3/Conv_output_0",
      "dtype": "uint8",
      "pos": 2,
      "zp": 128,
      "source": "activation_minmse"
    },
    "/layer2/layer2.1/Add_output_0": {
      "name": "/layer2/layer2.1/Add_output_0",
      "dtype": "uint8",
      "pos": 2,
      "zp": 128,
      "source": "activation_minmse"
    },
    "/layer2/layer2.1/act3/Relu_output_0": {
      "name": "/layer2/layer2.1/act3/Relu_output_0",
      "dtype": "uint8",
      "pos": 2,
      "zp": 128,
      "source": "activation_minmse"
    },
    "/layer2/layer2.2/conv1/Conv_output_0": {
      "name": "/layer2/layer2.2/conv1/Conv_output_0",
      "dtype": "uint8",
      "pos": 3,
      "zp": 128,
      "source": "activation_minmse"
    },
    "/layer2/layer2.2/act1/Relu_output_0": {
      "name": "/layer2/layer2.2/act1/Relu_output_0",
      "dtype": "uint8",
      "pos": 3,
      "zp": 128,
      "source": "activation_minmse"
    },
    "/layer2/layer2.2/conv2/Conv_output_0": {
      "name": "/layer2/layer2.2/conv2/Conv_output_0",
      "dtype": "uint8",
      "pos": 2,
      "zp": 128,
      "source": "activation_minmse"
    },
    "/layer2/layer2.2/act2/Relu_output_0": {
      "name": "/layer2/layer2.2/act2/Relu_output_0",
      "dtype": "uint8",
      "pos": 2,
      "zp": 128,
      "source": "activation_minmse"
    },
    "/layer2/layer2.2/conv3/Conv_output_0": {
      "name": "/layer2/layer2.2/conv3/Conv_output_0",
      "dtype": "uint8",
      "pos": 2,
      "zp": 128,
      "source": "activation_minmse"
    },
    "/layer2/layer2.2/Add_output_0": {
      "name": "/layer2/layer2.2/Add_output_0",
      "dtype": "uint8",
      "pos": 2,
      "zp": 128,
      "source": "activation_minmse"
    },
    "/layer2/layer2.2/act3/Relu_output_0": {
      "name": "/layer2/layer2.2/act3/Relu_output_0",
      "dtype": "uint8",
      "pos": 2,
      "zp": 128,
      "source": "activation_minmse"
    },
    "/layer2/layer2.3/conv1/Conv_output_0": {
      "name": "/layer2/layer2.3/conv1/Conv_output_0",
      "dtype": "uint8",
      "pos": 3,
      "zp": 128,
      "source": "activation_minmse"
    },
    "/layer2/layer2.3/act1/Relu_output_0": {
      "name": "/layer2/layer2.3/act1/Relu_output_0",
      "dtype": "uint8",
      "pos": 3,
      "zp": 128,
      "source": "activation_minmse"
    },
    "/layer2/layer2.3/conv2/Conv_output_0": {
      "name": "/layer2/layer2.3/conv2/Conv_output_0",
      "dtype": "uint8",
      "pos": 2,
      "zp": 128,
      "source": "activation_minmse"
    },
    "/layer2/layer2.3/act2/Relu_output_0": {
      "name": "/layer2/layer2.3/act2/Relu_output_0",
      "dtype": "uint8",
      "pos": 3,
      "zp": 128,
      "source": "activation_minmse"
    },
    "/layer2/layer2.3/conv3/Conv_output_0": {
      "name": "/layer2/layer2.3/conv3/Conv_output_0",
      "dtype": "uint8",
      "pos": 2,
      "zp": 128,
      "source": "activation_minmse"
    },
    "/layer2/layer2.3/Add_output_0": {
      "name": "/layer2/layer2.3/Add_output_0",
      "dtype": "uint8",
      "pos": 2,
      "zp": 128,
      "source": "activation_minmse"
    },
    "/layer2/layer2.3/act3/Relu_output_0": {
      "name": "/layer2/layer2.3/act3/Relu_output_0",
      "dtype": "uint8",
      "pos": 2,
      "zp": 128,
      "source": "activation_minmse"
    },
    "/layer3/layer3.0/conv1/Conv_output_0": {
      "name": "/layer3/layer3.0/conv1/Conv_output_0",
      "dtype": "uint8",
      "pos": 3,
      "zp": 128,
      "source": "activation_minmse"
    },
    "/layer3/layer3.0/act1/Relu_output_0": {
      "name": "/layer3/layer3.0/act1/Relu_output_0",
      "dtype": "uint8",
      "pos": 3,
      "zp": 128,
      "source": "activation_minmse"
    },
    "/layer3/layer3.0/conv2/Conv_output_0": {
      "name": "/layer3/layer3.0/conv2/Conv_output_0",
      "dtype": "uint8",
      "pos": 3,
      "zp": 128,
      "source": "activation_minmse"
    },
    "/layer3/layer3.0/act2/Relu_output_0": {
      "name": "/layer3/layer3.0/act2/Relu_output_0",
      "dtype": "uint8",
      "pos": 3,
      "zp": 128,
      "source": "activation_minmse"
    },
    "/layer3/layer3.0/conv3/Conv_output_0": {
      "name": "/layer3/layer3.0/conv3/Conv_output_0",
      "dtype": "uint8",
      "pos": 2,
      "zp": 128,
      "source": "activation_minmse"
    },
    "/layer3/layer3.0/downsample/downsample.0/Conv_output_0": {
      "name": "/layer3/layer3.0/downsample/downsample.0/Conv_output_0",
      "dtype": "uint8",
      "pos": 3,
      "zp": 128,
      "source": "activation_minmse"
    },
    "/layer3/layer3.0/Add_output_0": {
      "name": "/layer3/layer3.0/Add_output_0",
      "dtype": "uint8",
      "pos": 2,
      "zp": 128,
      "source": "activation_minmse"
    },
    "/layer3/layer3.0/act3/Relu_output_0": {
      "name": "/layer3/layer3.0/act3/Relu_output_0",
      "dtype": "uint8",
      "pos": 2,
      "zp": 128,
      "source": "activation_minmse"
    },
    "/layer3/layer3.1/conv1/Conv_output_0": {
      "name": "/layer3/layer3.1/conv1/Conv_output_0",
      "dtype": "uint8",
      "pos": 3,
      "zp": 128,
      "source": "activation_minmse"
    },
    "/layer3/layer3.1/act1/Relu_output_0": {
      "name": "/layer3/layer3.1/act1/Relu_output_0",
      "dtype": "uint8",
      "pos": 3,
      "zp": 128,
      "source": "activation_minmse"
    },
    "/layer3/layer3.1/conv2/Conv_output_0": {
      "name": "/layer3/layer3.1/conv2/Conv_output_0",
      "dtype": "uint8",
      "pos": 2,
      "zp": 128,
      "source": "activation_minmse"
    },
    "/layer3/layer3.1/act2/Relu_output_0": {
      "name": "/layer3/layer3.1/act2/Relu_output_0",
      "dtype": "uint8",
      "pos": 2,
      "zp": 128,
      "source": "activation_minmse"
    },
    "/layer3/layer3.1/conv3/Conv_output_0": {
      "name": "/layer3/layer3.1/conv3/Conv_output_0",
      "dtype": "uint8",
      "pos": 2,
      "zp": 128,
      "source": "activation_minmse"
    },
    "/layer3/layer3.1/Add_output_0": {
      "name": "/layer3/layer3.1/Add_output_0",
      "dtype": "uint8",
      "pos": 2,
      "zp": 128,
      "source": "activation_minmse"
    },
    "/layer3/layer3.1/act3/Relu_output_0": {
      "name": "/layer3/layer3.1/act3/Relu_output_0",
      "dtype": "uint8",
      "pos": 2,
      "zp": 128,
      "source": "activation_minmse"
    },
    "/layer3/layer3.2/conv1/Conv_output_0": {
      "name": "/layer3/layer3.2/conv1/Conv_output_0",
      "dtype": "uint8",
      "pos": 3,
      "zp": 128,
      "source": "activation_minmse"
    },
    "/layer3/layer3.2/act1/Relu_output_0": {
      "name": "/layer3/layer3.2/act1/Relu_output_0",
      "dtype": "uint8",
      "pos": 3,
      "zp": 128,
      "source": "activation_minmse"
    },
    "/layer3/layer3.2/conv2/Conv_output_0": {
      "name": "/layer3/layer3.2/conv2/Conv_output_0",
      "dtype": "uint8",
      "pos": 2,
      "zp": 128,
      "source": "activation_minmse"
    },
    "/layer3/layer3.2/act2/Relu_output_0": {
      "name": "/layer3/layer3.2/act2/Relu_output_0",
      "dtype": "uint8",
      "pos": 3,
      "zp": 128,
      "source": "activation_minmse"
    },
    "/layer3/layer3.2/conv3/Conv_output_0": {
      "name": "/layer3/layer3.2/conv3/Conv_output_0",
      "dtype": "uint8",
      "pos": 3,
      "zp": 128,
      "source": "activation_minmse"
    },
    "/layer3/layer3.2/Add_output_0": {
      "name": "/layer3/layer3.2/Add_output_0",
      "dtype": "uint8",
      "pos": 2,
      "zp": 128,
      "source": "activation_minmse"
    },
    "/layer3/layer3.2/act3/Relu_output_0": {
      "name": "/layer3/layer3.2/act3/Relu_output_0",
      "dtype": "uint8",
      "pos": 2,
      "zp": 128,
      "source": "activation_minmse"
    },
    "/layer3/layer3.3/conv1/Conv_output_0": {
      "name": "/layer3/layer3.3/conv1/Conv_output_0",
      "dtype": "uint8",
      "pos": 2,
      "zp": 128,
      "source": "activation_minmse"
    },
    "/layer3/layer3.3/act1/Relu_output_0": {
      "name": "/layer3/layer3.3/act1/Relu_output_0",
      "dtype": "uint8",
      "pos": 3,
      "zp": 128,
      "source": "activation_minmse"
    },
    "/layer3/layer3.3/conv2/Conv_output_0": {
      "name": "/layer3/layer3.3/conv2/Conv_output_0",
      "dtype": "uint8",
      "pos": 2,
      "zp": 128,
      "source": "activation_minmse"
    },
    "/layer3/layer3.3/act2/Relu_output_0": {
      "name": "/layer3/layer3.3/act2/Relu_output_0",
      "dtype": "uint8",
      "pos": 3,
      "zp": 128,
      "source": "activation_minmse"
    },
    "/layer3/layer3.3/conv3/Conv_output_0": {
      "name": "/layer3/layer3.3/conv3/Conv_output_0",
      "dtype": "uint8",
      "pos": 2,
      "zp": 128,
      "source": "activation_minmse"
    },
    "/layer3/layer3.3/Add_output_0": {
      "name": "/layer3/layer3.3/Add_output_0",
      "dtype": "uint8",
      "pos": 2,
      "zp": 128,
      "source": "activation_minmse"
    },
    "/layer3/layer3.3/act3/Relu_output_0": {
      "name": "/layer3/layer3.3/act3/Relu_output_0",
      "dtype": "uint8",
      "pos": 2,
      "zp": 128,
      "source": "activation_minmse"
    },
    "/layer3/layer3.4/conv1/Conv_output_0": {
      "name": "/layer3/layer3.4/conv1/Conv_output_0",
      "dtype": "uint8",
      "pos": 3,
      "zp": 128,
      "source": "activation_minmse"
    },
    "/layer3/layer3.4/act1/Relu_output_0": {
      "name": "/layer3/layer3.4/act1/Relu_output_0",
      "dtype": "uint8",
      "pos": 3,
      "zp": 128,
      "source": "activation_minmse"
    },
    "/layer3/layer3.4/conv2/Conv_output_0": {
      "name": "/layer3/layer3.4/conv2/Conv_output_0",
      "dtype": "uint8",
      "pos": 2,
      "zp": 128,
      "source": "activation_minmse"
    },
    "/layer3/layer3.4/act2/Relu_output_0": {
      "name": "/layer3/layer3.4/act2/Relu_output_0",
      "dtype": "uint8",
      "pos": 2,
      "zp": 128,
      "source": "activation_minmse"
    },
    "/layer3/layer3.4/conv3/Conv_output_0": {
      "name": "/layer3/layer3.4/conv3/Conv_output_0",
      "dtype": "uint8",
      "pos": 2,
      "zp": 128,
      "source": "activation_minmse"
    },
    "/layer3/layer3.4/Add_output_0": {
      "name": "/layer3/layer3.4/Add_output_0",
      "dtype": "uint8",
      "pos": 2,
      "zp": 128,
      "source": "activation_minmse"
    },
    "/layer3/layer3.4/act3/Relu_output_0": {
      "name": "/layer3/layer3.4/act3/Relu_output_0",
      "dtype": "uint8",
      "pos": 2,
      "zp": 128,
      "source": "activation_minmse"
    },
    "/layer3/layer3.5/conv1/Conv_output_0": {
      "name": "/layer3/layer3.5/conv1/Conv_output_0",
      "dtype": "uint8",
      "pos": 2,
      "zp": 128,
      "source": "activation_minmse"
    },
    "/layer3/layer3.5/act1/Relu_output_0": {
      "name": "/layer3/layer3.5/act1/Relu_output_0",
      "dtype": "uint8",
      "pos": 3,
      "zp": 128,
      "source": "activation_minmse"
    },
    "/layer3/layer3.5/conv2/Conv_output_0": {
      "name": "/layer3/layer3.5/conv2/Conv_output_0",
      "dtype": "uint8",
      "pos": 1,
      "zp": 128,
      "source": "activation_minmse"
    },
    "/layer3/layer3.5/act2/Relu_output_0": {
      "name": "/layer3/layer3.5/act2/Relu_output_0",
      "dtype": "uint8",
      "pos": 2,
      "zp": 128,
      "source": "activation_minmse"
    },
    "/layer3/layer3.5/conv3/Conv_output_0": {
      "name": "/layer3/layer3.5/conv3/Conv_output_0",
      "dtype": "uint8",
      "pos": 2,
      "zp": 128,
      "source": "activation_minmse"
    },
    "/layer3/layer3.5/Add_output_0": {
      "name": "/layer3/layer3.5/Add_output_0",
      "dtype": "uint8",
      "pos": 2,
      "zp": 128,
      "source": "activation_minmse"
    },
    "/layer3/layer3.5/act3/Relu_output_0": {
      "name": "/layer3/layer3.5/act3/Relu_output_0",
      "dtype": "uint8",
      "pos": 2,
      "zp": 128,
      "source": "activation_minmse"
    },
    "/layer4/layer4.0/conv1/Conv_output_0": {
      "name": "/layer4/layer4.0/conv1/Conv_output_0",
      "dtype": "uint8",
      "pos": 3,
      "zp": 128,
      "source": "activation_minmse"
    },
    "/layer4/layer4.0/act1/Relu_output_0": {
      "name": "/layer4/layer4.0/act1/Relu_output_0",
      "dtype": "uint8",
      "pos": 3,
      "zp": 128,
      "source": "activation_minmse"
    },
    "/layer4/layer4.0/conv2/Conv_output_0": {
      "name": "/layer4/layer4.0/conv2/Conv_output_0",
      "dtype": "uint8",
      "pos": 3,
      "zp": 128,
      "source": "activation_minmse"
    },
    "/layer4/layer4.0/act2/Relu_output_0": {
      "name": "/layer4/layer4.0/act2/Relu_output_0",
      "dtype": "uint8",
      "pos": 3,
      "zp": 128,
      "source": "activation_minmse"
    },
    "/layer4/layer4.0/conv3/Conv_output_0": {
      "name": "/layer4/layer4.0/conv3/Conv_output_0",
      "dtype": "uint8",
      "pos": 3,
      "zp": 128,
      "source": "activation_minmse"
    },
    "/layer4/layer4.0/downsample/downsample.0/Conv_output_0": {
      "name": "/layer4/layer4.0/downsample/downsample.0/Conv_output_0",
      "dtype": "uint8",
      "pos": 3,
      "zp": 128,
      "source": "activation_minmse"
    },
    "/layer4/layer4.0/Add_output_0": {
      "name": "/layer4/layer4.0/Add_output_0",
      "dtype": "uint8",
      "pos": 2,
      "zp": 128,
      "source": "activation_minmse"
    },
    "/layer4/layer4.0/act3/Relu_output_0": {
      "name": "/layer4/layer4.0/act3/Relu_output_0",
      "dtype": "uint8",
      "pos": 3,
      "zp": 128,
      "source": "activation_minmse"
    },
    "/layer4/layer4.1/conv1/Conv_output_0": {
      "name": "/layer4/layer4.1/conv1/Conv_output_0",
      "dtype": "uint8",
      "pos": 3,
      "zp": 128,
      "source": "activation_minmse"
    },
    "/layer4/layer4.1/act1/Relu_output_0": {
      "name": "/layer4/layer4.1/act1/Relu_output_0",
      "dtype": "uint8",
      "pos": 3,
      "zp": 128,
      "source": "activation_minmse"
    },
    "/layer4/layer4.1/conv2/Conv_output_0": {
      "name": "/layer4/layer4.1/conv2/Conv_output_0",
      "dtype": "uint8",
      "pos": 2,
      "zp": 128,
      "source": "activation_minmse"
    },
    "/layer4/layer4.1/act2/Relu_output_0": {
      "name": "/layer4/layer4.1/act2/Relu_output_0",
      "dtype": "uint8",
      "pos": 3,
      "zp": 128,
      "source": "activation_minmse"
    },
    "/layer4/layer4.1/conv3/Conv_output_0": {
      "name": "/layer4/layer4.1/conv3/Conv_output_0",
      "dtype": "uint8",
      "pos": 3,
      "zp": 128,
      "source": "activation_minmse"
    },
    "/layer4/layer4.1/Add_output_0": {
      "name": "/layer4/layer4.1/Add_output_0",
      "dtype": "uint8",
      "pos": 3,
      "zp": 128,
      "source": "activation_minmse"
    },
    "/layer4/layer4.1/act3/Relu_output_0": {
      "name": "/layer4/layer4.1/act3/Relu_output_0",
      "dtype": "uint8",
      "pos": 3,
      "zp": 128,
      "source": "activation_minmse"
    },
    "/layer4/layer4.2/conv1/Conv_output_0": {
      "name": "/layer4/layer4.2/conv1/Conv_output_0",
      "dtype": "uint8",
      "pos": 3,
      "zp": 128,
      "source": "activation_minmse"
    },
    "/layer4/layer4.2/act1/Relu_output_0": {
      "name": "/layer4/layer4.2/act1/Relu_output_0",
      "dtype": "uint8",
      "pos": 4,
      "zp": 128,
      "source": "activation_minmse"
    },
    "/layer4/layer4.2/conv2/Conv_output_0": {
      "name": "/layer4/layer4.2/conv2/Conv_output_0",
      "dtype": "uint8",
      "pos": 3,
      "zp": 128,
      "source": "activation_minmse"
    },
    "/layer4/layer4.2/act2/Relu_output_0": {
      "name": "/layer4/layer4.2/act2/Relu_output_0",
      "dtype": "uint8",
      "pos": 3,
      "zp": 128,
      "source": "activation_minmse"
    },
    "/layer4/layer4.2/conv3/Conv_output_0": {
      "name": "/layer4/layer4.2/conv3/Conv_output_0",
      "dtype": "uint8",
      "pos": 3,
      "zp": 128,
      "source": "activation_minmse"
    },
    "/layer4/layer4.2/Add_output_0": {
      "name": "/layer4/layer4.2/Add_output_0",
      "dtype": "uint8",
      "pos": 3,
      "zp": 128,
      "source": "activation_minmse"
    },
    "/layer4/layer4.2/act3/Relu_output_0": {
      "name": "/layer4/layer4.2/act3/Relu_output_0",
      "dtype": "uint8",
      "pos": 2,
      "zp": 128,
      "source": "activation_minmse"
    },
    "/global_pool/pool/GlobalAveragePool_output_0": {
      "name": "/global_pool/pool/GlobalAveragePool_output_0",
      "dtype": "uint8",
      "pos": 5,
      "zp": 128,
      "source": "activation_minmse"
    },
    "/global_pool/flatten/Flatten_output_0": {
      "name": "/global_pool/flatten/Flatten_output_0",
      "dtype": "uint8",
      "pos": 5,
      "zp": 128,
      "source": "activation_minmse"
    },
    "output": {
      "name": "output",
      "dtype": "uint8",
      "pos": 3,
      "zp": 128,
      "source": "activation_minmse"
    },
    "onnx::Conv_497": {
      "name": "onnx::Conv_497",
      "dtype": "int8",
      "pos": 6,
      "zp": 0,
      "source": "initializer_minmse"
    },
    "onnx::Conv_498": {
      "name": "onnx::Conv_498",
      "dtype": "int8",
      "pos": 2,
      "zp": 0,
      "source": "initializer_minmse"
    },
    "onnx::Conv_500": {
      "name": "onnx::Conv_500",
      "dtype": "int8",
      "pos": 7,
      "zp": 0,
      "source": "initializer_minmse"
    },
    "onnx::Conv_501": {
      "name": "onnx::Conv_501",
      "dtype": "int8",
      "pos": 2,
      "zp": 0,
      "source": "initializer_minmse"
    },
    "onnx::Conv_503": {
      "name": "onnx::Conv_503",
      "dtype": "int8",
      "pos": 7,
      "zp": 0,
      "source": "initializer_minmse"
    },
    "onnx::Conv_504": {
      "name": "onnx::Conv_504",
      "dtype": "int8",
      "pos": 3,
      "zp": 0,
      "source": "initializer_minmse"
    },
    "onnx::Conv_506": {
      "name": "onnx::Conv_506",
      "dtype": "int8",
      "pos": 7,
      "zp": 0,
      "source": "initializer_minmse"
    },
    "onnx::Conv_507": {
      "name": "onnx::Conv_507",
      "dtype": "int8",
      "pos": 3,
      "zp": 0,
      "source": "initializer_minmse"
    },
    "onnx::Conv_509": {
      "name": "onnx::Conv_509",
      "dtype": "int8",
      "pos": 6,
      "zp": 0,
      "source": "initializer_minmse"
    },
    "onnx::Conv_510": {
      "name": "onnx::Conv_510",
      "dtype": "int8",
      "pos": 2,
      "zp": 0,
      "source": "initializer_minmse"
    },
    "onnx::Conv_512": {
      "name": "onnx::Conv_512",
      "dtype": "int8",
      "pos": 7,
      "zp": 0,
      "source": "initializer_minmse"
    },
    "onnx::Conv_513": {
      "name": "onnx::Conv_513",
      "dtype": "int8",
      "pos": 4,
      "zp": 0,
      "source": "initializer_minmse"
    },
    "onnx::Conv_515": {
      "name": "onnx::Conv_515",
      "dtype": "int8",
      "pos": 6,
      "zp": 0,
      "source": "initializer_minmse"
    },
    "onnx::Conv_516": {
      "name": "onnx::Conv_516",
      "dtype": "int8",
      "pos": 4,
      "zp": 0,
      "source": "initializer_minmse"
    },
    "onnx::Conv_518": {
      "name": "onnx::Conv_518",
      "dtype": "int8",
      "pos": 6,
      "zp": 0,
      "source": "initializer_minmse"
    },
    "onnx::Conv_519": {
      "name": "onnx::Conv_519",
      "dtype": "int8",
      "pos": 3,
      "zp": 0,
      "source": "initializer_minmse"
    },
    "onnx::Conv_521": {
      "name": "onnx::Conv_521",
      "dtype": "int8",
      "pos": 7,
      "zp": 0,
      "source": "initializer_minmse"
    },
    "onnx::Conv_522": {
      "name": "onnx::Conv_522",
      "dtype": "int8",
      "pos": 3,
      "zp": 0,
      "source": "initializer_minmse"
    },
    "onnx::Conv_524": {
      "name": "onnx::Conv_524",
      "dtype": "int8",
      "pos": 7,
      "zp": 0,
      "source": "initializer_minmse"
    },
    "onnx::Conv_525": {
      "name": "onnx::Conv_525",
      "dtype": "int8",
      "pos": 3,
      "zp": 0,
      "source": "initializer_minmse"
    },
    "onnx::Conv_527": {
      "name": "onnx::Conv_527",
      "dtype": "int8",
      "pos": 7,
      "zp": 0,
      "source": "initializer_minmse"
    },
    "onnx::Conv_528": {
      "name": "onnx::Conv_528",
      "dtype": "int8",
      "pos": 3,
      "zp": 0,
      "source": "initializer_minmse"
    },
    "onnx::Conv_530": {
      "name": "onnx::Conv_530",
      "dtype": "int8",
      "pos": 7,
      "zp": 0,
      "source": "initializer_minmse"
    },
    "onnx::Conv_531": {
      "name": "onnx::Conv_531",
      "dtype": "int8",
      "pos": 4,
      "zp": 0,
      "source": "initializer_minmse"
    },
    "onnx::Conv_533": {
      "name": "onnx::Conv_533",
      "dtype": "int8",
      "pos": 7,
      "zp": 0,
      "source": "initializer_minmse"
    },
    "onnx::Conv_534": {
      "name": "onnx::Conv_534",
      "dtype": "int8",
      "pos": 3,
      "zp": 0,
      "source": "initializer_minmse"
    },
    "onnx::Conv_536": {
      "name": "onnx::Conv_536",
      "dtype": "int8",
      "pos": 7,
      "zp": 0,
      "source": "initializer_minmse"
    },
    "onnx::Conv_537": {
      "name": "onnx::Conv_537",
      "dtype": "int8",
      "pos": 2,
      "zp": 0,
      "source": "initializer_minmse"
    },
    "onnx::Conv_539": {
      "name": "onnx::Conv_539",
      "dtype": "int8",
      "pos": 5,
      "zp": 0,
      "source": "initializer_minmse"
    },
    "onnx::Conv_540": {
      "name": "onnx::Conv_540",
      "dtype": "int8",
      "pos": 3,
      "zp": 0,
      "source": "initializer_minmse"
    },
    "onnx::Conv_542": {
      "name": "onnx::Conv_542",
      "dtype": "int8",
      "pos": 8,
      "zp": 0,
      "source": "initializer_minmse"
    },
    "onnx::Conv_543": {
      "name": "onnx::Conv_543",
      "dtype": "int8",
      "pos": 5,
      "zp": 0,
      "source": "initializer_minmse"
    },
    "onnx::Conv_545": {
      "name": "onnx::Conv_545",
      "dtype": "int8",
      "pos": 7,
      "zp": 0,
      "source": "initializer_minmse"
    },
    "onnx::Conv_546": {
      "name": "onnx::Conv_546",
      "dtype": "int8",
      "pos": 4,
      "zp": 0,
      "source": "initializer_minmse"
    },
    "onnx::Conv_548": {
      "name": "onnx::Conv_548",
      "dtype": "int8",
      "pos": 5,
      "zp": 0,
      "source": "initializer_minmse"
    },
    "onnx::Conv_549": {
      "name": "onnx::Conv_549",
      "dtype": "int8",
      "pos": 3,
      "zp": 0,
      "source": "initializer_minmse"
    },
    "onnx::Conv_551": {
      "name": "onnx::Conv_551",
      "dtype": "int8",
      "pos": 9,
      "zp": 0,
      "source": "initializer_minmse"
    },
    "onnx::Conv_552": {
      "name": "onnx::Conv_552",
      "dtype": "int8",
      "pos": 6,
      "zp": 0,
      "source": "initializer_minmse"
    },
    "onnx::Conv_554": {
      "name": "onnx::Conv_554",
      "dtype": "int8",
      "pos": 7,
      "zp": 0,
      "source": "initializer_minmse"
    },
    "onnx::Conv_555": {
      "name": "onnx::Conv_555",
      "dtype": "int8",
      "pos": 4,
      "zp": 0,
      "source": "initializer_minmse"
    },
    "onnx::Conv_557": {
      "name": "onnx::Conv_557",
      "dtype": "int8",
      "pos": 6,
      "zp": 0,
      "source": "initializer_minmse"
    },
    "onnx::Conv_558": {
      "name": "onnx::Conv_558",
      "dtype": "int8",
      "pos": 3,
      "zp": 0,
      "source": "initializer_minmse"
    },
    "onnx::Conv_560": {
      "name": "onnx::Conv_560",
      "dtype": "int8",
      "pos": 8,
      "zp": 0,
      "source": "initializer_minmse"
    },
    "onnx::Conv_561": {
      "name": "onnx::Conv_561",
      "dtype": "int8",
      "pos": 5,
      "zp": 0,
      "source": "initializer_minmse"
    },
    "onnx::Conv_563": {
      "name": "onnx::Conv_563",
      "dtype": "int8",
      "pos": 6,
      "zp": 0,
      "source": "initializer_minmse"
    },
    "onnx::Conv_564": {
      "name": "onnx::Conv_564",
      "dtype": "int8",
      "pos": 4,
      "zp": 0,
      "source": "initializer_minmse"
    },
    "onnx::Conv_566": {
      "name": "onnx::Conv_566",
      "dtype": "int8",
      "pos": 6,
      "zp": 0,
      "source": "initializer_minmse"
    },
    "onnx::Conv_567": {
      "name": "onnx::Conv_567",
      "dtype": "int8",
      "pos": 3,
      "zp": 0,
      "source": "initializer_minmse"
    },
    "onnx::Conv_569": {
      "name": "onnx::Conv_569",
      "dtype": "int8",
      "pos": 9,
      "zp": 0,
      "source": "initializer_minmse"
    },
    "onnx::Conv_570": {
      "name": "onnx::Conv_570",
      "dtype": "int8",
      "pos": 6,
      "zp": 0,
      "source": "initializer_minmse"
    },
    "onnx::Conv_572": {
      "name": "onnx::Conv_572",
      "dtype": "int8",
      "pos": 7,
      "zp": 0,
      "source": "initializer_minmse"
    },
    "onnx::Conv_573": {
      "name": "onnx::Conv_573",
      "dtype": "int8",
      "pos": 5,
      "zp": 0,
      "source": "initializer_minmse"
    },
    "onnx::Conv_575": {
      "name": "onnx::Conv_575",
      "dtype": "int8",
      "pos": 7,
      "zp": 0,
      "source": "initializer_minmse"
    },
    "onnx::Conv_576": {
      "name": "onnx::Conv_576",
      "dtype": "int8",
      "pos": 2,
      "zp": 0,
      "source": "initializer_minmse"
    },
    "onnx::Conv_578": {
      "name": "onnx::Conv_578",
      "dtype": "int8",
      "pos": 7,
      "zp": 0,
      "source": "initializer_minmse"
    },
    "onnx::Conv_579": {
      "name": "onnx::Conv_579",
      "dtype": "int8",
      "pos": 2,
      "zp": 0,
      "source": "initializer_minmse"
    },
    "onnx::Conv_581": {
      "name": "onnx::Conv_581",
      "dtype": "int8",
      "pos": 8,
      "zp": 0,
      "source": "initializer_minmse"
    },
    "onnx::Conv_582": {
      "name": "onnx::Conv_582",
      "dtype": "int8",
      "pos": 4,
      "zp": 0,
      "source": "initializer_minmse"
    },
    "onnx::Conv_584": {
      "name": "onnx::Conv_584",
      "dtype": "int8",
      "pos": 8,
      "zp": 0,
      "source": "initializer_minmse"
    },
    "onnx::Conv_585": {
      "name": "onnx::Conv_585",
      "dtype": "int8",
      "pos": 4,
      "zp": 0,
      "source": "initializer_minmse"
    },
    "onnx::Conv_587": {
      "name": "onnx::Conv_587",
      "dtype": "int8",
      "pos": 6,
      "zp": 0,
      "source": "initializer_minmse"
    },
    "onnx::Conv_588": {
      "name": "onnx::Conv_588",
      "dtype": "int8",
      "pos": 3,
      "zp": 0,
      "source": "initializer_minmse"
    },
    "onnx::Conv_590": {
      "name": "onnx::Conv_590",
      "dtype": "int8",
      "pos": 9,
      "zp": 0,
      "source": "initializer_minmse"
    },
    "onnx::Conv_591": {
      "name": "onnx::Conv_591",
      "dtype": "int8",
      "pos": 5,
      "zp": 0,
      "source": "initializer_minmse"
    },
    "onnx::Conv_593": {
      "name": "onnx::Conv_593",
      "dtype": "int8",
      "pos": 7,
      "zp": 0,
      "source": "initializer_minmse"
    },
    "onnx::Conv_594": {
      "name": "onnx::Conv_594",
      "dtype": "int8",
      "pos": 4,
      "zp": 0,
      "source": "initializer_minmse"
    },
    "onnx::Conv_596": {
      "name": "onnx::Conv_596",
      "dtype": "int8",
      "pos": 6,
      "zp": 0,
      "source": "initializer_minmse"
    },
    "onnx::Conv_597": {
      "name": "onnx::Conv_597",
      "dtype": "int8",
      "pos": 3,
      "zp": 0,
      "source": "initializer_minmse"
    },
    "onnx::Conv_599": {
      "name": "onnx::Conv_599",
      "dtype": "int8",
      "pos": 9,
      "zp": 0,
      "source": "initializer_minmse"
    },
    "onnx::Conv_600": {
      "name": "onnx::Conv_600",
      "dtype": "int8",
      "pos": 6,
      "zp": 0,
      "source": "initializer_minmse"
    },
    "onnx::Conv_602": {
      "name": "onnx::Conv_602",
      "dtype": "int8",
      "pos": 7,
      "zp": 0,
      "source": "initializer_minmse"
    },
    "onnx::Conv_603": {
      "name": "onnx::Conv_603",
      "dtype": "int8",
      "pos": 4,
      "zp": 0,
      "source": "initializer_minmse"
    },
    "onnx::Conv_605": {
      "name": "onnx::Conv_605",
      "dtype": "int8",
      "pos": 6,
      "zp": 0,
      "source": "initializer_minmse"
    },
    "onnx::Conv_606": {
      "name": "onnx::Conv_606",
      "dtype": "int8",
      "pos": 2,
      "zp": 0,
      "source": "initializer_minmse"
    },
    "onnx::Conv_608": {
      "name": "onnx::Conv_608",
      "dtype": "int8",
      "pos": 9,
      "zp": 0,
      "source": "initializer_minmse"
    },
    "onnx::Conv_609": {
      "name": "onnx::Conv_609",
      "dtype": "int8",
      "pos": 6,
      "zp": 0,
      "source": "initializer_minmse"
    },
    "onnx::Conv_611": {
      "name": "onnx::Conv_611",
      "dtype": "int8",
      "pos": 7,
      "zp": 0,
      "source": "initializer_minmse"
    },
    "onnx::Conv_612": {
      "name": "onnx::Conv_612",
      "dtype": "int8",
      "pos": 5,
      "zp": 0,
      "source": "initializer_minmse"
    },
    "onnx::Conv_614": {
      "name": "onnx::Conv_614",
      "dtype": "int8",
      "pos": 7,
      "zp": 0,
      "source": "initializer_minmse"
    },
    "onnx::Conv_615": {
      "name": "onnx::Conv_615",
      "dtype": "int8",
      "pos": 2,
      "zp": 0,
      "source": "initializer_minmse"
    },
    "onnx::Conv_617": {
      "name": "onnx::Conv_617",
      "dtype": "int8",
      "pos": 9,
      "zp": 0,
      "source": "initializer_minmse"
    },
    "onnx::Conv_618": {
      "name": "onnx::Conv_618",
      "dtype": "int8",
      "pos": 4,
      "zp": 0,
      "source": "initializer_minmse"
    },
    "onnx::Conv_620": {
      "name": "onnx::Conv_620",
      "dtype": "int8",
      "pos": 7,
      "zp": 0,
      "source": "initializer_minmse"
    },
    "onnx::Conv_621": {
      "name": "onnx::Conv_621",
      "dtype": "int8",
      "pos": 2,
      "zp": 0,
      "source": "initializer_minmse"
    },
    "onnx::Conv_623": {
      "name": "onnx::Conv_623",
      "dtype": "int8",
      "pos": 7,
      "zp": 0,
      "source": "initializer_minmse"
    },
    "onnx::Conv_624": {
      "name": "onnx::Conv_624",
      "dtype": "int8",
      "pos": 3,
      "zp": 0,
      "source": "initializer_minmse"
    },
    "onnx::Conv_626": {
      "name": "onnx::Conv_626",
      "dtype": "int8",
      "pos": 9,
      "zp": 0,
      "source": "initializer_minmse"
    },
    "onnx::Conv_627": {
      "name": "onnx::Conv_627",
      "dtype": "int8",
      "pos": 5,
      "zp": 0,
      "source": "initializer_minmse"
    },
    "onnx::Conv_629": {
      "name": "onnx::Conv_629",
      "dtype": "int8",
      "pos": 8,
      "zp": 0,
      "source": "initializer_minmse"
    },
    "onnx::Conv_630": {
      "name": "onnx::Conv_630",
      "dtype": "int8",
      "pos": 5,
      "zp": 0,
      "source": "initializer_minmse"
    },
    "onnx::Conv_632": {
      "name": "onnx::Conv_632",
      "dtype": "int8",
      "pos": 7,
      "zp": 0,
      "source": "initializer_minmse"
    },
    "onnx::Conv_633": {
      "name": "onnx::Conv_633",
      "dtype": "int8",
      "pos": 4,
      "zp": 0,
      "source": "initializer_minmse"
    },
    "onnx::Conv_635": {
      "name": "onnx::Conv_635",
      "dtype": "int8",
      "pos": 9,
      "zp": 0,
      "source": "initializer_minmse"
    },
    "onnx::Conv_636": {
      "name": "onnx::Conv_636",
      "dtype": "int8",
      "pos": 4,
      "zp": 0,
      "source": "initializer_minmse"
    },
    "onnx::Conv_638": {
      "name": "onnx::Conv_638",
      "dtype": "int8",
      "pos": 8,
      "zp": 0,
      "source": "initializer_minmse"
    },
    "onnx::Conv_639": {
      "name": "onnx::Conv_639",
      "dtype": "int8",
      "pos": 5,
      "zp": 0,
      "source": "initializer_minmse"
    },
    "onnx::Conv_641": {
      "name": "onnx::Conv_641",
      "dtype": "int8",
      "pos": 8,
      "zp": 0,
      "source": "initializer_minmse"
    },
    "onnx::Conv_642": {
      "name": "onnx::Conv_642",
      "dtype": "int8",
      "pos": 5,
      "zp": 0,
      "source": "initializer_minmse"
    },
    "onnx::Conv_644": {
      "name": "onnx::Conv_644",
      "dtype": "int8",
      "pos": 7,
      "zp": 0,
      "source": "initializer_minmse"
    },
    "onnx::Conv_645": {
      "name": "onnx::Conv_645",
      "dtype": "int8",
      "pos": 3,
      "zp": 0,
      "source": "initializer_minmse"
    },
    "onnx::Conv_647": {
      "name": "onnx::Conv_647",
      "dtype": "int8",
      "pos": 8,
      "zp": 0,
      "source": "initializer_minmse"
    },
    "onnx::Conv_648": {
      "name": "onnx::Conv_648",
      "dtype": "int8",
      "pos": 4,
      "zp": 0,
      "source": "initializer_minmse"
    },
    "onnx::Conv_650": {
      "name": "onnx::Conv_650",
      "dtype": "int8",
      "pos": 8,
      "zp": 0,
      "source": "initializer_minmse"
    },
    "onnx::Conv_651": {
      "name": "onnx::Conv_651",
      "dtype": "int8",
      "pos": 5,
      "zp": 0,
      "source": "initializer_minmse"
    },
    "onnx::Conv_653": {
      "name": "onnx::Conv_653",
      "dtype": "int8",
      "pos": 7,
      "zp": 0,
      "source": "initializer_minmse"
    },
    "onnx::Conv_654": {
      "name": "onnx::Conv_654",
      "dtype": "int8",
      "pos": 3,
      "zp": 0,
      "source": "initializer_minmse"
    },
    "fc.weight": {
      "name": "fc.weight",
      "dtype": "int8",
      "pos": 5,
      "zp": 0,
      "source": "initializer_minmse"
    },
    "fc.bias": {
      "name": "fc.bias",
      "dtype": "int8",
      "pos": 5,
      "zp": 0,
      "source": "initializer_minmse"
    }
  }
}
GRAPH_DIFF {
  "node_delta": [],
  "init_exact_mismatch": [],
  "weight_lsb": {},
  "weight_changed_elements": {},
  "compared_int8_initializers": 108
}
WEIGHT_DIFF_SUMMARY {"int8_initializers_compared": 108, "initializers_differing": 0, "elements_differing": 0, "max_lsb": 0}
INT8_EXACT True
REFINE_FIXED_POINT {
  "own": {
    "loops": 1,
    "changes_by_rule": {},
    "log": [],
    "converged": true
  },
  "reference": {
    "loops": 1,
    "changes_by_rule": {},
    "log": [],
    "converged": true
  }
}
GRAPH_DIFF_PASS True
