PRODUCER_REPORT_FROM_SIDECAR {
  "producer": "Ignition",
  "producer_version": "0.1.0a1",
  "scope": "folded_resnet_nocle",
  "format": "XINT8_QDQ",
  "mode": "own_minmse_nocle",
  "cle": false,
  "input_sha256": "d999c960ea12f9481e6fb43aab28ea3e2741c712fc4c30997b07d9b725cb87e6",
  "versions": {
    "numpy": "1.26.4",
    "onnx": "1.18.0"
  },
  "preprocess": {
    "input_size": [
      3,
      224,
      224
    ],
    "interpolation": "bicubic",
    "mean": [
      0.485,
      0.456,
      0.406
    ],
    "std": [
      0.229,
      0.224,
      0.225
    ],
    "crop_pct": 0.95,
    "crop_mode": "center"
  },
  "emit": {
    "activations": 74,
    "initializers": 108,
    "pruned": 49
  },
  "gap_mul": 1,
  "refine": {
    "loops": 2,
    "changes_by_rule": {
      "align_pool": 1
    },
    "log": [
      {
        "scale": "/global_pool/pool/GlobalAveragePool_output_0_scale",
        "old": 5,
        "new": 2,
        "rule": "align_pool",
        "node": "/global_pool/pool/GlobalAveragePool"
      }
    ],
    "converged": true
  },
  "output_sha256": "afe15baa15a250ffdb0b68c5ce1f97efc1720d4c53140be42164321e7fb0686d",
  "wall_seconds": 102.55804780000472,
  "quark_imported": false,
  "torch_imported": false
}
REFERENCE_SHA256 a7a17654f79f141941806c13d26fe9ca12c727ab671eb345e15f5c1345eff0c7
POSITION_DELTA {}
SAME_FLOAT_PREPROCESS_LISTING_CLE True
CALIBRATION_STATS {
  "store": "exact_float16",
  "mode": "All",
  "images": 64,
  "listing": [
    "data/calib/000000.jpg",
    "data/calib/000001.jpg",
    "data/calib/000002.jpg",
    "data/calib/000003.jpg",
    "data/calib/000004.jpg",
    "data/calib/000005.jpg",
    "data/calib/000006.jpg",
    "data/calib/000007.jpg",
    "data/calib/000008.jpg",
    "data/calib/000009.jpg",
    "data/calib/000010.jpg",
    "data/calib/000011.jpg",
    "data/calib/000012.jpg",
    "data/calib/000013.jpg",
    "data/calib/000014.jpg",
    "data/calib/000015.jpg",
    "data/calib/000016.jpg",
    "data/calib/000017.jpg",
    "data/calib/000018.jpg",
    "data/calib/000019.jpg",
    "data/calib/000020.jpg",
    "data/calib/000021.jpg",
    "data/calib/000022.jpg",
    "data/calib/000023.jpg",
    "data/calib/000024.jpg",
    "data/calib/000025.jpg",
    "data/calib/000026.jpg",
    "data/calib/000027.jpg",
    "data/calib/000028.jpg",
    "data/calib/000029.jpg",
    "data/calib/000030.jpg",
    "data/calib/000031.jpg",
    "data/calib/000032.jpg",
    "data/calib/000033.jpg",
    "data/calib/000034.jpg",
    "data/calib/000035.jpg",
    "data/calib/000036.jpg",
    "data/calib/000037.jpg",
    "data/calib/000038.jpg",
    "data/calib/000039.jpg",
    "data/calib/000040.jpg",
    "data/calib/000041.jpg",
    "data/calib/000042.jpg",
    "data/calib/000043.jpg",
    "data/calib/000044.jpg",
    "data/calib/000045.jpg",
    "data/calib/000046.jpg",
    "data/calib/000047.jpg",
    "data/calib/000048.jpg",
    "data/calib/000049.jpg",
    "data/calib/000050.jpg",
    "data/calib/000051.jpg",
    "data/calib/000052.jpg",
    "data/calib/000053.jpg",
    "data/calib/000054.jpg",
    "data/calib/000055.jpg",
    "data/calib/000056.jpg",
    "data/calib/000057.jpg",
    "data/calib/000058.jpg",
    "data/calib/000059.jpg",
    "data/calib/000060.jpg",
    "data/calib/000061.jpg",
    "data/calib/000062.jpg",
    "data/calib/000063.jpg"
  ],
  "sample_bytes": 3404592128,
  "free_bytes_before": 810755657728,
  "ort_version": "1.23.3.dev20260320",
  "graph_optimization": "ORT_DISABLE_ALL",
  "tensors": {
    "input": {
      "count": 9633792,
      "vmin": -2.1171875,
      "vmax": 2.640625,
      "minmax_pos": 6,
      "candidate_positions": [
        5,
        6,
        7,
        8,
        9
      ],
      "candidate_sqerr": [
        787.6327514648438,
        64099.64453125,
        2246458.25,
        6190071.5,
        9379026.0
      ],
      "minmse_pos": 5
    },
    "/conv1/Conv_output_0": {
      "count": 51380224,
      "vmin": -14.3125,
      "vmax": 53.34375,
      "minmax_pos": 1,
      "candidate_positions": [
        0,
        1,
        2,
        3,
        4
      ],
      "candidate_sqerr": [
        4356347.5,
        1088695.0,
        52522476.0,
        391908128.0,
        881572672.0
      ],
      "minmse_pos": 1
    },
    "/act1/Relu_output_0": {
      "count": 51380224,
      "vmin": 0.0,
      "vmax": 53.34375,
      "minmax_pos": 1,
      "candidate_positions": [
        0,
        1,
        2,
        3,
        4
      ],
      "candidate_sqerr": [
        3945495.25,
        977460.3125,
        52492752.0,
        391901568.0,
        881562944.0
      ],
      "minmse_pos": 1
    },
    "/maxpool/MaxPool_output_0": {
      "count": 12845056,
      "vmin": 0.0,
      "vmax": 53.34375,
      "minmax_pos": 1,
      "candidate_positions": [
        0,
        1,
        2,
        3,
        4
      ],
      "candidate_sqerr": [
        1054533.875,
        263376.15625,
        17322244.0,
        120913032.0,
        261699280.0
      ],
      "minmse_pos": 1
    },
    "/layer1/layer1.0/conv1/Conv_output_0": {
      "count": 12845056,
      "vmin": -19.15625,
      "vmax": 29.859375,
      "minmax_pos": 2,
      "candidate_positions": [
        1,
        2,
        3,
        4,
        5
      ],
      "candidate_sqerr": [
        276550.71875,
        70466.2265625,
        2735868.5,
        20143362.0,
        41937664.0
      ],
      "minmse_pos": 2
    },
    "/layer1/layer1.0/act1/Relu_output_0": {
      "count": 12845056,
      "vmin": 0.0,
      "vmax": 29.859375,
      "minmax_pos": 2,
      "candidate_positions": [
        1,
        2,
        3,
        4,
        5
      ],
      "candidate_sqerr": [
        145463.453125,
        32418.177734375,
        2727901.75,
        20111816.0,
        41637396.0
      ],
      "minmse_pos": 2
    },
    "/layer1/layer1.0/conv2/Conv_output_0": {
      "count": 12845056,
      "vmin": -10.2578125,
      "vmax": 58.5,
      "minmax_pos": 1,
      "candidate_positions": [
        0,
        1,
        2,
        3,
        4
      ],
      "candidate_sqerr": [
        1175501.375,
        237787.578125,
        19180986.0,
        93942408.0,
        165547632.0
      ],
      "minmse_pos": 1
    },
    "/layer1/layer1.0/act2/Relu_output_0": {
      "count": 12845056,
      "vmin": 0.0,
      "vmax": 58.5,
      "minmax_pos": 1,
      "candidate_positions": [
        0,
        1,
        2,
        3,
        4
      ],
      "candidate_sqerr": [
        548755.0625,
        119203.5,
        19143652.0,
        93934216.0,
        165545968.0
      ],
      "minmse_pos": 1
    },
    "/layer1/layer1.0/conv3/Conv_output_0": {
      "count": 51380224,
      "vmin": -11.203125,
      "vmax": 11.2734375,
      "minmax_pos": 3,
      "candidate_positions": [
        2,
        3,
        4,
        5,
        6
      ],
      "candidate_sqerr": [
        261697.109375,
        70839.90625,
        108217.8203125,
        9981571.0,
        60364656.0
      ],
      "minmse_pos": 3
    },
    "/layer1/layer1.0/downsample/downsample.0/Conv_output_0": {
      "count": 51380224,
      "vmin": -35.5625,
      "vmax": 16.875,
      "minmax_pos": 2,
      "candidate_positions": [
        1,
        2,
        3,
        4,
        5
      ],
      "candidate_sqerr": [
        1053598.5,
        260596.578125,
        244543.796875,
        3330534.5,
        26810196.0
      ],
      "minmse_pos": 3
    },
    "/layer1/layer1.0/Add_output_0": {
      "count": 51380224,
      "vmin": -37.96875,
      "vmax": 14.265625,
      "minmax_pos": 2,
      "candidate_positions": [
        1,
        2,
        3,
        4,
        5
      ],
      "candidate_sqerr": [
        1051898.625,
        282908.78125,
        352875.375,
        8201132.0,
        34992364.0
      ],
      "minmse_pos": 2
    },
    "/layer1/layer1.0/act3/Relu_output_0": {
      "count": 51380224,
      "vmin": 0.0,
      "vmax": 14.265625,
      "minmax_pos": 3,
      "candidate_positions": [
        2,
        3,
        4,
        5,
        6
      ],
      "candidate_sqerr": [
        128791.0,
        32353.177734375,
        53419.578125,
        4852155.5,
        16566936.0
      ],
      "minmse_pos": 3
    },
    "/layer1/layer1.1/conv1/Conv_output_0": {
      "count": 12845056,
      "vmin": -47.5,
      "vmax": 11.1875,
      "minmax_pos": 1,
      "candidate_positions": [
        0,
        1,
        2,
        3,
        4
      ],
      "candidate_sqerr": [
        1006157.375,
        263871.96875,
        68945.359375,
        113161.546875,
        677183.375
      ],
      "minmse_pos": 2
    },
    "/layer1/layer1.1/act1/Relu_output_0": {
      "count": 12845056,
      "vmin": 0.0,
      "vmax": 11.1875,
      "minmax_pos": 4,
      "candidate_positions": [
        3,
        4,
        5,
        6,
        7
      ],
      "candidate_sqerr": [
        7298.6201171875,
        1920.7216796875,
        14209.4365234375,
        322703.5,
        1337382.875
      ],
      "minmse_pos": 4
    },
    "/layer1/layer1.1/conv2/Conv_output_0": {
      "count": 12845056,
      "vmin": -25.734375,
      "vmax": 17.859375,
      "minmax_pos": 2,
      "candidate_positions": [
        1,
        2,
        3,
        4,
        5
      ],
      "candidate_sqerr": [
        267940.28125,
        66908.78125,
        28915.69140625,
        1136843.5,
        18754178.0
      ],
      "minmse_pos": 3
    },
    "/layer1/layer1.1/act2/Relu_output_0": {
      "count": 12845056,
      "vmin": 0.0,
      "vmax": 17.859375,
      "minmax_pos": 3,
      "candidate_positions": [
        2,
        3,
        4,
        5,
        6
      ],
      "candidate_sqerr": [
        35230.98828125,
        8815.5361328125,
        143112.890625,
        10697058.0,
        35460832.0
      ],
      "minmse_pos": 3
    },
    "/layer1/layer1.1/conv3/Conv_output_0": {
      "count": 51380224,
      "vmin": -21.203125,
      "vmax": 17.65625,
      "minmax_pos": 3,
      "candidate_positions": [
        2,
        3,
        4,
        5,
        6
      ],
      "candidate_sqerr": [
        250960.375,
        67695.5703125,
        167893.984375,
        3071742.25,
        13535514.0
      ],
      "minmse_pos": 3
    },
    "/layer1/layer1.1/Add_output_0": {
      "count": 51380224,
      "vmin": -21.203125,
      "vmax": 17.65625,
      "minmax_pos": 3,
      "candidate_positions": [
        2,
        3,
        4,
        5,
        6
      ],
      "candidate_sqerr": [
        260608.21875,
        68519.1875,
        181209.71875,
        7815950.0,
        30746372.0
      ],
      "minmse_pos": 3
    },
    "/layer1/layer1.1/act3/Relu_output_0": {
      "count": 51380224,
      "vmin": 0.0,
      "vmax": 17.65625,
      "minmax_pos": 3,
      "candidate_positions": [
        2,
        3,
        4,
        5,
        6
      ],
      "candidate_sqerr": [
        171819.484375,
        43966.29296875,
        64063.68359375,
        4917041.5,
        17740566.0
      ],
      "minmse_pos": 3
    },
    "/layer1/layer1.2/conv1/Conv_output_0": {
      "count": 12845056,
      "vmin": -42.625,
      "vmax": 20.953125,
      "minmax_pos": 2,
      "candidate_positions": [
        1,
        2,
        3,
        4,
        5
      ],
      "candidate_sqerr": [
        264301.3125,
        67394.515625,
        93017.7109375,
        3870300.25,
        19746272.0
      ],
      "minmse_pos": 2
    },
    "/layer1/layer1.2/act1/Relu_output_0": {
      "count": 12845056,
      "vmin": 0.0,
      "vmax": 20.953125,
      "minmax_pos": 3,
      "candidate_positions": [
        2,
        3,
        4,
        5,
        6
      ],
      "candidate_sqerr": [
        33379.9609375,
        8577.0263671875,
        66825.0078125,
        2328825.75,
        8542222.0
      ],
      "minmse_pos": 3
    },
    "/layer1/layer1.2/conv2/Conv_output_0": {
      "count": 12845056,
      "vmin": -72.6875,
      "vmax": 86.9375,
      "minmax_pos": 1,
      "candidate_positions": [
        0,
        1,
        2,
        3,
        4
      ],
      "candidate_sqerr": [
        1070027.625,
        297449.65625,
        629473.5,
        1472701.0,
        5751537.0
      ],
      "minmse_pos": 1
    },
    "/layer1/layer1.2/act2/Relu_output_0": {
      "count": 12845056,
      "vmin": 0.0,
      "vmax": 86.9375,
      "minmax_pos": 1,
      "candidate_positions": [
        0,
        1,
        2,
        3,
        4
      ],
      "candidate_sqerr": [
        543211.5625,
        162788.640625,
        363718.75,
        724015.375,
        2196986.5
      ],
      "minmse_pos": 1
    },
    "/layer1/layer1.2/conv3/Conv_output_0": {
      "count": 51380224,
      "vmin": -76.0625,
      "vmax": 23.5,
      "minmax_pos": 1,
      "candidate_positions": [
        0,
        1,
        2,
        3,
        4
      ],
      "candidate_sqerr": [
        3166689.0,
        920535.8125,
        596522.25,
        1225255.875,
        2417367.25
      ],
      "minmse_pos": 2
    },
    "/layer1/layer1.2/Add_output_0": {
      "count": 51380224,
      "vmin": -66.375,
      "vmax": 23.5,
      "minmax_pos": 1,
      "candidate_positions": [
        0,
        1,
        2,
        3,
        4
      ],
      "candidate_sqerr": [
        4099030.0,
        1045465.875,
        449385.5,
        898321.5,
        1971646.625
      ],
      "minmse_pos": 2
    },
    "/layer1/layer1.2/act3/Relu_output_0": {
      "count": 51380224,
      "vmin": 0.0,
      "vmax": 23.5,
      "minmax_pos": 2,
      "candidate_positions": [
        1,
        2,
        3,
        4,
        5
      ],
      "candidate_sqerr": [
        712538.5,
        176432.96875,
        48020.73046875,
        78222.5859375,
        4514626.5
      ],
      "minmse_pos": 3
    },
    "/layer2/layer2.0/conv1/Conv_output_0": {
      "count": 25690112,
      "vmin": -71.5,
      "vmax": 33.0,
      "minmax_pos": 1,
      "candidate_positions": [
        0,
        1,
        2,
        3,
        4
      ],
      "candidate_sqerr": [
        2140376.5,
        536710.375,
        303993.40625,
        607743.5,
        2564725.75
      ],
      "minmse_pos": 2
    },
    "/layer2/layer2.0/act1/Relu_output_0": {
      "count": 25690112,
      "vmin": 0.0,
      "vmax": 33.0,
      "minmax_pos": 2,
      "candidate_positions": [
        1,
        2,
        3,
        4,
        5
      ],
      "candidate_sqerr": [
        187155.046875,
        46840.421875,
        12856.2744140625,
        40093.61328125,
        829882.75
      ],
      "minmse_pos": 3
    },
    "/layer2/layer2.0/conv2/Conv_output_0": {
      "count": 6422528,
      "vmin": -27.25,
      "vmax": 26.0625,
      "minmax_pos": 2,
      "candidate_positions": [
        1,
        2,
        3,
        4,
        5
      ],
      "candidate_sqerr": [
        133835.9375,
        33464.88671875,
        17314.646484375,
        2715733.25,
        20365248.0
      ],
      "minmse_pos": 3
    },
    "/layer2/layer2.0/act2/Relu_output_0": {
      "count": 6422528,
      "vmin": 0.0,
      "vmax": 26.0625,
      "minmax_pos": 2,
      "candidate_positions": [
        1,
        2,
        3,
        4,
        5
      ],
      "candidate_sqerr": [
        76234.34375,
        19056.56640625,
        10342.353515625,
        2433485.0,
        18265762.0
      ],
      "minmse_pos": 3
    },
    "/layer2/layer2.0/conv3/Conv_output_0": {
      "count": 25690112,
      "vmin": -46.28125,
      "vmax": 41.3125,
      "minmax_pos": 1,
      "candidate_positions": [
        0,
        1,
        2,
        3,
        4
      ],
      "candidate_sqerr": [
        2173610.75,
        531553.6875,
        137856.359375,
        901966.5,
        9038006.0
      ],
      "minmse_pos": 2
    },
    "/layer2/layer2.0/downsample/downsample.0/Conv_output_0": {
      "count": 25690112,
      "vmin": -57.6875,
      "vmax": 38.46875,
      "minmax_pos": 1,
      "candidate_positions": [
        0,
        1,
        2,
        3,
        4
      ],
      "candidate_sqerr": [
        2137087.25,
        535372.3125,
        164869.8125,
        571711.875,
        6074746.0
      ],
      "minmse_pos": 2
    },
    "/layer2/layer2.0/Add_output_0": {
      "count": 25690112,
      "vmin": -62.0625,
      "vmax": 44.375,
      "minmax_pos": 1,
      "candidate_positions": [
        0,
        1,
        2,
        3,
        4
      ],
      "candidate_sqerr": [
        2145195.0,
        534287.0,
        206306.03125,
        2072239.5,
        25837454.0
      ],
      "minmse_pos": 2
    },
    "/layer2/layer2.0/act3/Relu_output_0": {
      "count": 25690112,
      "vmin": 0.0,
      "vmax": 44.375,
      "minmax_pos": 2,
      "candidate_positions": [
        1,
        2,
        3,
        4,
        5
      ],
      "candidate_sqerr": [
        264506.625,
        67406.375,
        99455.1640625,
        4005793.25,
        24987786.0
      ],
      "minmse_pos": 2
    },
    "/layer2/layer2.1/conv1/Conv_output_0": {
      "count": 6422528,
      "vmin": -25.609375,
      "vmax": 22.171875,
      "minmax_pos": 2,
      "candidate_positions": [
        1,
        2,
        3,
        4,
        5
      ],
      "candidate_sqerr": [
        133777.671875,
        33457.3984375,
        16903.8671875,
        755708.5,
        5526770.0
      ],
      "minmse_pos": 3
    },
    "/layer2/layer2.1/act1/Relu_output_0": {
      "count": 6422528,
      "vmin": 0.0,
      "vmax": 22.171875,
      "minmax_pos": 3,
      "candidate_positions": [
        2,
        3,
        4,
        5,
        6
      ],
      "candidate_sqerr": [
        13691.0849609375,
        7910.73828125,
        195771.890625,
        1119649.875,
        3411545.5
      ],
      "minmse_pos": 3
    },
    "/layer2/layer2.1/conv2/Conv_output_0": {
      "count": 6422528,
      "vmin": -26.046875,
      "vmax": 11.6015625,
      "minmax_pos": 2,
      "candidate_positions": [
        1,
        2,
        3,
        4,
        5
      ],
      "candidate_sqerr": [
        133800.59375,
        33435.625,
        9341.0732421875,
        573958.625,
        5856940.0
      ],
      "minmse_pos": 3
    },
    "/layer2/layer2.1/act2/Relu_output_0": {
      "count": 6422528,
      "vmin": 0.0,
      "vmax": 11.6015625,
      "minmax_pos": 3,
      "candidate_positions": [
        2,
        3,
        4,
        5,
        6
      ],
      "candidate_sqerr": [
        14565.70703125,
        3648.59619140625,
        1982.866943359375,
        698512.375,
        3845092.0
      ],
      "minmse_pos": 4
    },
    "/layer2/layer2.1/conv3/Conv_output_0": {
      "count": 25690112,
      "vmin": -53.46875,
      "vmax": 30.484375,
      "minmax_pos": 1,
      "candidate_positions": [
        0,
        1,
        2,
        3,
        4
      ],
      "candidate_sqerr": [
        2067064.75,
        521967.8125,
        136252.15625,
        400751.5,
        7309800.5
      ],
      "minmse_pos": 2
    },
    "/layer2/layer2.1/Add_output_0": {
      "count": 25690112,
      "vmin": -52.0625,
      "vmax": 44.28125,
      "minmax_pos": 1,
      "candidate_positions": [
        0,
        1,
        2,
        3,
        4
      ],
      "candidate_sqerr": [
        2116057.75,
        531826.3125,
        137671.21875,
        430953.75,
        11648815.0
      ],
      "minmse_pos": 2
    },
    "/layer2/layer2.1/act3/Relu_output_0": {
      "count": 25690112,
      "vmin": 0.0,
      "vmax": 44.28125,
      "minmax_pos": 2,
      "candidate_positions": [
        1,
        2,
        3,
        4,
        5
      ],
      "candidate_sqerr": [
        296539.90625,
        76405.078125,
        99747.34375,
        5095330.0,
        27385806.0
      ],
      "minmse_pos": 2
    },
    "/layer2/layer2.2/conv1/Conv_output_0": {
      "count": 6422528,
      "vmin": -26.46875,
      "vmax": 13.5078125,
      "minmax_pos": 2,
      "candidate_positions": [
        1,
        2,
        3,
        4,
        5
      ],
      "candidate_sqerr": [
        133809.390625,
        33460.6640625,
        13793.8701171875,
        391683.46875,
        2910410.75
      ],
      "minmse_pos": 3
    },
    "/layer2/layer2.2/act1/Relu_output_0": {
      "count": 6422528,
      "vmin": 0.0,
      "vmax": 13.5078125,
      "minmax_pos": 3,
      "candidate_positions": [
        2,
        3,
        4,
        5,
        6
      ],
      "candidate_sqerr": [
        12869.876953125,
        3220.788818359375,
        1207.649169921875,
        51919.63671875,
        536336.375
      ],
      "minmse_pos": 4
    },
    "/layer2/layer2.2/conv2/Conv_output_0": {
      "count": 6422528,
      "vmin": -28.953125,
      "vmax": 17.78125,
      "minmax_pos": 2,
      "candidate_positions": [
        1,
        2,
        3,
        4,
        5
      ],
      "candidate_sqerr": [
        133839.265625,
        33455.6796875,
        11382.2509765625,
        511751.9375,
        7409196.5
      ],
      "minmse_pos": 3
    },
    "/layer2/layer2.2/act2/Relu_output_0": {
      "count": 6422528,
      "vmin": 0.0,
      "vmax": 17.78125,
      "minmax_pos": 3,
      "candidate_positions": [
        2,
        3,
        4,
        5,
        6
      ],
      "candidate_sqerr": [
        14132.37109375,
        3553.366455078125,
        272659.65625,
        4338871.0,
        11473371.0
      ],
      "minmse_pos": 3
    },
    "/layer2/layer2.2/conv3/Conv_output_0": {
      "count": 25690112,
      "vmin": -46.0625,
      "vmax": 30.90625,
      "minmax_pos": 1,
      "candidate_positions": [
        0,
        1,
        2,
        3,
        4
      ],
      "candidate_sqerr": [
        2028476.0,
        533069.1875,
        135659.84375,
        387536.5625,
        5129566.0
      ],
      "minmse_pos": 2
    },
    "/layer2/layer2.2/Add_output_0": {
      "count": 25690112,
      "vmin": -46.0625,
      "vmax": 43.1875,
      "minmax_pos": 1,
      "candidate_positions": [
        0,
        1,
        2,
        3,
        4
      ],
      "candidate_sqerr": [
        2094472.0,
        533823.5,
        136191.75,
        659881.0,
        12083122.0
      ],
      "minmse_pos": 2
    },
    "/layer2/layer2.2/act3/Relu_output_0": {
      "count": 25690112,
      "vmin": 0.0,
      "vmax": 43.1875,
      "minmax_pos": 2,
      "candidate_positions": [
        1,
        2,
        3,
        4,
        5
      ],
      "candidate_sqerr": [
        286883.59375,
        72766.84375,
        326448.25,
        7492668.0,
        33582648.0
      ],
      "minmse_pos": 2
    },
    "/layer2/layer2.3/conv1/Conv_output_0": {
      "count": 6422528,
      "vmin": -31.140625,
      "vmax": 20.90625,
      "minmax_pos": 2,
      "candidate_positions": [
        1,
        2,
        3,
        4,
        5
      ],
      "candidate_sqerr": [
        133811.9375,
        33444.12109375,
        19626.810546875,
        511941.8125,
        4086393.75
      ],
      "minmse_pos": 3
    },
    "/layer2/layer2.3/act1/Relu_output_0": {
      "count": 6422528,
      "vmin": 0.0,
      "vmax": 20.90625,
      "minmax_pos": 3,
      "candidate_positions": [
        2,
        3,
        4,
        5,
        6
      ],
      "candidate_sqerr": [
        10537.05078125,
        2888.53271484375,
        27209.142578125,
        227201.15625,
        1015677.25
      ],
      "minmse_pos": 3
    },
    "/layer2/layer2.3/conv2/Conv_output_0": {
      "count": 6422528,
      "vmin": -27.515625,
      "vmax": 20.4375,
      "minmax_pos": 2,
      "candidate_positions": [
        1,
        2,
        3,
        4,
        5
      ],
      "candidate_sqerr": [
        133838.140625,
        33449.95703125,
        8591.236328125,
        116707.28125,
        2663001.0
      ],
      "minmse_pos": 3
    },
    "/layer2/layer2.3/act2/Relu_output_0": {
      "count": 6422528,
      "vmin": 0.0,
      "vmax": 20.4375,
      "minmax_pos": 3,
      "candidate_positions": [
        2,
        3,
        4,
        5,
        6
      ],
      "candidate_sqerr": [
        14353.7529296875,
        3643.56103515625,
        6018.60986328125,
        354823.53125,
        2453533.5
      ],
      "minmse_pos": 3
    },
    "/layer2/layer2.3/conv3/Conv_output_0": {
      "count": 25690112,
      "vmin": -59.59375,
      "vmax": 26.96875,
      "minmax_pos": 1,
      "candidate_positions": [
        0,
        1,
        2,
        3,
        4
      ],
      "candidate_sqerr": [
        2061993.125,
        523448.25,
        135818.828125,
        264961.78125,
        4293112.0
      ],
      "minmse_pos": 2
    },
    "/layer2/layer2.3/Add_output_0": {
      "count": 25690112,
      "vmin": -59.53125,
      "vmax": 37.6875,
      "minmax_pos": 1,
      "candidate_positions": [
        0,
        1,
        2,
        3,
        4
      ],
      "candidate_sqerr": [
        2135113.5,
        530412.1875,
        135601.546875,
        693428.6875,
        12819965.0
      ],
      "minmse_pos": 2
    },
    "/layer2/layer2.3/act3/Relu_output_0": {
      "count": 25690112,
      "vmin": 0.0,
      "vmax": 37.6875,
      "minmax_pos": 2,
      "candidate_positions": [
        1,
        2,
        3,
        4,
        5
      ],
      "candidate_sqerr": [
        276717.59375,
        70215.8046875,
        456773.84375,
        8817902.0,
        38831784.0
      ],
      "minmse_pos": 2
    },
    "/layer3/layer3.0/conv1/Conv_output_0": {
      "count": 12845056,
      "vmin": -25.125,
      "vmax": 29.71875,
      "minmax_pos": 2,
      "candidate_positions": [
        1,
        2,
        3,
        4,
        5
      ],
      "candidate_sqerr": [
        267589.03125,
        66893.0390625,
        20034.2421875,
        573095.625,
        7727630.0
      ],
      "minmse_pos": 3
    },
    "/layer3/layer3.0/act1/Relu_output_0": {
      "count": 12845056,
      "vmin": 0.0,
      "vmax": 29.71875,
      "minmax_pos": 2,
      "candidate_positions": [
        1,
        2,
        3,
        4,
        5
      ],
      "candidate_sqerr": [
        71099.4375,
        17786.47265625,
        5401.615234375,
        34533.328125,
        375784.8125
      ],
      "minmse_pos": 3
    },
    "/layer3/layer3.0/conv2/Conv_output_0": {
      "count": 3211264,
      "vmin": -33.21875,
      "vmax": 19.734375,
      "minmax_pos": 2,
      "candidate_positions": [
        1,
        2,
        3,
        4,
        5
      ],
      "candidate_sqerr": [
        66894.640625,
        16733.255859375,
        10865.1484375,
        343822.3125,
        3994400.25
      ],
      "minmse_pos": 3
    },
    "/layer3/layer3.0/act2/Relu_output_0": {
      "count": 3211264,
      "vmin": 0.0,
      "vmax": 19.734375,
      "minmax_pos": 3,
      "candidate_positions": [
        2,
        3,
        4,
        5,
        6
      ],
      "candidate_sqerr": [
        10049.71484375,
        2554.073974609375,
        74347.84375,
        2358433.0,
        8166248.5
      ],
      "minmse_pos": 3
    },
    "/layer3/layer3.0/conv3/Conv_output_0": {
      "count": 12845056,
      "vmin": -40.28125,
      "vmax": 33.78125,
      "minmax_pos": 2,
      "candidate_positions": [
        1,
        2,
        3,
        4,
        5
      ],
      "candidate_sqerr": [
        266592.90625,
        67264.828125,
        108441.078125,
        3264220.0,
        18816618.0
      ],
      "minmse_pos": 2
    },
    "/layer3/layer3.0/downsample/downsample.0/Conv_output_0": {
      "count": 12845056,
      "vmin": -44.8125,
      "vmax": 22.46875,
      "minmax_pos": 2,
      "candidate_positions": [
        1,
        2,
        3,
        4,
        5
      ],
      "candidate_sqerr": [
        267797.28125,
        67160.734375,
        38282.328125,
        993409.75,
        8310704.0
      ],
      "minmse_pos": 3
    },
    "/layer3/layer3.0/Add_output_0": {
      "count": 12845056,
      "vmin": -65.5625,
      "vmax": 47.4375,
      "minmax_pos": 1,
      "candidate_positions": [
        0,
        1,
        2,
        3,
        4
      ],
      "candidate_sqerr": [
        1068550.75,
        267347.84375,
        82663.1015625,
        1651692.5,
        22190894.0
      ],
      "minmse_pos": 2
    },
    "/layer3/layer3.0/act3/Relu_output_0": {
      "count": 12845056,
      "vmin": 0.0,
      "vmax": 47.4375,
      "minmax_pos": 1,
      "candidate_positions": [
        0,
        1,
        2,
        3,
        4
      ],
      "candidate_sqerr": [
        407461.96875,
        102001.890625,
        27312.70703125,
        61967.7421875,
        815018.375
      ],
      "minmse_pos": 2
    },
    "/layer3/layer3.1/conv1/Conv_output_0": {
      "count": 3211264,
      "vmin": -26.578125,
      "vmax": 28.71875,
      "minmax_pos": 2,
      "candidate_positions": [
        1,
        2,
        3,
        4,
        5
      ],
      "candidate_sqerr": [
        66947.8125,
        16725.962890625,
        8965.3779296875,
        307997.0,
        2436081.5
      ],
      "minmse_pos": 3
    },
    "/layer3/layer3.1/act1/Relu_output_0": {
      "count": 3211264,
      "vmin": 0.0,
      "vmax": 28.71875,
      "minmax_pos": 2,
      "candidate_positions": [
        1,
        2,
        3,
        4,
        5
      ],
      "candidate_sqerr": [
        27336.150390625,
        6834.03662109375,
        2410.246826171875,
        11896.3642578125,
        135632.0625
      ],
      "minmse_pos": 3
    },
    "/layer3/layer3.1/conv2/Conv_output_0": {
      "count": 3211264,
      "vmin": -38.375,
      "vmax": 16.796875,
      "minmax_pos": 2,
      "candidate_positions": [
        1,
        2,
        3,
        4,
        5
      ],
      "candidate_sqerr": [
        66871.1484375,
        16783.484375,
        46252.83984375,
        484673.90625,
        2452360.5
      ],
      "minmse_pos": 2
    },
    "/layer3/layer3.1/act2/Relu_output_0": {
      "count": 3211264,
      "vmin": 0.0,
      "vmax": 16.796875,
      "minmax_pos": 3,
      "candidate_positions": [
        2,
        3,
        4,
        5,
        6
      ],
      "candidate_sqerr": [
        6234.2626953125,
        1557.6319580078125,
        7411.33447265625,
        239779.1875,
        1238324.0
      ],
      "minmse_pos": 3
    },
    "/layer3/layer3.1/conv3/Conv_output_0": {
      "count": 12845056,
      "vmin": -36.375,
      "vmax": 21.125,
      "minmax_pos": 2,
      "candidate_positions": [
        1,
        2,
        3,
        4,
        5
      ],
      "candidate_sqerr": [
        267728.84375,
        67115.671875,
        93864.71875,
        3116269.5,
        15372166.0
      ],
      "minmse_pos": 2
    },
    "/layer3/layer3.1/Add_output_0": {
      "count": 12845056,
      "vmin": -36.375,
      "vmax": 42.71875,
      "minmax_pos": 2,
      "candidate_positions": [
        1,
        2,
        3,
        4,
        5
      ],
      "candidate_sqerr": [
        267687.375,
        68053.0859375,
        119246.1640625,
        3179432.75,
        17629192.0
      ],
      "minmse_pos": 2
    },
    "/layer3/layer3.1/act3/Relu_output_0": {
      "count": 12845056,
      "vmin": 0.0,
      "vmax": 42.71875,
      "minmax_pos": 2,
      "candidate_positions": [
        1,
        2,
        3,
        4,
        5
      ],
      "candidate_sqerr": [
        117738.125,
        30483.837890625,
        52953.53125,
        670034.5,
        4850729.0
      ],
      "minmse_pos": 2
    },
    "/layer3/layer3.2/conv1/Conv_output_0": {
      "count": 3211264,
      "vmin": -24.703125,
      "vmax": 24.84375,
      "minmax_pos": 2,
      "candidate_positions": [
        1,
        2,
        3,
        4,
        5
      ],
      "candidate_sqerr": [
        66960.203125,
        16725.90234375,
        7111.08837890625,
        271423.0625,
        2471580.75
      ],
      "minmse_pos": 3
    },
    "/layer3/layer3.2/act1/Relu_output_0": {
      "count": 3211264,
      "vmin": 0.0,
      "vmax": 24.84375,
      "minmax_pos": 2,
      "candidate_positions": [
        1,
        2,
        3,
        4,
        5
      ],
      "candidate_sqerr": [
        21587.982421875,
        5400.6474609375,
        1570.2557373046875,
        8963.3994140625,
        126148.7421875
      ],
      "minmse_pos": 3
    },
    "/layer3/layer3.2/conv2/Conv_output_0": {
      "count": 3211264,
      "vmin": -18.65625,
      "vmax": 18.28125,
      "minmax_pos": 3,
      "candidate_positions": [
        2,
        3,
        4,
        5,
        6
      ],
      "candidate_sqerr": [
        16729.91796875,
        4208.6025390625,
        26893.40234375,
        951528.25,
        4655055.5
      ],
      "minmse_pos": 3
    },
    "/layer3/layer3.2/act2/Relu_output_0": {
      "count": 3211264,
      "vmin": 0.0,
      "vmax": 18.28125,
      "minmax_pos": 3,
      "candidate_positions": [
        2,
        3,
        4,
        5,
        6
      ],
      "candidate_sqerr": [
        5793.12890625,
        1457.804931640625,
        1756.95849609375,
        52428.50390625,
        557022.6875
      ],
      "minmse_pos": 3
    },
    "/layer3/layer3.2/conv3/Conv_output_0": {
      "count": 12845056,
      "vmin": -34.375,
      "vmax": 30.4375,
      "minmax_pos": 2,
      "candidate_positions": [
        1,
        2,
        3,
        4,
        5
      ],
      "candidate_sqerr": [
        267851.09375,
        66900.09375,
        48446.1171875,
        1717879.875,
        9988032.0
      ],
      "minmse_pos": 3
    },
    "/layer3/layer3.2/Add_output_0": {
      "count": 12845056,
      "vmin": -34.375,
      "vmax": 43.96875,
      "minmax_pos": 2,
      "candidate_positions": [
        1,
        2,
        3,
        4,
        5
      ],
      "candidate_sqerr": [
        267773.90625,
        67909.0625,
        101592.578125,
        2141294.75,
        13172732.0
      ],
      "minmse_pos": 2
    },
    "/layer3/layer3.2/act3/Relu_output_0": {
      "count": 12845056,
      "vmin": 0.0,
      "vmax": 43.96875,
      "minmax_pos": 2,
      "candidate_positions": [
        1,
        2,
        3,
        4,
        5
      ],
      "candidate_sqerr": [
        116638.3359375,
        30234.625,
        69988.7734375,
        879320.8125,
        5460817.5
      ],
      "minmse_pos": 2
    },
    "/layer3/layer3.3/conv1/Conv_output_0": {
      "count": 3211264,
      "vmin": -31.375,
      "vmax": 24.765625,
      "minmax_pos": 2,
      "candidate_positions": [
        1,
        2,
        3,
        4,
        5
      ],
      "candidate_sqerr": [
        66907.1796875,
        16711.55859375,
        6990.82177734375,
        293728.65625,
        2860543.0
      ],
      "minmse_pos": 3
    },
    "/layer3/layer3.3/act1/Relu_output_0": {
      "count": 3211264,
      "vmin": 0.0,
      "vmax": 24.765625,
      "minmax_pos": 2,
      "candidate_positions": [
        1,
        2,
        3,
        4,
        5
      ],
      "candidate_sqerr": [
        18447.275390625,
        4605.6435546875,
        1561.8529052734375,
        9629.59375,
        81648.578125
      ],
      "minmse_pos": 3
    },
    "/layer3/layer3.3/conv2/Conv_output_0": {
      "count": 3211264,
      "vmin": -24.34375,
      "vmax": 27.140625,
      "minmax_pos": 2,
      "candidate_positions": [
        1,
        2,
        3,
        4,
        5
      ],
      "candidate_sqerr": [
        66900.09375,
        16725.865234375,
        5112.79833984375,
        91130.25,
        1369651.5
      ],
      "minmse_pos": 3
    },
    "/layer3/layer3.3/act2/Relu_output_0": {
      "count": 3211264,
      "vmin": 0.0,
      "vmax": 27.140625,
      "minmax_pos": 2,
      "candidate_positions": [
        1,
        2,
        3,
        4,
        5
      ],
      "candidate_sqerr": [
        24567.212890625,
        6144.65673828125,
        1865.283447265625,
        4718.95849609375,
        99604.5859375
      ],
      "minmse_pos": 3
    },
    "/layer3/layer3.3/conv3/Conv_output_0": {
      "count": 12845056,
      "vmin": -44.59375,
      "vmax": 41.875,
      "minmax_pos": 2,
      "candidate_positions": [
        1,
        2,
        3,
        4,
        5
      ],
      "candidate_sqerr": [
        267538.4375,
        69594.6484375,
        652077.0,
        7519356.0,
        26631734.0
      ],
      "minmse_pos": 2
    },
    "/layer3/layer3.3/Add_output_0": {
      "count": 12845056,
      "vmin": -44.59375,
      "vmax": 54.0,
      "minmax_pos": 1,
      "candidate_positions": [
        0,
        1,
        2,
        3,
        4
      ],
      "candidate_sqerr": [
        1066649.625,
        267432.84375,
        75875.34375,
        573957.75,
        6758886.5
      ],
      "minmse_pos": 2
    },
    "/layer3/layer3.3/act3/Relu_output_0": {
      "count": 12845056,
      "vmin": 0.0,
      "vmax": 54.0,
      "minmax_pos": 1,
      "candidate_positions": [
        0,
        1,
        2,
        3,
        4
      ],
      "candidate_sqerr": [
        421032.625,
        107053.484375,
        34320.03125,
        126547.5703125,
        999019.125
      ],
      "minmse_pos": 2
    },
    "/layer3/layer3.4/conv1/Conv_output_0": {
      "count": 3211264,
      "vmin": -30.328125,
      "vmax": 28.296875,
      "minmax_pos": 2,
      "candidate_positions": [
        1,
        2,
        3,
        4,
        5
      ],
      "candidate_sqerr": [
        66890.6640625,
        16718.66015625,
        22322.83203125,
        581274.125,
        3653462.75
      ],
      "minmse_pos": 2
    },
    "/layer3/layer3.4/act1/Relu_output_0": {
      "count": 3211264,
      "vmin": 0.0,
      "vmax": 28.296875,
      "minmax_pos": 2,
      "candidate_positions": [
        1,
        2,
        3,
        4,
        5
      ],
      "candidate_sqerr": [
        15845.7841796875,
        3963.448486328125,
        2135.57568359375,
        17777.943359375,
        107953.3125
      ],
      "minmse_pos": 3
    },
    "/layer3/layer3.4/conv2/Conv_output_0": {
      "count": 3211264,
      "vmin": -25.9375,
      "vmax": 29.875,
      "minmax_pos": 2,
      "candidate_positions": [
        1,
        2,
        3,
        4,
        5
      ],
      "candidate_sqerr": [
        66932.484375,
        16728.275390625,
        9286.0478515625,
        371194.8125,
        3259036.0
      ],
      "minmse_pos": 3
    },
    "/layer3/layer3.4/act2/Relu_output_0": {
      "count": 3211264,
      "vmin": 0.0,
      "vmax": 29.875,
      "minmax_pos": 2,
      "candidate_positions": [
        1,
        2,
        3,
        4,
        5
      ],
      "candidate_sqerr": [
        29789.474609375,
        7437.9833984375,
        3233.048583984375,
        14844.89453125,
        261161.84375
      ],
      "minmse_pos": 3
    },
    "/layer3/layer3.4/conv3/Conv_output_0": {
      "count": 12845056,
      "vmin": -43.5625,
      "vmax": 37.15625,
      "minmax_pos": 2,
      "candidate_positions": [
        1,
        2,
        3,
        4,
        5
      ],
      "candidate_sqerr": [
        267929.5625,
        67112.78125,
        195420.390625,
        4734316.0,
        23517670.0
      ],
      "minmse_pos": 2
    },
    "/layer3/layer3.4/Add_output_0": {
      "count": 12845056,
      "vmin": -39.3125,
      "vmax": 63.03125,
      "minmax_pos": 1,
      "candidate_positions": [
        0,
        1,
        2,
        3,
        4
      ],
      "candidate_sqerr": [
        1063336.875,
        267899.03125,
        83812.8125,
        395126.125,
        6006121.0
      ],
      "minmse_pos": 2
    },
    "/layer3/layer3.4/act3/Relu_output_0": {
      "count": 12845056,
      "vmin": 0.0,
      "vmax": 63.03125,
      "minmax_pos": 1,
      "candidate_positions": [
        0,
        1,
        2,
        3,
        4
      ],
      "candidate_sqerr": [
        399657.90625,
        101494.8828125,
        41978.15234375,
        222784.25,
        1582228.25
      ],
      "minmse_pos": 2
    },
    "/layer3/layer3.5/conv1/Conv_output_0": {
      "count": 3211264,
      "vmin": -25.328125,
      "vmax": 19.25,
      "minmax_pos": 2,
      "candidate_positions": [
        1,
        2,
        3,
        4,
        5
      ],
      "candidate_sqerr": [
        66874.8125,
        16716.80078125,
        5833.26318359375,
        245132.65625,
        2914437.75
      ],
      "minmse_pos": 3
    },
    "/layer3/layer3.5/act1/Relu_output_0": {
      "count": 3211264,
      "vmin": 0.0,
      "vmax": 19.25,
      "minmax_pos": 3,
      "candidate_positions": [
        2,
        3,
        4,
        5,
        6
      ],
      "candidate_sqerr": [
        3273.08984375,
        849.9375610351562,
        4701.9326171875,
        45322.5703125,
        217869.609375
      ],
      "minmse_pos": 3
    },
    "/layer3/layer3.5/conv2/Conv_output_0": {
      "count": 3211264,
      "vmin": -29.265625,
      "vmax": 28.5625,
      "minmax_pos": 2,
      "candidate_positions": [
        1,
        2,
        3,
        4,
        5
      ],
      "candidate_sqerr": [
        66893.421875,
        16741.234375,
        7308.572265625,
        170849.0625,
        2143908.25
      ],
      "minmse_pos": 3
    },
    "/layer3/layer3.5/act2/Relu_output_0": {
      "count": 3211264,
      "vmin": 0.0,
      "vmax": 28.5625,
      "minmax_pos": 2,
      "candidate_positions": [
        1,
        2,
        3,
        4,
        5
      ],
      "candidate_sqerr": [
        31998.599609375,
        8008.74658203125,
        2829.34619140625,
        27140.18359375,
        472953.5
      ],
      "minmse_pos": 3
    },
    "/layer3/layer3.5/conv3/Conv_output_0": {
      "count": 12845056,
      "vmin": -45.65625,
      "vmax": 32.8125,
      "minmax_pos": 1,
      "candidate_positions": [
        0,
        1,
        2,
        3,
        4
      ],
      "candidate_sqerr": [
        1062703.875,
        266907.71875,
        69043.9375,
        254914.375,
        3708472.5
      ],
      "minmse_pos": 2
    },
    "/layer3/layer3.5/Add_output_0": {
      "count": 12845056,
      "vmin": -45.65625,
      "vmax": 64.8125,
      "minmax_pos": 1,
      "candidate_positions": [
        0,
        1,
        2,
        3,
        4
      ],
      "candidate_sqerr": [
        1070144.375,
        267732.90625,
        95858.3515625,
        569676.625,
        5776942.5
      ],
      "minmse_pos": 2
    },
    "/layer3/layer3.5/act3/Relu_output_0": {
      "count": 12845056,
      "vmin": 0.0,
      "vmax": 64.8125,
      "minmax_pos": 1,
      "candidate_positions": [
        0,
        1,
        2,
        3,
        4
      ],
      "candidate_sqerr": [
        424691.03125,
        106249.5625,
        53444.83203125,
        327123.375,
        2176259.0
      ],
      "minmse_pos": 2
    },
    "/layer4/layer4.0/conv1/Conv_output_0": {
      "count": 6422528,
      "vmin": -23.203125,
      "vmax": 25.5625,
      "minmax_pos": 2,
      "candidate_positions": [
        1,
        2,
        3,
        4,
        5
      ],
      "candidate_sqerr": [
        133849.421875,
        33461.1171875,
        8807.5556640625,
        140781.03125,
        3381217.0
      ],
      "minmse_pos": 3
    },
    "/layer4/layer4.0/act1/Relu_output_0": {
      "count": 6422528,
      "vmin": 0.0,
      "vmax": 25.5625,
      "minmax_pos": 2,
      "candidate_positions": [
        1,
        2,
        3,
        4,
        5
      ],
      "candidate_sqerr": [
        18880.81640625,
        4726.1220703125,
        1296.636474609375,
        4340.4443359375,
        47482.7734375
      ],
      "minmse_pos": 3
    },
    "/layer4/layer4.0/conv2/Conv_output_0": {
      "count": 1605632,
      "vmin": -33.25,
      "vmax": 28.640625,
      "minmax_pos": 2,
      "candidate_positions": [
        1,
        2,
        3,
        4,
        5
      ],
      "candidate_sqerr": [
        33425.33984375,
        8366.9482421875,
        13777.0732421875,
        257071.59375,
        1649677.75
      ],
      "minmse_pos": 2
    },
    "/layer4/layer4.0/act2/Relu_output_0": {
      "count": 1605632,
      "vmin": 0.0,
      "vmax": 28.640625,
      "minmax_pos": 2,
      "candidate_positions": [
        1,
        2,
        3,
        4,
        5
      ],
      "candidate_sqerr": [
        13107.12109375,
        3289.521484375,
        1239.17626953125,
        49751.23046875,
        417401.4375
      ],
      "minmse_pos": 3
    },
    "/layer4/layer4.0/conv3/Conv_output_0": {
      "count": 6422528,
      "vmin": -23.3125,
      "vmax": 20.59375,
      "minmax_pos": 2,
      "candidate_positions": [
        1,
        2,
        3,
        4,
        5
      ],
      "candidate_sqerr": [
        133867.015625,
        33455.90625,
        9090.291015625,
        126989.0,
        2396329.25
      ],
      "minmse_pos": 3
    },
    "/layer4/layer4.0/downsample/downsample.0/Conv_output_0": {
      "count": 6422528,
      "vmin": -21.671875,
      "vmax": 24.90625,
      "minmax_pos": 2,
      "candidate_positions": [
        1,
        2,
        3,
        4,
        5
      ],
      "candidate_sqerr": [
        133620.125,
        33459.85546875,
        8743.3330078125,
        95252.296875,
        2220622.25
      ],
      "minmse_pos": 3
    },
    "/layer4/layer4.0/Add_output_0": {
      "count": 6422528,
      "vmin": -43.46875,
      "vmax": 31.140625,
      "minmax_pos": 2,
      "candidate_positions": [
        1,
        2,
        3,
        4,
        5
      ],
      "candidate_sqerr": [
        133848.046875,
        33611.5390625,
        108335.8984375,
        4683861.5,
        30141590.0
      ],
      "minmse_pos": 2
    },
    "/layer4/layer4.0/act3/Relu_output_0": {
      "count": 6422528,
      "vmin": 0.0,
      "vmax": 31.140625,
      "minmax_pos": 2,
      "candidate_positions": [
        1,
        2,
        3,
        4,
        5
      ],
      "candidate_sqerr": [
        10084.6181640625,
        2533.321044921875,
        2239.6474609375,
        14562.009765625,
        81761.8984375
      ],
      "minmse_pos": 3
    },
    "/layer4/layer4.1/conv1/Conv_output_0": {
      "count": 1605632,
      "vmin": -34.0625,
      "vmax": 33.25,
      "minmax_pos": 2,
      "candidate_positions": [
        1,
        2,
        3,
        4,
        5
      ],
      "candidate_sqerr": [
        33378.9140625,
        8372.224609375,
        6714.0751953125,
        60394.21875,
        496949.40625
      ],
      "minmse_pos": 3
    },
    "/layer4/layer4.1/act1/Relu_output_0": {
      "count": 1605632,
      "vmin": 0.0,
      "vmax": 33.25,
      "minmax_pos": 2,
      "candidate_positions": [
        1,
        2,
        3,
        4,
        5
      ],
      "candidate_sqerr": [
        10409.126953125,
        2621.81005859375,
        3584.45068359375,
        15248.9736328125,
        69114.7265625
      ],
      "minmse_pos": 2
    },
    "/layer4/layer4.1/conv2/Conv_output_0": {
      "count": 1605632,
      "vmin": -21.734375,
      "vmax": 13.0078125,
      "minmax_pos": 3,
      "candidate_positions": [
        2,
        3,
        4,
        5,
        6
      ],
      "candidate_sqerr": [
        8362.4296875,
        2270.955810546875,
        34946.30078125,
        534339.3125,
        2372870.5
      ],
      "minmse_pos": 3
    },
    "/layer4/layer4.1/act2/Relu_output_0": {
      "count": 1605632,
      "vmin": 0.0,
      "vmax": 13.0078125,
      "minmax_pos": 3,
      "candidate_positions": [
        2,
        3,
        4,
        5,
        6
      ],
      "candidate_sqerr": [
        2023.41015625,
        506.5884094238281,
        631.0576171875,
        16682.517578125,
        123333.0625
      ],
      "minmse_pos": 3
    },
    "/layer4/layer4.1/conv3/Conv_output_0": {
      "count": 6422528,
      "vmin": -17.15625,
      "vmax": 8.453125,
      "minmax_pos": 3,
      "candidate_positions": [
        2,
        3,
        4,
        5,
        6
      ],
      "candidate_sqerr": [
        33432.140625,
        8370.3994140625,
        19876.763671875,
        903449.125,
        6073250.0
      ],
      "minmse_pos": 3
    },
    "/layer4/layer4.1/Add_output_0": {
      "count": 6422528,
      "vmin": -17.15625,
      "vmax": 32.1875,
      "minmax_pos": 2,
      "candidate_positions": [
        1,
        2,
        3,
        4,
        5
      ],
      "candidate_sqerr": [
        133824.265625,
        33439.03125,
        9143.0517578125,
        29196.08984375,
        939407.5625
      ],
      "minmse_pos": 3
    },
    "/layer4/layer4.1/act3/Relu_output_0": {
      "count": 6422528,
      "vmin": 0.0,
      "vmax": 32.1875,
      "minmax_pos": 2,
      "candidate_positions": [
        1,
        2,
        3,
        4,
        5
      ],
      "candidate_sqerr": [
        10065.900390625,
        2547.03857421875,
        1411.7513427734375,
        10390.5478515625,
        61452.84375
      ],
      "minmse_pos": 3
    },
    "/layer4/layer4.2/conv1/Conv_output_0": {
      "count": 1605632,
      "vmin": -25.484375,
      "vmax": 19.375,
      "minmax_pos": 2,
      "candidate_positions": [
        1,
        2,
        3,
        4,
        5
      ],
      "candidate_sqerr": [
        33439.1953125,
        8359.6767578125,
        3044.24267578125,
        75888.2421875,
        712287.875
      ],
      "minmse_pos": 3
    },
    "/layer4/layer4.2/act1/Relu_output_0": {
      "count": 1605632,
      "vmin": 0.0,
      "vmax": 19.375,
      "minmax_pos": 3,
      "candidate_positions": [
        2,
        3,
        4,
        5,
        6
      ],
      "candidate_sqerr": [
        1624.824462890625,
        418.51904296875,
        1239.3072509765625,
        8921.2353515625,
        31399.2265625
      ],
      "minmse_pos": 3
    },
    "/layer4/layer4.2/conv2/Conv_output_0": {
      "count": 1605632,
      "vmin": -41.21875,
      "vmax": 15.5390625,
      "minmax_pos": 2,
      "candidate_positions": [
        1,
        2,
        3,
        4,
        5
      ],
      "candidate_sqerr": [
        33440.08984375,
        8731.7578125,
        17008.615234375,
        151991.65625,
        838401.0625
      ],
      "minmse_pos": 2
    },
    "/layer4/layer4.2/act2/Relu_output_0": {
      "count": 1605632,
      "vmin": 0.0,
      "vmax": 15.5390625,
      "minmax_pos": 3,
      "candidate_positions": [
        2,
        3,
        4,
        5,
        6
      ],
      "candidate_sqerr": [
        2480.31640625,
        619.3478393554688,
        1682.379150390625,
        24094.30859375,
        99745.1171875
      ],
      "minmse_pos": 3
    },
    "/layer4/layer4.2/conv3/Conv_output_0": {
      "count": 6422528,
      "vmin": -33.8125,
      "vmax": 17.78125,
      "minmax_pos": 2,
      "candidate_positions": [
        1,
        2,
        3,
        4,
        5
      ],
      "candidate_sqerr": [
        133862.5625,
        33466.859375,
        15403.7626953125,
        171028.203125,
        1155061.875
      ],
      "minmse_pos": 3
    },
    "/layer4/layer4.2/Add_output_0": {
      "count": 6422528,
      "vmin": -33.8125,
      "vmax": 35.28125,
      "minmax_pos": 2,
      "candidate_positions": [
        1,
        2,
        3,
        4,
        5
      ],
      "candidate_sqerr": [
        133860.5625,
        33472.7265625,
        15964.876953125,
        162928.0625,
        1115612.875
      ],
      "minmse_pos": 3
    },
    "/layer4/layer4.2/act3/Relu_output_0": {
      "count": 6422528,
      "vmin": 0.0,
      "vmax": 35.28125,
      "minmax_pos": 2,
      "candidate_positions": [
        1,
        2,
        3,
        4,
        5
      ],
      "candidate_sqerr": [
        6937.8271484375,
        1794.3475341796875,
        1869.3626708984375,
        11029.7001953125,
        54602.15625
      ],
      "minmse_pos": 2
    },
    "/global_pool/pool/GlobalAveragePool_output_0": {
      "count": 131072,
      "vmin": 0.0,
      "vmax": 4.41015625,
      "minmax_pos": 5,
      "candidate_positions": [
        4,
        5,
        6,
        7,
        8
      ],
      "candidate_sqerr": [
        15.800382614135742,
        4.6104536056518555,
        43.46125793457031,
        217.77650451660156,
        593.4551391601562
      ],
      "minmse_pos": 5
    },
    "/global_pool/flatten/Flatten_output_0": {
      "count": 131072,
      "vmin": 0.0,
      "vmax": 4.41015625,
      "minmax_pos": 5,
      "candidate_positions": [
        4,
        5,
        6,
        7,
        8
      ],
      "candidate_sqerr": [
        15.800382614135742,
        4.6104536056518555,
        43.46125793457031,
        217.77650451660156,
        593.4551391601562
      ],
      "minmse_pos": 5
    },
    "output": {
      "count": 64000,
      "vmin": -16.78125,
      "vmax": 14.8125,
      "minmax_pos": 3,
      "candidate_positions": [
        2,
        3,
        4,
        5,
        6
      ],
      "candidate_sqerr": [
        335.4488830566406,
        84.4262466430664,
        425400.96875,
        2563271.0,
        4395122.5
      ],
      "minmse_pos": 3
    },
    "onnx::Conv_497": {
      "count": 9408,
      "vmin": -2.654186248779297,
      "vmax": 1.7661172151565552,
      "minmax_pos": 6,
      "candidate_positions": [
        5,
        6,
        7,
        8,
        9
      ],
      "candidate_sqerr": [
        0.7410874962806702,
        0.6404200792312622,
        5.8705573081970215,
        24.580856323242188,
        58.13640213012695
      ],
      "minmse_pos": 6
    },
    "onnx::Conv_498": {
      "count": 64,
      "vmin": -2.978825807571411,
      "vmax": 31.3055477142334,
      "minmax_pos": 2,
      "candidate_positions": [
        1,
        2,
        3,
        4,
        5
      ],
      "candidate_sqerr": [
        1.1782786846160889,
        0.3256334066390991,
        259.7528076171875,
        835.8773803710938,
        1353.502197265625
      ],
      "minmse_pos": 2
    },
    "onnx::Conv_500": {
      "count": 4096,
      "vmin": -1.3284398317337036,
      "vmax": 0.5748358368873596,
      "minmax_pos": 7,
      "candidate_positions": [
        6,
        7,
        8,
        9,
        10
      ],
      "candidate_sqerr": [
        0.06785661727190018,
        0.1597193032503128,
        1.8693101406097412,
        5.220703125,
        9.413263320922852
      ],
      "minmse_pos": 6
    },
    "onnx::Conv_501": {
      "count": 64,
      "vmin": -8.144329071044922,
      "vmax": 31.76453971862793,
      "minmax_pos": 2,
      "candidate_positions": [
        1,
        2,
        3,
        4,
        5
      ],
      "candidate_sqerr": [
        1.4240624904632568,
        0.37808656692504883,
        314.1363525390625,
        816.9755859375,
        1202.2174072265625
      ],
      "minmse_pos": 2
    },
    "onnx::Conv_503": {
      "count": 36864,
      "vmin": -0.6503188014030457,
      "vmax": 1.3449393510818481,
      "minmax_pos": 7,
      "candidate_positions": [
        6,
        7,
        8,
        9,
        10
      ],
      "candidate_sqerr": [
        0.36273160576820374,
        0.21555200219154358,
        0.7790405750274658,
        1.6778498888015747,
        3.4607224464416504
      ],
      "minmse_pos": 7
    },
    "onnx::Conv_504": {
      "count": 64,
      "vmin": -5.400557994842529,
      "vmax": 27.381351470947266,
      "minmax_pos": 2,
      "candidate_positions": [
        1,
        2,
        3,
        4,
        5
      ],
      "candidate_sqerr": [
        1.226661205291748,
        0.3331093490123749,
        132.47915649414062,
        383.6094970703125,
        615.31884765625
      ],
      "minmse_pos": 2
    },
    "onnx::Conv_506": {
      "count": 16384,
      "vmin": -1.1856186389923096,
      "vmax": 1.4320423603057861,
      "minmax_pos": 6,
      "candidate_positions": [
        5,
        6,
        7,
        8,
        9
      ],
      "candidate_sqerr": [
        0.6929512023925781,
        0.18003436923027039,
        0.39304545521736145,
        10.666115760803223,
        35.806861877441406
      ],
      "minmse_pos": 6
    },
    "onnx::Conv_507": {
      "count": 256,
      "vmin": -11.870809555053711,
      "vmax": 14.662384986877441,
      "minmax_pos": 3,
      "candidate_positions": [
        2,
        3,
        4,
        5,
        6
      ],
      "candidate_sqerr": [
        1.1893558502197266,
        0.37162303924560547,
        155.38735961914062,
        1213.1966552734375,
        2763.27734375
      ],
      "minmse_pos": 3
    },
    "onnx::Conv_509": {
      "count": 16384,
      "vmin": -1.8817014694213867,
      "vmax": 2.476712703704834,
      "minmax_pos": 6,
      "candidate_positions": [
        5,
        6,
        7,
        8,
        9
      ],
      "candidate_sqerr": [
        1.0670866966247559,
        0.5135763883590698,
        7.262364387512207,
        30.43181037902832,
        69.75555419921875
      ],
      "minmse_pos": 6
    },
    "onnx::Conv_510": {
      "count": 256,
      "vmin": -21.670700073242188,
      "vmax": 29.95998764038086,
      "minmax_pos": 2,
      "candidate_positions": [
        1,
        2,
        3,
        4,
        5
      ],
      "candidate_sqerr": [
        4.902276039123535,
        1.451628565788269,
        437.5531311035156,
        1664.23876953125,
        3046.79443359375
      ],
      "minmse_pos": 2
    },
    "onnx::Conv_512": {
      "count": 16384,
      "vmin": -1.1950457096099854,
      "vmax": 1.0450465679168701,
      "minmax_pos": 7,
      "candidate_positions": [
        6,
        7,
        8,
        9,
        10
      ],
      "candidate_sqerr": [
        0.2685580253601074,
        0.1282820701599121,
        2.715101480484009,
        11.021842002868652,
        26.071735382080078
      ],
      "minmse_pos": 7
    },
    "onnx::Conv_513": {
      "count": 64,
      "vmin": -3.635981321334839,
      "vmax": 9.60912036895752,
      "minmax_pos": 4,
      "candidate_positions": [
        3,
        4,
        5,
        6,
        7
      ],
      "candidate_sqerr": [
        0.08827131241559982,
        2.814940929412842,
        31.8172607421875,
        66.63182067871094,
        101.61111450195312
      ],
      "minmse_pos": 3
    },
    "onnx::Conv_515": {
      "count": 36864,
      "vmin": -1.098570466041565,
      "vmax": 2.004957675933838,
      "minmax_pos": 6,
      "candidate_positions": [
        5,
        6,
        7,
        8,
        9
      ],
      "candidate_sqerr": [
        3.0036466121673584,
        0.7540662288665771,
        1.6368727684020996,
        14.935715675354004,
        58.914154052734375
      ],
      "minmse_pos": 6
    },
    "onnx::Conv_516": {
      "count": 64,
      "vmin": -6.3916473388671875,
      "vmax": 7.9991302490234375,
      "minmax_pos": 4,
      "candidate_positions": [
        3,
        4,
        5,
        6,
        7
      ],
      "candidate_sqerr": [
        0.09203013777732849,
        0.024947389960289,
        60.87922286987305,
        192.48304748535156,
        308.0373840332031
      ],
      "minmse_pos": 4
    },
    "onnx::Conv_518": {
      "count": 16384,
      "vmin": -2.94714093208313,
      "vmax": 1.603800654411316,
      "minmax_pos": 5,
      "candidate_positions": [
        4,
        5,
        6,
        7,
        8
      ],
      "candidate_sqerr": [
        3.9303975105285645,
        1.0726391077041626,
        2.2070980072021484,
        12.8018159866333,
        33.08901596069336
      ],
      "minmse_pos": 5
    },
    "onnx::Conv_519": {
      "count": 256,
      "vmin": -15.648719787597656,
      "vmax": 5.489434719085693,
      "minmax_pos": 3,
      "candidate_positions": [
        2,
        3,
        4,
        5,
        6
      ],
      "candidate_sqerr": [
        1.2351800203323364,
        0.3290287256240845,
        68.74906921386719,
        244.77914428710938,
        481.3878173828125
      ],
      "minmse_pos": 3
    },
    "onnx::Conv_521": {
      "count": 16384,
      "vmin": -2.188955307006836,
      "vmax": 1.8601586818695068,
      "minmax_pos": 6,
      "candidate_positions": [
        5,
        6,
        7,
        8,
        9
      ],
      "candidate_sqerr": [
        1.2630232572555542,
        0.3588697910308838,
        4.577672004699707,
        31.935672760009766,
        112.15813446044922
      ],
      "minmse_pos": 6
    },
    "onnx::Conv_522": {
      "count": 64,
      "vmin": -12.540474891662598,
      "vmax": 5.850033283233643,
      "minmax_pos": 3,
      "candidate_positions": [
        2,
        3,
        4,
        5,
        6
      ],
      "candidate_sqerr": [
        0.33645403385162354,
        0.0986516997218132,
        21.208744049072266,
        83.25797271728516,
        192.30072021484375
      ],
      "minmse_pos": 3
    },
    "onnx::Conv_524": {
      "count": 36864,
      "vmin": -1.1451643705368042,
      "vmax": 1.0908660888671875,
      "minmax_pos": 7,
      "candidate_positions": [
        6,
        7,
        8,
        9,
        10
      ],
      "candidate_sqerr": [
        0.7459611892700195,
        0.2950795292854309,
        4.383562088012695,
        14.608272552490234,
        35.161834716796875
      ],
      "minmse_pos": 7
    },
    "onnx::Conv_525": {
      "count": 64,
      "vmin": -2.2400293350219727,
      "vmax": 12.19785213470459,
      "minmax_pos": 3,
      "candidate_positions": [
        2,
        3,
        4,
        5,
        6
      ],
      "candidate_sqerr": [
        0.3793804943561554,
        0.07513274252414703,
        24.526596069335938,
        167.13180541992188,
        327.31787109375
      ],
      "minmse_pos": 3
    },
    "onnx::Conv_527": {
      "count": 16384,
      "vmin": -0.9657055139541626,
      "vmax": 0.9314048290252686,
      "minmax_pos": 7,
      "candidate_positions": [
        6,
        7,
        8,
        9,
        10
      ],
      "candidate_sqerr": [
        0.2603585124015808,
        0.06753720343112946,
        0.7806235551834106,
        6.7283101081848145,
        23.242115020751953
      ],
      "minmse_pos": 7
    },
    "onnx::Conv_528": {
      "count": 256,
      "vmin": -10.55872631072998,
      "vmax": 4.992198944091797,
      "minmax_pos": 4,
      "candidate_positions": [
        3,
        4,
        5,
        6,
        7
      ],
      "candidate_sqerr": [
        0.3221144676208496,
        10.38718318939209,
        118.52374267578125,
        341.41595458984375,
        586.224365234375
      ],
      "minmse_pos": 3
    },
    "onnx::Conv_530": {
      "count": 32768,
      "vmin": -2.245215892791748,
      "vmax": 1.0603363513946533,
      "minmax_pos": 6,
      "candidate_positions": [
        5,
        6,
        7,
        8,
        9
      ],
      "candidate_sqerr": [
        2.645256519317627,
        0.7285443544387817,
        8.238641738891602,
        57.842124938964844,
        184.83343505859375
      ],
      "minmse_pos": 6
    },
    "onnx::Conv_531": {
      "count": 128,
      "vmin": -8.158584594726562,
      "vmax": 7.51963996887207,
      "minmax_pos": 4,
      "candidate_positions": [
        3,
        4,
        5,
        6,
        7
      ],
      "candidate_sqerr": [
        0.16714109480381012,
        0.08833079040050507,
        48.58134078979492,
        177.60086059570312,
        353.5945739746094
      ],
      "minmse_pos": 4
    },
    "onnx::Conv_533": {
      "count": 147456,
      "vmin": -0.47630706429481506,
      "vmax": 0.5345311760902405,
      "minmax_pos": 8,
      "candidate_positions": [
        7,
        8,
        9,
        10,
        11
      ],
      "candidate_sqerr": [
        0.7492794990539551,
        0.19033490121364594,
        1.1298364400863647,
        12.118159294128418,
        48.422176361083984
      ],
      "minmse_pos": 8
    },
    "onnx::Conv_534": {
      "count": 128,
      "vmin": -0.849927544593811,
      "vmax": 10.902838706970215,
      "minmax_pos": 4,
      "candidate_positions": [
        3,
        4,
        5,
        6,
        7
      ],
      "candidate_sqerr": [
        0.1625836342573166,
        20.30704689025879,
        273.0503845214844,
        630.4898681640625,
        896.42529296875
      ],
      "minmse_pos": 3
    },
    "onnx::Conv_536": {
      "count": 65536,
      "vmin": -1.5693025588989258,
      "vmax": 1.6676634550094604,
      "minmax_pos": 6,
      "candidate_positions": [
        5,
        6,
        7,
        8,
        9
      ],
      "candidate_sqerr": [
        5.126965522766113,
        1.2913647890090942,
        2.866917610168457,
        31.66181755065918,
        125.1950912475586
      ],
      "minmse_pos": 6
    },
    "onnx::Conv_537": {
      "count": 512,
      "vmin": -17.522615432739258,
      "vmax": 11.601089477539062,
      "minmax_pos": 3,
      "candidate_positions": [
        2,
        3,
        4,
        5,
        6
      ],
      "candidate_sqerr": [
        2.723379611968994,
        3.395937919616699,
        393.9185791015625,
        2003.2952880859375,
        4085.67578125
      ],
      "minmse_pos": 2
    },
    "onnx::Conv_539": {
      "count": 131072,
      "vmin": -8.966340065002441,
      "vmax": 4.318783760070801,
      "minmax_pos": 4,
      "candidate_positions": [
        3,
        4,
        5,
        6,
        7
      ],
      "candidate_sqerr": [
        157.3582763671875,
        42.43434143066406,
        40.769866943359375,
        167.677001953125,
        547.7719116210938
      ],
      "minmse_pos": 5
    },
    "onnx::Conv_540": {
      "count": 512,
      "vmin": -13.029541015625,
      "vmax": 17.05259132385254,
      "minmax_pos": 3,
      "candidate_positions": [
        2,
        3,
        4,
        5,
        6
      ],
      "candidate_sqerr": [
        2.7412469387054443,
        2.2716517448425293,
        445.3646545410156,
        2028.638427734375,
        4114.501953125
      ],
      "minmse_pos": 3
    },
    "onnx::Conv_542": {
      "count": 65536,
      "vmin": -0.7001904249191284,
      "vmax": 0.36681652069091797,
      "minmax_pos": 8,
      "candidate_positions": [
        7,
        8,
        9,
        10,
        11
      ],
      "candidate_sqerr": [
        0.32750821113586426,
        0.12396244704723358,
        0.6558416485786438,
        4.2632317543029785,
        12.98289680480957
      ],
      "minmse_pos": 8
    },
    "onnx::Conv_543": {
      "count": 128,
      "vmin": -4.1887712478637695,
      "vmax": 5.617640018463135,
      "minmax_pos": 4,
      "candidate_positions": [
        3,
        4,
        5,
        6,
        7
      ],
      "candidate_sqerr": [
        0.18678411841392517,
        0.041704051196575165,
        6.306852340698242,
        66.63932037353516,
        164.89097595214844
      ],
      "minmse_pos": 4
    },
    "onnx::Conv_545": {
      "count": 147456,
      "vmin": -1.1585173606872559,
      "vmax": 0.7160885334014893,
      "minmax_pos": 7,
      "candidate_positions": [
        6,
        7,
        8,
        9,
        10
      ],
      "candidate_sqerr": [
        3.0092101097106934,
        0.7791295647621155,
        1.2259244918823242,
        8.461612701416016,
        34.19111633300781
      ],
      "minmse_pos": 7
    },
    "onnx::Conv_546": {
      "count": 128,
      "vmin": -7.733896255493164,
      "vmax": 5.707505226135254,
      "minmax_pos": 4,
      "candidate_positions": [
        3,
        4,
        5,
        6,
        7
      ],
      "candidate_sqerr": [
        0.17893199622631073,
        0.04518681764602661,
        34.922542572021484,
        152.54714965820312,
        286.213623046875
      ],
      "minmse_pos": 4
    },
    "onnx::Conv_548": {
      "count": 65536,
      "vmin": -4.571756362915039,
      "vmax": 3.2448132038116455,
      "minmax_pos": 5,
      "candidate_positions": [
        4,
        5,
        6,
        7,
        8
      ],
      "candidate_sqerr": [
        18.96706199645996,
        5.292438507080078,
        29.79155921936035,
        184.0924072265625,
        514.1642456054688
      ],
      "minmse_pos": 5
    },
    "onnx::Conv_549": {
      "count": 512,
      "vmin": -14.657136917114258,
      "vmax": 13.8270845413208,
      "minmax_pos": 3,
      "candidate_positions": [
        2,
        3,
        4,
        5,
        6
      ],
      "candidate_sqerr": [
        2.775749444961548,
        0.6423879861831665,
        127.08784484863281,
        757.4390869140625,
        1701.4801025390625
      ],
      "minmse_pos": 3
    },
    "onnx::Conv_551": {
      "count": 65536,
      "vmin": -0.38615599274635315,
      "vmax": 0.3090074956417084,
      "minmax_pos": 8,
      "candidate_positions": [
        7,
        8,
        9,
        10,
        11
      ],
      "candidate_sqerr": [
        0.3331677317619324,
        0.08361680805683136,
        0.09394646435976028,
        0.9461328983306885,
        4.231043338775635
      ],
      "minmse_pos": 8
    },
    "onnx::Conv_552": {
      "count": 128,
      "vmin": -4.918088912963867,
      "vmax": 2.714646816253662,
      "minmax_pos": 5,
      "candidate_positions": [
        4,
        5,
        6,
        7,
        8
      ],
      "candidate_sqerr": [
        0.04337342828512192,
        0.9122840762138367,
        9.484065055847168,
        38.87919235229492,
        83.13459777832031
      ],
      "minmse_pos": 4
    },
    "onnx::Conv_554": {
      "count": 147456,
      "vmin": -0.6324317455291748,
      "vmax": 0.6810195446014404,
      "minmax_pos": 8,
      "candidate_positions": [
        7,
        8,
        9,
        10,
        11
      ],
      "candidate_sqerr": [
        0.7487335205078125,
        0.3412875831127167,
        4.131157875061035,
        37.305606842041016,
        133.45162963867188
      ],
      "minmse_pos": 8
    },
    "onnx::Conv_555": {
      "count": 128,
      "vmin": -4.179384231567383,
      "vmax": 8.831992149353027,
      "minmax_pos": 4,
      "candidate_positions": [
        3,
        4,
        5,
        6,
        7
      ],
      "candidate_sqerr": [
        0.16989293694496155,
        1.150639295578003,
        82.82672119140625,
        221.64015197753906,
        335.98858642578125
      ],
      "minmse_pos": 3
    },
    "onnx::Conv_557": {
      "count": 65536,
      "vmin": -3.170811414718628,
      "vmax": 2.283087968826294,
      "minmax_pos": 5,
      "candidate_positions": [
        4,
        5,
        6,
        7,
        8
      ],
      "candidate_sqerr": [
        18.454023361206055,
        4.950682640075684,
        9.759881973266602,
        55.5710563659668,
        161.5094451904297
      ],
      "minmse_pos": 5
    },
    "onnx::Conv_558": {
      "count": 512,
      "vmin": -14.30549144744873,
      "vmax": 12.255986213684082,
      "minmax_pos": 3,
      "candidate_positions": [
        2,
        3,
        4,
        5,
        6
      ],
      "candidate_sqerr": [
        2.563371181488037,
        0.6660462617874146,
        145.20297241210938,
        844.78076171875,
        1792.2095947265625
      ],
      "minmse_pos": 3
    },
    "onnx::Conv_560": {
      "count": 65536,
      "vmin": -0.6433475613594055,
      "vmax": 0.3722839057445526,
      "minmax_pos": 8,
      "candidate_positions": [
        7,
        8,
        9,
        10,
        11
      ],
      "candidate_sqerr": [
        0.33134037256240845,
        0.10561089217662811,
        0.4608890414237976,
        3.7210848331451416,
        14.374024391174316
      ],
      "minmse_pos": 8
    },
    "onnx::Conv_561": {
      "count": 128,
      "vmin": -3.256737232208252,
      "vmax": 3.894570827484131,
      "minmax_pos": 5,
      "candidate_positions": [
        4,
        5,
        6,
        7,
        8
      ],
      "candidate_sqerr": [
        0.041771113872528076,
        0.01172737404704094,
        22.636795043945312,
        101.49554443359375,
        186.68283081054688
      ],
      "minmse_pos": 5
    },
    "onnx::Conv_563": {
      "count": 147456,
      "vmin": -0.9851646423339844,
      "vmax": 0.5132959485054016,
      "minmax_pos": 7,
      "candidate_positions": [
        6,
        7,
        8,
        9,
        10
      ],
      "candidate_sqerr": [
        2.996666431427002,
        0.7523044943809509,
        0.9766497015953064,
        4.623446464538574,
        22.477880477905273
      ],
      "minmse_pos": 7
    },
    "onnx::Conv_564": {
      "count": 128,
      "vmin": -6.810612678527832,
      "vmax": 8.261907577514648,
      "minmax_pos": 4,
      "candidate_positions": [
        3,
        4,
        5,
        6,
        7
      ],
      "candidate_sqerr": [
        0.19026733934879303,
        0.14722740650177002,
        28.307279586791992,
        104.66146850585938,
        198.0840606689453
      ],
      "minmse_pos": 4
    },
    "onnx::Conv_566": {
      "count": 65536,
      "vmin": -6.504024028778076,
      "vmax": 3.1115407943725586,
      "minmax_pos": 4,
      "candidate_positions": [
        3,
        4,
        5,
        6,
        7
      ],
      "candidate_sqerr": [
        68.08868408203125,
        19.162946701049805,
        11.477148056030273,
        26.232389450073242,
        87.6534652709961
      ],
      "minmse_pos": 5
    },
    "onnx::Conv_567": {
      "count": 512,
      "vmin": -13.119918823242188,
      "vmax": 14.817418098449707,
      "minmax_pos": 3,
      "candidate_positions": [
        2,
        3,
        4,
        5,
        6
      ],
      "candidate_sqerr": [
        2.62338924407959,
        0.7332737445831299,
        110.36095428466797,
        528.4867553710938,
        1136.8284912109375
      ],
      "minmse_pos": 3
    },
    "onnx::Conv_569": {
      "count": 131072,
      "vmin": -0.5667368769645691,
      "vmax": 0.4318873882293701,
      "minmax_pos": 8,
      "candidate_positions": [
        7,
        8,
        9,
        10,
        11
      ],
      "candidate_sqerr": [
        0.6671609878540039,
        0.17191427946090698,
        1.1056269407272339,
        11.79958724975586,
        42.59434509277344
      ],
      "minmse_pos": 8
    },
    "onnx::Conv_570": {
      "count": 256,
      "vmin": -5.190572738647461,
      "vmax": 4.724538803100586,
      "minmax_pos": 5,
      "candidate_positions": [
        4,
        5,
        6,
        7,
        8
      ],
      "candidate_sqerr": [
        0.08347287029027939,
        3.477219581604004,
        96.72942352294922,
        297.69793701171875,
        487.29168701171875
      ],
      "minmse_pos": 4
    },
    "onnx::Conv_572": {
      "count": 589824,
      "vmin": -0.4784427285194397,
      "vmax": 0.4847217798233032,
      "minmax_pos": 8,
      "candidate_positions": [
        7,
        8,
        9,
        10,
        11
      ],
      "candidate_sqerr": [
        2.997141122817993,
        0.7504299283027649,
        1.9987720251083374,
        18.628332138061523,
        73.79450225830078
      ],
      "minmse_pos": 8
    },
    "onnx::Conv_573": {
      "count": 256,
      "vmin": -2.0761382579803467,
      "vmax": 7.654653072357178,
      "minmax_pos": 4,
      "candidate_positions": [
        3,
        4,
        5,
        6,
        7
      ],
      "candidate_sqerr": [
        0.37664443254470825,
        0.07978741824626923,
        96.06134033203125,
        387.5887451171875,
        699.2725830078125
      ],
      "minmse_pos": 4
    },
    "onnx::Conv_575": {
      "count": 262144,
      "vmin": -1.596893548965454,
      "vmax": 1.154030442237854,
      "minmax_pos": 6,
      "candidate_positions": [
        5,
        6,
        7,
        8,
        9
      ],
      "candidate_sqerr": [
        21.038217544555664,
        5.274715423583984,
        1.7474617958068848,
        15.274377822875977,
        117.1159439086914
      ],
      "minmse_pos": 7
    },
    "onnx::Conv_576": {
      "count": 1024,
      "vmin": -18.3922119140625,
      "vmax": 6.73436164855957,
      "minmax_pos": 3,
      "candidate_positions": [
        2,
        3,
        4,
        5,
        6
      ],
      "candidate_sqerr": [
        5.153173446655273,
        9.961241722106934,
        262.4659729003906,
        1369.363037109375,
        3773.5419921875
      ],
      "minmse_pos": 2
    },
    "onnx::Conv_578": {
      "count": 524288,
      "vmin": -2.3196780681610107,
      "vmax": 1.3513520956039429,
      "minmax_pos": 6,
      "candidate_positions": [
        5,
        6,
        7,
        8,
        9
      ],
      "candidate_sqerr": [
        41.809959411621094,
        10.739863395690918,
        5.293054580688477,
        13.813515663146973,
        41.359161376953125
      ],
      "minmse_pos": 7
    },
    "onnx::Conv_579": {
      "count": 1024,
      "vmin": -25.415754318237305,
      "vmax": 10.814770698547363,
      "minmax_pos": 2,
      "candidate_positions": [
        1,
        2,
        3,
        4,
        5
      ],
      "candidate_sqerr": [
        22.172935485839844,
        5.352465629577637,
        92.3429946899414,
        376.4288330078125,
        1041.8519287109375
      ],
      "minmse_pos": 2
    },
    "onnx::Conv_581": {
      "count": 262144,
      "vmin": -0.6558089852333069,
      "vmax": 0.6545750498771667,
      "minmax_pos": 8,
      "candidate_positions": [
        7,
        8,
        9,
        10,
        11
      ],
      "candidate_sqerr": [
        1.3312468528747559,
        0.39519667625427246,
        0.8842653632164001,
        4.400702953338623,
        18.545883178710938
      ],
      "minmse_pos": 8
    },
    "onnx::Conv_582": {
      "count": 256,
      "vmin": -10.012649536132812,
      "vmax": 7.261330604553223,
      "minmax_pos": 4,
      "candidate_positions": [
        3,
        4,
        5,
        6,
        7
      ],
      "candidate_sqerr": [
        0.3370921015739441,
        7.125880241394043,
        82.62811279296875,
        196.00482177734375,
        345.4549255371094
      ],
      "minmse_pos": 3
    },
    "onnx::Conv_584": {
      "count": 589824,
      "vmin": -1.1313905715942383,
      "vmax": 0.6358187794685364,
      "minmax_pos": 7,
      "candidate_positions": [
        6,
        7,
        8,
        9,
        10
      ],
      "candidate_sqerr": [
        11.979960441589355,
        3.0137224197387695,
        1.197888731956482,
        2.54418683052063,
        10.91955852508545
      ],
      "minmse_pos": 8
    },
    "onnx::Conv_585": {
      "count": 256,
      "vmin": -4.440380096435547,
      "vmax": 7.665077209472656,
      "minmax_pos": 4,
      "candidate_positions": [
        3,
        4,
        5,
        6,
        7
      ],
      "candidate_sqerr": [
        0.34582313895225525,
        0.08266915380954742,
        30.679241180419922,
        137.6241455078125,
        291.40594482421875
      ],
      "minmse_pos": 4
    },
    "onnx::Conv_587": {
      "count": 262144,
      "vmin": -2.744690418243408,
      "vmax": 2.0637123584747314,
      "minmax_pos": 6,
      "candidate_positions": [
        5,
        6,
        7,
        8,
        9
      ],
      "candidate_sqerr": [
        21.17521095275879,
        6.130492687225342,
        31.703893661499023,
        172.8667755126953,
        505.1498107910156
      ],
      "minmse_pos": 6
    },
    "onnx::Conv_588": {
      "count": 1024,
      "vmin": -14.862518310546875,
      "vmax": 10.384382247924805,
      "minmax_pos": 3,
      "candidate_positions": [
        2,
        3,
        4,
        5,
        6
      ],
      "candidate_sqerr": [
        5.512850284576416,
        1.3342562913894653,
        94.66841888427734,
        449.20068359375,
        1081.169677734375
      ],
      "minmse_pos": 3
    },
    "onnx::Conv_590": {
      "count": 262144,
      "vmin": -0.5553109645843506,
      "vmax": 0.6449915170669556,
      "minmax_pos": 8,
      "candidate_positions": [
        7,
        8,
        9,
        10,
        11
      ],
      "candidate_sqerr": [
        1.3370546102523804,
        0.3655213713645935,
        0.9864418506622314,
        5.618066310882568,
        22.75572395324707
      ],
      "minmse_pos": 8
    },
    "onnx::Conv_591": {
      "count": 256,
      "vmin": -8.673256874084473,
      "vmax": 5.07781982421875,
      "minmax_pos": 4,
      "candidate_positions": [
        3,
        4,
        5,
        6,
        7
      ],
      "candidate_sqerr": [
        0.35201966762542725,
        0.6299203038215637,
        32.188262939453125,
        119.47232818603516,
        245.17791748046875
      ],
      "minmse_pos": 3
    },
    "onnx::Conv_593": {
      "count": 589824,
      "vmin": -0.603797435760498,
      "vmax": 0.3192122280597687,
      "minmax_pos": 8,
      "candidate_positions": [
        7,
        8,
        9,
        10,
        11
      ],
      "candidate_sqerr": [
        3.0024211406707764,
        0.7619059681892395,
        0.6050272583961487,
        4.7466840744018555,
        23.77504539489746
      ],
      "minmse_pos": 9
    },
    "onnx::Conv_594": {
      "count": 256,
      "vmin": -5.697113513946533,
      "vmax": 6.201897621154785,
      "minmax_pos": 4,
      "candidate_positions": [
        3,
        4,
        5,
        6,
        7
      ],
      "candidate_sqerr": [
        0.38397830724716187,
        0.0778810977935791,
        9.32554817199707,
        71.78746032714844,
        172.45936584472656
      ],
      "minmse_pos": 4
    },
    "onnx::Conv_596": {
      "count": 262144,
      "vmin": -4.432816982269287,
      "vmax": 4.380382061004639,
      "minmax_pos": 5,
      "candidate_positions": [
        4,
        5,
        6,
        7,
        8
      ],
      "candidate_sqerr": [
        85.05303955078125,
        21.666467666625977,
        48.56485366821289,
        216.8179931640625,
        631.115234375
      ],
      "minmse_pos": 5
    },
    "onnx::Conv_597": {
      "count": 1024,
      "vmin": -10.824575424194336,
      "vmax": 9.40344524383545,
      "minmax_pos": 4,
      "candidate_positions": [
        3,
        4,
        5,
        6,
        7
      ],
      "candidate_sqerr": [
        1.3826239109039307,
        24.211910247802734,
        301.4766845703125,
        975.5984497070312,
        1890.1328125
      ],
      "minmse_pos": 3
    },
    "onnx::Conv_599": {
      "count": 262144,
      "vmin": -0.6313692331314087,
      "vmax": 0.3623896539211273,
      "minmax_pos": 8,
      "candidate_positions": [
        7,
        8,
        9,
        10,
        11
      ],
      "candidate_sqerr": [
        1.3286283016204834,
        0.35443276166915894,
        0.7150672078132629,
        4.2652812004089355,
        19.85059356689453
      ],
      "minmse_pos": 8
    },
    "onnx::Conv_600": {
      "count": 256,
      "vmin": -4.09834623336792,
      "vmax": 3.4620280265808105,
      "minmax_pos": 5,
      "candidate_positions": [
        4,
        5,
        6,
        7,
        8
      ],
      "candidate_sqerr": [
        0.086356982588768,
        0.03867381066083908,
        17.261985778808594,
        87.78495025634766,
        182.82003784179688
      ],
      "minmse_pos": 5
    },
    "onnx::Conv_602": {
      "count": 589824,
      "vmin": -0.504572868347168,
      "vmax": 0.4711975157260895,
      "minmax_pos": 8,
      "candidate_positions": [
        7,
        8,
        9,
        10,
        11
      ],
      "candidate_sqerr": [
        3.00602388381958,
        0.7496750354766846,
        1.0663814544677734,
        10.106446266174316,
        49.897857666015625
      ],
      "minmse_pos": 8
    },
    "onnx::Conv_603": {
      "count": 256,
      "vmin": -5.382438659667969,
      "vmax": 5.525217056274414,
      "minmax_pos": 5,
      "candidate_positions": [
        4,
        5,
        6,
        7,
        8
      ],
      "candidate_sqerr": [
        0.09032997488975525,
        6.286184310913086,
        70.35578918457031,
        188.95211791992188,
        309.3966064453125
      ],
      "minmse_pos": 4
    },
    "onnx::Conv_605": {
      "count": 262144,
      "vmin": -5.070564270019531,
      "vmax": 2.562262535095215,
      "minmax_pos": 5,
      "candidate_positions": [
        4,
        5,
        6,
        7,
        8
      ],
      "candidate_sqerr": [
        83.16697692871094,
        22.47942352294922,
        21.477937698364258,
        75.82179260253906,
        321.3758544921875
      ],
      "minmse_pos": 6
    },
    "onnx::Conv_606": {
      "count": 1024,
      "vmin": -20.699079513549805,
      "vmax": 9.483953475952148,
      "minmax_pos": 3,
      "candidate_positions": [
        2,
        3,
        4,
        5,
        6
      ],
      "candidate_sqerr": [
        5.326606273651123,
        24.607967376708984,
        262.2531433105469,
        869.5509643554688,
        1947.67138671875
      ],
      "minmse_pos": 2
    },
    "onnx::Conv_608": {
      "count": 262144,
      "vmin": -0.3253898620605469,
      "vmax": 0.4686008095741272,
      "minmax_pos": 8,
      "candidate_positions": [
        7,
        8,
        9,
        10,
        11
      ],
      "candidate_sqerr": [
        1.3329746723175049,
        0.33191579580307007,
        0.1890188306570053,
        2.7889556884765625,
        19.238628387451172
      ],
      "minmse_pos": 9
    },
    "onnx::Conv_609": {
      "count": 256,
      "vmin": -6.019819736480713,
      "vmax": 4.600223064422607,
      "minmax_pos": 4,
      "candidate_positions": [
        3,
        4,
        5,
        6,
        7
      ],
      "candidate_sqerr": [
        0.33031928539276123,
        0.08899207413196564,
        4.6253557205200195,
        29.310117721557617,
        91.84274291992188
      ],
      "minmse_pos": 4
    },
    "onnx::Conv_611": {
      "count": 589824,
      "vmin": -0.5915414094924927,
      "vmax": 0.4874655306339264,
      "minmax_pos": 8,
      "candidate_positions": [
        7,
        8,
        9,
        10,
        11
      ],
      "candidate_sqerr": [
        2.9970791339874268,
        0.758912980556488,
        1.4414095878601074,
        15.401915550231934,
        83.46173858642578
      ],
      "minmse_pos": 8
    },
    "onnx::Conv_612": {
      "count": 256,
      "vmin": -4.532527923583984,
      "vmax": 6.221133232116699,
      "minmax_pos": 4,
      "candidate_positions": [
        3,
        4,
        5,
        6,
        7
      ],
      "candidate_sqerr": [
        0.3526518642902374,
        0.07849451154470444,
        13.610368728637695,
        135.38900756835938,
        309.1097412109375
      ],
      "minmse_pos": 4
    },
    "onnx::Conv_614": {
      "count": 262144,
      "vmin": -2.2407331466674805,
      "vmax": 1.77170729637146,
      "minmax_pos": 6,
      "candidate_positions": [
        5,
        6,
        7,
        8,
        9
      ],
      "candidate_sqerr": [
        21.135887145996094,
        5.380887031555176,
        5.366805553436279,
        50.17253112792969,
        319.1849365234375
      ],
      "minmse_pos": 7
    },
    "onnx::Conv_615": {
      "count": 1024,
      "vmin": -15.369282722473145,
      "vmax": 19.62900733947754,
      "minmax_pos": 3,
      "candidate_positions": [
        2,
        3,
        4,
        5,
        6
      ],
      "candidate_sqerr": [
        5.211188793182373,
        15.43736457824707,
        381.4065246582031,
        1228.8170166015625,
        2722.580322265625
      ],
      "minmse_pos": 2
    },
    "onnx::Conv_617": {
      "count": 262144,
      "vmin": -0.28260836005210876,
      "vmax": 0.32389241456985474,
      "minmax_pos": 9,
      "candidate_positions": [
        8,
        9,
        10,
        11,
        12
      ],
      "candidate_sqerr": [
        0.3331318497657776,
        0.09384801238775253,
        0.9777478575706482,
        10.982987403869629,
        45.59470748901367
      ],
      "minmse_pos": 9
    },
    "onnx::Conv_618": {
      "count": 256,
      "vmin": -8.55479621887207,
      "vmax": 4.145560264587402,
      "minmax_pos": 4,
      "candidate_positions": [
        3,
        4,
        5,
        6,
        7
      ],
      "candidate_sqerr": [
        0.345897912979126,
        0.4634957015514374,
        22.186553955078125,
        58.21290969848633,
        110.29194641113281
      ],
      "minmse_pos": 3
    },
    "onnx::Conv_620": {
      "count": 589824,
      "vmin": -0.6074597239494324,
      "vmax": 0.749340295791626,
      "minmax_pos": 7,
      "candidate_positions": [
        6,
        7,
        8,
        9,
        10
      ],
      "candidate_sqerr": [
        11.985962867736816,
        2.9959137439727783,
        0.9699322581291199,
        2.936363935470581,
        22.504898071289062
      ],
      "minmse_pos": 8
    },
    "onnx::Conv_621": {
      "count": 256,
      "vmin": -9.346733093261719,
      "vmax": 9.02979564666748,
      "minmax_pos": 4,
      "candidate_positions": [
        3,
        4,
        5,
        6,
        7
      ],
      "candidate_sqerr": [
        0.3421866297721863,
        3.2579891681671143,
        71.11930847167969,
        201.71145629882812,
        354.654052734375
      ],
      "minmse_pos": 3
    },
    "onnx::Conv_623": {
      "count": 262144,
      "vmin": -6.620325088500977,
      "vmax": 1.591237187385559,
      "minmax_pos": 4,
      "candidate_positions": [
        3,
        4,
        5,
        6,
        7
      ],
      "candidate_sqerr": [
        299.18218994140625,
        82.74923706054688,
        28.172021865844727,
        26.781330108642578,
        35.07013702392578
      ],
      "minmse_pos": 6
    },
    "onnx::Conv_624": {
      "count": 1024,
      "vmin": -12.052719116210938,
      "vmax": 16.7482967376709,
      "minmax_pos": 3,
      "candidate_positions": [
        2,
        3,
        4,
        5,
        6
      ],
      "candidate_sqerr": [
        5.405287742614746,
        2.0376501083374023,
        129.68634033203125,
        522.4478149414062,
        1236.932861328125
      ],
      "minmse_pos": 3
    },
    "onnx::Conv_626": {
      "count": 524288,
      "vmin": -0.4259427785873413,
      "vmax": 0.3185637295246124,
      "minmax_pos": 8,
      "candidate_positions": [
        7,
        8,
        9,
        10,
        11
      ],
      "candidate_sqerr": [
        2.6668763160705566,
        0.668842077255249,
        0.2824476361274719,
        2.2229044437408447,
        16.103702545166016
      ],
      "minmse_pos": 9
    },
    "onnx::Conv_627": {
      "count": 512,
      "vmin": -4.324340343475342,
      "vmax": 2.705723762512207,
      "minmax_pos": 5,
      "candidate_positions": [
        4,
        5,
        6,
        7,
        8
      ],
      "candidate_sqerr": [
        0.15890416502952576,
        0.22538888454437256,
        13.7781343460083,
        49.423439025878906,
        124.17129516601562
      ],
      "minmse_pos": 4
    },
    "onnx::Conv_629": {
      "count": 2359296,
      "vmin": -1.7107783555984497,
      "vmax": 0.8310202956199646,
      "minmax_pos": 6,
      "candidate_positions": [
        5,
        6,
        7,
        8,
        9
      ],
      "candidate_sqerr": [
        191.80125427246094,
        48.024898529052734,
        13.12230110168457,
        8.225278854370117,
        14.426858901977539
      ],
      "minmse_pos": 8
    },
    "onnx::Conv_630": {
      "count": 512,
      "vmin": -5.821927070617676,
      "vmax": 8.423648834228516,
      "minmax_pos": 4,
      "candidate_positions": [
        3,
        4,
        5,
        6,
        7
      ],
      "candidate_sqerr": [
        0.6321057081222534,
        0.3983961045742035,
        53.13392639160156,
        194.4010009765625,
        332.67236328125
      ],
      "minmse_pos": 4
    },
    "onnx::Conv_632": {
      "count": 1048576,
      "vmin": -0.8130083680152893,
      "vmax": 0.5497341156005859,
      "minmax_pos": 7,
      "candidate_positions": [
        6,
        7,
        8,
        9,
        10
      ],
      "candidate_sqerr": [
        21.25887680053711,
        5.3027729988098145,
        1.45307195186615,
        7.708476543426514,
        185.4053192138672
      ],
      "minmse_pos": 8
    },
    "onnx::Conv_633": {
      "count": 2048,
      "vmin": -8.421850204467773,
      "vmax": 6.519309043884277,
      "minmax_pos": 4,
      "candidate_positions": [
        3,
        4,
        5,
        6,
        7
      ],
      "candidate_sqerr": [
        2.58655047416687,
        0.9013844132423401,
        59.44727325439453,
        555.1434326171875,
        1698.089599609375
      ],
      "minmse_pos": 4
    },
    "onnx::Conv_635": {
      "count": 2097152,
      "vmin": -0.40479278564453125,
      "vmax": 0.2723928689956665,
      "minmax_pos": 8,
      "candidate_positions": [
        7,
        8,
        9,
        10,
        11
      ],
      "candidate_sqerr": [
        10.628181457519531,
        2.657531976699829,
        0.7575411200523376,
        2.3128621578216553,
        45.67942428588867
      ],
      "minmse_pos": 9
    },
    "onnx::Conv_636": {
      "count": 2048,
      "vmin": -5.062148094177246,
      "vmax": 4.939718246459961,
      "minmax_pos": 5,
      "candidate_positions": [
        4,
        5,
        6,
        7,
        8
      ],
      "candidate_sqerr": [
        0.6800879836082458,
        2.632031202316284,
        37.83155059814453,
        128.7220458984375,
        332.47503662109375
      ],
      "minmse_pos": 4
    },
    "onnx::Conv_638": {
      "count": 1048576,
      "vmin": -1.318407654762268,
      "vmax": 1.616259217262268,
      "minmax_pos": 6,
      "candidate_positions": [
        5,
        6,
        7,
        8,
        9
      ],
      "candidate_sqerr": [
        85.00064086914062,
        21.26410675048828,
        5.993272304534912,
        10.236305236816406,
        72.53685760498047
      ],
      "minmse_pos": 7
    },
    "onnx::Conv_639": {
      "count": 512,
      "vmin": -4.5737433433532715,
      "vmax": 5.772778034210205,
      "minmax_pos": 4,
      "candidate_positions": [
        3,
        4,
        5,
        6,
        7
      ],
      "candidate_sqerr": [
        0.6832219958305359,
        0.16882602870464325,
        3.6794657707214355,
        31.579788208007812,
        75.34397888183594
      ],
      "minmse_pos": 4
    },
    "onnx::Conv_641": {
      "count": 2359296,
      "vmin": -0.29355210065841675,
      "vmax": 0.29153433442115784,
      "minmax_pos": 9,
      "candidate_positions": [
        8,
        9,
        10,
        11,
        12
      ],
      "candidate_sqerr": [
        3.0002479553222656,
        0.7593485116958618,
        0.9985876083374023,
        8.888738632202148,
        69.2729263305664
      ],
      "minmse_pos": 9
    },
    "onnx::Conv_642": {
      "count": 512,
      "vmin": -9.942400932312012,
      "vmax": 6.382211208343506,
      "minmax_pos": 4,
      "candidate_positions": [
        3,
        4,
        5,
        6,
        7
      ],
      "candidate_sqerr": [
        0.6530559062957764,
        4.187807083129883,
        55.50686264038086,
        185.39230346679688,
        340.19659423828125
      ],
      "minmse_pos": 3
    },
    "onnx::Conv_644": {
      "count": 1048576,
      "vmin": -2.8946218490600586,
      "vmax": 1.0798614025115967,
      "minmax_pos": 5,
      "candidate_positions": [
        4,
        5,
        6,
        7,
        8
      ],
      "candidate_sqerr": [
        340.3041687011719,
        85.38660430908203,
        22.377395629882812,
        13.264967918395996,
        30.872682571411133
      ],
      "minmse_pos": 7
    },
    "onnx::Conv_645": {
      "count": 2048,
      "vmin": -9.576370239257812,
      "vmax": 5.044183731079102,
      "minmax_pos": 4,
      "candidate_positions": [
        3,
        4,
        5,
        6,
        7
      ],
      "candidate_sqerr": [
        2.517395496368408,
        3.3623898029327393,
        82.32173156738281,
        289.75048828125,
        789.4908447265625
      ],
      "minmse_pos": 3
    },
    "onnx::Conv_647": {
      "count": 1048576,
      "vmin": -1.7530478239059448,
      "vmax": 0.8922314643859863,
      "minmax_pos": 6,
      "candidate_positions": [
        5,
        6,
        7,
        8,
        9
      ],
      "candidate_sqerr": [
        84.6858139038086,
        21.32941246032715,
        6.188281536102295,
        11.291015625,
        114.20822143554688
      ],
      "minmse_pos": 7
    },
    "onnx::Conv_648": {
      "count": 512,
      "vmin": -9.844637870788574,
      "vmax": 3.326047420501709,
      "minmax_pos": 4,
      "candidate_positions": [
        3,
        4,
        5,
        6,
        7
      ],
      "candidate_sqerr": [
        0.6526799201965332,
        3.806138038635254,
        34.58711624145508,
        72.22297668457031,
        109.71371459960938
      ],
      "minmse_pos": 3
    },
    "onnx::Conv_650": {
      "count": 2359296,
      "vmin": -1.321051001548767,
      "vmax": 0.6979326605796814,
      "minmax_pos": 7,
      "candidate_positions": [
        6,
        7,
        8,
        9,
        10
      ],
      "candidate_sqerr": [
        48.03227233886719,
        12.26904010772705,
        8.188183784484863,
        20.28499412536621,
        87.17881774902344
      ],
      "minmse_pos": 8
    },
    "onnx::Conv_651": {
      "count": 512,
      "vmin": -6.7283124923706055,
      "vmax": 6.8000078201293945,
      "minmax_pos": 4,
      "candidate_positions": [
        3,
        4,
        5,
        6,
        7
      ],
      "candidate_sqerr": [
        0.6940167546272278,
        0.16643887758255005,
        20.78668975830078,
        127.56755065917969,
        290.3994445800781
      ],
      "minmse_pos": 4
    },
    "onnx::Conv_653": {
      "count": 1048576,
      "vmin": -2.7453529834747314,
      "vmax": 2.0036730766296387,
      "minmax_pos": 6,
      "candidate_positions": [
        5,
        6,
        7,
        8,
        9
      ],
      "candidate_sqerr": [
        85.43194580078125,
        22.296342849731445,
        21.463748931884766,
        104.33924865722656,
        413.0400390625
      ],
      "minmse_pos": 7
    },
    "onnx::Conv_654": {
      "count": 2048,
      "vmin": -11.354988098144531,
      "vmax": 5.179150581359863,
      "minmax_pos": 3,
      "candidate_positions": [
        2,
        3,
        4,
        5,
        6
      ],
      "candidate_sqerr": [
        10.585502624511719,
        2.635981798171997,
        20.118350982666016,
        162.02403259277344,
        354.4484558105469
      ],
      "minmse_pos": 3
    },
    "fc.weight": {
      "count": 2048000,
      "vmin": -3.082160711288452,
      "vmax": 4.724536895751953,
      "minmax_pos": 5,
      "candidate_positions": [
        4,
        5,
        6,
        7,
        8
      ],
      "candidate_sqerr": [
        667.039794921875,
        167.74273681640625,
        755.449462890625,
        3863.61376953125,
        11080.9892578125
      ],
      "minmse_pos": 5
    },
    "fc.bias": {
      "count": 1000,
      "vmin": -4.156919956207275,
      "vmax": -2.2809653282165527,
      "minmax_pos": 5,
      "candidate_positions": [
        4,
        5,
        6,
        7,
        8
      ],
      "candidate_sqerr": [
        0.3187311291694641,
        0.12195154279470444,
        2103.68798828125,
        5931.064453125,
        8583.080078125
      ],
      "minmse_pos": 5
    }
  },
  "sharing": {
    "/maxpool/MaxPool_output_0": "/act1/Relu_output_0"
  },
  "emission_positions": {
    "input": {
      "name": "input",
      "dtype": "uint8",
      "pos": 5,
      "zp": 128,
      "source": "activation_minmse"
    },
    "/conv1/Conv_output_0": {
      "name": "/conv1/Conv_output_0",
      "dtype": "uint8",
      "pos": 1,
      "zp": 128,
      "source": "activation_minmse"
    },
    "/act1/Relu_output_0": {
      "name": "/act1/Relu_output_0",
      "dtype": "uint8",
      "pos": 1,
      "zp": 128,
      "source": "activation_minmse"
    },
    "/maxpool/MaxPool_output_0": {
      "name": "/maxpool/MaxPool_output_0",
      "dtype": "uint8",
      "pos": 1,
      "zp": 128,
      "source": "shared:/act1/Relu_output_0"
    },
    "/layer1/layer1.0/conv1/Conv_output_0": {
      "name": "/layer1/layer1.0/conv1/Conv_output_0",
      "dtype": "uint8",
      "pos": 2,
      "zp": 128,
      "source": "activation_minmse"
    },
    "/layer1/layer1.0/act1/Relu_output_0": {
      "name": "/layer1/layer1.0/act1/Relu_output_0",
      "dtype": "uint8",
      "pos": 2,
      "zp": 128,
      "source": "activation_minmse"
    },
    "/layer1/layer1.0/conv2/Conv_output_0": {
      "name": "/layer1/layer1.0/conv2/Conv_output_0",
      "dtype": "uint8",
      "pos": 1,
      "zp": 128,
      "source": "activation_minmse"
    },
    "/layer1/layer1.0/act2/Relu_output_0": {
      "name": "/layer1/layer1.0/act2/Relu_output_0",
      "dtype": "uint8",
      "pos": 1,
      "zp": 128,
      "source": "activation_minmse"
    },
    "/layer1/layer1.0/conv3/Conv_output_0": {
      "name": "/layer1/layer1.0/conv3/Conv_output_0",
      "dtype": "uint8",
      "pos": 3,
      "zp": 128,
      "source": "activation_minmse"
    },
    "/layer1/layer1.0/downsample/downsample.0/Conv_output_0": {
      "name": "/layer1/layer1.0/downsample/downsample.0/Conv_output_0",
      "dtype": "uint8",
      "pos": 3,
      "zp": 128,
      "source": "activation_minmse"
    },
    "/layer1/layer1.0/Add_output_0": {
      "name": "/layer1/layer1.0/Add_output_0",
      "dtype": "uint8",
      "pos": 2,
      "zp": 128,
      "source": "activation_minmse"
    },
    "/layer1/layer1.0/act3/Relu_output_0": {
      "name": "/layer1/layer1.0/act3/Relu_output_0",
      "dtype": "uint8",
      "pos": 3,
      "zp": 128,
      "source": "activation_minmse"
    },
    "/layer1/layer1.1/conv1/Conv_output_0": {
      "name": "/layer1/layer1.1/conv1/Conv_output_0",
      "dtype": "uint8",
      "pos": 2,
      "zp": 128,
      "source": "activation_minmse"
    },
    "/layer1/layer1.1/act1/Relu_output_0": {
      "name": "/layer1/layer1.1/act1/Relu_output_0",
      "dtype": "uint8",
      "pos": 4,
      "zp": 128,
      "source": "activation_minmse"
    },
    "/layer1/layer1.1/conv2/Conv_output_0": {
      "name": "/layer1/layer1.1/conv2/Conv_output_0",
      "dtype": "uint8",
      "pos": 3,
      "zp": 128,
      "source": "activation_minmse"
    },
    "/layer1/layer1.1/act2/Relu_output_0": {
      "name": "/layer1/layer1.1/act2/Relu_output_0",
      "dtype": "uint8",
      "pos": 3,
      "zp": 128,
      "source": "activation_minmse"
    },
    "/layer1/layer1.1/conv3/Conv_output_0": {
      "name": "/layer1/layer1.1/conv3/Conv_output_0",
      "dtype": "uint8",
      "pos": 3,
      "zp": 128,
      "source": "activation_minmse"
    },
    "/layer1/layer1.1/Add_output_0": {
      "name": "/layer1/layer1.1/Add_output_0",
      "dtype": "uint8",
      "pos": 3,
      "zp": 128,
      "source": "activation_minmse"
    },
    "/layer1/layer1.1/act3/Relu_output_0": {
      "name": "/layer1/layer1.1/act3/Relu_output_0",
      "dtype": "uint8",
      "pos": 3,
      "zp": 128,
      "source": "activation_minmse"
    },
    "/layer1/layer1.2/conv1/Conv_output_0": {
      "name": "/layer1/layer1.2/conv1/Conv_output_0",
      "dtype": "uint8",
      "pos": 2,
      "zp": 128,
      "source": "activation_minmse"
    },
    "/layer1/layer1.2/act1/Relu_output_0": {
      "name": "/layer1/layer1.2/act1/Relu_output_0",
      "dtype": "uint8",
      "pos": 3,
      "zp": 128,
      "source": "activation_minmse"
    },
    "/layer1/layer1.2/conv2/Conv_output_0": {
      "name": "/layer1/layer1.2/conv2/Conv_output_0",
      "dtype": "uint8",
      "pos": 1,
      "zp": 128,
      "source": "activation_minmse"
    },
    "/layer1/layer1.2/act2/Relu_output_0": {
      "name": "/layer1/layer1.2/act2/Relu_output_0",
      "dtype": "uint8",
      "pos": 1,
      "zp": 128,
      "source": "activation_minmse"
    },
    "/layer1/layer1.2/conv3/Conv_output_0": {
      "name": "/layer1/layer1.2/conv3/Conv_output_0",
      "dtype": "uint8",
      "pos": 2,
      "zp": 128,
      "source": "activation_minmse"
    },
    "/layer1/layer1.2/Add_output_0": {
      "name": "/layer1/layer1.2/Add_output_0",
      "dtype": "uint8",
      "pos": 2,
      "zp": 128,
      "source": "activation_minmse"
    },
    "/layer1/layer1.2/act3/Relu_output_0": {
      "name": "/layer1/layer1.2/act3/Relu_output_0",
      "dtype": "uint8",
      "pos": 3,
      "zp": 128,
      "source": "activation_minmse"
    },
    "/layer2/layer2.0/conv1/Conv_output_0": {
      "name": "/layer2/layer2.0/conv1/Conv_output_0",
      "dtype": "uint8",
      "pos": 2,
      "zp": 128,
      "source": "activation_minmse"
    },
    "/layer2/layer2.0/act1/Relu_output_0": {
      "name": "/layer2/layer2.0/act1/Relu_output_0",
      "dtype": "uint8",
      "pos": 3,
      "zp": 128,
      "source": "activation_minmse"
    },
    "/layer2/layer2.0/conv2/Conv_output_0": {
      "name": "/layer2/layer2.0/conv2/Conv_output_0",
      "dtype": "uint8",
      "pos": 3,
      "zp": 128,
      "source": "activation_minmse"
    },
    "/layer2/layer2.0/act2/Relu_output_0": {
      "name": "/layer2/layer2.0/act2/Relu_output_0",
      "dtype": "uint8",
      "pos": 3,
      "zp": 128,
      "source": "activation_minmse"
    },
    "/layer2/layer2.0/conv3/Conv_output_0": {
      "name": "/layer2/layer2.0/conv3/Conv_output_0",
      "dtype": "uint8",
      "pos": 2,
      "zp": 128,
      "source": "activation_minmse"
    },
    "/layer2/layer2.0/downsample/downsample.0/Conv_output_0": {
      "name": "/layer2/layer2.0/downsample/downsample.0/Conv_output_0",
      "dtype": "uint8",
      "pos": 2,
      "zp": 128,
      "source": "activation_minmse"
    },
    "/layer2/layer2.0/Add_output_0": {
      "name": "/layer2/layer2.0/Add_output_0",
      "dtype": "uint8",
      "pos": 2,
      "zp": 128,
      "source": "activation_minmse"
    },
    "/layer2/layer2.0/act3/Relu_output_0": {
      "name": "/layer2/layer2.0/act3/Relu_output_0",
      "dtype": "uint8",
      "pos": 2,
      "zp": 128,
      "source": "activation_minmse"
    },
    "/layer2/layer2.1/conv1/Conv_output_0": {
      "name": "/layer2/layer2.1/conv1/Conv_output_0",
      "dtype": "uint8",
      "pos": 3,
      "zp": 128,
      "source": "activation_minmse"
    },
    "/layer2/layer2.1/act1/Relu_output_0": {
      "name": "/layer2/layer2.1/act1/Relu_output_0",
      "dtype": "uint8",
      "pos": 3,
      "zp": 128,
      "source": "activation_minmse"
    },
    "/layer2/layer2.1/conv2/Conv_output_0": {
      "name": "/layer2/layer2.1/conv2/Conv_output_0",
      "dtype": "uint8",
      "pos": 3,
      "zp": 128,
      "source": "activation_minmse"
    },
    "/layer2/layer2.1/act2/Relu_output_0": {
      "name": "/layer2/layer2.1/act2/Relu_output_0",
      "dtype": "uint8",
      "pos": 4,
      "zp": 128,
      "source": "activation_minmse"
    },
    "/layer2/layer2.1/conv3/Conv_output_0": {
      "name": "/layer2/layer2.1/conv3/Conv_output_0",
      "dtype": "uint8",
      "pos": 2,
      "zp": 128,
      "source": "activation_minmse"
    },
    "/layer2/layer2.1/Add_output_0": {
      "name": "/layer2/layer2.1/Add_output_0",
      "dtype": "uint8",
      "pos": 2,
      "zp": 128,
      "source": "activation_minmse"
    },
    "/layer2/layer2.1/act3/Relu_output_0": {
      "name": "/layer2/layer2.1/act3/Relu_output_0",
      "dtype": "uint8",
      "pos": 2,
      "zp": 128,
      "source": "activation_minmse"
    },
    "/layer2/layer2.2/conv1/Conv_output_0": {
      "name": "/layer2/layer2.2/conv1/Conv_output_0",
      "dtype": "uint8",
      "pos": 3,
      "zp": 128,
      "source": "activation_minmse"
    },
    "/layer2/layer2.2/act1/Relu_output_0": {
      "name": "/layer2/layer2.2/act1/Relu_output_0",
      "dtype": "uint8",
      "pos": 4,
      "zp": 128,
      "source": "activation_minmse"
    },
    "/layer2/layer2.2/conv2/Conv_output_0": {
      "name": "/layer2/layer2.2/conv2/Conv_output_0",
      "dtype": "uint8",
      "pos": 3,
      "zp": 128,
      "source": "activation_minmse"
    },
    "/layer2/layer2.2/act2/Relu_output_0": {
      "name": "/layer2/layer2.2/act2/Relu_output_0",
      "dtype": "uint8",
      "pos": 3,
      "zp": 128,
      "source": "activation_minmse"
    },
    "/layer2/layer2.2/conv3/Conv_output_0": {
      "name": "/layer2/layer2.2/conv3/Conv_output_0",
      "dtype": "uint8",
      "pos": 2,
      "zp": 128,
      "source": "activation_minmse"
    },
    "/layer2/layer2.2/Add_output_0": {
      "name": "/layer2/layer2.2/Add_output_0",
      "dtype": "uint8",
      "pos": 2,
      "zp": 128,
      "source": "activation_minmse"
    },
    "/layer2/layer2.2/act3/Relu_output_0": {
      "name": "/layer2/layer2.2/act3/Relu_output_0",
      "dtype": "uint8",
      "pos": 2,
      "zp": 128,
      "source": "activation_minmse"
    },
    "/layer2/layer2.3/conv1/Conv_output_0": {
      "name": "/layer2/layer2.3/conv1/Conv_output_0",
      "dtype": "uint8",
      "pos": 3,
      "zp": 128,
      "source": "activation_minmse"
    },
    "/layer2/layer2.3/act1/Relu_output_0": {
      "name": "/layer2/layer2.3/act1/Relu_output_0",
      "dtype": "uint8",
      "pos": 3,
      "zp": 128,
      "source": "activation_minmse"
    },
    "/layer2/layer2.3/conv2/Conv_output_0": {
      "name": "/layer2/layer2.3/conv2/Conv_output_0",
      "dtype": "uint8",
      "pos": 3,
      "zp": 128,
      "source": "activation_minmse"
    },
    "/layer2/layer2.3/act2/Relu_output_0": {
      "name": "/layer2/layer2.3/act2/Relu_output_0",
      "dtype": "uint8",
      "pos": 3,
      "zp": 128,
      "source": "activation_minmse"
    },
    "/layer2/layer2.3/conv3/Conv_output_0": {
      "name": "/layer2/layer2.3/conv3/Conv_output_0",
      "dtype": "uint8",
      "pos": 2,
      "zp": 128,
      "source": "activation_minmse"
    },
    "/layer2/layer2.3/Add_output_0": {
      "name": "/layer2/layer2.3/Add_output_0",
      "dtype": "uint8",
      "pos": 2,
      "zp": 128,
      "source": "activation_minmse"
    },
    "/layer2/layer2.3/act3/Relu_output_0": {
      "name": "/layer2/layer2.3/act3/Relu_output_0",
      "dtype": "uint8",
      "pos": 2,
      "zp": 128,
      "source": "activation_minmse"
    },
    "/layer3/layer3.0/conv1/Conv_output_0": {
      "name": "/layer3/layer3.0/conv1/Conv_output_0",
      "dtype": "uint8",
      "pos": 3,
      "zp": 128,
      "source": "activation_minmse"
    },
    "/layer3/layer3.0/act1/Relu_output_0": {
      "name": "/layer3/layer3.0/act1/Relu_output_0",
      "dtype": "uint8",
      "pos": 3,
      "zp": 128,
      "source": "activation_minmse"
    },
    "/layer3/layer3.0/conv2/Conv_output_0": {
      "name": "/layer3/layer3.0/conv2/Conv_output_0",
      "dtype": "uint8",
      "pos": 3,
      "zp": 128,
      "source": "activation_minmse"
    },
    "/layer3/layer3.0/act2/Relu_output_0": {
      "name": "/layer3/layer3.0/act2/Relu_output_0",
      "dtype": "uint8",
      "pos": 3,
      "zp": 128,
      "source": "activation_minmse"
    },
    "/layer3/layer3.0/conv3/Conv_output_0": {
      "name": "/layer3/layer3.0/conv3/Conv_output_0",
      "dtype": "uint8",
      "pos": 2,
      "zp": 128,
      "source": "activation_minmse"
    },
    "/layer3/layer3.0/downsample/downsample.0/Conv_output_0": {
      "name": "/layer3/layer3.0/downsample/downsample.0/Conv_output_0",
      "dtype": "uint8",
      "pos": 3,
      "zp": 128,
      "source": "activation_minmse"
    },
    "/layer3/layer3.0/Add_output_0": {
      "name": "/layer3/layer3.0/Add_output_0",
      "dtype": "uint8",
      "pos": 2,
      "zp": 128,
      "source": "activation_minmse"
    },
    "/layer3/layer3.0/act3/Relu_output_0": {
      "name": "/layer3/layer3.0/act3/Relu_output_0",
      "dtype": "uint8",
      "pos": 2,
      "zp": 128,
      "source": "activation_minmse"
    },
    "/layer3/layer3.1/conv1/Conv_output_0": {
      "name": "/layer3/layer3.1/conv1/Conv_output_0",
      "dtype": "uint8",
      "pos": 3,
      "zp": 128,
      "source": "activation_minmse"
    },
    "/layer3/layer3.1/act1/Relu_output_0": {
      "name": "/layer3/layer3.1/act1/Relu_output_0",
      "dtype": "uint8",
      "pos": 3,
      "zp": 128,
      "source": "activation_minmse"
    },
    "/layer3/layer3.1/conv2/Conv_output_0": {
      "name": "/layer3/layer3.1/conv2/Conv_output_0",
      "dtype": "uint8",
      "pos": 2,
      "zp": 128,
      "source": "activation_minmse"
    },
    "/layer3/layer3.1/act2/Relu_output_0": {
      "name": "/layer3/layer3.1/act2/Relu_output_0",
      "dtype": "uint8",
      "pos": 3,
      "zp": 128,
      "source": "activation_minmse"
    },
    "/layer3/layer3.1/conv3/Conv_output_0": {
      "name": "/layer3/layer3.1/conv3/Conv_output_0",
      "dtype": "uint8",
      "pos": 2,
      "zp": 128,
      "source": "activation_minmse"
    },
    "/layer3/layer3.1/Add_output_0": {
      "name": "/layer3/layer3.1/Add_output_0",
      "dtype": "uint8",
      "pos": 2,
      "zp": 128,
      "source": "activation_minmse"
    },
    "/layer3/layer3.1/act3/Relu_output_0": {
      "name": "/layer3/layer3.1/act3/Relu_output_0",
      "dtype": "uint8",
      "pos": 2,
      "zp": 128,
      "source": "activation_minmse"
    },
    "/layer3/layer3.2/conv1/Conv_output_0": {
      "name": "/layer3/layer3.2/conv1/Conv_output_0",
      "dtype": "uint8",
      "pos": 3,
      "zp": 128,
      "source": "activation_minmse"
    },
    "/layer3/layer3.2/act1/Relu_output_0": {
      "name": "/layer3/layer3.2/act1/Relu_output_0",
      "dtype": "uint8",
      "pos": 3,
      "zp": 128,
      "source": "activation_minmse"
    },
    "/layer3/layer3.2/conv2/Conv_output_0": {
      "name": "/layer3/layer3.2/conv2/Conv_output_0",
      "dtype": "uint8",
      "pos": 3,
      "zp": 128,
      "source": "activation_minmse"
    },
    "/layer3/layer3.2/act2/Relu_output_0": {
      "name": "/layer3/layer3.2/act2/Relu_output_0",
      "dtype": "uint8",
      "pos": 3,
      "zp": 128,
      "source": "activation_minmse"
    },
    "/layer3/layer3.2/conv3/Conv_output_0": {
      "name": "/layer3/layer3.2/conv3/Conv_output_0",
      "dtype": "uint8",
      "pos": 3,
      "zp": 128,
      "source": "activation_minmse"
    },
    "/layer3/layer3.2/Add_output_0": {
      "name": "/layer3/layer3.2/Add_output_0",
      "dtype": "uint8",
      "pos": 2,
      "zp": 128,
      "source": "activation_minmse"
    },
    "/layer3/layer3.2/act3/Relu_output_0": {
      "name": "/layer3/layer3.2/act3/Relu_output_0",
      "dtype": "uint8",
      "pos": 2,
      "zp": 128,
      "source": "activation_minmse"
    },
    "/layer3/layer3.3/conv1/Conv_output_0": {
      "name": "/layer3/layer3.3/conv1/Conv_output_0",
      "dtype": "uint8",
      "pos": 3,
      "zp": 128,
      "source": "activation_minmse"
    },
    "/layer3/layer3.3/act1/Relu_output_0": {
      "name": "/layer3/layer3.3/act1/Relu_output_0",
      "dtype": "uint8",
      "pos": 3,
      "zp": 128,
      "source": "activation_minmse"
    },
    "/layer3/layer3.3/conv2/Conv_output_0": {
      "name": "/layer3/layer3.3/conv2/Conv_output_0",
      "dtype": "uint8",
      "pos": 3,
      "zp": 128,
      "source": "activation_minmse"
    },
    "/layer3/layer3.3/act2/Relu_output_0": {
      "name": "/layer3/layer3.3/act2/Relu_output_0",
      "dtype": "uint8",
      "pos": 3,
      "zp": 128,
      "source": "activation_minmse"
    },
    "/layer3/layer3.3/conv3/Conv_output_0": {
      "name": "/layer3/layer3.3/conv3/Conv_output_0",
      "dtype": "uint8",
      "pos": 2,
      "zp": 128,
      "source": "activation_minmse"
    },
    "/layer3/layer3.3/Add_output_0": {
      "name": "/layer3/layer3.3/Add_output_0",
      "dtype": "uint8",
      "pos": 2,
      "zp": 128,
      "source": "activation_minmse"
    },
    "/layer3/layer3.3/act3/Relu_output_0": {
      "name": "/layer3/layer3.3/act3/Relu_output_0",
      "dtype": "uint8",
      "pos": 2,
      "zp": 128,
      "source": "activation_minmse"
    },
    "/layer3/layer3.4/conv1/Conv_output_0": {
      "name": "/layer3/layer3.4/conv1/Conv_output_0",
      "dtype": "uint8",
      "pos": 2,
      "zp": 128,
      "source": "activation_minmse"
    },
    "/layer3/layer3.4/act1/Relu_output_0": {
      "name": "/layer3/layer3.4/act1/Relu_output_0",
      "dtype": "uint8",
      "pos": 3,
      "zp": 128,
      "source": "activation_minmse"
    },
    "/layer3/layer3.4/conv2/Conv_output_0": {
      "name": "/layer3/layer3.4/conv2/Conv_output_0",
      "dtype": "uint8",
      "pos": 3,
      "zp": 128,
      "source": "activation_minmse"
    },
    "/layer3/layer3.4/act2/Relu_output_0": {
      "name": "/layer3/layer3.4/act2/Relu_output_0",
      "dtype": "uint8",
      "pos": 3,
      "zp": 128,
      "source": "activation_minmse"
    },
    "/layer3/layer3.4/conv3/Conv_output_0": {
      "name": "/layer3/layer3.4/conv3/Conv_output_0",
      "dtype": "uint8",
      "pos": 2,
      "zp": 128,
      "source": "activation_minmse"
    },
    "/layer3/layer3.4/Add_output_0": {
      "name": "/layer3/layer3.4/Add_output_0",
      "dtype": "uint8",
      "pos": 2,
      "zp": 128,
      "source": "activation_minmse"
    },
    "/layer3/layer3.4/act3/Relu_output_0": {
      "name": "/layer3/layer3.4/act3/Relu_output_0",
      "dtype": "uint8",
      "pos": 2,
      "zp": 128,
      "source": "activation_minmse"
    },
    "/layer3/layer3.5/conv1/Conv_output_0": {
      "name": "/layer3/layer3.5/conv1/Conv_output_0",
      "dtype": "uint8",
      "pos": 3,
      "zp": 128,
      "source": "activation_minmse"
    },
    "/layer3/layer3.5/act1/Relu_output_0": {
      "name": "/layer3/layer3.5/act1/Relu_output_0",
      "dtype": "uint8",
      "pos": 3,
      "zp": 128,
      "source": "activation_minmse"
    },
    "/layer3/layer3.5/conv2/Conv_output_0": {
      "name": "/layer3/layer3.5/conv2/Conv_output_0",
      "dtype": "uint8",
      "pos": 3,
      "zp": 128,
      "source": "activation_minmse"
    },
    "/layer3/layer3.5/act2/Relu_output_0": {
      "name": "/layer3/layer3.5/act2/Relu_output_0",
      "dtype": "uint8",
      "pos": 3,
      "zp": 128,
      "source": "activation_minmse"
    },
    "/layer3/layer3.5/conv3/Conv_output_0": {
      "name": "/layer3/layer3.5/conv3/Conv_output_0",
      "dtype": "uint8",
      "pos": 2,
      "zp": 128,
      "source": "activation_minmse"
    },
    "/layer3/layer3.5/Add_output_0": {
      "name": "/layer3/layer3.5/Add_output_0",
      "dtype": "uint8",
      "pos": 2,
      "zp": 128,
      "source": "activation_minmse"
    },
    "/layer3/layer3.5/act3/Relu_output_0": {
      "name": "/layer3/layer3.5/act3/Relu_output_0",
      "dtype": "uint8",
      "pos": 2,
      "zp": 128,
      "source": "activation_minmse"
    },
    "/layer4/layer4.0/conv1/Conv_output_0": {
      "name": "/layer4/layer4.0/conv1/Conv_output_0",
      "dtype": "uint8",
      "pos": 3,
      "zp": 128,
      "source": "activation_minmse"
    },
    "/layer4/layer4.0/act1/Relu_output_0": {
      "name": "/layer4/layer4.0/act1/Relu_output_0",
      "dtype": "uint8",
      "pos": 3,
      "zp": 128,
      "source": "activation_minmse"
    },
    "/layer4/layer4.0/conv2/Conv_output_0": {
      "name": "/layer4/layer4.0/conv2/Conv_output_0",
      "dtype": "uint8",
      "pos": 2,
      "zp": 128,
      "source": "activation_minmse"
    },
    "/layer4/layer4.0/act2/Relu_output_0": {
      "name": "/layer4/layer4.0/act2/Relu_output_0",
      "dtype": "uint8",
      "pos": 3,
      "zp": 128,
      "source": "activation_minmse"
    },
    "/layer4/layer4.0/conv3/Conv_output_0": {
      "name": "/layer4/layer4.0/conv3/Conv_output_0",
      "dtype": "uint8",
      "pos": 3,
      "zp": 128,
      "source": "activation_minmse"
    },
    "/layer4/layer4.0/downsample/downsample.0/Conv_output_0": {
      "name": "/layer4/layer4.0/downsample/downsample.0/Conv_output_0",
      "dtype": "uint8",
      "pos": 3,
      "zp": 128,
      "source": "activation_minmse"
    },
    "/layer4/layer4.0/Add_output_0": {
      "name": "/layer4/layer4.0/Add_output_0",
      "dtype": "uint8",
      "pos": 2,
      "zp": 128,
      "source": "activation_minmse"
    },
    "/layer4/layer4.0/act3/Relu_output_0": {
      "name": "/layer4/layer4.0/act3/Relu_output_0",
      "dtype": "uint8",
      "pos": 3,
      "zp": 128,
      "source": "activation_minmse"
    },
    "/layer4/layer4.1/conv1/Conv_output_0": {
      "name": "/layer4/layer4.1/conv1/Conv_output_0",
      "dtype": "uint8",
      "pos": 3,
      "zp": 128,
      "source": "activation_minmse"
    },
    "/layer4/layer4.1/act1/Relu_output_0": {
      "name": "/layer4/layer4.1/act1/Relu_output_0",
      "dtype": "uint8",
      "pos": 2,
      "zp": 128,
      "source": "activation_minmse"
    },
    "/layer4/layer4.1/conv2/Conv_output_0": {
      "name": "/layer4/layer4.1/conv2/Conv_output_0",
      "dtype": "uint8",
      "pos": 3,
      "zp": 128,
      "source": "activation_minmse"
    },
    "/layer4/layer4.1/act2/Relu_output_0": {
      "name": "/layer4/layer4.1/act2/Relu_output_0",
      "dtype": "uint8",
      "pos": 3,
      "zp": 128,
      "source": "activation_minmse"
    },
    "/layer4/layer4.1/conv3/Conv_output_0": {
      "name": "/layer4/layer4.1/conv3/Conv_output_0",
      "dtype": "uint8",
      "pos": 3,
      "zp": 128,
      "source": "activation_minmse"
    },
    "/layer4/layer4.1/Add_output_0": {
      "name": "/layer4/layer4.1/Add_output_0",
      "dtype": "uint8",
      "pos": 3,
      "zp": 128,
      "source": "activation_minmse"
    },
    "/layer4/layer4.1/act3/Relu_output_0": {
      "name": "/layer4/layer4.1/act3/Relu_output_0",
      "dtype": "uint8",
      "pos": 3,
      "zp": 128,
      "source": "activation_minmse"
    },
    "/layer4/layer4.2/conv1/Conv_output_0": {
      "name": "/layer4/layer4.2/conv1/Conv_output_0",
      "dtype": "uint8",
      "pos": 3,
      "zp": 128,
      "source": "activation_minmse"
    },
    "/layer4/layer4.2/act1/Relu_output_0": {
      "name": "/layer4/layer4.2/act1/Relu_output_0",
      "dtype": "uint8",
      "pos": 3,
      "zp": 128,
      "source": "activation_minmse"
    },
    "/layer4/layer4.2/conv2/Conv_output_0": {
      "name": "/layer4/layer4.2/conv2/Conv_output_0",
      "dtype": "uint8",
      "pos": 2,
      "zp": 128,
      "source": "activation_minmse"
    },
    "/layer4/layer4.2/act2/Relu_output_0": {
      "name": "/layer4/layer4.2/act2/Relu_output_0",
      "dtype": "uint8",
      "pos": 3,
      "zp": 128,
      "source": "activation_minmse"
    },
    "/layer4/layer4.2/conv3/Conv_output_0": {
      "name": "/layer4/layer4.2/conv3/Conv_output_0",
      "dtype": "uint8",
      "pos": 3,
      "zp": 128,
      "source": "activation_minmse"
    },
    "/layer4/layer4.2/Add_output_0": {
      "name": "/layer4/layer4.2/Add_output_0",
      "dtype": "uint8",
      "pos": 3,
      "zp": 128,
      "source": "activation_minmse"
    },
    "/layer4/layer4.2/act3/Relu_output_0": {
      "name": "/layer4/layer4.2/act3/Relu_output_0",
      "dtype": "uint8",
      "pos": 2,
      "zp": 128,
      "source": "activation_minmse"
    },
    "/global_pool/pool/GlobalAveragePool_output_0": {
      "name": "/global_pool/pool/GlobalAveragePool_output_0",
      "dtype": "uint8",
      "pos": 5,
      "zp": 128,
      "source": "activation_minmse"
    },
    "/global_pool/flatten/Flatten_output_0": {
      "name": "/global_pool/flatten/Flatten_output_0",
      "dtype": "uint8",
      "pos": 5,
      "zp": 128,
      "source": "activation_minmse"
    },
    "output": {
      "name": "output",
      "dtype": "uint8",
      "pos": 3,
      "zp": 128,
      "source": "activation_minmse"
    },
    "onnx::Conv_497": {
      "name": "onnx::Conv_497",
      "dtype": "int8",
      "pos": 6,
      "zp": 0,
      "source": "initializer_minmse"
    },
    "onnx::Conv_498": {
      "name": "onnx::Conv_498",
      "dtype": "int8",
      "pos": 2,
      "zp": 0,
      "source": "initializer_minmse"
    },
    "onnx::Conv_500": {
      "name": "onnx::Conv_500",
      "dtype": "int8",
      "pos": 6,
      "zp": 0,
      "source": "initializer_minmse"
    },
    "onnx::Conv_501": {
      "name": "onnx::Conv_501",
      "dtype": "int8",
      "pos": 2,
      "zp": 0,
      "source": "initializer_minmse"
    },
    "onnx::Conv_503": {
      "name": "onnx::Conv_503",
      "dtype": "int8",
      "pos": 7,
      "zp": 0,
      "source": "initializer_minmse"
    },
    "onnx::Conv_504": {
      "name": "onnx::Conv_504",
      "dtype": "int8",
      "pos": 2,
      "zp": 0,
      "source": "initializer_minmse"
    },
    "onnx::Conv_506": {
      "name": "onnx::Conv_506",
      "dtype": "int8",
      "pos": 6,
      "zp": 0,
      "source": "initializer_minmse"
    },
    "onnx::Conv_507": {
      "name": "onnx::Conv_507",
      "dtype": "int8",
      "pos": 3,
      "zp": 0,
      "source": "initializer_minmse"
    },
    "onnx::Conv_509": {
      "name": "onnx::Conv_509",
      "dtype": "int8",
      "pos": 6,
      "zp": 0,
      "source": "initializer_minmse"
    },
    "onnx::Conv_510": {
      "name": "onnx::Conv_510",
      "dtype": "int8",
      "pos": 2,
      "zp": 0,
      "source": "initializer_minmse"
    },
    "onnx::Conv_512": {
      "name": "onnx::Conv_512",
      "dtype": "int8",
      "pos": 7,
      "zp": 0,
      "source": "initializer_minmse"
    },
    "onnx::Conv_513": {
      "name": "onnx::Conv_513",
      "dtype": "int8",
      "pos": 3,
      "zp": 0,
      "source": "initializer_minmse"
    },
    "onnx::Conv_515": {
      "name": "onnx::Conv_515",
      "dtype": "int8",
      "pos": 6,
      "zp": 0,
      "source": "initializer_minmse"
    },
    "onnx::Conv_516": {
      "name": "onnx::Conv_516",
      "dtype": "int8",
      "pos": 4,
      "zp": 0,
      "source": "initializer_minmse"
    },
    "onnx::Conv_518": {
      "name": "onnx::Conv_518",
      "dtype": "int8",
      "pos": 5,
      "zp": 0,
      "source": "initializer_minmse"
    },
    "onnx::Conv_519": {
      "name": "onnx::Conv_519",
      "dtype": "int8",
      "pos": 3,
      "zp": 0,
      "source": "initializer_minmse"
    },
    "onnx::Conv_521": {
      "name": "onnx::Conv_521",
      "dtype": "int8",
      "pos": 6,
      "zp": 0,
      "source": "initializer_minmse"
    },
    "onnx::Conv_522": {
      "name": "onnx::Conv_522",
      "dtype": "int8",
      "pos": 3,
      "zp": 0,
      "source": "initializer_minmse"
    },
    "onnx::Conv_524": {
      "name": "onnx::Conv_524",
      "dtype": "int8",
      "pos": 7,
      "zp": 0,
      "source": "initializer_minmse"
    },
    "onnx::Conv_525": {
      "name": "onnx::Conv_525",
      "dtype": "int8",
      "pos": 3,
      "zp": 0,
      "source": "initializer_minmse"
    },
    "onnx::Conv_527": {
      "name": "onnx::Conv_527",
      "dtype": "int8",
      "pos": 7,
      "zp": 0,
      "source": "initializer_minmse"
    },
    "onnx::Conv_528": {
      "name": "onnx::Conv_528",
      "dtype": "int8",
      "pos": 3,
      "zp": 0,
      "source": "initializer_minmse"
    },
    "onnx::Conv_530": {
      "name": "onnx::Conv_530",
      "dtype": "int8",
      "pos": 6,
      "zp": 0,
      "source": "initializer_minmse"
    },
    "onnx::Conv_531": {
      "name": "onnx::Conv_531",
      "dtype": "int8",
      "pos": 4,
      "zp": 0,
      "source": "initializer_minmse"
    },
    "onnx::Conv_533": {
      "name": "onnx::Conv_533",
      "dtype": "int8",
      "pos": 8,
      "zp": 0,
      "source": "initializer_minmse"
    },
    "onnx::Conv_534": {
      "name": "onnx::Conv_534",
      "dtype": "int8",
      "pos": 3,
      "zp": 0,
      "source": "initializer_minmse"
    },
    "onnx::Conv_536": {
      "name": "onnx::Conv_536",
      "dtype": "int8",
      "pos": 6,
      "zp": 0,
      "source": "initializer_minmse"
    },
    "onnx::Conv_537": {
      "name": "onnx::Conv_537",
      "dtype": "int8",
      "pos": 2,
      "zp": 0,
      "source": "initializer_minmse"
    },
    "onnx::Conv_539": {
      "name": "onnx::Conv_539",
      "dtype": "int8",
      "pos": 5,
      "zp": 0,
      "source": "initializer_minmse"
    },
    "onnx::Conv_540": {
      "name": "onnx::Conv_540",
      "dtype": "int8",
      "pos": 3,
      "zp": 0,
      "source": "initializer_minmse"
    },
    "onnx::Conv_542": {
      "name": "onnx::Conv_542",
      "dtype": "int8",
      "pos": 8,
      "zp": 0,
      "source": "initializer_minmse"
    },
    "onnx::Conv_543": {
      "name": "onnx::Conv_543",
      "dtype": "int8",
      "pos": 4,
      "zp": 0,
      "source": "initializer_minmse"
    },
    "onnx::Conv_545": {
      "name": "onnx::Conv_545",
      "dtype": "int8",
      "pos": 7,
      "zp": 0,
      "source": "initializer_minmse"
    },
    "onnx::Conv_546": {
      "name": "onnx::Conv_546",
      "dtype": "int8",
      "pos": 4,
      "zp": 0,
      "source": "initializer_minmse"
    },
    "onnx::Conv_548": {
      "name": "onnx::Conv_548",
      "dtype": "int8",
      "pos": 5,
      "zp": 0,
      "source": "initializer_minmse"
    },
    "onnx::Conv_549": {
      "name": "onnx::Conv_549",
      "dtype": "int8",
      "pos": 3,
      "zp": 0,
      "source": "initializer_minmse"
    },
    "onnx::Conv_551": {
      "name": "onnx::Conv_551",
      "dtype": "int8",
      "pos": 8,
      "zp": 0,
      "source": "initializer_minmse"
    },
    "onnx::Conv_552": {
      "name": "onnx::Conv_552",
      "dtype": "int8",
      "pos": 4,
      "zp": 0,
      "source": "initializer_minmse"
    },
    "onnx::Conv_554": {
      "name": "onnx::Conv_554",
      "dtype": "int8",
      "pos": 8,
      "zp": 0,
      "source": "initializer_minmse"
    },
    "onnx::Conv_555": {
      "name": "onnx::Conv_555",
      "dtype": "int8",
      "pos": 3,
      "zp": 0,
      "source": "initializer_minmse"
    },
    "onnx::Conv_557": {
      "name": "onnx::Conv_557",
      "dtype": "int8",
      "pos": 5,
      "zp": 0,
      "source": "initializer_minmse"
    },
    "onnx::Conv_558": {
      "name": "onnx::Conv_558",
      "dtype": "int8",
      "pos": 3,
      "zp": 0,
      "source": "initializer_minmse"
    },
    "onnx::Conv_560": {
      "name": "onnx::Conv_560",
      "dtype": "int8",
      "pos": 8,
      "zp": 0,
      "source": "initializer_minmse"
    },
    "onnx::Conv_561": {
      "name": "onnx::Conv_561",
      "dtype": "int8",
      "pos": 5,
      "zp": 0,
      "source": "initializer_minmse"
    },
    "onnx::Conv_563": {
      "name": "onnx::Conv_563",
      "dtype": "int8",
      "pos": 7,
      "zp": 0,
      "source": "initializer_minmse"
    },
    "onnx::Conv_564": {
      "name": "onnx::Conv_564",
      "dtype": "int8",
      "pos": 4,
      "zp": 0,
      "source": "initializer_minmse"
    },
    "onnx::Conv_566": {
      "name": "onnx::Conv_566",
      "dtype": "int8",
      "pos": 5,
      "zp": 0,
      "source": "initializer_minmse"
    },
    "onnx::Conv_567": {
      "name": "onnx::Conv_567",
      "dtype": "int8",
      "pos": 3,
      "zp": 0,
      "source": "initializer_minmse"
    },
    "onnx::Conv_569": {
      "name": "onnx::Conv_569",
      "dtype": "int8",
      "pos": 8,
      "zp": 0,
      "source": "initializer_minmse"
    },
    "onnx::Conv_570": {
      "name": "onnx::Conv_570",
      "dtype": "int8",
      "pos": 4,
      "zp": 0,
      "source": "initializer_minmse"
    },
    "onnx::Conv_572": {
      "name": "onnx::Conv_572",
      "dtype": "int8",
      "pos": 8,
      "zp": 0,
      "source": "initializer_minmse"
    },
    "onnx::Conv_573": {
      "name": "onnx::Conv_573",
      "dtype": "int8",
      "pos": 4,
      "zp": 0,
      "source": "initializer_minmse"
    },
    "onnx::Conv_575": {
      "name": "onnx::Conv_575",
      "dtype": "int8",
      "pos": 7,
      "zp": 0,
      "source": "initializer_minmse"
    },
    "onnx::Conv_576": {
      "name": "onnx::Conv_576",
      "dtype": "int8",
      "pos": 2,
      "zp": 0,
      "source": "initializer_minmse"
    },
    "onnx::Conv_578": {
      "name": "onnx::Conv_578",
      "dtype": "int8",
      "pos": 7,
      "zp": 0,
      "source": "initializer_minmse"
    },
    "onnx::Conv_579": {
      "name": "onnx::Conv_579",
      "dtype": "int8",
      "pos": 2,
      "zp": 0,
      "source": "initializer_minmse"
    },
    "onnx::Conv_581": {
      "name": "onnx::Conv_581",
      "dtype": "int8",
      "pos": 8,
      "zp": 0,
      "source": "initializer_minmse"
    },
    "onnx::Conv_582": {
      "name": "onnx::Conv_582",
      "dtype": "int8",
      "pos": 3,
      "zp": 0,
      "source": "initializer_minmse"
    },
    "onnx::Conv_584": {
      "name": "onnx::Conv_584",
      "dtype": "int8",
      "pos": 8,
      "zp": 0,
      "source": "initializer_minmse"
    },
    "onnx::Conv_585": {
      "name": "onnx::Conv_585",
      "dtype": "int8",
      "pos": 4,
      "zp": 0,
      "source": "initializer_minmse"
    },
    "onnx::Conv_587": {
      "name": "onnx::Conv_587",
      "dtype": "int8",
      "pos": 6,
      "zp": 0,
      "source": "initializer_minmse"
    },
    "onnx::Conv_588": {
      "name": "onnx::Conv_588",
      "dtype": "int8",
      "pos": 3,
      "zp": 0,
      "source": "initializer_minmse"
    },
    "onnx::Conv_590": {
      "name": "onnx::Conv_590",
      "dtype": "int8",
      "pos": 8,
      "zp": 0,
      "source": "initializer_minmse"
    },
    "onnx::Conv_591": {
      "name": "onnx::Conv_591",
      "dtype": "int8",
      "pos": 3,
      "zp": 0,
      "source": "initializer_minmse"
    },
    "onnx::Conv_593": {
      "name": "onnx::Conv_593",
      "dtype": "int8",
      "pos": 9,
      "zp": 0,
      "source": "initializer_minmse"
    },
    "onnx::Conv_594": {
      "name": "onnx::Conv_594",
      "dtype": "int8",
      "pos": 4,
      "zp": 0,
      "source": "initializer_minmse"
    },
    "onnx::Conv_596": {
      "name": "onnx::Conv_596",
      "dtype": "int8",
      "pos": 5,
      "zp": 0,
      "source": "initializer_minmse"
    },
    "onnx::Conv_597": {
      "name": "onnx::Conv_597",
      "dtype": "int8",
      "pos": 3,
      "zp": 0,
      "source": "initializer_minmse"
    },
    "onnx::Conv_599": {
      "name": "onnx::Conv_599",
      "dtype": "int8",
      "pos": 8,
      "zp": 0,
      "source": "initializer_minmse"
    },
    "onnx::Conv_600": {
      "name": "onnx::Conv_600",
      "dtype": "int8",
      "pos": 5,
      "zp": 0,
      "source": "initializer_minmse"
    },
    "onnx::Conv_602": {
      "name": "onnx::Conv_602",
      "dtype": "int8",
      "pos": 8,
      "zp": 0,
      "source": "initializer_minmse"
    },
    "onnx::Conv_603": {
      "name": "onnx::Conv_603",
      "dtype": "int8",
      "pos": 4,
      "zp": 0,
      "source": "initializer_minmse"
    },
    "onnx::Conv_605": {
      "name": "onnx::Conv_605",
      "dtype": "int8",
      "pos": 6,
      "zp": 0,
      "source": "initializer_minmse"
    },
    "onnx::Conv_606": {
      "name": "onnx::Conv_606",
      "dtype": "int8",
      "pos": 2,
      "zp": 0,
      "source": "initializer_minmse"
    },
    "onnx::Conv_608": {
      "name": "onnx::Conv_608",
      "dtype": "int8",
      "pos": 9,
      "zp": 0,
      "source": "initializer_minmse"
    },
    "onnx::Conv_609": {
      "name": "onnx::Conv_609",
      "dtype": "int8",
      "pos": 4,
      "zp": 0,
      "source": "initializer_minmse"
    },
    "onnx::Conv_611": {
      "name": "onnx::Conv_611",
      "dtype": "int8",
      "pos": 8,
      "zp": 0,
      "source": "initializer_minmse"
    },
    "onnx::Conv_612": {
      "name": "onnx::Conv_612",
      "dtype": "int8",
      "pos": 4,
      "zp": 0,
      "source": "initializer_minmse"
    },
    "onnx::Conv_614": {
      "name": "onnx::Conv_614",
      "dtype": "int8",
      "pos": 7,
      "zp": 0,
      "source": "initializer_minmse"
    },
    "onnx::Conv_615": {
      "name": "onnx::Conv_615",
      "dtype": "int8",
      "pos": 2,
      "zp": 0,
      "source": "initializer_minmse"
    },
    "onnx::Conv_617": {
      "name": "onnx::Conv_617",
      "dtype": "int8",
      "pos": 9,
      "zp": 0,
      "source": "initializer_minmse"
    },
    "onnx::Conv_618": {
      "name": "onnx::Conv_618",
      "dtype": "int8",
      "pos": 3,
      "zp": 0,
      "source": "initializer_minmse"
    },
    "onnx::Conv_620": {
      "name": "onnx::Conv_620",
      "dtype": "int8",
      "pos": 8,
      "zp": 0,
      "source": "initializer_minmse"
    },
    "onnx::Conv_621": {
      "name": "onnx::Conv_621",
      "dtype": "int8",
      "pos": 3,
      "zp": 0,
      "source": "initializer_minmse"
    },
    "onnx::Conv_623": {
      "name": "onnx::Conv_623",
      "dtype": "int8",
      "pos": 6,
      "zp": 0,
      "source": "initializer_minmse"
    },
    "onnx::Conv_624": {
      "name": "onnx::Conv_624",
      "dtype": "int8",
      "pos": 3,
      "zp": 0,
      "source": "initializer_minmse"
    },
    "onnx::Conv_626": {
      "name": "onnx::Conv_626",
      "dtype": "int8",
      "pos": 9,
      "zp": 0,
      "source": "initializer_minmse"
    },
    "onnx::Conv_627": {
      "name": "onnx::Conv_627",
      "dtype": "int8",
      "pos": 4,
      "zp": 0,
      "source": "initializer_minmse"
    },
    "onnx::Conv_629": {
      "name": "onnx::Conv_629",
      "dtype": "int8",
      "pos": 8,
      "zp": 0,
      "source": "initializer_minmse"
    },
    "onnx::Conv_630": {
      "name": "onnx::Conv_630",
      "dtype": "int8",
      "pos": 4,
      "zp": 0,
      "source": "initializer_minmse"
    },
    "onnx::Conv_632": {
      "name": "onnx::Conv_632",
      "dtype": "int8",
      "pos": 8,
      "zp": 0,
      "source": "initializer_minmse"
    },
    "onnx::Conv_633": {
      "name": "onnx::Conv_633",
      "dtype": "int8",
      "pos": 4,
      "zp": 0,
      "source": "initializer_minmse"
    },
    "onnx::Conv_635": {
      "name": "onnx::Conv_635",
      "dtype": "int8",
      "pos": 9,
      "zp": 0,
      "source": "initializer_minmse"
    },
    "onnx::Conv_636": {
      "name": "onnx::Conv_636",
      "dtype": "int8",
      "pos": 4,
      "zp": 0,
      "source": "initializer_minmse"
    },
    "onnx::Conv_638": {
      "name": "onnx::Conv_638",
      "dtype": "int8",
      "pos": 7,
      "zp": 0,
      "source": "initializer_minmse"
    },
    "onnx::Conv_639": {
      "name": "onnx::Conv_639",
      "dtype": "int8",
      "pos": 4,
      "zp": 0,
      "source": "initializer_minmse"
    },
    "onnx::Conv_641": {
      "name": "onnx::Conv_641",
      "dtype": "int8",
      "pos": 9,
      "zp": 0,
      "source": "initializer_minmse"
    },
    "onnx::Conv_642": {
      "name": "onnx::Conv_642",
      "dtype": "int8",
      "pos": 3,
      "zp": 0,
      "source": "initializer_minmse"
    },
    "onnx::Conv_644": {
      "name": "onnx::Conv_644",
      "dtype": "int8",
      "pos": 7,
      "zp": 0,
      "source": "initializer_minmse"
    },
    "onnx::Conv_645": {
      "name": "onnx::Conv_645",
      "dtype": "int8",
      "pos": 3,
      "zp": 0,
      "source": "initializer_minmse"
    },
    "onnx::Conv_647": {
      "name": "onnx::Conv_647",
      "dtype": "int8",
      "pos": 7,
      "zp": 0,
      "source": "initializer_minmse"
    },
    "onnx::Conv_648": {
      "name": "onnx::Conv_648",
      "dtype": "int8",
      "pos": 3,
      "zp": 0,
      "source": "initializer_minmse"
    },
    "onnx::Conv_650": {
      "name": "onnx::Conv_650",
      "dtype": "int8",
      "pos": 8,
      "zp": 0,
      "source": "initializer_minmse"
    },
    "onnx::Conv_651": {
      "name": "onnx::Conv_651",
      "dtype": "int8",
      "pos": 4,
      "zp": 0,
      "source": "initializer_minmse"
    },
    "onnx::Conv_653": {
      "name": "onnx::Conv_653",
      "dtype": "int8",
      "pos": 7,
      "zp": 0,
      "source": "initializer_minmse"
    },
    "onnx::Conv_654": {
      "name": "onnx::Conv_654",
      "dtype": "int8",
      "pos": 3,
      "zp": 0,
      "source": "initializer_minmse"
    },
    "fc.weight": {
      "name": "fc.weight",
      "dtype": "int8",
      "pos": 5,
      "zp": 0,
      "source": "initializer_minmse"
    },
    "fc.bias": {
      "name": "fc.bias",
      "dtype": "int8",
      "pos": 5,
      "zp": 0,
      "source": "initializer_minmse"
    }
  }
}
GRAPH_DIFF {
  "node_delta": [],
  "init_exact_mismatch": [],
  "weight_lsb": {},
  "weight_changed_elements": {},
  "compared_int8_initializers": 108
}
REFINE_FIXED_POINT {
  "own": {
    "loops": 1,
    "changes_by_rule": {},
    "log": [],
    "converged": true
  },
  "reference": {
    "loops": 1,
    "changes_by_rule": {},
    "log": [],
    "converged": true
  }
}
GRAPH_DIFF_PASS True
