PROBE_PREPARED {
  "status": "prepared",
  "machine": "Desktop 2 / Ryzen 7 8700G",
  "mutation": {
    "name": "float_weight_scales",
    "note": "Multiply Conv/Gemm weight scales by float32 1.01; activations/biases unchanged.",
    "changed_initializers": [
      {
        "name": "fc.weight_scale",
        "before_dtype": "float32",
        "after_dtype": "float32",
        "before_shape": [],
        "after_shape": []
      },
      {
        "name": "onnx::Conv_497_scale",
        "before_dtype": "float32",
        "after_dtype": "float32",
        "before_shape": [],
        "after_shape": []
      },
      {
        "name": "onnx::Conv_500_scale",
        "before_dtype": "float32",
        "after_dtype": "float32",
        "before_shape": [],
        "after_shape": []
      },
      {
        "name": "onnx::Conv_503_scale",
        "before_dtype": "float32",
        "after_dtype": "float32",
        "before_shape": [],
        "after_shape": []
      },
      {
        "name": "onnx::Conv_506_scale",
        "before_dtype": "float32",
        "after_dtype": "float32",
        "before_shape": [],
        "after_shape": []
      },
      {
        "name": "onnx::Conv_509_scale",
        "before_dtype": "float32",
        "after_dtype": "float32",
        "before_shape": [],
        "after_shape": []
      },
      {
        "name": "onnx::Conv_512_scale",
        "before_dtype": "float32",
        "after_dtype": "float32",
        "before_shape": [],
        "after_shape": []
      },
      {
        "name": "onnx::Conv_515_scale",
        "before_dtype": "float32",
        "after_dtype": "float32",
        "before_shape": [],
        "after_shape": []
      },
      {
        "name": "onnx::Conv_518_scale",
        "before_dtype": "float32",
        "after_dtype": "float32",
        "before_shape": [],
        "after_shape": []
      },
      {
        "name": "onnx::Conv_521_scale",
        "before_dtype": "float32",
        "after_dtype": "float32",
        "before_shape": [],
        "after_shape": []
      },
      {
        "name": "onnx::Conv_524_scale",
        "before_dtype": "float32",
        "after_dtype": "float32",
        "before_shape": [],
        "after_shape": []
      },
      {
        "name": "onnx::Conv_527_scale",
        "before_dtype": "float32",
        "after_dtype": "float32",
        "before_shape": [],
        "after_shape": []
      },
      {
        "name": "onnx::Conv_530_scale",
        "before_dtype": "float32",
        "after_dtype": "float32",
        "before_shape": [],
        "after_shape": []
      },
      {
        "name": "onnx::Conv_533_scale",
        "before_dtype": "float32",
        "after_dtype": "float32",
        "before_shape": [],
        "after_shape": []
      },
      {
        "name": "onnx::Conv_536_scale",
        "before_dtype": "float32",
        "after_dtype": "float32",
        "before_shape": [],
        "after_shape": []
      },
      {
        "name": "onnx::Conv_539_scale",
        "before_dtype": "float32",
        "after_dtype": "float32",
        "before_shape": [],
        "after_shape": []
      },
      {
        "name": "onnx::Conv_542_scale",
        "before_dtype": "float32",
        "after_dtype": "float32",
        "before_shape": [],
        "after_shape": []
      },
      {
        "name": "onnx::Conv_545_scale",
        "before_dtype": "float32",
        "after_dtype": "float32",
        "before_shape": [],
        "after_shape": []
      },
      {
        "name": "onnx::Conv_548_scale",
        "before_dtype": "float32",
        "after_dtype": "float32",
        "before_shape": [],
        "after_shape": []
      },
      {
        "name": "onnx::Conv_551_scale",
        "before_dtype": "float32",
        "after_dtype": "float32",
        "before_shape": [],
        "after_shape": []
      },
      {
        "name": "onnx::Conv_554_scale",
        "before_dtype": "float32",
        "after_dtype": "float32",
        "before_shape": [],
        "after_shape": []
      },
      {
        "name": "onnx::Conv_557_scale",
        "before_dtype": "float32",
        "after_dtype": "float32",
        "before_shape": [],
        "after_shape": []
      },
      {
        "name": "onnx::Conv_560_scale",
        "before_dtype": "float32",
        "after_dtype": "float32",
        "before_shape": [],
        "after_shape": []
      },
      {
        "name": "onnx::Conv_563_scale",
        "before_dtype": "float32",
        "after_dtype": "float32",
        "before_shape": [],
        "after_shape": []
      },
      {
        "name": "onnx::Conv_566_scale",
        "before_dtype": "float32",
        "after_dtype": "float32",
        "before_shape": [],
        "after_shape": []
      },
      {
        "name": "onnx::Conv_569_scale",
        "before_dtype": "float32",
        "after_dtype": "float32",
        "before_shape": [],
        "after_shape": []
      },
      {
        "name": "onnx::Conv_572_scale",
        "before_dtype": "float32",
        "after_dtype": "float32",
        "before_shape": [],
        "after_shape": []
      },
      {
        "name": "onnx::Conv_575_scale",
        "before_dtype": "float32",
        "after_dtype": "float32",
        "before_shape": [],
        "after_shape": []
      },
      {
        "name": "onnx::Conv_578_scale",
        "before_dtype": "float32",
        "after_dtype": "float32",
        "before_shape": [],
        "after_shape": []
      },
      {
        "name": "onnx::Conv_581_scale",
        "before_dtype": "float32",
        "after_dtype": "float32",
        "before_shape": [],
        "after_shape": []
      },
      {
        "name": "onnx::Conv_584_scale",
        "before_dtype": "float32",
        "after_dtype": "float32",
        "before_shape": [],
        "after_shape": []
      },
      {
        "name": "onnx::Conv_587_scale",
        "before_dtype": "float32",
        "after_dtype": "float32",
        "before_shape": [],
        "after_shape": []
      },
      {
        "name": "onnx::Conv_590_scale",
        "before_dtype": "float32",
        "after_dtype": "float32",
        "before_shape": [],
        "after_shape": []
      },
      {
        "name": "onnx::Conv_593_scale",
        "before_dtype": "float32",
        "after_dtype": "float32",
        "before_shape": [],
        "after_shape": []
      },
      {
        "name": "onnx::Conv_596_scale",
        "before_dtype": "float32",
        "after_dtype": "float32",
        "before_shape": [],
        "after_shape": []
      },
      {
        "name": "onnx::Conv_599_scale",
        "before_dtype": "float32",
        "after_dtype": "float32",
        "before_shape": [],
        "after_shape": []
      },
      {
        "name": "onnx::Conv_602_scale",
        "before_dtype": "float32",
        "after_dtype": "float32",
        "before_shape": [],
        "after_shape": []
      },
      {
        "name": "onnx::Conv_605_scale",
        "before_dtype": "float32",
        "after_dtype": "float32",
        "before_shape": [],
        "after_shape": []
      },
      {
        "name": "onnx::Conv_608_scale",
        "before_dtype": "float32",
        "after_dtype": "float32",
        "before_shape": [],
        "after_shape": []
      },
      {
        "name": "onnx::Conv_611_scale",
        "before_dtype": "float32",
        "after_dtype": "float32",
        "before_shape": [],
        "after_shape": []
      },
      {
        "name": "onnx::Conv_614_scale",
        "before_dtype": "float32",
        "after_dtype": "float32",
        "before_shape": [],
        "after_shape": []
      },
      {
        "name": "onnx::Conv_617_scale",
        "before_dtype": "float32",
        "after_dtype": "float32",
        "before_shape": [],
        "after_shape": []
      },
      {
        "name": "onnx::Conv_620_scale",
        "before_dtype": "float32",
        "after_dtype": "float32",
        "before_shape": [],
        "after_shape": []
      },
      {
        "name": "onnx::Conv_623_scale",
        "before_dtype": "float32",
        "after_dtype": "float32",
        "before_shape": [],
        "after_shape": []
      },
      {
        "name": "onnx::Conv_626_scale",
        "before_dtype": "float32",
        "after_dtype": "float32",
        "before_shape": [],
        "after_shape": []
      },
      {
        "name": "onnx::Conv_629_scale",
        "before_dtype": "float32",
        "after_dtype": "float32",
        "before_shape": [],
        "after_shape": []
      },
      {
        "name": "onnx::Conv_632_scale",
        "before_dtype": "float32",
        "after_dtype": "float32",
        "before_shape": [],
        "after_shape": []
      },
      {
        "name": "onnx::Conv_635_scale",
        "before_dtype": "float32",
        "after_dtype": "float32",
        "before_shape": [],
        "after_shape": []
      },
      {
        "name": "onnx::Conv_638_scale",
        "before_dtype": "float32",
        "after_dtype": "float32",
        "before_shape": [],
        "after_shape": []
      },
      {
        "name": "onnx::Conv_641_scale",
        "before_dtype": "float32",
        "after_dtype": "float32",
        "before_shape": [],
        "after_shape": []
      },
      {
        "name": "onnx::Conv_644_scale",
        "before_dtype": "float32",
        "after_dtype": "float32",
        "before_shape": [],
        "after_shape": []
      },
      {
        "name": "onnx::Conv_647_scale",
        "before_dtype": "float32",
        "after_dtype": "float32",
        "before_shape": [],
        "after_shape": []
      },
      {
        "name": "onnx::Conv_650_scale",
        "before_dtype": "float32",
        "after_dtype": "float32",
        "before_shape": [],
        "after_shape": []
      },
      {
        "name": "onnx::Conv_653_scale",
        "before_dtype": "float32",
        "after_dtype": "float32",
        "before_shape": [],
        "after_shape": []
      }
    ],
    "changed_nodes": [],
    "nodes_before": 380,
    "nodes_after": 380
  },
  "base_sha256": "c1945d2dce29e6afeaed16ef8c2bcc5689044f5210543440f84fb258c29e0ea5",
  "model_sha256": "7e9d0b67f12fa247b9f3ddefca5a839047bd9bd472c22e0c8f825018181e0af0",
  "ort_version": "1.23.3.dev20260320",
  "images": 32,
  "scope": "diagnostic output agreement; not dataset accuracy",
  "listing": [
    "data/eval/000000.jpg",
    "data/eval/000001.jpg",
    "data/eval/000002.jpg",
    "data/eval/000003.jpg",
    "data/eval/000004.jpg",
    "data/eval/000005.jpg",
    "data/eval/000006.jpg",
    "data/eval/000007.jpg",
    "data/eval/000008.jpg",
    "data/eval/000009.jpg",
    "data/eval/000010.jpg",
    "data/eval/000011.jpg",
    "data/eval/000012.jpg",
    "data/eval/000013.jpg",
    "data/eval/000014.jpg",
    "data/eval/000015.jpg",
    "data/eval/000016.jpg",
    "data/eval/000017.jpg",
    "data/eval/000018.jpg",
    "data/eval/000019.jpg",
    "data/eval/000020.jpg",
    "data/eval/000021.jpg",
    "data/eval/000022.jpg",
    "data/eval/000023.jpg",
    "data/eval/000024.jpg",
    "data/eval/000025.jpg",
    "data/eval/000026.jpg",
    "data/eval/000027.jpg",
    "data/eval/000028.jpg",
    "data/eval/000029.jpg",
    "data/eval/000030.jpg",
    "data/eval/000031.jpg"
  ],
  "preprocess": {
    "input_size": [
      3,
      224,
      224
    ],
    "interpolation": "bicubic",
    "mean": [
      0.485,
      0.456,
      0.406
    ],
    "std": [
      0.229,
      0.224,
      0.225
    ],
    "crop_pct": 0.95,
    "crop_mode": "center"
  },
  "inputs_sha256": "8482bcbcbd18be08d7d719bdcc31a23a0a3798d5fc960b5db20d4cdc550380ca",
  "cache_key": "modelcachekey",
  "fresh": true
}
CPU_COMPARISON {"images": 32, "max_abs": 3.875, "mae": 0.50021484375, "rmse": 0.6487484194344908, "exact_elements_fraction": 0.08471875, "argmax_agreement_fraction": 0.75}
PRE_NPU_CONTEXT_WITNESS

-----------------------------
[003d:00:01.1] : NPU Phoenix
-----------------------------
AIE Partitions
  No hardware contexts running on device


deleted stale cache C:\Users\<user>\PycharmProjects\ryzen-ai-xdna1-quantization\scratch\quant-worktree\modelcachekey
RYZEN_AI_INSTALLATION_PATH = C:\Program Files\RyzenAI\1.7.1
xclbin: C:\Program Files\RyzenAI\1.7.1\voe-4.0-win_amd64\xclbins\phoenix\4x4.xclbin
onnxruntime 1.23.3.dev20260320  providers: ['VitisAIExecutionProvider', 'DmlExecutionProvider', 'CPUExecutionProvider']
cache:  C:\Users\<user>\PycharmProjects\ryzen-ai-xdna1-quantization\scratch\quant-worktree\modelcachekey
First run compiles the model. It takes a while and looks frozen. It isn't.
EP_PLACEMENT {
  "report_sha256": "125faee5a3551805e02cff20ede5a2ffeb167d89b9c421c39d7527c5050537f0",
  "total": 395,
  "npu": 276,
  "device_counts": {
    "CPU": 119,
    "NPU": 276
  },
  "ops_by_device": {
    "CPU:Conv": 19,
    "CPU:DequantizeLinear": 62,
    "CPU:Flatten": 1,
    "CPU:Gemm": 1,
    "CPU:QuantizeLinear": 22,
    "CPU:Relu": 14,
    "NPU:Add": 16,
    "NPU:Conv": 34,
    "NPU:DequantizeLinear": 136,
    "NPU:GlobalAveragePool": 1,
    "NPU:MaxPool": 1,
    "NPU:Mul": 1,
    "NPU:QuantizeLinear": 52,
    "NPU:Relu": 35
  },
  "non_npu": [
    {
      "device": "CPU",
      "opType": "QuantizeLinear",
      "input": [
        "input",
        "input_scale",
        "input_zero_point"
      ],
      "output": [
        "input_QuantizeLinear_Output"
      ]
    },
    {
      "device": "CPU",
      "opType": "DequantizeLinear",
      "input": [
        "/maxpool/MaxPool_output_0_QuantizeLinear_Output",
        "/layer1/layer1.2/act2/Relu_output_0_scale",
        "/act1/Relu_output_0_zero_point"
      ],
      "output": [
        "/maxpool/MaxPool_output_0_DequantizeLinear_Output/duplicated"
      ]
    },
    {
      "device": "CPU",
      "opType": "DequantizeLinear",
      "input": [
        "onnx::Conv_510_quantized",
        "/layer3/layer3.5/conv3/Conv_output_0_scale",
        "onnx::Conv_510_zero_point"
      ],
      "output": [
        "onnx::Conv_510_DequantizeLinear_Output"
      ]
    },
    {
      "device": "CPU",
      "opType": "DequantizeLinear",
      "input": [
        "onnx::Conv_509_quantized",
        "onnx::Conv_509_scale",
        "onnx::Conv_509_zero_point"
      ],
      "output": [
        "onnx::Conv_509_DequantizeLinear_Output"
      ]
    },
    {
      "device": "CPU",
      "opType": "Conv",
      "input": [
        "/maxpool/MaxPool_output_0_DequantizeLinear_Output/duplicated",
        "onnx::Conv_509_DequantizeLinear_Output",
        "onnx::Conv_510_DequantizeLinear_Output"
      ],
      "output": [
        "/layer1/layer1.0/downsample/downsample.0/Conv_output_0"
      ]
    },
    {
      "device": "CPU",
      "opType": "QuantizeLinear",
      "input": [
        "/layer1/layer1.0/downsample/downsample.0/Conv_output_0",
        "onnx::Conv_519_scale",
        "/layer1/layer1.0/downsample/downsample.0/Conv_output_0_zero_point"
      ],
      "output": [
        "/layer1/layer1.0/downsample/downsample.0/Conv_output_0_QuantizeLinear_Output"
      ]
    },
    {
      "device": "CPU",
      "opType": "DequantizeLinear",
      "input": [
        "/maxpool/MaxPool_output_0_QuantizeLinear_Output",
        "/layer1/layer1.2/act2/Relu_output_0_scale",
        "/act1/Relu_output_0_zero_point"
      ],
      "output": [
        "/maxpool/MaxPool_output_0_DequantizeLinear_Output"
      ]
    },
    {
      "device": "CPU",
      "opType": "DequantizeLinear",
      "input": [
        "onnx::Conv_501_quantized",
        "/layer3/layer3.5/conv3/Conv_output_0_scale",
        "onnx::Conv_501_zero_point"
      ],
      "output": [
        "onnx::Conv_501_DequantizeLinear_Output"
      ]
    },
    {
      "device": "CPU",
      "opType": "DequantizeLinear",
      "input": [
        "onnx::Conv_500_quantized",
        "onnx::Conv_509_scale",
        "onnx::Conv_500_zero_point"
      ],
      "output": [
        "onnx::Conv_500_DequantizeLinear_Output"
      ]
    },
    {
      "device": "CPU",
      "opType": "Conv",
      "input": [
        "/maxpool/MaxPool_output_0_DequantizeLinear_Output",
        "onnx::Conv_500_DequantizeLinear_Output",
        "onnx::Conv_501_DequantizeLinear_Output"
      ],
      "output": [
        "/layer1/layer1.0/conv1/Conv_output_0"
      ]
    },
    {
      "device": "CPU",
      "opType": "Relu",
      "input": [
        "/layer1/layer1.0/conv1/Conv_output_0"
      ],
      "output": [
        "/layer1/layer1.0/act1/Relu_output_0"
      ]
    },
    {
      "device": "CPU",
      "opType": "QuantizeLinear",
      "input": [
        "/layer1/layer1.0/act1/Relu_output_0",
        "/layer3/layer3.5/conv3/Conv_output_0_scale",
        "/layer1/layer1.0/act1/Relu_output_0_zero_point"
      ],
      "output": [
        "/layer1/layer1.0/act1/Relu_output_0_QuantizeLinear_Output"
      ]
    },
    {
      "device": "CPU",
      "opType": "DequantizeLinear",
      "input": [
        "/layer1/layer1.0/act2/Relu_output_0_QuantizeLinear_Output",
        "/layer1/layer1.2/act2/Relu_output_0_scale",
        "/layer1/layer1.0/act2/Relu_output_0_zero_point"
      ],
      "output": [
        "/layer1/layer1.0/act2/Relu_output_0_DequantizeLinear_Output"
      ]
    },
    {
      "device": "CPU",
      "opType": "DequantizeLinear",
      "input": [
        "onnx::Conv_507_quantized",
        "onnx::Conv_519_scale",
        "onnx::Conv_507_zero_point"
      ],
      "output": [
        "onnx::Conv_507_DequantizeLinear_Output"
      ]
    },
    {
      "device": "CPU",
      "opType": "DequantizeLinear",
      "input": [
        "onnx::Conv_506_quantized",
        "onnx::Conv_509_scale",
        "onnx::Conv_506_zero_point"
      ],
      "output": [
        "onnx::Conv_506_DequantizeLinear_Output"
      ]
    },
    {
      "device": "CPU",
      "opType": "Conv",
      "input": [
        "/layer1/layer1.0/act2/Relu_output_0_DequantizeLinear_Output",
        "onnx::Conv_506_DequantizeLinear_Output",
        "onnx::Conv_507_DequantizeLinear_Output"
      ],
      "output": [
        "/layer1/layer1.0/conv3/Conv_output_0"
      ]
    },
    {
      "device": "CPU",
      "opType": "QuantizeLinear",
      "input": [
        "/layer1/layer1.0/conv3/Conv_output_0",
        "onnx::Conv_519_scale",
        "/layer1/layer1.0/conv3/Conv_output_0_zero_point"
      ],
      "output": [
        "/layer1/layer1.0/conv3/Conv_output_0_QuantizeLinear_Output"
      ]
    },
    {
      "device": "CPU",
      "opType": "DequantizeLinear",
      "input": [
        "/layer1/layer1.0/act3/Relu_output_0_QuantizeLinear_Output",
        "onnx::Conv_519_scale",
        "/layer1/layer1.0/act3/Relu_output_0_zero_point"
      ],
      "output": [
        "/layer1/layer1.0/act3/Relu_output_0_DequantizeLinear_Output"
      ]
    },
    {
      "device": "CPU",
      "opType": "DequantizeLinear",
      "input": [
        "onnx::Conv_513_quantized",
        "onnx::Conv_519_scale",
        "onnx::Conv_513_zero_point"
      ],
      "output": [
        "onnx::Conv_513_DequantizeLinear_Output"
      ]
    },
    {
      "device": "CPU",
      "opType": "DequantizeLinear",
      "input": [
        "onnx::Conv_512_quantized",
        "onnx::Conv_575_scale",
        "onnx::Conv_512_zero_point"
      ],
      "output": [
        "onnx::Conv_512_DequantizeLinear_Output"
      ]
    },
    {
      "device": "CPU",
      "opType": "Conv",
      "input": [
        "/layer1/layer1.0/act3/Relu_output_0_DequantizeLinear_Output",
        "onnx::Conv_512_DequantizeLinear_Output",
        "onnx::Conv_513_DequantizeLinear_Output"
      ],
      "output": [
        "/layer1/layer1.1/conv1/Conv_output_0"
      ]
    },
    {
      "device": "CPU",
      "opType": "Relu",
      "input": [
        "/layer1/layer1.1/conv1/Conv_output_0"
      ],
      "output": [
        "/layer1/layer1.1/act1/Relu_output_0"
      ]
    },
    {
      "device": "CPU",
      "opType": "QuantizeLinear",
      "input": [
        "/layer1/layer1.1/act1/Relu_output_0",
        "/layer2/layer2.2/act1/Relu_output_0_scale",
        "/layer1/layer1.1/act1/Relu_output_0_zero_point"
      ],
      "output": [
        "/layer1/layer1.1/act1/Relu_output_0_QuantizeLinear_Output"
      ]
    },
    {
      "device": "CPU",
      "opType": "DequantizeLinear",
      "input": [
        "/layer1/layer1.2/act2/Relu_output_0_QuantizeLinear_Output",
        "/layer1/layer1.2/act2/Relu_output_0_scale",
        "/layer1/layer1.2/act2/Relu_output_0_zero_point"
      ],
      "output": [
        "/layer1/layer1.2/act2/Relu_output_0_DequantizeLinear_Output"
      ]
    },
    {
      "device": "CPU",
      "opType": "DequantizeLinear",
      "input": [
        "onnx::Conv_528_quantized",
        "onnx::Conv_519_scale",
        "onnx::Conv_528_zero_point"
      ],
      "output": [
        "onnx::Conv_528_DequantizeLinear_Output"
      ]
    },
    {
      "device": "CPU",
      "opType": "DequantizeLinear",
      "input": [
        "onnx::Conv_527_quantized",
        "onnx::Conv_575_scale",
        "onnx::Conv_527_zero_point"
      ],
      "output": [
        "onnx::Conv_527_DequantizeLinear_Output"
      ]
    },
    {
      "device": "CPU",
      "opType": "Conv",
      "input": [
        "/layer1/layer1.2/act2/Relu_output_0_DequantizeLinear_Output",
        "onnx::Conv_527_DequantizeLinear_Output",
        "onnx::Conv_528_DequantizeLinear_Output"
      ],
      "output": [
        "/layer1/layer1.2/conv3/Conv_output_0"
      ]
    },
    {
      "device": "CPU",
      "opType": "QuantizeLinear",
      "input": [
        "/layer1/layer1.2/conv3/Conv_output_0",
        "/layer3/layer3.5/conv3/Conv_output_0_scale",
        "/layer1/layer1.2/conv3/Conv_output_0_zero_point"
      ],
      "output": [
        "/layer1/layer1.2/conv3/Conv_output_0_QuantizeLinear_Output"
      ]
    },
    {
      "device": "CPU",
      "opType": "DequantizeLinear",
      "input": [
        "/layer2/layer2.0/act3/Relu_output_0_QuantizeLinear_Output",
        "/layer3/layer3.5/conv3/Conv_output_0_scale",
        "/layer2/layer2.0/act3/Relu_output_0_zero_point"
      ],
      "output": [
        "/layer2/layer2.0/act3/Relu_output_0_DequantizeLinear_Output"
      ]
    },
    {
      "device": "CPU",
      "opType": "DequantizeLinear",
      "input": [
        "onnx::Conv_543_quantized",
        "/layer2/layer2.2/act1/Relu_output_0_scale",
        "onnx::Conv_543_zero_point"
      ],
      "output": [
        "onnx::Conv_543_DequantizeLinear_Output"
      ]
    },
    {
      "device": "CPU",
      "opType": "DequantizeLinear",
      "input": [
        "onnx::Conv_542_quantized",
        "onnx::Conv_581_scale",
        "onnx::Conv_542_zero_point"
      ],
      "output": [
        "onnx::Conv_542_DequantizeLinear_Output"
      ]
    },
    {
      "device": "CPU",
      "opType": "Conv",
      "input": [
        "/layer2/layer2.0/act3/Relu_output_0_DequantizeLinear_Output",
        "onnx::Conv_542_DequantizeLinear_Output",
        "onnx::Conv_543_DequantizeLinear_Output"
      ],
      "output": [
        "/layer2/layer2.1/conv1/Conv_output_0"
      ]
    },
    {
      "device": "CPU",
      "opType": "Relu",
      "input": [
        "/layer2/layer2.1/conv1/Conv_output_0"
      ],
      "output": [
        "/layer2/layer2.1/act1/Relu_output_0"
      ]
    },
    {
      "device": "CPU",
      "opType": "QuantizeLinear",
      "input": [
        "/layer2/layer2.1/act1/Relu_output_0",
        "onnx::Conv_519_scale",
        "/layer2/layer2.1/act1/Relu_output_0_zero_point"
      ],
      "output": [
        "/layer2/layer2.1/act1/Relu_output_0_QuantizeLinear_Output"
      ]
    },
    {
      "device": "CPU",
      "opType": "DequantizeLinear",
      "input": [
        "/layer2/layer2.1/act1/Relu_output_0_QuantizeLinear_Output",
        "onnx::Conv_519_scale",
        "/layer2/layer2.1/act1/Relu_output_0_zero_point"
      ],
      "output": [
        "/layer2/layer2.1/act1/Relu_output_0_DequantizeLinear_Output"
      ]
    },
    {
      "device": "CPU",
      "opType": "DequantizeLinear",
      "input": [
        "onnx::Conv_546_quantized",
        "/layer2/layer2.2/act1/Relu_output_0_scale",
        "onnx::Conv_546_zero_point"
      ],
      "output": [
        "onnx::Conv_546_DequantizeLinear_Output"
      ]
    },
    {
      "device": "CPU",
      "opType": "DequantizeLinear",
      "input": [
        "onnx::Conv_545_quantized",
        "onnx::Conv_575_scale",
        "onnx::Conv_545_zero_point"
      ],
      "output": [
        "onnx::Conv_545_DequantizeLinear_Output"
      ]
    },
    {
      "device": "CPU",
      "opType": "Conv",
      "input": [
        "/layer2/layer2.1/act1/Relu_output_0_DequantizeLinear_Output",
        "onnx::Conv_545_DequantizeLinear_Output",
        "onnx::Conv_546_DequantizeLinear_Output"
      ],
      "output": [
        "/layer2/layer2.1/conv2/Conv_output_0"
      ]
    },
    {
      "device": "CPU",
      "opType": "Relu",
      "input": [
        "/layer2/layer2.1/conv2/Conv_output_0"
      ],
      "output": [
        "/layer2/layer2.1/act2/Relu_output_0"
      ]
    },
    {
      "device": "CPU",
      "opType": "QuantizeLinear",
      "input": [
        "/layer2/layer2.1/act2/Relu_output_0",
        "/layer2/layer2.2/act1/Relu_output_0_scale",
        "/layer2/layer2.1/act2/Relu_output_0_zero_point"
      ],
      "output": [
        "/layer2/layer2.1/act2/Relu_output_0_QuantizeLinear_Output"
      ]
    },
    {
      "device": "CPU",
      "opType": "DequantizeLinear",
      "input": [
        "/layer2/layer2.1/act3/Relu_output_0_QuantizeLinear_Output",
        "/layer3/layer3.5/conv3/Conv_output_0_scale",
        "/layer2/layer2.1/act3/Relu_output_0_zero_point"
      ],
      "output": [
        "/layer2/layer2.1/act3/Relu_output_0_DequantizeLinear_Output"
      ]
    },
    {
      "device": "CPU",
      "opType": "DequantizeLinear",
      "input": [
        "onnx::Conv_552_quantized",
        "/layer2/layer2.2/act1/Relu_output_0_scale",
        "onnx::Conv_552_zero_point"
      ],
      "output": [
        "onnx::Conv_552_DequantizeLinear_Output"
      ]
    },
    {
      "device": "CPU",
      "opType": "DequantizeLinear",
      "input": [
        "onnx::Conv_551_quantized",
        "onnx::Conv_581_scale",
        "onnx::Conv_551_zero_point"
      ],
      "output": [
        "onnx::Conv_551_DequantizeLinear_Output"
      ]
    },
    {
      "device": "CPU",
      "opType": "Conv",
      "input": [
        "/layer2/layer2.1/act3/Relu_output_0_DequantizeLinear_Output",
        "onnx::Conv_551_DequantizeLinear_Output",
        "onnx::Conv_552_DequantizeLinear_Output"
      ],
      "output": [
        "/layer2/layer2.2/conv1/Conv_output_0"
      ]
    },
    {
      "device": "CPU",
      "opType": "Relu",
      "input": [
        "/layer2/layer2.2/conv1/Conv_output_0"
      ],
      "output": [
        "/layer2/layer2.2/act1/Relu_output_0"
      ]
    },
    {
      "device": "CPU",
      "opType": "QuantizeLinear",
      "input": [
        "/layer2/layer2.2/act1/Relu_output_0",
        "/layer2/layer2.2/act1/Relu_output_0_scale",
        "/layer2/layer2.2/act1/Relu_output_0_zero_point"
      ],
      "output": [
        "/layer2/layer2.2/act1/Relu_output_0_QuantizeLinear_Output"
      ]
    },
    {
      "device": "CPU",
      "opType": "DequantizeLinear",
      "input": [
        "/layer2/layer2.2/act3/Relu_output_0_QuantizeLinear_Output",
        "/layer3/layer3.5/conv3/Conv_output_0_scale",
        "/layer2/layer2.2/act3/Relu_output_0_zero_point"
      ],
      "output": [
        "/layer2/layer2.2/act3/Relu_output_0_DequantizeLinear_Output"
      ]
    },
    {
      "device": "CPU",
      "opType": "DequantizeLinear",
      "input": [
        "onnx::Conv_561_quantized",
        "input_scale",
        "onnx::Conv_561_zero_point"
      ],
      "output": [
        "onnx::Conv_561_DequantizeLinear_Output"
      ]
    },
    {
      "device": "CPU",
      "opType": "DequantizeLinear",
      "input": [
        "onnx::Conv_560_quantized",
        "onnx::Conv_581_scale",
        "onnx::Conv_560_zero_point"
      ],
      "output": [
        "onnx::Conv_560_DequantizeLinear_Output"
      ]
    },
    {
      "device": "CPU",
      "opType": "Conv",
      "input": [
        "/layer2/layer2.2/act3/Relu_output_0_DequantizeLinear_Output",
        "onnx::Conv_560_DequantizeLinear_Output",
        "onnx::Conv_561_DequantizeLinear_Output"
      ],
      "output": [
        "/layer2/layer2.3/conv1/Conv_output_0"
      ]
    },
    {
      "device": "CPU",
      "opType": "Relu",
      "input": [
        "/layer2/layer2.3/conv1/Conv_output_0"
      ],
      "output": [
        "/layer2/layer2.3/act1/Relu_output_0"
      ]
    },
    {
      "device": "CPU",
      "opType": "QuantizeLinear",
      "input": [
        "/layer2/layer2.3/act1/Relu_output_0",
        "onnx::Conv_519_scale",
        "/layer2/layer2.3/act1/Relu_output_0_zero_point"
      ],
      "output": [
        "/layer2/layer2.3/act1/Relu_output_0_QuantizeLinear_Output"
      ]
    },
    {
      "device": "CPU",
      "opType": "DequantizeLinear",
      "input": [
        "/layer2/layer2.3/act3/Relu_output_0_QuantizeLinear_Output",
        "/layer3/layer3.5/conv3/Conv_output_0_scale",
        "/layer2/layer2.3/act3/Relu_output_0_zero_point"
      ],
      "output": [
        "/layer2/layer2.3/act3/Relu_output_0_DequantizeLinear_Output/duplicated"
      ]
    },
    {
      "device": "CPU",
      "opType": "DequantizeLinear",
      "input": [
        "onnx::Conv_579_quantized",
        "/layer3/layer3.5/conv3/Conv_output_0_scale",
        "onnx::Conv_579_zero_point"
      ],
      "output": [
        "onnx::Conv_579_DequantizeLinear_Output"
      ]
    },
    {
      "device": "CPU",
      "opType": "DequantizeLinear",
      "input": [
        "onnx::Conv_578_quantized",
        "onnx::Conv_575_scale",
        "onnx::Conv_578_zero_point"
      ],
      "output": [
        "onnx::Conv_578_DequantizeLinear_Output"
      ]
    },
    {
      "device": "CPU",
      "opType": "Conv",
      "input": [
        "/layer2/layer2.3/act3/Relu_output_0_DequantizeLinear_Output/duplicated",
        "onnx::Conv_578_DequantizeLinear_Output",
        "onnx::Conv_579_DequantizeLinear_Output"
      ],
      "output": [
        "/layer3/layer3.0/downsample/downsample.0/Conv_output_0"
      ]
    },
    {
      "device": "CPU",
      "opType": "QuantizeLinear",
      "input": [
        "/layer3/layer3.0/downsample/downsample.0/Conv_output_0",
        "onnx::Conv_519_scale",
        "/layer3/layer3.0/downsample/downsample.0/Conv_output_0_zero_point"
      ],
      "output": [
        "/layer3/layer3.0/downsample/downsample.0/Conv_output_0_QuantizeLinear_Output"
      ]
    },
    {
      "device": "CPU",
      "opType": "DequantizeLinear",
      "input": [
        "/layer2/layer2.3/act3/Relu_output_0_QuantizeLinear_Output",
        "/layer3/layer3.5/conv3/Conv_output_0_scale",
        "/layer2/layer2.3/act3/Relu_output_0_zero_point"
      ],
      "output": [
        "/layer2/layer2.3/act3/Relu_output_0_DequantizeLinear_Output"
      ]
    },
    {
      "device": "CPU",
      "opType": "DequantizeLinear",
      "input": [
        "onnx::Conv_570_quantized",
        "/layer2/layer2.2/act1/Relu_output_0_scale",
        "onnx::Conv_570_zero_point"
      ],
      "output": [
        "onnx::Conv_570_DequantizeLinear_Output"
      ]
    },
    {
      "device": "CPU",
      "opType": "DequantizeLinear",
      "input": [
        "onnx::Conv_569_quantized",
        "onnx::Conv_581_scale",
        "onnx::Conv_569_zero_point"
      ],
      "output": [
        "onnx::Conv_569_DequantizeLinear_Output"
      ]
    },
    {
      "device": "CPU",
      "opType": "Conv",
      "input": [
        "/layer2/layer2.3/act3/Relu_output_0_DequantizeLinear_Output",
        "onnx::Conv_569_DequantizeLinear_Output",
        "onnx::Conv_570_DequantizeLinear_Output"
      ],
      "output": [
        "/layer3/layer3.0/conv1/Conv_output_0"
      ]
    },
    {
      "device": "CPU",
      "opType": "Relu",
      "input": [
        "/layer3/layer3.0/conv1/Conv_output_0"
      ],
      "output": [
        "/layer3/layer3.0/act1/Relu_output_0"
      ]
    },
    {
      "device": "CPU",
      "opType": "QuantizeLinear",
      "input": [
        "/layer3/layer3.0/act1/Relu_output_0",
        "onnx::Conv_519_scale",
        "/layer3/layer3.0/act1/Relu_output_0_zero_point"
      ],
      "output": [
        "/layer3/layer3.0/act1/Relu_output_0_QuantizeLinear_Output"
      ]
    },
    {
      "device": "CPU",
      "opType": "DequantizeLinear",
      "input": [
        "/layer3/layer3.0/act3/Relu_output_0_QuantizeLinear_Output",
        "/layer3/layer3.5/conv3/Conv_output_0_scale",
        "/layer3/layer3.0/act3/Relu_output_0_zero_point"
      ],
      "output": [
        "/layer3/layer3.0/act3/Relu_output_0_DequantizeLinear_Output"
      ]
    },
    {
      "device": "CPU",
      "opType": "DequantizeLinear",
      "input": [
        "onnx::Conv_582_quantized",
        "onnx::Conv_519_scale",
        "onnx::Conv_582_zero_point"
      ],
      "output": [
        "onnx::Conv_582_DequantizeLinear_Output"
      ]
    },
    {
      "device": "CPU",
      "opType": "DequantizeLinear",
      "input": [
        "onnx::Conv_581_quantized",
        "onnx::Conv_581_scale",
        "onnx::Conv_581_zero_point"
      ],
      "output": [
        "onnx::Conv_581_DequantizeLinear_Output"
      ]
    },
    {
      "device": "CPU",
      "opType": "Conv",
      "input": [
        "/layer3/layer3.0/act3/Relu_output_0_DequantizeLinear_Output",
        "onnx::Conv_581_DequantizeLinear_Output",
        "onnx::Conv_582_DequantizeLinear_Output"
      ],
      "output": [
        "/layer3/layer3.1/conv1/Conv_output_0"
      ]
    },
    {
      "device": "CPU",
      "opType": "Relu",
      "input": [
        "/layer3/layer3.1/conv1/Conv_output_0"
      ],
      "output": [
        "/layer3/layer3.1/act1/Relu_output_0"
      ]
    },
    {
      "device": "CPU",
      "opType": "QuantizeLinear",
      "input": [
        "/layer3/layer3.1/act1/Relu_output_0",
        "onnx::Conv_519_scale",
        "/layer3/layer3.1/act1/Relu_output_0_zero_point"
      ],
      "output": [
        "/layer3/layer3.1/act1/Relu_output_0_QuantizeLinear_Output"
      ]
    },
    {
      "device": "CPU",
      "opType": "DequantizeLinear",
      "input": [
        "/layer3/layer3.1/act3/Relu_output_0_QuantizeLinear_Output",
        "/layer3/layer3.5/conv3/Conv_output_0_scale",
        "/layer3/layer3.1/act3/Relu_output_0_zero_point"
      ],
      "output": [
        "/layer3/layer3.1/act3/Relu_output_0_DequantizeLinear_Output"
      ]
    },
    {
      "device": "CPU",
      "opType": "DequantizeLinear",
      "input": [
        "onnx::Conv_591_quantized",
        "onnx::Conv_519_scale",
        "onnx::Conv_591_zero_point"
      ],
      "output": [
        "onnx::Conv_591_DequantizeLinear_Output"
      ]
    },
    {
      "device": "CPU",
      "opType": "DequantizeLinear",
      "input": [
        "onnx::Conv_590_quantized",
        "onnx::Conv_581_scale",
        "onnx::Conv_590_zero_point"
      ],
      "output": [
        "onnx::Conv_590_DequantizeLinear_Output"
      ]
    },
    {
      "device": "CPU",
      "opType": "Conv",
      "input": [
        "/layer3/layer3.1/act3/Relu_output_0_DequantizeLinear_Output",
        "onnx::Conv_590_DequantizeLinear_Output",
        "onnx::Conv_591_DequantizeLinear_Output"
      ],
      "output": [
        "/layer3/layer3.2/conv1/Conv_output_0"
      ]
    },
    {
      "device": "CPU",
      "opType": "Relu",
      "input": [
        "/layer3/layer3.2/conv1/Conv_output_0"
      ],
      "output": [
        "/layer3/layer3.2/act1/Relu_output_0"
      ]
    },
    {
      "device": "CPU",
      "opType": "QuantizeLinear",
      "input": [
        "/layer3/layer3.2/act1/Relu_output_0",
        "onnx::Conv_519_scale",
        "/layer3/layer3.2/act1/Relu_output_0_zero_point"
      ],
      "output": [
        "/layer3/layer3.2/act1/Relu_output_0_QuantizeLinear_Output"
      ]
    },
    {
      "device": "CPU",
      "opType": "DequantizeLinear",
      "input": [
        "/layer3/layer3.2/act3/Relu_output_0_QuantizeLinear_Output",
        "/layer3/layer3.5/conv3/Conv_output_0_scale",
        "/layer3/layer3.2/act3/Relu_output_0_zero_point"
      ],
      "output": [
        "/layer3/layer3.2/act3/Relu_output_0_DequantizeLinear_Output"
      ]
    },
    {
      "device": "CPU",
      "opType": "DequantizeLinear",
      "input": [
        "onnx::Conv_600_quantized",
        "input_scale",
        "onnx::Conv_600_zero_point"
      ],
      "output": [
        "onnx::Conv_600_DequantizeLinear_Output"
      ]
    },
    {
      "device": "CPU",
      "opType": "DequantizeLinear",
      "input": [
        "onnx::Conv_599_quantized",
        "onnx::Conv_581_scale",
        "onnx::Conv_599_zero_point"
      ],
      "output": [
        "onnx::Conv_599_DequantizeLinear_Output"
      ]
    },
    {
      "device": "CPU",
      "opType": "Conv",
      "input": [
        "/layer3/layer3.2/act3/Relu_output_0_DequantizeLinear_Output",
        "onnx::Conv_599_DequantizeLinear_Output",
        "onnx::Conv_600_DequantizeLinear_Output"
      ],
      "output": [
        "/layer3/layer3.3/conv1/Conv_output_0"
      ]
    },
    {
      "device": "CPU",
      "opType": "Relu",
      "input": [
        "/layer3/layer3.3/conv1/Conv_output_0"
      ],
      "output": [
        "/layer3/layer3.3/act1/Relu_output_0"
      ]
    },
    {
      "device": "CPU",
      "opType": "QuantizeLinear",
      "input": [
        "/layer3/layer3.3/act1/Relu_output_0",
        "onnx::Conv_519_scale",
        "/layer3/layer3.3/act1/Relu_output_0_zero_point"
      ],
      "output": [
        "/layer3/layer3.3/act1/Relu_output_0_QuantizeLinear_Output"
      ]
    },
    {
      "device": "CPU",
      "opType": "DequantizeLinear",
      "input": [
        "/layer3/layer3.3/act3/Relu_output_0_QuantizeLinear_Output",
        "/layer3/layer3.5/conv3/Conv_output_0_scale",
        "/layer3/layer3.3/act3/Relu_output_0_zero_point"
      ],
      "output": [
        "/layer3/layer3.3/act3/Relu_output_0_DequantizeLinear_Output"
      ]
    },
    {
      "device": "CPU",
      "opType": "DequantizeLinear",
      "input": [
        "onnx::Conv_609_quantized",
        "/layer2/layer2.2/act1/Relu_output_0_scale",
        "onnx::Conv_609_zero_point"
      ],
      "output": [
        "onnx::Conv_609_DequantizeLinear_Output"
      ]
    },
    {
      "device": "CPU",
      "opType": "DequantizeLinear",
      "input": [
        "onnx::Conv_608_quantized",
        "onnx::Conv_617_scale",
        "onnx::Conv_608_zero_point"
      ],
      "output": [
        "onnx::Conv_608_DequantizeLinear_Output"
      ]
    },
    {
      "device": "CPU",
      "opType": "Conv",
      "input": [
        "/layer3/layer3.3/act3/Relu_output_0_DequantizeLinear_Output",
        "onnx::Conv_608_DequantizeLinear_Output",
        "onnx::Conv_609_DequantizeLinear_Output"
      ],
      "output": [
        "/layer3/layer3.4/conv1/Conv_output_0"
      ]
    },
    {
      "device": "CPU",
      "opType": "Relu",
      "input": [
        "/layer3/layer3.4/conv1/Conv_output_0"
      ],
      "output": [
        "/layer3/layer3.4/act1/Relu_output_0"
      ]
    },
    {
      "device": "CPU",
      "opType": "QuantizeLinear",
      "input": [
        "/layer3/layer3.4/act1/Relu_output_0",
        "onnx::Conv_519_scale",
        "/layer3/layer3.4/act1/Relu_output_0_zero_point"
      ],
      "output": [
        "/layer3/layer3.4/act1/Relu_output_0_QuantizeLinear_Output"
      ]
    },
    {
      "device": "CPU",
      "opType": "DequantizeLinear",
      "input": [
        "/layer3/layer3.4/act3/Relu_output_0_QuantizeLinear_Output",
        "/layer3/layer3.5/conv3/Conv_output_0_scale",
        "/layer3/layer3.4/act3/Relu_output_0_zero_point"
      ],
      "output": [
        "/layer3/layer3.4/act3/Relu_output_0_DequantizeLinear_Output"
      ]
    },
    {
      "device": "CPU",
      "opType": "DequantizeLinear",
      "input": [
        "onnx::Conv_618_quantized",
        "onnx::Conv_519_scale",
        "onnx::Conv_618_zero_point"
      ],
      "output": [
        "onnx::Conv_618_DequantizeLinear_Output"
      ]
    },
    {
      "device": "CPU",
      "opType": "DequantizeLinear",
      "input": [
        "onnx::Conv_617_quantized",
        "onnx::Conv_617_scale",
        "onnx::Conv_617_zero_point"
      ],
      "output": [
        "onnx::Conv_617_DequantizeLinear_Output"
      ]
    },
    {
      "device": "CPU",
      "opType": "Conv",
      "input": [
        "/layer3/layer3.4/act3/Relu_output_0_DequantizeLinear_Output",
        "onnx::Conv_617_DequantizeLinear_Output",
        "onnx::Conv_618_DequantizeLinear_Output"
      ],
      "output": [
        "/layer3/layer3.5/conv1/Conv_output_0"
      ]
    },
    {
      "device": "CPU",
      "opType": "Relu",
      "input": [
        "/layer3/layer3.5/conv1/Conv_output_0"
      ],
      "output": [
        "/layer3/layer3.5/act1/Relu_output_0"
      ]
    },
    {
      "device": "CPU",
      "opType": "QuantizeLinear",
      "input": [
        "/layer3/layer3.5/act1/Relu_output_0",
        "onnx::Conv_519_scale",
        "/layer3/layer3.5/act1/Relu_output_0_zero_point"
      ],
      "output": [
        "/layer3/layer3.5/act1/Relu_output_0_QuantizeLinear_Output"
      ]
    },
    {
      "device": "CPU",
      "opType": "DequantizeLinear",
      "input": [
        "/layer3/layer3.5/act3/Relu_output_0_QuantizeLinear_Output",
        "/layer3/layer3.5/conv3/Conv_output_0_scale",
        "/layer3/layer3.5/act3/Relu_output_0_zero_point"
      ],
      "output": [
        "/layer3/layer3.5/act3/Relu_output_0_DequantizeLinear_Output/duplicated"
      ]
    },
    {
      "device": "CPU",
      "opType": "DequantizeLinear",
      "input": [
        "onnx::Conv_636_quantized",
        "/layer2/layer2.2/act1/Relu_output_0_scale",
        "onnx::Conv_636_zero_point"
      ],
      "output": [
        "onnx::Conv_636_DequantizeLinear_Output"
      ]
    },
    {
      "device": "CPU",
      "opType": "DequantizeLinear",
      "input": [
        "onnx::Conv_635_quantized",
        "onnx::Conv_617_scale",
        "onnx::Conv_635_zero_point"
      ],
      "output": [
        "onnx::Conv_635_DequantizeLinear_Output"
      ]
    },
    {
      "device": "CPU",
      "opType": "Conv",
      "input": [
        "/layer3/layer3.5/act3/Relu_output_0_DequantizeLinear_Output/duplicated",
        "onnx::Conv_635_DequantizeLinear_Output",
        "onnx::Conv_636_DequantizeLinear_Output"
      ],
      "output": [
        "/layer4/layer4.0/downsample/downsample.0/Conv_output_0"
      ]
    },
    {
      "device": "CPU",
      "opType": "QuantizeLinear",
      "input": [
        "/layer4/layer4.0/downsample/downsample.0/Conv_output_0",
        "onnx::Conv_519_scale",
        "/layer4/layer4.0/downsample/downsample.0/Conv_output_0_zero_point"
      ],
      "output": [
        "/layer4/layer4.0/downsample/downsample.0/Conv_output_0_QuantizeLinear_Output"
      ]
    },
    {
      "device": "CPU",
      "opType": "DequantizeLinear",
      "input": [
        "/layer3/layer3.5/act3/Relu_output_0_QuantizeLinear_Output",
        "/layer3/layer3.5/conv3/Conv_output_0_scale",
        "/layer3/layer3.5/act3/Relu_output_0_zero_point"
      ],
      "output": [
        "/layer3/layer3.5/act3/Relu_output_0_DequantizeLinear_Output"
      ]
    },
    {
      "device": "CPU",
      "opType": "DequantizeLinear",
      "input": [
        "onnx::Conv_627_quantized",
        "/layer2/layer2.2/act1/Relu_output_0_scale",
        "onnx::Conv_627_zero_point"
      ],
      "output": [
        "onnx::Conv_627_DequantizeLinear_Output"
      ]
    },
    {
      "device": "CPU",
      "opType": "DequantizeLinear",
      "input": [
        "onnx::Conv_626_quantized",
        "onnx::Conv_617_scale",
        "onnx::Conv_626_zero_point"
      ],
      "output": [
        "onnx::Conv_626_DequantizeLinear_Output"
      ]
    },
    {
      "device": "CPU",
      "opType": "Conv",
      "input": [
        "/layer3/layer3.5/act3/Relu_output_0_DequantizeLinear_Output",
        "onnx::Conv_626_DequantizeLinear_Output",
        "onnx::Conv_627_DequantizeLinear_Output"
      ],
      "output": [
        "/layer4/layer4.0/conv1/Conv_output_0"
      ]
    },
    {
      "device": "CPU",
      "opType": "Relu",
      "input": [
        "/layer4/layer4.0/conv1/Conv_output_0"
      ],
      "output": [
        "/layer4/layer4.0/act1/Relu_output_0"
      ]
    },
    {
      "device": "CPU",
      "opType": "QuantizeLinear",
      "input": [
        "/layer4/layer4.0/act1/Relu_output_0",
        "onnx::Conv_519_scale",
        "/layer4/layer4.0/act1/Relu_output_0_zero_point"
      ],
      "output": [
        "/layer4/layer4.0/act1/Relu_output_0_QuantizeLinear_Output"
      ]
    },
    {
      "device": "CPU",
      "opType": "DequantizeLinear",
      "input": [
        "/layer4/layer4.1/act1/Relu_output_0_QuantizeLinear_Output",
        "/layer3/layer3.5/conv3/Conv_output_0_scale",
        "/layer4/layer4.1/act1/Relu_output_0_zero_point"
      ],
      "output": [
        "/layer4/layer4.1/act1/Relu_output_0_DequantizeLinear_Output"
      ]
    },
    {
      "device": "CPU",
      "opType": "DequantizeLinear",
      "input": [
        "onnx::Conv_642_quantized",
        "onnx::Conv_519_scale",
        "onnx::Conv_642_zero_point"
      ],
      "output": [
        "onnx::Conv_642_DequantizeLinear_Output"
      ]
    },
    {
      "device": "CPU",
      "opType": "DequantizeLinear",
      "input": [
        "onnx::Conv_641_quantized",
        "onnx::Conv_617_scale",
        "onnx::Conv_641_zero_point"
      ],
      "output": [
        "onnx::Conv_641_DequantizeLinear_Output"
      ]
    },
    {
      "device": "CPU",
      "opType": "Conv",
      "input": [
        "/layer4/layer4.1/act1/Relu_output_0_DequantizeLinear_Output",
        "onnx::Conv_641_DequantizeLinear_Output",
        "onnx::Conv_642_DequantizeLinear_Output"
      ],
      "output": [
        "/layer4/layer4.1/conv2/Conv_output_0"
      ]
    },
    {
      "device": "CPU",
      "opType": "Relu",
      "input": [
        "/layer4/layer4.1/conv2/Conv_output_0"
      ],
      "output": [
        "/layer4/layer4.1/act2/Relu_output_0"
      ]
    },
    {
      "device": "CPU",
      "opType": "QuantizeLinear",
      "input": [
        "/layer4/layer4.1/act2/Relu_output_0",
        "onnx::Conv_519_scale",
        "/layer4/layer4.1/act2/Relu_output_0_zero_point"
      ],
      "output": [
        "/layer4/layer4.1/act2/Relu_output_0_QuantizeLinear_Output"
      ]
    },
    {
      "device": "CPU",
      "opType": "DequantizeLinear",
      "input": [
        "/global_pool/pool/GlobalAveragePool_output_0_QuantizeLinear_Output",
        "/layer3/layer3.5/conv3/Conv_output_0_scale",
        "/global_pool/pool/GlobalAveragePool_output_0_zero_point"
      ],
      "output": [
        "/global_pool/pool/GlobalAveragePool_output_0_DequantizeLinear_Output"
      ]
    },
    {
      "device": "CPU",
      "opType": "Flatten",
      "input": [
        "/global_pool/pool/GlobalAveragePool_output_0_DequantizeLinear_Output"
      ],
      "output": [
        "/global_pool/flatten/Flatten_output_0"
      ]
    },
    {
      "device": "CPU",
      "opType": "QuantizeLinear",
      "input": [
        "/global_pool/flatten/Flatten_output_0",
        "input_scale",
        "/global_pool/flatten/Flatten_output_0_zero_point"
      ],
      "output": [
        "/global_pool/flatten/Flatten_output_0_QuantizeLinear_Output"
      ]
    },
    {
      "device": "CPU",
      "opType": "DequantizeLinear",
      "input": [
        "/global_pool/flatten/Flatten_output_0_QuantizeLinear_Output",
        "input_scale",
        "/global_pool/flatten/Flatten_output_0_zero_point"
      ],
      "output": [
        "/global_pool/flatten/Flatten_output_0_DequantizeLinear_Output"
      ]
    },
    {
      "device": "CPU",
      "opType": "DequantizeLinear",
      "input": [
        "fc.bias_quantized",
        "input_scale",
        "fc.bias_zero_point"
      ],
      "output": [
        "fc.bias_DequantizeLinear_Output"
      ]
    },
    {
      "device": "CPU",
      "opType": "DequantizeLinear",
      "input": [
        "fc.weight_quantized",
        "onnx::Conv_518_scale",
        "fc.weight_zero_point"
      ],
      "output": [
        "fc.weight_DequantizeLinear_Output"
      ]
    },
    {
      "device": "CPU",
      "opType": "Gemm",
      "input": [
        "/global_pool/flatten/Flatten_output_0_DequantizeLinear_Output",
        "fc.weight_DequantizeLinear_Output",
        "fc.bias_DequantizeLinear_Output"
      ],
      "output": [
        "output_QuantizeLinear_Input"
      ]
    },
    {
      "device": "CPU",
      "opType": "QuantizeLinear",
      "input": [
        "output_QuantizeLinear_Input",
        "onnx::Conv_519_scale",
        "output_zero_point"
      ],
      "output": [
        "output_QuantizeLinear_Output"
      ]
    },
    {
      "device": "CPU",
      "opType": "DequantizeLinear",
      "input": [
        "output_QuantizeLinear_Output",
        "onnx::Conv_519_scale",
        "output_zero_point"
      ],
      "output": [
        "output"
      ]
    }
  ],
  "deviceStat": [
    {
      "name": "all",
      "nodeNum": 395,
      "supportedOpType": [
        "::Add",
        "::Conv",
        "::DequantizeLinear",
        "::Flatten",
        "::Gemm",
        "::GlobalAveragePool",
        "::MaxPool",
        "::Mul",
        "::QuantizeLinear",
        "::Relu"
      ]
    },
    {
      "name": "CPU",
      "nodeNum": 35,
      "supportedOpType": [
        "::Conv",
        "::Flatten",
        "::Gemm",
        "::Relu"
      ]
    },
    {
      "name": "NPU",
      "nodeNum": 276,
      "supportedOpType": [
        "::Add",
        "::Conv",
        "::DequantizeLinear",
        "::GlobalAveragePool",
        "::MaxPool",
        "::Mul",
        "::QuantizeLinear",
        "::Relu"
      ]
    },
    {
      "name": "VITIS_EP_CPU",
      "nodeNum": 84,
      "supportedOpType": [
        "::DequantizeLinear",
        "::QuantizeLinear"
      ]
    }
  ]
}
PROBE_RESULT {
  "status": "completed",
  "machine": "Desktop 2 / Ryzen 7 8700G",
  "mutation": {
    "name": "float_weight_scales",
    "note": "Multiply Conv/Gemm weight scales by float32 1.01; activations/biases unchanged.",
    "changed_initializers": [
      {
        "name": "fc.weight_scale",
        "before_dtype": "float32",
        "after_dtype": "float32",
        "before_shape": [],
        "after_shape": []
      },
      {
        "name": "onnx::Conv_497_scale",
        "before_dtype": "float32",
        "after_dtype": "float32",
        "before_shape": [],
        "after_shape": []
      },
      {
        "name": "onnx::Conv_500_scale",
        "before_dtype": "float32",
        "after_dtype": "float32",
        "before_shape": [],
        "after_shape": []
      },
      {
        "name": "onnx::Conv_503_scale",
        "before_dtype": "float32",
        "after_dtype": "float32",
        "before_shape": [],
        "after_shape": []
      },
      {
        "name": "onnx::Conv_506_scale",
        "before_dtype": "float32",
        "after_dtype": "float32",
        "before_shape": [],
        "after_shape": []
      },
      {
        "name": "onnx::Conv_509_scale",
        "before_dtype": "float32",
        "after_dtype": "float32",
        "before_shape": [],
        "after_shape": []
      },
      {
        "name": "onnx::Conv_512_scale",
        "before_dtype": "float32",
        "after_dtype": "float32",
        "before_shape": [],
        "after_shape": []
      },
      {
        "name": "onnx::Conv_515_scale",
        "before_dtype": "float32",
        "after_dtype": "float32",
        "before_shape": [],
        "after_shape": []
      },
      {
        "name": "onnx::Conv_518_scale",
        "before_dtype": "float32",
        "after_dtype": "float32",
        "before_shape": [],
        "after_shape": []
      },
      {
        "name": "onnx::Conv_521_scale",
        "before_dtype": "float32",
        "after_dtype": "float32",
        "before_shape": [],
        "after_shape": []
      },
      {
        "name": "onnx::Conv_524_scale",
        "before_dtype": "float32",
        "after_dtype": "float32",
        "before_shape": [],
        "after_shape": []
      },
      {
        "name": "onnx::Conv_527_scale",
        "before_dtype": "float32",
        "after_dtype": "float32",
        "before_shape": [],
        "after_shape": []
      },
      {
        "name": "onnx::Conv_530_scale",
        "before_dtype": "float32",
        "after_dtype": "float32",
        "before_shape": [],
        "after_shape": []
      },
      {
        "name": "onnx::Conv_533_scale",
        "before_dtype": "float32",
        "after_dtype": "float32",
        "before_shape": [],
        "after_shape": []
      },
      {
        "name": "onnx::Conv_536_scale",
        "before_dtype": "float32",
        "after_dtype": "float32",
        "before_shape": [],
        "after_shape": []
      },
      {
        "name": "onnx::Conv_539_scale",
        "before_dtype": "float32",
        "after_dtype": "float32",
        "before_shape": [],
        "after_shape": []
      },
      {
        "name": "onnx::Conv_542_scale",
        "before_dtype": "float32",
        "after_dtype": "float32",
        "before_shape": [],
        "after_shape": []
      },
      {
        "name": "onnx::Conv_545_scale",
        "before_dtype": "float32",
        "after_dtype": "float32",
        "before_shape": [],
        "after_shape": []
      },
      {
        "name": "onnx::Conv_548_scale",
        "before_dtype": "float32",
        "after_dtype": "float32",
        "before_shape": [],
        "after_shape": []
      },
      {
        "name": "onnx::Conv_551_scale",
        "before_dtype": "float32",
        "after_dtype": "float32",
        "before_shape": [],
        "after_shape": []
      },
      {
        "name": "onnx::Conv_554_scale",
        "before_dtype": "float32",
        "after_dtype": "float32",
        "before_shape": [],
        "after_shape": []
      },
      {
        "name": "onnx::Conv_557_scale",
        "before_dtype": "float32",
        "after_dtype": "float32",
        "before_shape": [],
        "after_shape": []
      },
      {
        "name": "onnx::Conv_560_scale",
        "before_dtype": "float32",
        "after_dtype": "float32",
        "before_shape": [],
        "after_shape": []
      },
      {
        "name": "onnx::Conv_563_scale",
        "before_dtype": "float32",
        "after_dtype": "float32",
        "before_shape": [],
        "after_shape": []
      },
      {
        "name": "onnx::Conv_566_scale",
        "before_dtype": "float32",
        "after_dtype": "float32",
        "before_shape": [],
        "after_shape": []
      },
      {
        "name": "onnx::Conv_569_scale",
        "before_dtype": "float32",
        "after_dtype": "float32",
        "before_shape": [],
        "after_shape": []
      },
      {
        "name": "onnx::Conv_572_scale",
        "before_dtype": "float32",
        "after_dtype": "float32",
        "before_shape": [],
        "after_shape": []
      },
      {
        "name": "onnx::Conv_575_scale",
        "before_dtype": "float32",
        "after_dtype": "float32",
        "before_shape": [],
        "after_shape": []
      },
      {
        "name": "onnx::Conv_578_scale",
        "before_dtype": "float32",
        "after_dtype": "float32",
        "before_shape": [],
        "after_shape": []
      },
      {
        "name": "onnx::Conv_581_scale",
        "before_dtype": "float32",
        "after_dtype": "float32",
        "before_shape": [],
        "after_shape": []
      },
      {
        "name": "onnx::Conv_584_scale",
        "before_dtype": "float32",
        "after_dtype": "float32",
        "before_shape": [],
        "after_shape": []
      },
      {
        "name": "onnx::Conv_587_scale",
        "before_dtype": "float32",
        "after_dtype": "float32",
        "before_shape": [],
        "after_shape": []
      },
      {
        "name": "onnx::Conv_590_scale",
        "before_dtype": "float32",
        "after_dtype": "float32",
        "before_shape": [],
        "after_shape": []
      },
      {
        "name": "onnx::Conv_593_scale",
        "before_dtype": "float32",
        "after_dtype": "float32",
        "before_shape": [],
        "after_shape": []
      },
      {
        "name": "onnx::Conv_596_scale",
        "before_dtype": "float32",
        "after_dtype": "float32",
        "before_shape": [],
        "after_shape": []
      },
      {
        "name": "onnx::Conv_599_scale",
        "before_dtype": "float32",
        "after_dtype": "float32",
        "before_shape": [],
        "after_shape": []
      },
      {
        "name": "onnx::Conv_602_scale",
        "before_dtype": "float32",
        "after_dtype": "float32",
        "before_shape": [],
        "after_shape": []
      },
      {
        "name": "onnx::Conv_605_scale",
        "before_dtype": "float32",
        "after_dtype": "float32",
        "before_shape": [],
        "after_shape": []
      },
      {
        "name": "onnx::Conv_608_scale",
        "before_dtype": "float32",
        "after_dtype": "float32",
        "before_shape": [],
        "after_shape": []
      },
      {
        "name": "onnx::Conv_611_scale",
        "before_dtype": "float32",
        "after_dtype": "float32",
        "before_shape": [],
        "after_shape": []
      },
      {
        "name": "onnx::Conv_614_scale",
        "before_dtype": "float32",
        "after_dtype": "float32",
        "before_shape": [],
        "after_shape": []
      },
      {
        "name": "onnx::Conv_617_scale",
        "before_dtype": "float32",
        "after_dtype": "float32",
        "before_shape": [],
        "after_shape": []
      },
      {
        "name": "onnx::Conv_620_scale",
        "before_dtype": "float32",
        "after_dtype": "float32",
        "before_shape": [],
        "after_shape": []
      },
      {
        "name": "onnx::Conv_623_scale",
        "before_dtype": "float32",
        "after_dtype": "float32",
        "before_shape": [],
        "after_shape": []
      },
      {
        "name": "onnx::Conv_626_scale",
        "before_dtype": "float32",
        "after_dtype": "float32",
        "before_shape": [],
        "after_shape": []
      },
      {
        "name": "onnx::Conv_629_scale",
        "before_dtype": "float32",
        "after_dtype": "float32",
        "before_shape": [],
        "after_shape": []
      },
      {
        "name": "onnx::Conv_632_scale",
        "before_dtype": "float32",
        "after_dtype": "float32",
        "before_shape": [],
        "after_shape": []
      },
      {
        "name": "onnx::Conv_635_scale",
        "before_dtype": "float32",
        "after_dtype": "float32",
        "before_shape": [],
        "after_shape": []
      },
      {
        "name": "onnx::Conv_638_scale",
        "before_dtype": "float32",
        "after_dtype": "float32",
        "before_shape": [],
        "after_shape": []
      },
      {
        "name": "onnx::Conv_641_scale",
        "before_dtype": "float32",
        "after_dtype": "float32",
        "before_shape": [],
        "after_shape": []
      },
      {
        "name": "onnx::Conv_644_scale",
        "before_dtype": "float32",
        "after_dtype": "float32",
        "before_shape": [],
        "after_shape": []
      },
      {
        "name": "onnx::Conv_647_scale",
        "before_dtype": "float32",
        "after_dtype": "float32",
        "before_shape": [],
        "after_shape": []
      },
      {
        "name": "onnx::Conv_650_scale",
        "before_dtype": "float32",
        "after_dtype": "float32",
        "before_shape": [],
        "after_shape": []
      },
      {
        "name": "onnx::Conv_653_scale",
        "before_dtype": "float32",
        "after_dtype": "float32",
        "before_shape": [],
        "after_shape": []
      }
    ],
    "changed_nodes": [],
    "nodes_before": 380,
    "nodes_after": 380
  },
  "base_sha256": "c1945d2dce29e6afeaed16ef8c2bcc5689044f5210543440f84fb258c29e0ea5",
  "model_sha256": "7e9d0b67f12fa247b9f3ddefca5a839047bd9bd472c22e0c8f825018181e0af0",
  "ort_version": "1.23.3.dev20260320",
  "images": 32,
  "scope": "diagnostic output agreement; not dataset accuracy",
  "listing": [
    "data/eval/000000.jpg",
    "data/eval/000001.jpg",
    "data/eval/000002.jpg",
    "data/eval/000003.jpg",
    "data/eval/000004.jpg",
    "data/eval/000005.jpg",
    "data/eval/000006.jpg",
    "data/eval/000007.jpg",
    "data/eval/000008.jpg",
    "data/eval/000009.jpg",
    "data/eval/000010.jpg",
    "data/eval/000011.jpg",
    "data/eval/000012.jpg",
    "data/eval/000013.jpg",
    "data/eval/000014.jpg",
    "data/eval/000015.jpg",
    "data/eval/000016.jpg",
    "data/eval/000017.jpg",
    "data/eval/000018.jpg",
    "data/eval/000019.jpg",
    "data/eval/000020.jpg",
    "data/eval/000021.jpg",
    "data/eval/000022.jpg",
    "data/eval/000023.jpg",
    "data/eval/000024.jpg",
    "data/eval/000025.jpg",
    "data/eval/000026.jpg",
    "data/eval/000027.jpg",
    "data/eval/000028.jpg",
    "data/eval/000029.jpg",
    "data/eval/000030.jpg",
    "data/eval/000031.jpg"
  ],
  "preprocess": {
    "input_size": [
      3,
      224,
      224
    ],
    "interpolation": "bicubic",
    "mean": [
      0.485,
      0.456,
      0.406
    ],
    "std": [
      0.229,
      0.224,
      0.225
    ],
    "crop_pct": 0.95,
    "crop_mode": "center"
  },
  "inputs_sha256": "8482bcbcbd18be08d7d719bdcc31a23a0a3798d5fc960b5db20d4cdc550380ca",
  "cache_key": "modelcachekey",
  "fresh": true,
  "cpu_latency_ms": {
    "mean": 35.375887499412784,
    "median": 35.315900000568945,
    "p95": 38.87545000143291,
    "runs": 32,
    "warmup": 5
  },
  "cpu_vs_baseline_cpu": {
    "images": 32,
    "max_abs": 3.875,
    "mae": 0.50021484375,
    "rmse": 0.6487484194344908,
    "exact_elements_fraction": 0.08471875,
    "argmax_agreement_fraction": 0.75
  },
  "context_witness": "\n-----------------------------\n[003d:00:01.1] : NPU Phoenix\n-----------------------------\nAIE Partitions\n  No hardware contexts running on device\n\n",
  "xclbin_sha256": "d3b5e845b05f91beb90555b6f50ca542e05f69379f3fd9ab15246ad344c469fe",
  "xclbin": "C:\\Program Files\\RyzenAI\\1.7.1\\voe-4.0-win_amd64\\xclbins\\phoenix\\4x4.xclbin",
  "ep": {
    "report_sha256": "125faee5a3551805e02cff20ede5a2ffeb167d89b9c421c39d7527c5050537f0",
    "total": 395,
    "npu": 276,
    "device_counts": {
      "CPU": 119,
      "NPU": 276
    },
    "ops_by_device": {
      "CPU:Conv": 19,
      "CPU:DequantizeLinear": 62,
      "CPU:Flatten": 1,
      "CPU:Gemm": 1,
      "CPU:QuantizeLinear": 22,
      "CPU:Relu": 14,
      "NPU:Add": 16,
      "NPU:Conv": 34,
      "NPU:DequantizeLinear": 136,
      "NPU:GlobalAveragePool": 1,
      "NPU:MaxPool": 1,
      "NPU:Mul": 1,
      "NPU:QuantizeLinear": 52,
      "NPU:Relu": 35
    },
    "non_npu": [
      {
        "device": "CPU",
        "opType": "QuantizeLinear",
        "input": [
          "input",
          "input_scale",
          "input_zero_point"
        ],
        "output": [
          "input_QuantizeLinear_Output"
        ]
      },
      {
        "device": "CPU",
        "opType": "DequantizeLinear",
        "input": [
          "/maxpool/MaxPool_output_0_QuantizeLinear_Output",
          "/layer1/layer1.2/act2/Relu_output_0_scale",
          "/act1/Relu_output_0_zero_point"
        ],
        "output": [
          "/maxpool/MaxPool_output_0_DequantizeLinear_Output/duplicated"
        ]
      },
      {
        "device": "CPU",
        "opType": "DequantizeLinear",
        "input": [
          "onnx::Conv_510_quantized",
          "/layer3/layer3.5/conv3/Conv_output_0_scale",
          "onnx::Conv_510_zero_point"
        ],
        "output": [
          "onnx::Conv_510_DequantizeLinear_Output"
        ]
      },
      {
        "device": "CPU",
        "opType": "DequantizeLinear",
        "input": [
          "onnx::Conv_509_quantized",
          "onnx::Conv_509_scale",
          "onnx::Conv_509_zero_point"
        ],
        "output": [
          "onnx::Conv_509_DequantizeLinear_Output"
        ]
      },
      {
        "device": "CPU",
        "opType": "Conv",
        "input": [
          "/maxpool/MaxPool_output_0_DequantizeLinear_Output/duplicated",
          "onnx::Conv_509_DequantizeLinear_Output",
          "onnx::Conv_510_DequantizeLinear_Output"
        ],
        "output": [
          "/layer1/layer1.0/downsample/downsample.0/Conv_output_0"
        ]
      },
      {
        "device": "CPU",
        "opType": "QuantizeLinear",
        "input": [
          "/layer1/layer1.0/downsample/downsample.0/Conv_output_0",
          "onnx::Conv_519_scale",
          "/layer1/layer1.0/downsample/downsample.0/Conv_output_0_zero_point"
        ],
        "output": [
          "/layer1/layer1.0/downsample/downsample.0/Conv_output_0_QuantizeLinear_Output"
        ]
      },
      {
        "device": "CPU",
        "opType": "DequantizeLinear",
        "input": [
          "/maxpool/MaxPool_output_0_QuantizeLinear_Output",
          "/layer1/layer1.2/act2/Relu_output_0_scale",
          "/act1/Relu_output_0_zero_point"
        ],
        "output": [
          "/maxpool/MaxPool_output_0_DequantizeLinear_Output"
        ]
      },
      {
        "device": "CPU",
        "opType": "DequantizeLinear",
        "input": [
          "onnx::Conv_501_quantized",
          "/layer3/layer3.5/conv3/Conv_output_0_scale",
          "onnx::Conv_501_zero_point"
        ],
        "output": [
          "onnx::Conv_501_DequantizeLinear_Output"
        ]
      },
      {
        "device": "CPU",
        "opType": "DequantizeLinear",
        "input": [
          "onnx::Conv_500_quantized",
          "onnx::Conv_509_scale",
          "onnx::Conv_500_zero_point"
        ],
        "output": [
          "onnx::Conv_500_DequantizeLinear_Output"
        ]
      },
      {
        "device": "CPU",
        "opType": "Conv",
        "input": [
          "/maxpool/MaxPool_output_0_DequantizeLinear_Output",
          "onnx::Conv_500_DequantizeLinear_Output",
          "onnx::Conv_501_DequantizeLinear_Output"
        ],
        "output": [
          "/layer1/layer1.0/conv1/Conv_output_0"
        ]
      },
      {
        "device": "CPU",
        "opType": "Relu",
        "input": [
          "/layer1/layer1.0/conv1/Conv_output_0"
        ],
        "output": [
          "/layer1/layer1.0/act1/Relu_output_0"
        ]
      },
      {
        "device": "CPU",
        "opType": "QuantizeLinear",
        "input": [
          "/layer1/layer1.0/act1/Relu_output_0",
          "/layer3/layer3.5/conv3/Conv_output_0_scale",
          "/layer1/layer1.0/act1/Relu_output_0_zero_point"
        ],
        "output": [
          "/layer1/layer1.0/act1/Relu_output_0_QuantizeLinear_Output"
        ]
      },
      {
        "device": "CPU",
        "opType": "DequantizeLinear",
        "input": [
          "/layer1/layer1.0/act2/Relu_output_0_QuantizeLinear_Output",
          "/layer1/layer1.2/act2/Relu_output_0_scale",
          "/layer1/layer1.0/act2/Relu_output_0_zero_point"
        ],
        "output": [
          "/layer1/layer1.0/act2/Relu_output_0_DequantizeLinear_Output"
        ]
      },
      {
        "device": "CPU",
        "opType": "DequantizeLinear",
        "input": [
          "onnx::Conv_507_quantized",
          "onnx::Conv_519_scale",
          "onnx::Conv_507_zero_point"
        ],
        "output": [
          "onnx::Conv_507_DequantizeLinear_Output"
        ]
      },
      {
        "device": "CPU",
        "opType": "DequantizeLinear",
        "input": [
          "onnx::Conv_506_quantized",
          "onnx::Conv_509_scale",
          "onnx::Conv_506_zero_point"
        ],
        "output": [
          "onnx::Conv_506_DequantizeLinear_Output"
        ]
      },
      {
        "device": "CPU",
        "opType": "Conv",
        "input": [
          "/layer1/layer1.0/act2/Relu_output_0_DequantizeLinear_Output",
          "onnx::Conv_506_DequantizeLinear_Output",
          "onnx::Conv_507_DequantizeLinear_Output"
        ],
        "output": [
          "/layer1/layer1.0/conv3/Conv_output_0"
        ]
      },
      {
        "device": "CPU",
        "opType": "QuantizeLinear",
        "input": [
          "/layer1/layer1.0/conv3/Conv_output_0",
          "onnx::Conv_519_scale",
          "/layer1/layer1.0/conv3/Conv_output_0_zero_point"
        ],
        "output": [
          "/layer1/layer1.0/conv3/Conv_output_0_QuantizeLinear_Output"
        ]
      },
      {
        "device": "CPU",
        "opType": "DequantizeLinear",
        "input": [
          "/layer1/layer1.0/act3/Relu_output_0_QuantizeLinear_Output",
          "onnx::Conv_519_scale",
          "/layer1/layer1.0/act3/Relu_output_0_zero_point"
        ],
        "output": [
          "/layer1/layer1.0/act3/Relu_output_0_DequantizeLinear_Output"
        ]
      },
      {
        "device": "CPU",
        "opType": "DequantizeLinear",
        "input": [
          "onnx::Conv_513_quantized",
          "onnx::Conv_519_scale",
          "onnx::Conv_513_zero_point"
        ],
        "output": [
          "onnx::Conv_513_DequantizeLinear_Output"
        ]
      },
      {
        "device": "CPU",
        "opType": "DequantizeLinear",
        "input": [
          "onnx::Conv_512_quantized",
          "onnx::Conv_575_scale",
          "onnx::Conv_512_zero_point"
        ],
        "output": [
          "onnx::Conv_512_DequantizeLinear_Output"
        ]
      },
      {
        "device": "CPU",
        "opType": "Conv",
        "input": [
          "/layer1/layer1.0/act3/Relu_output_0_DequantizeLinear_Output",
          "onnx::Conv_512_DequantizeLinear_Output",
          "onnx::Conv_513_DequantizeLinear_Output"
        ],
        "output": [
          "/layer1/layer1.1/conv1/Conv_output_0"
        ]
      },
      {
        "device": "CPU",
        "opType": "Relu",
        "input": [
          "/layer1/layer1.1/conv1/Conv_output_0"
        ],
        "output": [
          "/layer1/layer1.1/act1/Relu_output_0"
        ]
      },
      {
        "device": "CPU",
        "opType": "QuantizeLinear",
        "input": [
          "/layer1/layer1.1/act1/Relu_output_0",
          "/layer2/layer2.2/act1/Relu_output_0_scale",
          "/layer1/layer1.1/act1/Relu_output_0_zero_point"
        ],
        "output": [
          "/layer1/layer1.1/act1/Relu_output_0_QuantizeLinear_Output"
        ]
      },
      {
        "device": "CPU",
        "opType": "DequantizeLinear",
        "input": [
          "/layer1/layer1.2/act2/Relu_output_0_QuantizeLinear_Output",
          "/layer1/layer1.2/act2/Relu_output_0_scale",
          "/layer1/layer1.2/act2/Relu_output_0_zero_point"
        ],
        "output": [
          "/layer1/layer1.2/act2/Relu_output_0_DequantizeLinear_Output"
        ]
      },
      {
        "device": "CPU",
        "opType": "DequantizeLinear",
        "input": [
          "onnx::Conv_528_quantized",
          "onnx::Conv_519_scale",
          "onnx::Conv_528_zero_point"
        ],
        "output": [
          "onnx::Conv_528_DequantizeLinear_Output"
        ]
      },
      {
        "device": "CPU",
        "opType": "DequantizeLinear",
        "input": [
          "onnx::Conv_527_quantized",
          "onnx::Conv_575_scale",
          "onnx::Conv_527_zero_point"
        ],
        "output": [
          "onnx::Conv_527_DequantizeLinear_Output"
        ]
      },
      {
        "device": "CPU",
        "opType": "Conv",
        "input": [
          "/layer1/layer1.2/act2/Relu_output_0_DequantizeLinear_Output",
          "onnx::Conv_527_DequantizeLinear_Output",
          "onnx::Conv_528_DequantizeLinear_Output"
        ],
        "output": [
          "/layer1/layer1.2/conv3/Conv_output_0"
        ]
      },
      {
        "device": "CPU",
        "opType": "QuantizeLinear",
        "input": [
          "/layer1/layer1.2/conv3/Conv_output_0",
          "/layer3/layer3.5/conv3/Conv_output_0_scale",
          "/layer1/layer1.2/conv3/Conv_output_0_zero_point"
        ],
        "output": [
          "/layer1/layer1.2/conv3/Conv_output_0_QuantizeLinear_Output"
        ]
      },
      {
        "device": "CPU",
        "opType": "DequantizeLinear",
        "input": [
          "/layer2/layer2.0/act3/Relu_output_0_QuantizeLinear_Output",
          "/layer3/layer3.5/conv3/Conv_output_0_scale",
          "/layer2/layer2.0/act3/Relu_output_0_zero_point"
        ],
        "output": [
          "/layer2/layer2.0/act3/Relu_output_0_DequantizeLinear_Output"
        ]
      },
      {
        "device": "CPU",
        "opType": "DequantizeLinear",
        "input": [
          "onnx::Conv_543_quantized",
          "/layer2/layer2.2/act1/Relu_output_0_scale",
          "onnx::Conv_543_zero_point"
        ],
        "output": [
          "onnx::Conv_543_DequantizeLinear_Output"
        ]
      },
      {
        "device": "CPU",
        "opType": "DequantizeLinear",
        "input": [
          "onnx::Conv_542_quantized",
          "onnx::Conv_581_scale",
          "onnx::Conv_542_zero_point"
        ],
        "output": [
          "onnx::Conv_542_DequantizeLinear_Output"
        ]
      },
      {
        "device": "CPU",
        "opType": "Conv",
        "input": [
          "/layer2/layer2.0/act3/Relu_output_0_DequantizeLinear_Output",
          "onnx::Conv_542_DequantizeLinear_Output",
          "onnx::Conv_543_DequantizeLinear_Output"
        ],
        "output": [
          "/layer2/layer2.1/conv1/Conv_output_0"
        ]
      },
      {
        "device": "CPU",
        "opType": "Relu",
        "input": [
          "/layer2/layer2.1/conv1/Conv_output_0"
        ],
        "output": [
          "/layer2/layer2.1/act1/Relu_output_0"
        ]
      },
      {
        "device": "CPU",
        "opType": "QuantizeLinear",
        "input": [
          "/layer2/layer2.1/act1/Relu_output_0",
          "onnx::Conv_519_scale",
          "/layer2/layer2.1/act1/Relu_output_0_zero_point"
        ],
        "output": [
          "/layer2/layer2.1/act1/Relu_output_0_QuantizeLinear_Output"
        ]
      },
      {
        "device": "CPU",
        "opType": "DequantizeLinear",
        "input": [
          "/layer2/layer2.1/act1/Relu_output_0_QuantizeLinear_Output",
          "onnx::Conv_519_scale",
          "/layer2/layer2.1/act1/Relu_output_0_zero_point"
        ],
        "output": [
          "/layer2/layer2.1/act1/Relu_output_0_DequantizeLinear_Output"
        ]
      },
      {
        "device": "CPU",
        "opType": "DequantizeLinear",
        "input": [
          "onnx::Conv_546_quantized",
          "/layer2/layer2.2/act1/Relu_output_0_scale",
          "onnx::Conv_546_zero_point"
        ],
        "output": [
          "onnx::Conv_546_DequantizeLinear_Output"
        ]
      },
      {
        "device": "CPU",
        "opType": "DequantizeLinear",
        "input": [
          "onnx::Conv_545_quantized",
          "onnx::Conv_575_scale",
          "onnx::Conv_545_zero_point"
        ],
        "output": [
          "onnx::Conv_545_DequantizeLinear_Output"
        ]
      },
      {
        "device": "CPU",
        "opType": "Conv",
        "input": [
          "/layer2/layer2.1/act1/Relu_output_0_DequantizeLinear_Output",
          "onnx::Conv_545_DequantizeLinear_Output",
          "onnx::Conv_546_DequantizeLinear_Output"
        ],
        "output": [
          "/layer2/layer2.1/conv2/Conv_output_0"
        ]
      },
      {
        "device": "CPU",
        "opType": "Relu",
        "input": [
          "/layer2/layer2.1/conv2/Conv_output_0"
        ],
        "output": [
          "/layer2/layer2.1/act2/Relu_output_0"
        ]
      },
      {
        "device": "CPU",
        "opType": "QuantizeLinear",
        "input": [
          "/layer2/layer2.1/act2/Relu_output_0",
          "/layer2/layer2.2/act1/Relu_output_0_scale",
          "/layer2/layer2.1/act2/Relu_output_0_zero_point"
        ],
        "output": [
          "/layer2/layer2.1/act2/Relu_output_0_QuantizeLinear_Output"
        ]
      },
      {
        "device": "CPU",
        "opType": "DequantizeLinear",
        "input": [
          "/layer2/layer2.1/act3/Relu_output_0_QuantizeLinear_Output",
          "/layer3/layer3.5/conv3/Conv_output_0_scale",
          "/layer2/layer2.1/act3/Relu_output_0_zero_point"
        ],
        "output": [
          "/layer2/layer2.1/act3/Relu_output_0_DequantizeLinear_Output"
        ]
      },
      {
        "device": "CPU",
        "opType": "DequantizeLinear",
        "input": [
          "onnx::Conv_552_quantized",
          "/layer2/layer2.2/act1/Relu_output_0_scale",
          "onnx::Conv_552_zero_point"
        ],
        "output": [
          "onnx::Conv_552_DequantizeLinear_Output"
        ]
      },
      {
        "device": "CPU",
        "opType": "DequantizeLinear",
        "input": [
          "onnx::Conv_551_quantized",
          "onnx::Conv_581_scale",
          "onnx::Conv_551_zero_point"
        ],
        "output": [
          "onnx::Conv_551_DequantizeLinear_Output"
        ]
      },
      {
        "device": "CPU",
        "opType": "Conv",
        "input": [
          "/layer2/layer2.1/act3/Relu_output_0_DequantizeLinear_Output",
          "onnx::Conv_551_DequantizeLinear_Output",
          "onnx::Conv_552_DequantizeLinear_Output"
        ],
        "output": [
          "/layer2/layer2.2/conv1/Conv_output_0"
        ]
      },
      {
        "device": "CPU",
        "opType": "Relu",
        "input": [
          "/layer2/layer2.2/conv1/Conv_output_0"
        ],
        "output": [
          "/layer2/layer2.2/act1/Relu_output_0"
        ]
      },
      {
        "device": "CPU",
        "opType": "QuantizeLinear",
        "input": [
          "/layer2/layer2.2/act1/Relu_output_0",
          "/layer2/layer2.2/act1/Relu_output_0_scale",
          "/layer2/layer2.2/act1/Relu_output_0_zero_point"
        ],
        "output": [
          "/layer2/layer2.2/act1/Relu_output_0_QuantizeLinear_Output"
        ]
      },
      {
        "device": "CPU",
        "opType": "DequantizeLinear",
        "input": [
          "/layer2/layer2.2/act3/Relu_output_0_QuantizeLinear_Output",
          "/layer3/layer3.5/conv3/Conv_output_0_scale",
          "/layer2/layer2.2/act3/Relu_output_0_zero_point"
        ],
        "output": [
          "/layer2/layer2.2/act3/Relu_output_0_DequantizeLinear_Output"
        ]
      },
      {
        "device": "CPU",
        "opType": "DequantizeLinear",
        "input": [
          "onnx::Conv_561_quantized",
          "input_scale",
          "onnx::Conv_561_zero_point"
        ],
        "output": [
          "onnx::Conv_561_DequantizeLinear_Output"
        ]
      },
      {
        "device": "CPU",
        "opType": "DequantizeLinear",
        "input": [
          "onnx::Conv_560_quantized",
          "onnx::Conv_581_scale",
          "onnx::Conv_560_zero_point"
        ],
        "output": [
          "onnx::Conv_560_DequantizeLinear_Output"
        ]
      },
      {
        "device": "CPU",
        "opType": "Conv",
        "input": [
          "/layer2/layer2.2/act3/Relu_output_0_DequantizeLinear_Output",
          "onnx::Conv_560_DequantizeLinear_Output",
          "onnx::Conv_561_DequantizeLinear_Output"
        ],
        "output": [
          "/layer2/layer2.3/conv1/Conv_output_0"
        ]
      },
      {
        "device": "CPU",
        "opType": "Relu",
        "input": [
          "/layer2/layer2.3/conv1/Conv_output_0"
        ],
        "output": [
          "/layer2/layer2.3/act1/Relu_output_0"
        ]
      },
      {
        "device": "CPU",
        "opType": "QuantizeLinear",
        "input": [
          "/layer2/layer2.3/act1/Relu_output_0",
          "onnx::Conv_519_scale",
          "/layer2/layer2.3/act1/Relu_output_0_zero_point"
        ],
        "output": [
          "/layer2/layer2.3/act1/Relu_output_0_QuantizeLinear_Output"
        ]
      },
      {
        "device": "CPU",
        "opType": "DequantizeLinear",
        "input": [
          "/layer2/layer2.3/act3/Relu_output_0_QuantizeLinear_Output",
          "/layer3/layer3.5/conv3/Conv_output_0_scale",
          "/layer2/layer2.3/act3/Relu_output_0_zero_point"
        ],
        "output": [
          "/layer2/layer2.3/act3/Relu_output_0_DequantizeLinear_Output/duplicated"
        ]
      },
      {
        "device": "CPU",
        "opType": "DequantizeLinear",
        "input": [
          "onnx::Conv_579_quantized",
          "/layer3/layer3.5/conv3/Conv_output_0_scale",
          "onnx::Conv_579_zero_point"
        ],
        "output": [
          "onnx::Conv_579_DequantizeLinear_Output"
        ]
      },
      {
        "device": "CPU",
        "opType": "DequantizeLinear",
        "input": [
          "onnx::Conv_578_quantized",
          "onnx::Conv_575_scale",
          "onnx::Conv_578_zero_point"
        ],
        "output": [
          "onnx::Conv_578_DequantizeLinear_Output"
        ]
      },
      {
        "device": "CPU",
        "opType": "Conv",
        "input": [
          "/layer2/layer2.3/act3/Relu_output_0_DequantizeLinear_Output/duplicated",
          "onnx::Conv_578_DequantizeLinear_Output",
          "onnx::Conv_579_DequantizeLinear_Output"
        ],
        "output": [
          "/layer3/layer3.0/downsample/downsample.0/Conv_output_0"
        ]
      },
      {
        "device": "CPU",
        "opType": "QuantizeLinear",
        "input": [
          "/layer3/layer3.0/downsample/downsample.0/Conv_output_0",
          "onnx::Conv_519_scale",
          "/layer3/layer3.0/downsample/downsample.0/Conv_output_0_zero_point"
        ],
        "output": [
          "/layer3/layer3.0/downsample/downsample.0/Conv_output_0_QuantizeLinear_Output"
        ]
      },
      {
        "device": "CPU",
        "opType": "DequantizeLinear",
        "input": [
          "/layer2/layer2.3/act3/Relu_output_0_QuantizeLinear_Output",
          "/layer3/layer3.5/conv3/Conv_output_0_scale",
          "/layer2/layer2.3/act3/Relu_output_0_zero_point"
        ],
        "output": [
          "/layer2/layer2.3/act3/Relu_output_0_DequantizeLinear_Output"
        ]
      },
      {
        "device": "CPU",
        "opType": "DequantizeLinear",
        "input": [
          "onnx::Conv_570_quantized",
          "/layer2/layer2.2/act1/Relu_output_0_scale",
          "onnx::Conv_570_zero_point"
        ],
        "output": [
          "onnx::Conv_570_DequantizeLinear_Output"
        ]
      },
      {
        "device": "CPU",
        "opType": "DequantizeLinear",
        "input": [
          "onnx::Conv_569_quantized",
          "onnx::Conv_581_scale",
          "onnx::Conv_569_zero_point"
        ],
        "output": [
          "onnx::Conv_569_DequantizeLinear_Output"
        ]
      },
      {
        "device": "CPU",
        "opType": "Conv",
        "input": [
          "/layer2/layer2.3/act3/Relu_output_0_DequantizeLinear_Output",
          "onnx::Conv_569_DequantizeLinear_Output",
          "onnx::Conv_570_DequantizeLinear_Output"
        ],
        "output": [
          "/layer3/layer3.0/conv1/Conv_output_0"
        ]
      },
      {
        "device": "CPU",
        "opType": "Relu",
        "input": [
          "/layer3/layer3.0/conv1/Conv_output_0"
        ],
        "output": [
          "/layer3/layer3.0/act1/Relu_output_0"
        ]
      },
      {
        "device": "CPU",
        "opType": "QuantizeLinear",
        "input": [
          "/layer3/layer3.0/act1/Relu_output_0",
          "onnx::Conv_519_scale",
          "/layer3/layer3.0/act1/Relu_output_0_zero_point"
        ],
        "output": [
          "/layer3/layer3.0/act1/Relu_output_0_QuantizeLinear_Output"
        ]
      },
      {
        "device": "CPU",
        "opType": "DequantizeLinear",
        "input": [
          "/layer3/layer3.0/act3/Relu_output_0_QuantizeLinear_Output",
          "/layer3/layer3.5/conv3/Conv_output_0_scale",
          "/layer3/layer3.0/act3/Relu_output_0_zero_point"
        ],
        "output": [
          "/layer3/layer3.0/act3/Relu_output_0_DequantizeLinear_Output"
        ]
      },
      {
        "device": "CPU",
        "opType": "DequantizeLinear",
        "input": [
          "onnx::Conv_582_quantized",
          "onnx::Conv_519_scale",
          "onnx::Conv_582_zero_point"
        ],
        "output": [
          "onnx::Conv_582_DequantizeLinear_Output"
        ]
      },
      {
        "device": "CPU",
        "opType": "DequantizeLinear",
        "input": [
          "onnx::Conv_581_quantized",
          "onnx::Conv_581_scale",
          "onnx::Conv_581_zero_point"
        ],
        "output": [
          "onnx::Conv_581_DequantizeLinear_Output"
        ]
      },
      {
        "device": "CPU",
        "opType": "Conv",
        "input": [
          "/layer3/layer3.0/act3/Relu_output_0_DequantizeLinear_Output",
          "onnx::Conv_581_DequantizeLinear_Output",
          "onnx::Conv_582_DequantizeLinear_Output"
        ],
        "output": [
          "/layer3/layer3.1/conv1/Conv_output_0"
        ]
      },
      {
        "device": "CPU",
        "opType": "Relu",
        "input": [
          "/layer3/layer3.1/conv1/Conv_output_0"
        ],
        "output": [
          "/layer3/layer3.1/act1/Relu_output_0"
        ]
      },
      {
        "device": "CPU",
        "opType": "QuantizeLinear",
        "input": [
          "/layer3/layer3.1/act1/Relu_output_0",
          "onnx::Conv_519_scale",
          "/layer3/layer3.1/act1/Relu_output_0_zero_point"
        ],
        "output": [
          "/layer3/layer3.1/act1/Relu_output_0_QuantizeLinear_Output"
        ]
      },
      {
        "device": "CPU",
        "opType": "DequantizeLinear",
        "input": [
          "/layer3/layer3.1/act3/Relu_output_0_QuantizeLinear_Output",
          "/layer3/layer3.5/conv3/Conv_output_0_scale",
          "/layer3/layer3.1/act3/Relu_output_0_zero_point"
        ],
        "output": [
          "/layer3/layer3.1/act3/Relu_output_0_DequantizeLinear_Output"
        ]
      },
      {
        "device": "CPU",
        "opType": "DequantizeLinear",
        "input": [
          "onnx::Conv_591_quantized",
          "onnx::Conv_519_scale",
          "onnx::Conv_591_zero_point"
        ],
        "output": [
          "onnx::Conv_591_DequantizeLinear_Output"
        ]
      },
      {
        "device": "CPU",
        "opType": "DequantizeLinear",
        "input": [
          "onnx::Conv_590_quantized",
          "onnx::Conv_581_scale",
          "onnx::Conv_590_zero_point"
        ],
        "output": [
          "onnx::Conv_590_DequantizeLinear_Output"
        ]
      },
      {
        "device": "CPU",
        "opType": "Conv",
        "input": [
          "/layer3/layer3.1/act3/Relu_output_0_DequantizeLinear_Output",
          "onnx::Conv_590_DequantizeLinear_Output",
          "onnx::Conv_591_DequantizeLinear_Output"
        ],
        "output": [
          "/layer3/layer3.2/conv1/Conv_output_0"
        ]
      },
      {
        "device": "CPU",
        "opType": "Relu",
        "input": [
          "/layer3/layer3.2/conv1/Conv_output_0"
        ],
        "output": [
          "/layer3/layer3.2/act1/Relu_output_0"
        ]
      },
      {
        "device": "CPU",
        "opType": "QuantizeLinear",
        "input": [
          "/layer3/layer3.2/act1/Relu_output_0",
          "onnx::Conv_519_scale",
          "/layer3/layer3.2/act1/Relu_output_0_zero_point"
        ],
        "output": [
          "/layer3/layer3.2/act1/Relu_output_0_QuantizeLinear_Output"
        ]
      },
      {
        "device": "CPU",
        "opType": "DequantizeLinear",
        "input": [
          "/layer3/layer3.2/act3/Relu_output_0_QuantizeLinear_Output",
          "/layer3/layer3.5/conv3/Conv_output_0_scale",
          "/layer3/layer3.2/act3/Relu_output_0_zero_point"
        ],
        "output": [
          "/layer3/layer3.2/act3/Relu_output_0_DequantizeLinear_Output"
        ]
      },
      {
        "device": "CPU",
        "opType": "DequantizeLinear",
        "input": [
          "onnx::Conv_600_quantized",
          "input_scale",
          "onnx::Conv_600_zero_point"
        ],
        "output": [
          "onnx::Conv_600_DequantizeLinear_Output"
        ]
      },
      {
        "device": "CPU",
        "opType": "DequantizeLinear",
        "input": [
          "onnx::Conv_599_quantized",
          "onnx::Conv_581_scale",
          "onnx::Conv_599_zero_point"
        ],
        "output": [
          "onnx::Conv_599_DequantizeLinear_Output"
        ]
      },
      {
        "device": "CPU",
        "opType": "Conv",
        "input": [
          "/layer3/layer3.2/act3/Relu_output_0_DequantizeLinear_Output",
          "onnx::Conv_599_DequantizeLinear_Output",
          "onnx::Conv_600_DequantizeLinear_Output"
        ],
        "output": [
          "/layer3/layer3.3/conv1/Conv_output_0"
        ]
      },
      {
        "device": "CPU",
        "opType": "Relu",
        "input": [
          "/layer3/layer3.3/conv1/Conv_output_0"
        ],
        "output": [
          "/layer3/layer3.3/act1/Relu_output_0"
        ]
      },
      {
        "device": "CPU",
        "opType": "QuantizeLinear",
        "input": [
          "/layer3/layer3.3/act1/Relu_output_0",
          "onnx::Conv_519_scale",
          "/layer3/layer3.3/act1/Relu_output_0_zero_point"
        ],
        "output": [
          "/layer3/layer3.3/act1/Relu_output_0_QuantizeLinear_Output"
        ]
      },
      {
        "device": "CPU",
        "opType": "DequantizeLinear",
        "input": [
          "/layer3/layer3.3/act3/Relu_output_0_QuantizeLinear_Output",
          "/layer3/layer3.5/conv3/Conv_output_0_scale",
          "/layer3/layer3.3/act3/Relu_output_0_zero_point"
        ],
        "output": [
          "/layer3/layer3.3/act3/Relu_output_0_DequantizeLinear_Output"
        ]
      },
      {
        "device": "CPU",
        "opType": "DequantizeLinear",
        "input": [
          "onnx::Conv_609_quantized",
          "/layer2/layer2.2/act1/Relu_output_0_scale",
          "onnx::Conv_609_zero_point"
        ],
        "output": [
          "onnx::Conv_609_DequantizeLinear_Output"
        ]
      },
      {
        "device": "CPU",
        "opType": "DequantizeLinear",
        "input": [
          "onnx::Conv_608_quantized",
          "onnx::Conv_617_scale",
          "onnx::Conv_608_zero_point"
        ],
        "output": [
          "onnx::Conv_608_DequantizeLinear_Output"
        ]
      },
      {
        "device": "CPU",
        "opType": "Conv",
        "input": [
          "/layer3/layer3.3/act3/Relu_output_0_DequantizeLinear_Output",
          "onnx::Conv_608_DequantizeLinear_Output",
          "onnx::Conv_609_DequantizeLinear_Output"
        ],
        "output": [
          "/layer3/layer3.4/conv1/Conv_output_0"
        ]
      },
      {
        "device": "CPU",
        "opType": "Relu",
        "input": [
          "/layer3/layer3.4/conv1/Conv_output_0"
        ],
        "output": [
          "/layer3/layer3.4/act1/Relu_output_0"
        ]
      },
      {
        "device": "CPU",
        "opType": "QuantizeLinear",
        "input": [
          "/layer3/layer3.4/act1/Relu_output_0",
          "onnx::Conv_519_scale",
          "/layer3/layer3.4/act1/Relu_output_0_zero_point"
        ],
        "output": [
          "/layer3/layer3.4/act1/Relu_output_0_QuantizeLinear_Output"
        ]
      },
      {
        "device": "CPU",
        "opType": "DequantizeLinear",
        "input": [
          "/layer3/layer3.4/act3/Relu_output_0_QuantizeLinear_Output",
          "/layer3/layer3.5/conv3/Conv_output_0_scale",
          "/layer3/layer3.4/act3/Relu_output_0_zero_point"
        ],
        "output": [
          "/layer3/layer3.4/act3/Relu_output_0_DequantizeLinear_Output"
        ]
      },
      {
        "device": "CPU",
        "opType": "DequantizeLinear",
        "input": [
          "onnx::Conv_618_quantized",
          "onnx::Conv_519_scale",
          "onnx::Conv_618_zero_point"
        ],
        "output": [
          "onnx::Conv_618_DequantizeLinear_Output"
        ]
      },
      {
        "device": "CPU",
        "opType": "DequantizeLinear",
        "input": [
          "onnx::Conv_617_quantized",
          "onnx::Conv_617_scale",
          "onnx::Conv_617_zero_point"
        ],
        "output": [
          "onnx::Conv_617_DequantizeLinear_Output"
        ]
      },
      {
        "device": "CPU",
        "opType": "Conv",
        "input": [
          "/layer3/layer3.4/act3/Relu_output_0_DequantizeLinear_Output",
          "onnx::Conv_617_DequantizeLinear_Output",
          "onnx::Conv_618_DequantizeLinear_Output"
        ],
        "output": [
          "/layer3/layer3.5/conv1/Conv_output_0"
        ]
      },
      {
        "device": "CPU",
        "opType": "Relu",
        "input": [
          "/layer3/layer3.5/conv1/Conv_output_0"
        ],
        "output": [
          "/layer3/layer3.5/act1/Relu_output_0"
        ]
      },
      {
        "device": "CPU",
        "opType": "QuantizeLinear",
        "input": [
          "/layer3/layer3.5/act1/Relu_output_0",
          "onnx::Conv_519_scale",
          "/layer3/layer3.5/act1/Relu_output_0_zero_point"
        ],
        "output": [
          "/layer3/layer3.5/act1/Relu_output_0_QuantizeLinear_Output"
        ]
      },
      {
        "device": "CPU",
        "opType": "DequantizeLinear",
        "input": [
          "/layer3/layer3.5/act3/Relu_output_0_QuantizeLinear_Output",
          "/layer3/layer3.5/conv3/Conv_output_0_scale",
          "/layer3/layer3.5/act3/Relu_output_0_zero_point"
        ],
        "output": [
          "/layer3/layer3.5/act3/Relu_output_0_DequantizeLinear_Output/duplicated"
        ]
      },
      {
        "device": "CPU",
        "opType": "DequantizeLinear",
        "input": [
          "onnx::Conv_636_quantized",
          "/layer2/layer2.2/act1/Relu_output_0_scale",
          "onnx::Conv_636_zero_point"
        ],
        "output": [
          "onnx::Conv_636_DequantizeLinear_Output"
        ]
      },
      {
        "device": "CPU",
        "opType": "DequantizeLinear",
        "input": [
          "onnx::Conv_635_quantized",
          "onnx::Conv_617_scale",
          "onnx::Conv_635_zero_point"
        ],
        "output": [
          "onnx::Conv_635_DequantizeLinear_Output"
        ]
      },
      {
        "device": "CPU",
        "opType": "Conv",
        "input": [
          "/layer3/layer3.5/act3/Relu_output_0_DequantizeLinear_Output/duplicated",
          "onnx::Conv_635_DequantizeLinear_Output",
          "onnx::Conv_636_DequantizeLinear_Output"
        ],
        "output": [
          "/layer4/layer4.0/downsample/downsample.0/Conv_output_0"
        ]
      },
      {
        "device": "CPU",
        "opType": "QuantizeLinear",
        "input": [
          "/layer4/layer4.0/downsample/downsample.0/Conv_output_0",
          "onnx::Conv_519_scale",
          "/layer4/layer4.0/downsample/downsample.0/Conv_output_0_zero_point"
        ],
        "output": [
          "/layer4/layer4.0/downsample/downsample.0/Conv_output_0_QuantizeLinear_Output"
        ]
      },
      {
        "device": "CPU",
        "opType": "DequantizeLinear",
        "input": [
          "/layer3/layer3.5/act3/Relu_output_0_QuantizeLinear_Output",
          "/layer3/layer3.5/conv3/Conv_output_0_scale",
          "/layer3/layer3.5/act3/Relu_output_0_zero_point"
        ],
        "output": [
          "/layer3/layer3.5/act3/Relu_output_0_DequantizeLinear_Output"
        ]
      },
      {
        "device": "CPU",
        "opType": "DequantizeLinear",
        "input": [
          "onnx::Conv_627_quantized",
          "/layer2/layer2.2/act1/Relu_output_0_scale",
          "onnx::Conv_627_zero_point"
        ],
        "output": [
          "onnx::Conv_627_DequantizeLinear_Output"
        ]
      },
      {
        "device": "CPU",
        "opType": "DequantizeLinear",
        "input": [
          "onnx::Conv_626_quantized",
          "onnx::Conv_617_scale",
          "onnx::Conv_626_zero_point"
        ],
        "output": [
          "onnx::Conv_626_DequantizeLinear_Output"
        ]
      },
      {
        "device": "CPU",
        "opType": "Conv",
        "input": [
          "/layer3/layer3.5/act3/Relu_output_0_DequantizeLinear_Output",
          "onnx::Conv_626_DequantizeLinear_Output",
          "onnx::Conv_627_DequantizeLinear_Output"
        ],
        "output": [
          "/layer4/layer4.0/conv1/Conv_output_0"
        ]
      },
      {
        "device": "CPU",
        "opType": "Relu",
        "input": [
          "/layer4/layer4.0/conv1/Conv_output_0"
        ],
        "output": [
          "/layer4/layer4.0/act1/Relu_output_0"
        ]
      },
      {
        "device": "CPU",
        "opType": "QuantizeLinear",
        "input": [
          "/layer4/layer4.0/act1/Relu_output_0",
          "onnx::Conv_519_scale",
          "/layer4/layer4.0/act1/Relu_output_0_zero_point"
        ],
        "output": [
          "/layer4/layer4.0/act1/Relu_output_0_QuantizeLinear_Output"
        ]
      },
      {
        "device": "CPU",
        "opType": "DequantizeLinear",
        "input": [
          "/layer4/layer4.1/act1/Relu_output_0_QuantizeLinear_Output",
          "/layer3/layer3.5/conv3/Conv_output_0_scale",
          "/layer4/layer4.1/act1/Relu_output_0_zero_point"
        ],
        "output": [
          "/layer4/layer4.1/act1/Relu_output_0_DequantizeLinear_Output"
        ]
      },
      {
        "device": "CPU",
        "opType": "DequantizeLinear",
        "input": [
          "onnx::Conv_642_quantized",
          "onnx::Conv_519_scale",
          "onnx::Conv_642_zero_point"
        ],
        "output": [
          "onnx::Conv_642_DequantizeLinear_Output"
        ]
      },
      {
        "device": "CPU",
        "opType": "DequantizeLinear",
        "input": [
          "onnx::Conv_641_quantized",
          "onnx::Conv_617_scale",
          "onnx::Conv_641_zero_point"
        ],
        "output": [
          "onnx::Conv_641_DequantizeLinear_Output"
        ]
      },
      {
        "device": "CPU",
        "opType": "Conv",
        "input": [
          "/layer4/layer4.1/act1/Relu_output_0_DequantizeLinear_Output",
          "onnx::Conv_641_DequantizeLinear_Output",
          "onnx::Conv_642_DequantizeLinear_Output"
        ],
        "output": [
          "/layer4/layer4.1/conv2/Conv_output_0"
        ]
      },
      {
        "device": "CPU",
        "opType": "Relu",
        "input": [
          "/layer4/layer4.1/conv2/Conv_output_0"
        ],
        "output": [
          "/layer4/layer4.1/act2/Relu_output_0"
        ]
      },
      {
        "device": "CPU",
        "opType": "QuantizeLinear",
        "input": [
          "/layer4/layer4.1/act2/Relu_output_0",
          "onnx::Conv_519_scale",
          "/layer4/layer4.1/act2/Relu_output_0_zero_point"
        ],
        "output": [
          "/layer4/layer4.1/act2/Relu_output_0_QuantizeLinear_Output"
        ]
      },
      {
        "device": "CPU",
        "opType": "DequantizeLinear",
        "input": [
          "/global_pool/pool/GlobalAveragePool_output_0_QuantizeLinear_Output",
          "/layer3/layer3.5/conv3/Conv_output_0_scale",
          "/global_pool/pool/GlobalAveragePool_output_0_zero_point"
        ],
        "output": [
          "/global_pool/pool/GlobalAveragePool_output_0_DequantizeLinear_Output"
        ]
      },
      {
        "device": "CPU",
        "opType": "Flatten",
        "input": [
          "/global_pool/pool/GlobalAveragePool_output_0_DequantizeLinear_Output"
        ],
        "output": [
          "/global_pool/flatten/Flatten_output_0"
        ]
      },
      {
        "device": "CPU",
        "opType": "QuantizeLinear",
        "input": [
          "/global_pool/flatten/Flatten_output_0",
          "input_scale",
          "/global_pool/flatten/Flatten_output_0_zero_point"
        ],
        "output": [
          "/global_pool/flatten/Flatten_output_0_QuantizeLinear_Output"
        ]
      },
      {
        "device": "CPU",
        "opType": "DequantizeLinear",
        "input": [
          "/global_pool/flatten/Flatten_output_0_QuantizeLinear_Output",
          "input_scale",
          "/global_pool/flatten/Flatten_output_0_zero_point"
        ],
        "output": [
          "/global_pool/flatten/Flatten_output_0_DequantizeLinear_Output"
        ]
      },
      {
        "device": "CPU",
        "opType": "DequantizeLinear",
        "input": [
          "fc.bias_quantized",
          "input_scale",
          "fc.bias_zero_point"
        ],
        "output": [
          "fc.bias_DequantizeLinear_Output"
        ]
      },
      {
        "device": "CPU",
        "opType": "DequantizeLinear",
        "input": [
          "fc.weight_quantized",
          "onnx::Conv_518_scale",
          "fc.weight_zero_point"
        ],
        "output": [
          "fc.weight_DequantizeLinear_Output"
        ]
      },
      {
        "device": "CPU",
        "opType": "Gemm",
        "input": [
          "/global_pool/flatten/Flatten_output_0_DequantizeLinear_Output",
          "fc.weight_DequantizeLinear_Output",
          "fc.bias_DequantizeLinear_Output"
        ],
        "output": [
          "output_QuantizeLinear_Input"
        ]
      },
      {
        "device": "CPU",
        "opType": "QuantizeLinear",
        "input": [
          "output_QuantizeLinear_Input",
          "onnx::Conv_519_scale",
          "output_zero_point"
        ],
        "output": [
          "output_QuantizeLinear_Output"
        ]
      },
      {
        "device": "CPU",
        "opType": "DequantizeLinear",
        "input": [
          "output_QuantizeLinear_Output",
          "onnx::Conv_519_scale",
          "output_zero_point"
        ],
        "output": [
          "output"
        ]
      }
    ],
    "deviceStat": [
      {
        "name": "all",
        "nodeNum": 395,
        "supportedOpType": [
          "::Add",
          "::Conv",
          "::DequantizeLinear",
          "::Flatten",
          "::Gemm",
          "::GlobalAveragePool",
          "::MaxPool",
          "::Mul",
          "::QuantizeLinear",
          "::Relu"
        ]
      },
      {
        "name": "CPU",
        "nodeNum": 35,
        "supportedOpType": [
          "::Conv",
          "::Flatten",
          "::Gemm",
          "::Relu"
        ]
      },
      {
        "name": "NPU",
        "nodeNum": 276,
        "supportedOpType": [
          "::Add",
          "::Conv",
          "::DequantizeLinear",
          "::GlobalAveragePool",
          "::MaxPool",
          "::Mul",
          "::QuantizeLinear",
          "::Relu"
        ]
      },
      {
        "name": "VITIS_EP_CPU",
        "nodeNum": 84,
        "supportedOpType": [
          "::DequantizeLinear",
          "::QuantizeLinear"
        ]
      }
    ]
  },
  "npu_latency_ms": {
    "mean": 24.40837812468999,
    "median": 24.31004999743891,
    "p95": 26.349684999513556,
    "runs": 32,
    "warmup": 5
  },
  "npu_vs_cpu": {
    "images": 32,
    "max_abs": 26.125,
    "mae": 10.7010078125,
    "rmse": 11.371654899628725,
    "exact_elements_fraction": 0.0003125,
    "argmax_agreement_fraction": 0.0
  },
  "npu_vs_baseline_npu": {
    "images": 32,
    "max_abs": 26.75,
    "mae": 11.18894140625,
    "rmse": 11.840066400290214,
    "exact_elements_fraction": 9.375e-05,
    "argmax_agreement_fraction": 0.0
  }
}
