PROBE_PREPARED {
  "status": "prepared",
  "machine": "Desktop 2 / Ryzen 7 8700G",
  "mutation": {
    "name": "domain_msft",
    "note": "Move all Q/DQ nodes to com.microsoft opset 1; parameters unchanged.",
    "changed_initializers": [],
    "changed_nodes": [
      "/act1/Relu_output_0_DequantizeLinear",
      "/act1/Relu_output_0_QuantizeLinear",
      "/global_pool/flatten/Flatten_output_0_DequantizeLinear",
      "/global_pool/flatten/Flatten_output_0_QuantizeLinear",
      "/global_pool/pool/GlobalAveragePool_output_0_DequantizeLinear",
      "/global_pool/pool/GlobalAveragePool_output_0_QuantizeLinear",
      "/layer1/layer1.0/act1/Relu_output_0_DequantizeLinear",
      "/layer1/layer1.0/act1/Relu_output_0_QuantizeLinear",
      "/layer1/layer1.0/act2/Relu_output_0_DequantizeLinear",
      "/layer1/layer1.0/act2/Relu_output_0_QuantizeLinear",
      "/layer1/layer1.0/act3/Relu_output_0_DequantizeLinear",
      "/layer1/layer1.0/act3/Relu_output_0_QuantizeLinear",
      "/layer1/layer1.0/conv3/Conv_output_0_DequantizeLinear",
      "/layer1/layer1.0/conv3/Conv_output_0_QuantizeLinear",
      "/layer1/layer1.0/downsample/downsample.0/Conv_output_0_DequantizeLinear",
      "/layer1/layer1.0/downsample/downsample.0/Conv_output_0_QuantizeLinear",
      "/layer1/layer1.1/act1/Relu_output_0_DequantizeLinear",
      "/layer1/layer1.1/act1/Relu_output_0_QuantizeLinear",
      "/layer1/layer1.1/act2/Relu_output_0_DequantizeLinear",
      "/layer1/layer1.1/act2/Relu_output_0_QuantizeLinear",
      "/layer1/layer1.1/act3/Relu_output_0_DequantizeLinear",
      "/layer1/layer1.1/act3/Relu_output_0_QuantizeLinear",
      "/layer1/layer1.1/conv3/Conv_output_0_DequantizeLinear",
      "/layer1/layer1.1/conv3/Conv_output_0_QuantizeLinear",
      "/layer1/layer1.2/act1/Relu_output_0_DequantizeLinear",
      "/layer1/layer1.2/act1/Relu_output_0_QuantizeLinear",
      "/layer1/layer1.2/act2/Relu_output_0_DequantizeLinear",
      "/layer1/layer1.2/act2/Relu_output_0_QuantizeLinear",
      "/layer1/layer1.2/act3/Relu_output_0_DequantizeLinear",
      "/layer1/layer1.2/act3/Relu_output_0_QuantizeLinear",
      "/layer1/layer1.2/conv3/Conv_output_0_DequantizeLinear",
      "/layer1/layer1.2/conv3/Conv_output_0_QuantizeLinear",
      "/layer2/layer2.0/act1/Relu_output_0_DequantizeLinear",
      "/layer2/layer2.0/act1/Relu_output_0_QuantizeLinear",
      "/layer2/layer2.0/act2/Relu_output_0_DequantizeLinear",
      "/layer2/layer2.0/act2/Relu_output_0_QuantizeLinear",
      "/layer2/layer2.0/act3/Relu_output_0_DequantizeLinear",
      "/layer2/layer2.0/act3/Relu_output_0_QuantizeLinear",
      "/layer2/layer2.0/conv3/Conv_output_0_DequantizeLinear",
      "/layer2/layer2.0/conv3/Conv_output_0_QuantizeLinear",
      "/layer2/layer2.0/downsample/downsample.0/Conv_output_0_DequantizeLinear",
      "/layer2/layer2.0/downsample/downsample.0/Conv_output_0_QuantizeLinear",
      "/layer2/layer2.1/act1/Relu_output_0_DequantizeLinear",
      "/layer2/layer2.1/act1/Relu_output_0_QuantizeLinear",
      "/layer2/layer2.1/act2/Relu_output_0_DequantizeLinear",
      "/layer2/layer2.1/act2/Relu_output_0_QuantizeLinear",
      "/layer2/layer2.1/act3/Relu_output_0_DequantizeLinear",
      "/layer2/layer2.1/act3/Relu_output_0_QuantizeLinear",
      "/layer2/layer2.1/conv3/Conv_output_0_DequantizeLinear",
      "/layer2/layer2.1/conv3/Conv_output_0_QuantizeLinear",
      "/layer2/layer2.2/act1/Relu_output_0_DequantizeLinear",
      "/layer2/layer2.2/act1/Relu_output_0_QuantizeLinear",
      "/layer2/layer2.2/act2/Relu_output_0_DequantizeLinear",
      "/layer2/layer2.2/act2/Relu_output_0_QuantizeLinear",
      "/layer2/layer2.2/act3/Relu_output_0_DequantizeLinear",
      "/layer2/layer2.2/act3/Relu_output_0_QuantizeLinear",
      "/layer2/layer2.2/conv3/Conv_output_0_DequantizeLinear",
      "/layer2/layer2.2/conv3/Conv_output_0_QuantizeLinear",
      "/layer2/layer2.3/act1/Relu_output_0_DequantizeLinear",
      "/layer2/layer2.3/act1/Relu_output_0_QuantizeLinear",
      "/layer2/layer2.3/act2/Relu_output_0_DequantizeLinear",
      "/layer2/layer2.3/act2/Relu_output_0_QuantizeLinear",
      "/layer2/layer2.3/act3/Relu_output_0_DequantizeLinear",
      "/layer2/layer2.3/act3/Relu_output_0_QuantizeLinear",
      "/layer2/layer2.3/conv3/Conv_output_0_DequantizeLinear",
      "/layer2/layer2.3/conv3/Conv_output_0_QuantizeLinear",
      "/layer3/layer3.0/act1/Relu_output_0_DequantizeLinear",
      "/layer3/layer3.0/act1/Relu_output_0_QuantizeLinear",
      "/layer3/layer3.0/act2/Relu_output_0_DequantizeLinear",
      "/layer3/layer3.0/act2/Relu_output_0_QuantizeLinear",
      "/layer3/layer3.0/act3/Relu_output_0_DequantizeLinear",
      "/layer3/layer3.0/act3/Relu_output_0_QuantizeLinear",
      "/layer3/layer3.0/conv3/Conv_output_0_DequantizeLinear",
      "/layer3/layer3.0/conv3/Conv_output_0_QuantizeLinear",
      "/layer3/layer3.0/downsample/downsample.0/Conv_output_0_DequantizeLinear",
      "/layer3/layer3.0/downsample/downsample.0/Conv_output_0_QuantizeLinear",
      "/layer3/layer3.1/act1/Relu_output_0_DequantizeLinear",
      "/layer3/layer3.1/act1/Relu_output_0_QuantizeLinear",
      "/layer3/layer3.1/act2/Relu_output_0_DequantizeLinear",
      "/layer3/layer3.1/act2/Relu_output_0_QuantizeLinear",
      "/layer3/layer3.1/act3/Relu_output_0_DequantizeLinear",
      "/layer3/layer3.1/act3/Relu_output_0_QuantizeLinear",
      "/layer3/layer3.1/conv3/Conv_output_0_DequantizeLinear",
      "/layer3/layer3.1/conv3/Conv_output_0_QuantizeLinear",
      "/layer3/layer3.2/act1/Relu_output_0_DequantizeLinear",
      "/layer3/layer3.2/act1/Relu_output_0_QuantizeLinear",
      "/layer3/layer3.2/act2/Relu_output_0_DequantizeLinear",
      "/layer3/layer3.2/act2/Relu_output_0_QuantizeLinear",
      "/layer3/layer3.2/act3/Relu_output_0_DequantizeLinear",
      "/layer3/layer3.2/act3/Relu_output_0_QuantizeLinear",
      "/layer3/layer3.2/conv3/Conv_output_0_DequantizeLinear",
      "/layer3/layer3.2/conv3/Conv_output_0_QuantizeLinear",
      "/layer3/layer3.3/act1/Relu_output_0_DequantizeLinear",
      "/layer3/layer3.3/act1/Relu_output_0_QuantizeLinear",
      "/layer3/layer3.3/act2/Relu_output_0_DequantizeLinear",
      "/layer3/layer3.3/act2/Relu_output_0_QuantizeLinear",
      "/layer3/layer3.3/act3/Relu_output_0_DequantizeLinear",
      "/layer3/layer3.3/act3/Relu_output_0_QuantizeLinear",
      "/layer3/layer3.3/conv3/Conv_output_0_DequantizeLinear",
      "/layer3/layer3.3/conv3/Conv_output_0_QuantizeLinear",
      "/layer3/layer3.4/act1/Relu_output_0_DequantizeLinear",
      "/layer3/layer3.4/act1/Relu_output_0_QuantizeLinear",
      "/layer3/layer3.4/act2/Relu_output_0_DequantizeLinear",
      "/layer3/layer3.4/act2/Relu_output_0_QuantizeLinear",
      "/layer3/layer3.4/act3/Relu_output_0_DequantizeLinear",
      "/layer3/layer3.4/act3/Relu_output_0_QuantizeLinear",
      "/layer3/layer3.4/conv3/Conv_output_0_DequantizeLinear",
      "/layer3/layer3.4/conv3/Conv_output_0_QuantizeLinear",
      "/layer3/layer3.5/act1/Relu_output_0_DequantizeLinear",
      "/layer3/layer3.5/act1/Relu_output_0_QuantizeLinear",
      "/layer3/layer3.5/act2/Relu_output_0_DequantizeLinear",
      "/layer3/layer3.5/act2/Relu_output_0_QuantizeLinear",
      "/layer3/layer3.5/act3/Relu_output_0_DequantizeLinear",
      "/layer3/layer3.5/act3/Relu_output_0_QuantizeLinear",
      "/layer3/layer3.5/conv3/Conv_output_0_DequantizeLinear",
      "/layer3/layer3.5/conv3/Conv_output_0_QuantizeLinear",
      "/layer4/layer4.0/act1/Relu_output_0_DequantizeLinear",
      "/layer4/layer4.0/act1/Relu_output_0_QuantizeLinear",
      "/layer4/layer4.0/act2/Relu_output_0_DequantizeLinear",
      "/layer4/layer4.0/act2/Relu_output_0_QuantizeLinear",
      "/layer4/layer4.0/act3/Relu_output_0_DequantizeLinear",
      "/layer4/layer4.0/act3/Relu_output_0_QuantizeLinear",
      "/layer4/layer4.0/conv3/Conv_output_0_DequantizeLinear",
      "/layer4/layer4.0/conv3/Conv_output_0_QuantizeLinear",
      "/layer4/layer4.0/downsample/downsample.0/Conv_output_0_DequantizeLinear",
      "/layer4/layer4.0/downsample/downsample.0/Conv_output_0_QuantizeLinear",
      "/layer4/layer4.1/act1/Relu_output_0_DequantizeLinear",
      "/layer4/layer4.1/act1/Relu_output_0_QuantizeLinear",
      "/layer4/layer4.1/act2/Relu_output_0_DequantizeLinear",
      "/layer4/layer4.1/act2/Relu_output_0_QuantizeLinear",
      "/layer4/layer4.1/act3/Relu_output_0_DequantizeLinear",
      "/layer4/layer4.1/act3/Relu_output_0_QuantizeLinear",
      "/layer4/layer4.1/conv3/Conv_output_0_DequantizeLinear",
      "/layer4/layer4.1/conv3/Conv_output_0_QuantizeLinear",
      "/layer4/layer4.2/act1/Relu_output_0_DequantizeLinear",
      "/layer4/layer4.2/act1/Relu_output_0_QuantizeLinear",
      "/layer4/layer4.2/act2/Relu_output_0_DequantizeLinear",
      "/layer4/layer4.2/act2/Relu_output_0_QuantizeLinear",
      "/layer4/layer4.2/act3/Relu_output_0_DequantizeLinear",
      "/layer4/layer4.2/act3/Relu_output_0_QuantizeLinear",
      "/layer4/layer4.2/conv3/Conv_output_0_DequantizeLinear",
      "/layer4/layer4.2/conv3/Conv_output_0_QuantizeLinear",
      "/maxpool/MaxPool_output_0_DequantizeLinear",
      "/maxpool/MaxPool_output_0_QuantizeLinear",
      "fc.bias_DequantizeLinear",
      "fc.weight_DequantizeLinear",
      "input_DequantizeLinear",
      "input_QuantizeLinear",
      "onnx::Conv_497_DequantizeLinear",
      "onnx::Conv_498_DequantizeLinear",
      "onnx::Conv_500_DequantizeLinear",
      "onnx::Conv_501_DequantizeLinear",
      "onnx::Conv_503_DequantizeLinear",
      "onnx::Conv_504_DequantizeLinear",
      "onnx::Conv_506_DequantizeLinear",
      "onnx::Conv_507_DequantizeLinear",
      "onnx::Conv_509_DequantizeLinear",
      "onnx::Conv_510_DequantizeLinear",
      "onnx::Conv_512_DequantizeLinear",
      "onnx::Conv_513_DequantizeLinear",
      "onnx::Conv_515_DequantizeLinear",
      "onnx::Conv_516_DequantizeLinear",
      "onnx::Conv_518_DequantizeLinear",
      "onnx::Conv_519_DequantizeLinear",
      "onnx::Conv_521_DequantizeLinear",
      "onnx::Conv_522_DequantizeLinear",
      "onnx::Conv_524_DequantizeLinear",
      "onnx::Conv_525_DequantizeLinear",
      "onnx::Conv_527_DequantizeLinear",
      "onnx::Conv_528_DequantizeLinear",
      "onnx::Conv_530_DequantizeLinear",
      "onnx::Conv_531_DequantizeLinear",
      "onnx::Conv_533_DequantizeLinear",
      "onnx::Conv_534_DequantizeLinear",
      "onnx::Conv_536_DequantizeLinear",
      "onnx::Conv_537_DequantizeLinear",
      "onnx::Conv_539_DequantizeLinear",
      "onnx::Conv_540_DequantizeLinear",
      "onnx::Conv_542_DequantizeLinear",
      "onnx::Conv_543_DequantizeLinear",
      "onnx::Conv_545_DequantizeLinear",
      "onnx::Conv_546_DequantizeLinear",
      "onnx::Conv_548_DequantizeLinear",
      "onnx::Conv_549_DequantizeLinear",
      "onnx::Conv_551_DequantizeLinear",
      "onnx::Conv_552_DequantizeLinear",
      "onnx::Conv_554_DequantizeLinear",
      "onnx::Conv_555_DequantizeLinear",
      "onnx::Conv_557_DequantizeLinear",
      "onnx::Conv_558_DequantizeLinear",
      "onnx::Conv_560_DequantizeLinear",
      "onnx::Conv_561_DequantizeLinear",
      "onnx::Conv_563_DequantizeLinear",
      "onnx::Conv_564_DequantizeLinear",
      "onnx::Conv_566_DequantizeLinear",
      "onnx::Conv_567_DequantizeLinear",
      "onnx::Conv_569_DequantizeLinear",
      "onnx::Conv_570_DequantizeLinear",
      "onnx::Conv_572_DequantizeLinear",
      "onnx::Conv_573_DequantizeLinear",
      "onnx::Conv_575_DequantizeLinear",
      "onnx::Conv_576_DequantizeLinear",
      "onnx::Conv_578_DequantizeLinear",
      "onnx::Conv_579_DequantizeLinear",
      "onnx::Conv_581_DequantizeLinear",
      "onnx::Conv_582_DequantizeLinear",
      "onnx::Conv_584_DequantizeLinear",
      "onnx::Conv_585_DequantizeLinear",
      "onnx::Conv_587_DequantizeLinear",
      "onnx::Conv_588_DequantizeLinear",
      "onnx::Conv_590_DequantizeLinear",
      "onnx::Conv_591_DequantizeLinear",
      "onnx::Conv_593_DequantizeLinear",
      "onnx::Conv_594_DequantizeLinear",
      "onnx::Conv_596_DequantizeLinear",
      "onnx::Conv_597_DequantizeLinear",
      "onnx::Conv_599_DequantizeLinear",
      "onnx::Conv_600_DequantizeLinear",
      "onnx::Conv_602_DequantizeLinear",
      "onnx::Conv_603_DequantizeLinear",
      "onnx::Conv_605_DequantizeLinear",
      "onnx::Conv_606_DequantizeLinear",
      "onnx::Conv_608_DequantizeLinear",
      "onnx::Conv_609_DequantizeLinear",
      "onnx::Conv_611_DequantizeLinear",
      "onnx::Conv_612_DequantizeLinear",
      "onnx::Conv_614_DequantizeLinear",
      "onnx::Conv_615_DequantizeLinear",
      "onnx::Conv_617_DequantizeLinear",
      "onnx::Conv_618_DequantizeLinear",
      "onnx::Conv_620_DequantizeLinear",
      "onnx::Conv_621_DequantizeLinear",
      "onnx::Conv_623_DequantizeLinear",
      "onnx::Conv_624_DequantizeLinear",
      "onnx::Conv_626_DequantizeLinear",
      "onnx::Conv_627_DequantizeLinear",
      "onnx::Conv_629_DequantizeLinear",
      "onnx::Conv_630_DequantizeLinear",
      "onnx::Conv_632_DequantizeLinear",
      "onnx::Conv_633_DequantizeLinear",
      "onnx::Conv_635_DequantizeLinear",
      "onnx::Conv_636_DequantizeLinear",
      "onnx::Conv_638_DequantizeLinear",
      "onnx::Conv_639_DequantizeLinear",
      "onnx::Conv_641_DequantizeLinear",
      "onnx::Conv_642_DequantizeLinear",
      "onnx::Conv_644_DequantizeLinear",
      "onnx::Conv_645_DequantizeLinear",
      "onnx::Conv_647_DequantizeLinear",
      "onnx::Conv_648_DequantizeLinear",
      "onnx::Conv_650_DequantizeLinear",
      "onnx::Conv_651_DequantizeLinear",
      "onnx::Conv_653_DequantizeLinear",
      "onnx::Conv_654_DequantizeLinear",
      "output_DequantizeLinear",
      "output_QuantizeLinear"
    ],
    "nodes_before": 380,
    "nodes_after": 380
  },
  "base_sha256": "c1945d2dce29e6afeaed16ef8c2bcc5689044f5210543440f84fb258c29e0ea5",
  "model_sha256": "e792c058f2ed23f3f4552cee291dc9e03a63ab866612113d0c450114422f70c5",
  "ort_version": "1.23.3.dev20260320",
  "images": 32,
  "scope": "diagnostic output agreement; not dataset accuracy",
  "listing": [
    "data/eval/000000.jpg",
    "data/eval/000001.jpg",
    "data/eval/000002.jpg",
    "data/eval/000003.jpg",
    "data/eval/000004.jpg",
    "data/eval/000005.jpg",
    "data/eval/000006.jpg",
    "data/eval/000007.jpg",
    "data/eval/000008.jpg",
    "data/eval/000009.jpg",
    "data/eval/000010.jpg",
    "data/eval/000011.jpg",
    "data/eval/000012.jpg",
    "data/eval/000013.jpg",
    "data/eval/000014.jpg",
    "data/eval/000015.jpg",
    "data/eval/000016.jpg",
    "data/eval/000017.jpg",
    "data/eval/000018.jpg",
    "data/eval/000019.jpg",
    "data/eval/000020.jpg",
    "data/eval/000021.jpg",
    "data/eval/000022.jpg",
    "data/eval/000023.jpg",
    "data/eval/000024.jpg",
    "data/eval/000025.jpg",
    "data/eval/000026.jpg",
    "data/eval/000027.jpg",
    "data/eval/000028.jpg",
    "data/eval/000029.jpg",
    "data/eval/000030.jpg",
    "data/eval/000031.jpg"
  ],
  "preprocess": {
    "input_size": [
      3,
      224,
      224
    ],
    "interpolation": "bicubic",
    "mean": [
      0.485,
      0.456,
      0.406
    ],
    "std": [
      0.229,
      0.224,
      0.225
    ],
    "crop_pct": 0.95,
    "crop_mode": "center"
  },
  "inputs_sha256": "8482bcbcbd18be08d7d719bdcc31a23a0a3798d5fc960b5db20d4cdc550380ca",
  "cache_key": "modelcachekey",
  "fresh": true
}
CPU_COMPARISON {"images": 32, "max_abs": 0.0, "mae": 0.0, "rmse": 0.0, "exact_elements_fraction": 1.0, "argmax_agreement_fraction": 1.0}
PRE_NPU_CONTEXT_WITNESS

-----------------------------
[003d:00:01.1] : NPU Phoenix
-----------------------------
AIE Partitions
  No hardware contexts running on device


deleted stale cache C:\Users\<user>\PycharmProjects\ryzen-ai-xdna1-quantization\scratch\quant-worktree\modelcachekey
RYZEN_AI_INSTALLATION_PATH = C:\Program Files\RyzenAI\1.7.1
xclbin: C:\Program Files\RyzenAI\1.7.1\voe-4.0-win_amd64\xclbins\phoenix\4x4.xclbin
onnxruntime 1.23.3.dev20260320  providers: ['VitisAIExecutionProvider', 'DmlExecutionProvider', 'CPUExecutionProvider']
cache:  C:\Users\<user>\PycharmProjects\ryzen-ai-xdna1-quantization\scratch\quant-worktree\modelcachekey
First run compiles the model. It takes a while and looks frozen. It isn't.
EP_PLACEMENT {
  "report_sha256": "dcf298733fc54bca8a717ab7d1fed870da182c24f2fd2e43ec1464551e3db9e4",
  "total": 395,
  "npu": 0,
  "device_counts": {
    "CPU": 395
  },
  "ops_by_device": {
    "CPU:Add": 16,
    "CPU:Conv": 53,
    "CPU:DequantizeLinear": 198,
    "CPU:Flatten": 1,
    "CPU:Gemm": 1,
    "CPU:GlobalAveragePool": 1,
    "CPU:MaxPool": 1,
    "CPU:Mul": 1,
    "CPU:QuantizeLinear": 74,
    "CPU:Relu": 49
  },
  "non_npu": [
    {
      "device": "CPU",
      "opType": "QuantizeLinear",
      "input": [
        "input",
        "onnx::Conv_518_scale",
        "input_zero_point"
      ],
      "output": [
        "input_QuantizeLinear_Output"
      ]
    },
    {
      "device": "CPU",
      "opType": "DequantizeLinear",
      "input": [
        "input_QuantizeLinear_Output",
        "onnx::Conv_518_scale",
        "input_zero_point"
      ],
      "output": [
        "input_DequantizeLinear_Output"
      ]
    },
    {
      "device": "CPU",
      "opType": "DequantizeLinear",
      "input": [
        "onnx::Conv_498_quantized",
        "/layer3/layer3.5/conv3/Conv_output_0_scale",
        "onnx::Conv_498_zero_point"
      ],
      "output": [
        "onnx::Conv_498_DequantizeLinear_Output"
      ]
    },
    {
      "device": "CPU",
      "opType": "DequantizeLinear",
      "input": [
        "onnx::Conv_497_quantized",
        "onnx::Conv_509_scale",
        "onnx::Conv_497_zero_point"
      ],
      "output": [
        "onnx::Conv_497_DequantizeLinear_Output"
      ]
    },
    {
      "device": "CPU",
      "opType": "Conv",
      "input": [
        "input_DequantizeLinear_Output",
        "onnx::Conv_497_DequantizeLinear_Output",
        "onnx::Conv_498_DequantizeLinear_Output"
      ],
      "output": [
        "/conv1/Conv_output_0"
      ]
    },
    {
      "device": "CPU",
      "opType": "Relu",
      "input": [
        "/conv1/Conv_output_0"
      ],
      "output": [
        "/act1/Relu_output_0"
      ]
    },
    {
      "device": "CPU",
      "opType": "QuantizeLinear",
      "input": [
        "/act1/Relu_output_0",
        "/layer1/layer1.2/act2/Relu_output_0_scale",
        "/act1/Relu_output_0_zero_point"
      ],
      "output": [
        "/act1/Relu_output_0_QuantizeLinear_Output"
      ]
    },
    {
      "device": "CPU",
      "opType": "DequantizeLinear",
      "input": [
        "/act1/Relu_output_0_QuantizeLinear_Output",
        "/layer1/layer1.2/act2/Relu_output_0_scale",
        "/act1/Relu_output_0_zero_point"
      ],
      "output": [
        "/act1/Relu_output_0_DequantizeLinear_Output"
      ]
    },
    {
      "device": "CPU",
      "opType": "MaxPool",
      "input": [
        "/act1/Relu_output_0_DequantizeLinear_Output"
      ],
      "output": [
        "/maxpool/MaxPool_output_0"
      ]
    },
    {
      "device": "CPU",
      "opType": "QuantizeLinear",
      "input": [
        "/maxpool/MaxPool_output_0",
        "/layer1/layer1.2/act2/Relu_output_0_scale",
        "/act1/Relu_output_0_zero_point"
      ],
      "output": [
        "/maxpool/MaxPool_output_0_QuantizeLinear_Output"
      ]
    },
    {
      "device": "CPU",
      "opType": "DequantizeLinear",
      "input": [
        "/maxpool/MaxPool_output_0_QuantizeLinear_Output",
        "/layer1/layer1.2/act2/Relu_output_0_scale",
        "/act1/Relu_output_0_zero_point"
      ],
      "output": [
        "/maxpool/MaxPool_output_0_DequantizeLinear_Output/duplicated"
      ]
    },
    {
      "device": "CPU",
      "opType": "DequantizeLinear",
      "input": [
        "onnx::Conv_510_quantized",
        "/layer3/layer3.5/conv3/Conv_output_0_scale",
        "onnx::Conv_510_zero_point"
      ],
      "output": [
        "onnx::Conv_510_DequantizeLinear_Output"
      ]
    },
    {
      "device": "CPU",
      "opType": "DequantizeLinear",
      "input": [
        "onnx::Conv_509_quantized",
        "onnx::Conv_509_scale",
        "onnx::Conv_509_zero_point"
      ],
      "output": [
        "onnx::Conv_509_DequantizeLinear_Output"
      ]
    },
    {
      "device": "CPU",
      "opType": "Conv",
      "input": [
        "/maxpool/MaxPool_output_0_DequantizeLinear_Output/duplicated",
        "onnx::Conv_509_DequantizeLinear_Output",
        "onnx::Conv_510_DequantizeLinear_Output"
      ],
      "output": [
        "/layer1/layer1.0/downsample/downsample.0/Conv_output_0"
      ]
    },
    {
      "device": "CPU",
      "opType": "QuantizeLinear",
      "input": [
        "/layer1/layer1.0/downsample/downsample.0/Conv_output_0",
        "onnx::Conv_519_scale",
        "/layer1/layer1.0/downsample/downsample.0/Conv_output_0_zero_point"
      ],
      "output": [
        "/layer1/layer1.0/downsample/downsample.0/Conv_output_0_QuantizeLinear_Output"
      ]
    },
    {
      "device": "CPU",
      "opType": "DequantizeLinear",
      "input": [
        "/layer1/layer1.0/downsample/downsample.0/Conv_output_0_QuantizeLinear_Output",
        "onnx::Conv_519_scale",
        "/layer1/layer1.0/downsample/downsample.0/Conv_output_0_zero_point"
      ],
      "output": [
        "/layer1/layer1.0/downsample/downsample.0/Conv_output_0_DequantizeLinear_Output"
      ]
    },
    {
      "device": "CPU",
      "opType": "DequantizeLinear",
      "input": [
        "/maxpool/MaxPool_output_0_QuantizeLinear_Output",
        "/layer1/layer1.2/act2/Relu_output_0_scale",
        "/act1/Relu_output_0_zero_point"
      ],
      "output": [
        "/maxpool/MaxPool_output_0_DequantizeLinear_Output"
      ]
    },
    {
      "device": "CPU",
      "opType": "DequantizeLinear",
      "input": [
        "onnx::Conv_501_quantized",
        "/layer3/layer3.5/conv3/Conv_output_0_scale",
        "onnx::Conv_501_zero_point"
      ],
      "output": [
        "onnx::Conv_501_DequantizeLinear_Output"
      ]
    },
    {
      "device": "CPU",
      "opType": "DequantizeLinear",
      "input": [
        "onnx::Conv_500_quantized",
        "onnx::Conv_509_scale",
        "onnx::Conv_500_zero_point"
      ],
      "output": [
        "onnx::Conv_500_DequantizeLinear_Output"
      ]
    },
    {
      "device": "CPU",
      "opType": "Conv",
      "input": [
        "/maxpool/MaxPool_output_0_DequantizeLinear_Output",
        "onnx::Conv_500_DequantizeLinear_Output",
        "onnx::Conv_501_DequantizeLinear_Output"
      ],
      "output": [
        "/layer1/layer1.0/conv1/Conv_output_0"
      ]
    },
    {
      "device": "CPU",
      "opType": "Relu",
      "input": [
        "/layer1/layer1.0/conv1/Conv_output_0"
      ],
      "output": [
        "/layer1/layer1.0/act1/Relu_output_0"
      ]
    },
    {
      "device": "CPU",
      "opType": "QuantizeLinear",
      "input": [
        "/layer1/layer1.0/act1/Relu_output_0",
        "/layer3/layer3.5/conv3/Conv_output_0_scale",
        "/layer1/layer1.0/act1/Relu_output_0_zero_point"
      ],
      "output": [
        "/layer1/layer1.0/act1/Relu_output_0_QuantizeLinear_Output"
      ]
    },
    {
      "device": "CPU",
      "opType": "DequantizeLinear",
      "input": [
        "/layer1/layer1.0/act1/Relu_output_0_QuantizeLinear_Output",
        "/layer3/layer3.5/conv3/Conv_output_0_scale",
        "/layer1/layer1.0/act1/Relu_output_0_zero_point"
      ],
      "output": [
        "/layer1/layer1.0/act1/Relu_output_0_DequantizeLinear_Output"
      ]
    },
    {
      "device": "CPU",
      "opType": "DequantizeLinear",
      "input": [
        "onnx::Conv_504_quantized",
        "/layer3/layer3.5/conv3/Conv_output_0_scale",
        "onnx::Conv_504_zero_point"
      ],
      "output": [
        "onnx::Conv_504_DequantizeLinear_Output"
      ]
    },
    {
      "device": "CPU",
      "opType": "DequantizeLinear",
      "input": [
        "onnx::Conv_503_quantized",
        "onnx::Conv_575_scale",
        "onnx::Conv_503_zero_point"
      ],
      "output": [
        "onnx::Conv_503_DequantizeLinear_Output"
      ]
    },
    {
      "device": "CPU",
      "opType": "Conv",
      "input": [
        "/layer1/layer1.0/act1/Relu_output_0_DequantizeLinear_Output",
        "onnx::Conv_503_DequantizeLinear_Output",
        "onnx::Conv_504_DequantizeLinear_Output"
      ],
      "output": [
        "/layer1/layer1.0/conv2/Conv_output_0"
      ]
    },
    {
      "device": "CPU",
      "opType": "Relu",
      "input": [
        "/layer1/layer1.0/conv2/Conv_output_0"
      ],
      "output": [
        "/layer1/layer1.0/act2/Relu_output_0"
      ]
    },
    {
      "device": "CPU",
      "opType": "QuantizeLinear",
      "input": [
        "/layer1/layer1.0/act2/Relu_output_0",
        "/layer1/layer1.2/act2/Relu_output_0_scale",
        "/layer1/layer1.0/act2/Relu_output_0_zero_point"
      ],
      "output": [
        "/layer1/layer1.0/act2/Relu_output_0_QuantizeLinear_Output"
      ]
    },
    {
      "device": "CPU",
      "opType": "DequantizeLinear",
      "input": [
        "/layer1/layer1.0/act2/Relu_output_0_QuantizeLinear_Output",
        "/layer1/layer1.2/act2/Relu_output_0_scale",
        "/layer1/layer1.0/act2/Relu_output_0_zero_point"
      ],
      "output": [
        "/layer1/layer1.0/act2/Relu_output_0_DequantizeLinear_Output"
      ]
    },
    {
      "device": "CPU",
      "opType": "DequantizeLinear",
      "input": [
        "onnx::Conv_507_quantized",
        "onnx::Conv_519_scale",
        "onnx::Conv_507_zero_point"
      ],
      "output": [
        "onnx::Conv_507_DequantizeLinear_Output"
      ]
    },
    {
      "device": "CPU",
      "opType": "DequantizeLinear",
      "input": [
        "onnx::Conv_506_quantized",
        "onnx::Conv_509_scale",
        "onnx::Conv_506_zero_point"
      ],
      "output": [
        "onnx::Conv_506_DequantizeLinear_Output"
      ]
    },
    {
      "device": "CPU",
      "opType": "Conv",
      "input": [
        "/layer1/layer1.0/act2/Relu_output_0_DequantizeLinear_Output",
        "onnx::Conv_506_DequantizeLinear_Output",
        "onnx::Conv_507_DequantizeLinear_Output"
      ],
      "output": [
        "/layer1/layer1.0/conv3/Conv_output_0"
      ]
    },
    {
      "device": "CPU",
      "opType": "QuantizeLinear",
      "input": [
        "/layer1/layer1.0/conv3/Conv_output_0",
        "onnx::Conv_519_scale",
        "/layer1/layer1.0/conv3/Conv_output_0_zero_point"
      ],
      "output": [
        "/layer1/layer1.0/conv3/Conv_output_0_QuantizeLinear_Output"
      ]
    },
    {
      "device": "CPU",
      "opType": "DequantizeLinear",
      "input": [
        "/layer1/layer1.0/conv3/Conv_output_0_QuantizeLinear_Output",
        "onnx::Conv_519_scale",
        "/layer1/layer1.0/conv3/Conv_output_0_zero_point"
      ],
      "output": [
        "/layer1/layer1.0/conv3/Conv_output_0_DequantizeLinear_Output"
      ]
    },
    {
      "device": "CPU",
      "opType": "Add",
      "input": [
        "/layer1/layer1.0/conv3/Conv_output_0_DequantizeLinear_Output",
        "/layer1/layer1.0/downsample/downsample.0/Conv_output_0_DequantizeLinear_Output"
      ],
      "output": [
        "/layer1/layer1.0/Add_output_0"
      ]
    },
    {
      "device": "CPU",
      "opType": "Relu",
      "input": [
        "/layer1/layer1.0/Add_output_0"
      ],
      "output": [
        "/layer1/layer1.0/act3/Relu_output_0"
      ]
    },
    {
      "device": "CPU",
      "opType": "QuantizeLinear",
      "input": [
        "/layer1/layer1.0/act3/Relu_output_0",
        "onnx::Conv_519_scale",
        "/layer1/layer1.0/act3/Relu_output_0_zero_point"
      ],
      "output": [
        "/layer1/layer1.0/act3/Relu_output_0_QuantizeLinear_Output"
      ]
    },
    {
      "device": "CPU",
      "opType": "DequantizeLinear",
      "input": [
        "/layer1/layer1.0/act3/Relu_output_0_QuantizeLinear_Output",
        "onnx::Conv_519_scale",
        "/layer1/layer1.0/act3/Relu_output_0_zero_point"
      ],
      "output": [
        "/layer1/layer1.0/act3/Relu_output_0_DequantizeLinear_Output/duplicated"
      ]
    },
    {
      "device": "CPU",
      "opType": "DequantizeLinear",
      "input": [
        "/layer1/layer1.0/act3/Relu_output_0_QuantizeLinear_Output",
        "onnx::Conv_519_scale",
        "/layer1/layer1.0/act3/Relu_output_0_zero_point"
      ],
      "output": [
        "/layer1/layer1.0/act3/Relu_output_0_DequantizeLinear_Output"
      ]
    },
    {
      "device": "CPU",
      "opType": "DequantizeLinear",
      "input": [
        "onnx::Conv_513_quantized",
        "onnx::Conv_519_scale",
        "onnx::Conv_513_zero_point"
      ],
      "output": [
        "onnx::Conv_513_DequantizeLinear_Output"
      ]
    },
    {
      "device": "CPU",
      "opType": "DequantizeLinear",
      "input": [
        "onnx::Conv_512_quantized",
        "onnx::Conv_575_scale",
        "onnx::Conv_512_zero_point"
      ],
      "output": [
        "onnx::Conv_512_DequantizeLinear_Output"
      ]
    },
    {
      "device": "CPU",
      "opType": "Conv",
      "input": [
        "/layer1/layer1.0/act3/Relu_output_0_DequantizeLinear_Output",
        "onnx::Conv_512_DequantizeLinear_Output",
        "onnx::Conv_513_DequantizeLinear_Output"
      ],
      "output": [
        "/layer1/layer1.1/conv1/Conv_output_0"
      ]
    },
    {
      "device": "CPU",
      "opType": "Relu",
      "input": [
        "/layer1/layer1.1/conv1/Conv_output_0"
      ],
      "output": [
        "/layer1/layer1.1/act1/Relu_output_0"
      ]
    },
    {
      "device": "CPU",
      "opType": "QuantizeLinear",
      "input": [
        "/layer1/layer1.1/act1/Relu_output_0",
        "/layer2/layer2.2/act1/Relu_output_0_scale",
        "/layer1/layer1.1/act1/Relu_output_0_zero_point"
      ],
      "output": [
        "/layer1/layer1.1/act1/Relu_output_0_QuantizeLinear_Output"
      ]
    },
    {
      "device": "CPU",
      "opType": "DequantizeLinear",
      "input": [
        "/layer1/layer1.1/act1/Relu_output_0_QuantizeLinear_Output",
        "/layer2/layer2.2/act1/Relu_output_0_scale",
        "/layer1/layer1.1/act1/Relu_output_0_zero_point"
      ],
      "output": [
        "/layer1/layer1.1/act1/Relu_output_0_DequantizeLinear_Output"
      ]
    },
    {
      "device": "CPU",
      "opType": "DequantizeLinear",
      "input": [
        "onnx::Conv_516_quantized",
        "/layer2/layer2.2/act1/Relu_output_0_scale",
        "onnx::Conv_516_zero_point"
      ],
      "output": [
        "onnx::Conv_516_DequantizeLinear_Output"
      ]
    },
    {
      "device": "CPU",
      "opType": "DequantizeLinear",
      "input": [
        "onnx::Conv_515_quantized",
        "onnx::Conv_509_scale",
        "onnx::Conv_515_zero_point"
      ],
      "output": [
        "onnx::Conv_515_DequantizeLinear_Output"
      ]
    },
    {
      "device": "CPU",
      "opType": "Conv",
      "input": [
        "/layer1/layer1.1/act1/Relu_output_0_DequantizeLinear_Output",
        "onnx::Conv_515_DequantizeLinear_Output",
        "onnx::Conv_516_DequantizeLinear_Output"
      ],
      "output": [
        "/layer1/layer1.1/conv2/Conv_output_0"
      ]
    },
    {
      "device": "CPU",
      "opType": "Relu",
      "input": [
        "/layer1/layer1.1/conv2/Conv_output_0"
      ],
      "output": [
        "/layer1/layer1.1/act2/Relu_output_0"
      ]
    },
    {
      "device": "CPU",
      "opType": "QuantizeLinear",
      "input": [
        "/layer1/layer1.1/act2/Relu_output_0",
        "onnx::Conv_519_scale",
        "/layer1/layer1.1/act2/Relu_output_0_zero_point"
      ],
      "output": [
        "/layer1/layer1.1/act2/Relu_output_0_QuantizeLinear_Output"
      ]
    },
    {
      "device": "CPU",
      "opType": "DequantizeLinear",
      "input": [
        "/layer1/layer1.1/act2/Relu_output_0_QuantizeLinear_Output",
        "onnx::Conv_519_scale",
        "/layer1/layer1.1/act2/Relu_output_0_zero_point"
      ],
      "output": [
        "/layer1/layer1.1/act2/Relu_output_0_DequantizeLinear_Output"
      ]
    },
    {
      "device": "CPU",
      "opType": "DequantizeLinear",
      "input": [
        "onnx::Conv_519_quantized",
        "onnx::Conv_519_scale",
        "onnx::Conv_519_zero_point"
      ],
      "output": [
        "onnx::Conv_519_DequantizeLinear_Output"
      ]
    },
    {
      "device": "CPU",
      "opType": "DequantizeLinear",
      "input": [
        "onnx::Conv_518_quantized",
        "onnx::Conv_518_scale",
        "onnx::Conv_518_zero_point"
      ],
      "output": [
        "onnx::Conv_518_DequantizeLinear_Output"
      ]
    },
    {
      "device": "CPU",
      "opType": "Conv",
      "input": [
        "/layer1/layer1.1/act2/Relu_output_0_DequantizeLinear_Output",
        "onnx::Conv_518_DequantizeLinear_Output",
        "onnx::Conv_519_DequantizeLinear_Output"
      ],
      "output": [
        "/layer1/layer1.1/conv3/Conv_output_0"
      ]
    },
    {
      "device": "CPU",
      "opType": "QuantizeLinear",
      "input": [
        "/layer1/layer1.1/conv3/Conv_output_0",
        "onnx::Conv_519_scale",
        "/layer1/layer1.1/conv3/Conv_output_0_zero_point"
      ],
      "output": [
        "/layer1/layer1.1/conv3/Conv_output_0_QuantizeLinear_Output"
      ]
    },
    {
      "device": "CPU",
      "opType": "DequantizeLinear",
      "input": [
        "/layer1/layer1.1/conv3/Conv_output_0_QuantizeLinear_Output",
        "onnx::Conv_519_scale",
        "/layer1/layer1.1/conv3/Conv_output_0_zero_point"
      ],
      "output": [
        "/layer1/layer1.1/conv3/Conv_output_0_DequantizeLinear_Output"
      ]
    },
    {
      "device": "CPU",
      "opType": "Add",
      "input": [
        "/layer1/layer1.1/conv3/Conv_output_0_DequantizeLinear_Output",
        "/layer1/layer1.0/act3/Relu_output_0_DequantizeLinear_Output/duplicated"
      ],
      "output": [
        "/layer1/layer1.1/Add_output_0"
      ]
    },
    {
      "device": "CPU",
      "opType": "Relu",
      "input": [
        "/layer1/layer1.1/Add_output_0"
      ],
      "output": [
        "/layer1/layer1.1/act3/Relu_output_0"
      ]
    },
    {
      "device": "CPU",
      "opType": "QuantizeLinear",
      "input": [
        "/layer1/layer1.1/act3/Relu_output_0",
        "onnx::Conv_519_scale",
        "/layer1/layer1.1/act3/Relu_output_0_zero_point"
      ],
      "output": [
        "/layer1/layer1.1/act3/Relu_output_0_QuantizeLinear_Output"
      ]
    },
    {
      "device": "CPU",
      "opType": "DequantizeLinear",
      "input": [
        "/layer1/layer1.1/act3/Relu_output_0_QuantizeLinear_Output",
        "onnx::Conv_519_scale",
        "/layer1/layer1.1/act3/Relu_output_0_zero_point"
      ],
      "output": [
        "/layer1/layer1.1/act3/Relu_output_0_DequantizeLinear_Output/duplicated"
      ]
    },
    {
      "device": "CPU",
      "opType": "DequantizeLinear",
      "input": [
        "/layer1/layer1.1/act3/Relu_output_0_QuantizeLinear_Output",
        "onnx::Conv_519_scale",
        "/layer1/layer1.1/act3/Relu_output_0_zero_point"
      ],
      "output": [
        "/layer1/layer1.1/act3/Relu_output_0_DequantizeLinear_Output"
      ]
    },
    {
      "device": "CPU",
      "opType": "DequantizeLinear",
      "input": [
        "onnx::Conv_522_quantized",
        "onnx::Conv_519_scale",
        "onnx::Conv_522_zero_point"
      ],
      "output": [
        "onnx::Conv_522_DequantizeLinear_Output"
      ]
    },
    {
      "device": "CPU",
      "opType": "DequantizeLinear",
      "input": [
        "onnx::Conv_521_quantized",
        "onnx::Conv_509_scale",
        "onnx::Conv_521_zero_point"
      ],
      "output": [
        "onnx::Conv_521_DequantizeLinear_Output"
      ]
    },
    {
      "device": "CPU",
      "opType": "Conv",
      "input": [
        "/layer1/layer1.1/act3/Relu_output_0_DequantizeLinear_Output",
        "onnx::Conv_521_DequantizeLinear_Output",
        "onnx::Conv_522_DequantizeLinear_Output"
      ],
      "output": [
        "/layer1/layer1.2/conv1/Conv_output_0"
      ]
    },
    {
      "device": "CPU",
      "opType": "Relu",
      "input": [
        "/layer1/layer1.2/conv1/Conv_output_0"
      ],
      "output": [
        "/layer1/layer1.2/act1/Relu_output_0"
      ]
    },
    {
      "device": "CPU",
      "opType": "QuantizeLinear",
      "input": [
        "/layer1/layer1.2/act1/Relu_output_0",
        "onnx::Conv_519_scale",
        "/layer1/layer1.2/act1/Relu_output_0_zero_point"
      ],
      "output": [
        "/layer1/layer1.2/act1/Relu_output_0_QuantizeLinear_Output"
      ]
    },
    {
      "device": "CPU",
      "opType": "DequantizeLinear",
      "input": [
        "/layer1/layer1.2/act1/Relu_output_0_QuantizeLinear_Output",
        "onnx::Conv_519_scale",
        "/layer1/layer1.2/act1/Relu_output_0_zero_point"
      ],
      "output": [
        "/layer1/layer1.2/act1/Relu_output_0_DequantizeLinear_Output"
      ]
    },
    {
      "device": "CPU",
      "opType": "DequantizeLinear",
      "input": [
        "onnx::Conv_525_quantized",
        "onnx::Conv_519_scale",
        "onnx::Conv_525_zero_point"
      ],
      "output": [
        "onnx::Conv_525_DequantizeLinear_Output"
      ]
    },
    {
      "device": "CPU",
      "opType": "DequantizeLinear",
      "input": [
        "onnx::Conv_524_quantized",
        "onnx::Conv_575_scale",
        "onnx::Conv_524_zero_point"
      ],
      "output": [
        "onnx::Conv_524_DequantizeLinear_Output"
      ]
    },
    {
      "device": "CPU",
      "opType": "Conv",
      "input": [
        "/layer1/layer1.2/act1/Relu_output_0_DequantizeLinear_Output",
        "onnx::Conv_524_DequantizeLinear_Output",
        "onnx::Conv_525_DequantizeLinear_Output"
      ],
      "output": [
        "/layer1/layer1.2/conv2/Conv_output_0"
      ]
    },
    {
      "device": "CPU",
      "opType": "Relu",
      "input": [
        "/layer1/layer1.2/conv2/Conv_output_0"
      ],
      "output": [
        "/layer1/layer1.2/act2/Relu_output_0"
      ]
    },
    {
      "device": "CPU",
      "opType": "QuantizeLinear",
      "input": [
        "/layer1/layer1.2/act2/Relu_output_0",
        "/layer1/layer1.2/act2/Relu_output_0_scale",
        "/layer1/layer1.2/act2/Relu_output_0_zero_point"
      ],
      "output": [
        "/layer1/layer1.2/act2/Relu_output_0_QuantizeLinear_Output"
      ]
    },
    {
      "device": "CPU",
      "opType": "DequantizeLinear",
      "input": [
        "/layer1/layer1.2/act2/Relu_output_0_QuantizeLinear_Output",
        "/layer1/layer1.2/act2/Relu_output_0_scale",
        "/layer1/layer1.2/act2/Relu_output_0_zero_point"
      ],
      "output": [
        "/layer1/layer1.2/act2/Relu_output_0_DequantizeLinear_Output"
      ]
    },
    {
      "device": "CPU",
      "opType": "DequantizeLinear",
      "input": [
        "onnx::Conv_528_quantized",
        "onnx::Conv_519_scale",
        "onnx::Conv_528_zero_point"
      ],
      "output": [
        "onnx::Conv_528_DequantizeLinear_Output"
      ]
    },
    {
      "device": "CPU",
      "opType": "DequantizeLinear",
      "input": [
        "onnx::Conv_527_quantized",
        "onnx::Conv_575_scale",
        "onnx::Conv_527_zero_point"
      ],
      "output": [
        "onnx::Conv_527_DequantizeLinear_Output"
      ]
    },
    {
      "device": "CPU",
      "opType": "Conv",
      "input": [
        "/layer1/layer1.2/act2/Relu_output_0_DequantizeLinear_Output",
        "onnx::Conv_527_DequantizeLinear_Output",
        "onnx::Conv_528_DequantizeLinear_Output"
      ],
      "output": [
        "/layer1/layer1.2/conv3/Conv_output_0"
      ]
    },
    {
      "device": "CPU",
      "opType": "QuantizeLinear",
      "input": [
        "/layer1/layer1.2/conv3/Conv_output_0",
        "/layer3/layer3.5/conv3/Conv_output_0_scale",
        "/layer1/layer1.2/conv3/Conv_output_0_zero_point"
      ],
      "output": [
        "/layer1/layer1.2/conv3/Conv_output_0_QuantizeLinear_Output"
      ]
    },
    {
      "device": "CPU",
      "opType": "DequantizeLinear",
      "input": [
        "/layer1/layer1.2/conv3/Conv_output_0_QuantizeLinear_Output",
        "/layer3/layer3.5/conv3/Conv_output_0_scale",
        "/layer1/layer1.2/conv3/Conv_output_0_zero_point"
      ],
      "output": [
        "/layer1/layer1.2/conv3/Conv_output_0_DequantizeLinear_Output"
      ]
    },
    {
      "device": "CPU",
      "opType": "Add",
      "input": [
        "/layer1/layer1.2/conv3/Conv_output_0_DequantizeLinear_Output",
        "/layer1/layer1.1/act3/Relu_output_0_DequantizeLinear_Output/duplicated"
      ],
      "output": [
        "/layer1/layer1.2/Add_output_0"
      ]
    },
    {
      "device": "CPU",
      "opType": "Relu",
      "input": [
        "/layer1/layer1.2/Add_output_0"
      ],
      "output": [
        "/layer1/layer1.2/act3/Relu_output_0"
      ]
    },
    {
      "device": "CPU",
      "opType": "QuantizeLinear",
      "input": [
        "/layer1/layer1.2/act3/Relu_output_0",
        "onnx::Conv_519_scale",
        "/layer1/layer1.2/act3/Relu_output_0_zero_point"
      ],
      "output": [
        "/layer1/layer1.2/act3/Relu_output_0_QuantizeLinear_Output"
      ]
    },
    {
      "device": "CPU",
      "opType": "DequantizeLinear",
      "input": [
        "/layer1/layer1.2/act3/Relu_output_0_QuantizeLinear_Output",
        "onnx::Conv_519_scale",
        "/layer1/layer1.2/act3/Relu_output_0_zero_point"
      ],
      "output": [
        "/layer1/layer1.2/act3/Relu_output_0_DequantizeLinear_Output/duplicated"
      ]
    },
    {
      "device": "CPU",
      "opType": "DequantizeLinear",
      "input": [
        "onnx::Conv_540_quantized",
        "onnx::Conv_519_scale",
        "onnx::Conv_540_zero_point"
      ],
      "output": [
        "onnx::Conv_540_DequantizeLinear_Output"
      ]
    },
    {
      "device": "CPU",
      "opType": "DequantizeLinear",
      "input": [
        "onnx::Conv_539_quantized",
        "onnx::Conv_518_scale",
        "onnx::Conv_539_zero_point"
      ],
      "output": [
        "onnx::Conv_539_DequantizeLinear_Output"
      ]
    },
    {
      "device": "CPU",
      "opType": "Conv",
      "input": [
        "/layer1/layer1.2/act3/Relu_output_0_DequantizeLinear_Output/duplicated",
        "onnx::Conv_539_DequantizeLinear_Output",
        "onnx::Conv_540_DequantizeLinear_Output"
      ],
      "output": [
        "/layer2/layer2.0/downsample/downsample.0/Conv_output_0"
      ]
    },
    {
      "device": "CPU",
      "opType": "QuantizeLinear",
      "input": [
        "/layer2/layer2.0/downsample/downsample.0/Conv_output_0",
        "/layer3/layer3.5/conv3/Conv_output_0_scale",
        "/layer2/layer2.0/downsample/downsample.0/Conv_output_0_zero_point"
      ],
      "output": [
        "/layer2/layer2.0/downsample/downsample.0/Conv_output_0_QuantizeLinear_Output"
      ]
    },
    {
      "device": "CPU",
      "opType": "DequantizeLinear",
      "input": [
        "/layer2/layer2.0/downsample/downsample.0/Conv_output_0_QuantizeLinear_Output",
        "/layer3/layer3.5/conv3/Conv_output_0_scale",
        "/layer2/layer2.0/downsample/downsample.0/Conv_output_0_zero_point"
      ],
      "output": [
        "/layer2/layer2.0/downsample/downsample.0/Conv_output_0_DequantizeLinear_Output"
      ]
    },
    {
      "device": "CPU",
      "opType": "DequantizeLinear",
      "input": [
        "/layer1/layer1.2/act3/Relu_output_0_QuantizeLinear_Output",
        "onnx::Conv_519_scale",
        "/layer1/layer1.2/act3/Relu_output_0_zero_point"
      ],
      "output": [
        "/layer1/layer1.2/act3/Relu_output_0_DequantizeLinear_Output"
      ]
    },
    {
      "device": "CPU",
      "opType": "DequantizeLinear",
      "input": [
        "onnx::Conv_531_quantized",
        "/layer2/layer2.2/act1/Relu_output_0_scale",
        "onnx::Conv_531_zero_point"
      ],
      "output": [
        "onnx::Conv_531_DequantizeLinear_Output"
      ]
    },
    {
      "device": "CPU",
      "opType": "DequantizeLinear",
      "input": [
        "onnx::Conv_530_quantized",
        "onnx::Conv_509_scale",
        "onnx::Conv_530_zero_point"
      ],
      "output": [
        "onnx::Conv_530_DequantizeLinear_Output"
      ]
    },
    {
      "device": "CPU",
      "opType": "Conv",
      "input": [
        "/layer1/layer1.2/act3/Relu_output_0_DequantizeLinear_Output",
        "onnx::Conv_530_DequantizeLinear_Output",
        "onnx::Conv_531_DequantizeLinear_Output"
      ],
      "output": [
        "/layer2/layer2.0/conv1/Conv_output_0"
      ]
    },
    {
      "device": "CPU",
      "opType": "Relu",
      "input": [
        "/layer2/layer2.0/conv1/Conv_output_0"
      ],
      "output": [
        "/layer2/layer2.0/act1/Relu_output_0"
      ]
    },
    {
      "device": "CPU",
      "opType": "QuantizeLinear",
      "input": [
        "/layer2/layer2.0/act1/Relu_output_0",
        "onnx::Conv_519_scale",
        "/layer2/layer2.0/act1/Relu_output_0_zero_point"
      ],
      "output": [
        "/layer2/layer2.0/act1/Relu_output_0_QuantizeLinear_Output"
      ]
    },
    {
      "device": "CPU",
      "opType": "DequantizeLinear",
      "input": [
        "/layer2/layer2.0/act1/Relu_output_0_QuantizeLinear_Output",
        "onnx::Conv_519_scale",
        "/layer2/layer2.0/act1/Relu_output_0_zero_point"
      ],
      "output": [
        "/layer2/layer2.0/act1/Relu_output_0_DequantizeLinear_Output"
      ]
    },
    {
      "device": "CPU",
      "opType": "DequantizeLinear",
      "input": [
        "onnx::Conv_534_quantized",
        "onnx::Conv_519_scale",
        "onnx::Conv_534_zero_point"
      ],
      "output": [
        "onnx::Conv_534_DequantizeLinear_Output"
      ]
    },
    {
      "device": "CPU",
      "opType": "DequantizeLinear",
      "input": [
        "onnx::Conv_533_quantized",
        "onnx::Conv_581_scale",
        "onnx::Conv_533_zero_point"
      ],
      "output": [
        "onnx::Conv_533_DequantizeLinear_Output"
      ]
    },
    {
      "device": "CPU",
      "opType": "Conv",
      "input": [
        "/layer2/layer2.0/act1/Relu_output_0_DequantizeLinear_Output",
        "onnx::Conv_533_DequantizeLinear_Output",
        "onnx::Conv_534_DequantizeLinear_Output"
      ],
      "output": [
        "/layer2/layer2.0/conv2/Conv_output_0"
      ]
    },
    {
      "device": "CPU",
      "opType": "Relu",
      "input": [
        "/layer2/layer2.0/conv2/Conv_output_0"
      ],
      "output": [
        "/layer2/layer2.0/act2/Relu_output_0"
      ]
    },
    {
      "device": "CPU",
      "opType": "QuantizeLinear",
      "input": [
        "/layer2/layer2.0/act2/Relu_output_0",
        "onnx::Conv_519_scale",
        "/layer2/layer2.0/act2/Relu_output_0_zero_point"
      ],
      "output": [
        "/layer2/layer2.0/act2/Relu_output_0_QuantizeLinear_Output"
      ]
    },
    {
      "device": "CPU",
      "opType": "DequantizeLinear",
      "input": [
        "/layer2/layer2.0/act2/Relu_output_0_QuantizeLinear_Output",
        "onnx::Conv_519_scale",
        "/layer2/layer2.0/act2/Relu_output_0_zero_point"
      ],
      "output": [
        "/layer2/layer2.0/act2/Relu_output_0_DequantizeLinear_Output"
      ]
    },
    {
      "device": "CPU",
      "opType": "DequantizeLinear",
      "input": [
        "onnx::Conv_537_quantized",
        "/layer3/layer3.5/conv3/Conv_output_0_scale",
        "onnx::Conv_537_zero_point"
      ],
      "output": [
        "onnx::Conv_537_DequantizeLinear_Output"
      ]
    },
    {
      "device": "CPU",
      "opType": "DequantizeLinear",
      "input": [
        "onnx::Conv_536_quantized",
        "onnx::Conv_509_scale",
        "onnx::Conv_536_zero_point"
      ],
      "output": [
        "onnx::Conv_536_DequantizeLinear_Output"
      ]
    },
    {
      "device": "CPU",
      "opType": "Conv",
      "input": [
        "/layer2/layer2.0/act2/Relu_output_0_DequantizeLinear_Output",
        "onnx::Conv_536_DequantizeLinear_Output",
        "onnx::Conv_537_DequantizeLinear_Output"
      ],
      "output": [
        "/layer2/layer2.0/conv3/Conv_output_0"
      ]
    },
    {
      "device": "CPU",
      "opType": "QuantizeLinear",
      "input": [
        "/layer2/layer2.0/conv3/Conv_output_0",
        "/layer3/layer3.5/conv3/Conv_output_0_scale",
        "/layer2/layer2.0/conv3/Conv_output_0_zero_point"
      ],
      "output": [
        "/layer2/layer2.0/conv3/Conv_output_0_QuantizeLinear_Output"
      ]
    },
    {
      "device": "CPU",
      "opType": "DequantizeLinear",
      "input": [
        "/layer2/layer2.0/conv3/Conv_output_0_QuantizeLinear_Output",
        "/layer3/layer3.5/conv3/Conv_output_0_scale",
        "/layer2/layer2.0/conv3/Conv_output_0_zero_point"
      ],
      "output": [
        "/layer2/layer2.0/conv3/Conv_output_0_DequantizeLinear_Output"
      ]
    },
    {
      "device": "CPU",
      "opType": "Add",
      "input": [
        "/layer2/layer2.0/conv3/Conv_output_0_DequantizeLinear_Output",
        "/layer2/layer2.0/downsample/downsample.0/Conv_output_0_DequantizeLinear_Output"
      ],
      "output": [
        "/layer2/layer2.0/Add_output_0"
      ]
    },
    {
      "device": "CPU",
      "opType": "Relu",
      "input": [
        "/layer2/layer2.0/Add_output_0"
      ],
      "output": [
        "/layer2/layer2.0/act3/Relu_output_0"
      ]
    },
    {
      "device": "CPU",
      "opType": "QuantizeLinear",
      "input": [
        "/layer2/layer2.0/act3/Relu_output_0",
        "/layer3/layer3.5/conv3/Conv_output_0_scale",
        "/layer2/layer2.0/act3/Relu_output_0_zero_point"
      ],
      "output": [
        "/layer2/layer2.0/act3/Relu_output_0_QuantizeLinear_Output"
      ]
    },
    {
      "device": "CPU",
      "opType": "DequantizeLinear",
      "input": [
        "/layer2/layer2.0/act3/Relu_output_0_QuantizeLinear_Output",
        "/layer3/layer3.5/conv3/Conv_output_0_scale",
        "/layer2/layer2.0/act3/Relu_output_0_zero_point"
      ],
      "output": [
        "/layer2/layer2.0/act3/Relu_output_0_DequantizeLinear_Output/duplicated"
      ]
    },
    {
      "device": "CPU",
      "opType": "DequantizeLinear",
      "input": [
        "/layer2/layer2.0/act3/Relu_output_0_QuantizeLinear_Output",
        "/layer3/layer3.5/conv3/Conv_output_0_scale",
        "/layer2/layer2.0/act3/Relu_output_0_zero_point"
      ],
      "output": [
        "/layer2/layer2.0/act3/Relu_output_0_DequantizeLinear_Output"
      ]
    },
    {
      "device": "CPU",
      "opType": "DequantizeLinear",
      "input": [
        "onnx::Conv_543_quantized",
        "/layer2/layer2.2/act1/Relu_output_0_scale",
        "onnx::Conv_543_zero_point"
      ],
      "output": [
        "onnx::Conv_543_DequantizeLinear_Output"
      ]
    },
    {
      "device": "CPU",
      "opType": "DequantizeLinear",
      "input": [
        "onnx::Conv_542_quantized",
        "onnx::Conv_581_scale",
        "onnx::Conv_542_zero_point"
      ],
      "output": [
        "onnx::Conv_542_DequantizeLinear_Output"
      ]
    },
    {
      "device": "CPU",
      "opType": "Conv",
      "input": [
        "/layer2/layer2.0/act3/Relu_output_0_DequantizeLinear_Output",
        "onnx::Conv_542_DequantizeLinear_Output",
        "onnx::Conv_543_DequantizeLinear_Output"
      ],
      "output": [
        "/layer2/layer2.1/conv1/Conv_output_0"
      ]
    },
    {
      "device": "CPU",
      "opType": "Relu",
      "input": [
        "/layer2/layer2.1/conv1/Conv_output_0"
      ],
      "output": [
        "/layer2/layer2.1/act1/Relu_output_0"
      ]
    },
    {
      "device": "CPU",
      "opType": "QuantizeLinear",
      "input": [
        "/layer2/layer2.1/act1/Relu_output_0",
        "onnx::Conv_519_scale",
        "/layer2/layer2.1/act1/Relu_output_0_zero_point"
      ],
      "output": [
        "/layer2/layer2.1/act1/Relu_output_0_QuantizeLinear_Output"
      ]
    },
    {
      "device": "CPU",
      "opType": "DequantizeLinear",
      "input": [
        "/layer2/layer2.1/act1/Relu_output_0_QuantizeLinear_Output",
        "onnx::Conv_519_scale",
        "/layer2/layer2.1/act1/Relu_output_0_zero_point"
      ],
      "output": [
        "/layer2/layer2.1/act1/Relu_output_0_DequantizeLinear_Output"
      ]
    },
    {
      "device": "CPU",
      "opType": "DequantizeLinear",
      "input": [
        "onnx::Conv_546_quantized",
        "/layer2/layer2.2/act1/Relu_output_0_scale",
        "onnx::Conv_546_zero_point"
      ],
      "output": [
        "onnx::Conv_546_DequantizeLinear_Output"
      ]
    },
    {
      "device": "CPU",
      "opType": "DequantizeLinear",
      "input": [
        "onnx::Conv_545_quantized",
        "onnx::Conv_575_scale",
        "onnx::Conv_545_zero_point"
      ],
      "output": [
        "onnx::Conv_545_DequantizeLinear_Output"
      ]
    },
    {
      "device": "CPU",
      "opType": "Conv",
      "input": [
        "/layer2/layer2.1/act1/Relu_output_0_DequantizeLinear_Output",
        "onnx::Conv_545_DequantizeLinear_Output",
        "onnx::Conv_546_DequantizeLinear_Output"
      ],
      "output": [
        "/layer2/layer2.1/conv2/Conv_output_0"
      ]
    },
    {
      "device": "CPU",
      "opType": "Relu",
      "input": [
        "/layer2/layer2.1/conv2/Conv_output_0"
      ],
      "output": [
        "/layer2/layer2.1/act2/Relu_output_0"
      ]
    },
    {
      "device": "CPU",
      "opType": "QuantizeLinear",
      "input": [
        "/layer2/layer2.1/act2/Relu_output_0",
        "/layer2/layer2.2/act1/Relu_output_0_scale",
        "/layer2/layer2.1/act2/Relu_output_0_zero_point"
      ],
      "output": [
        "/layer2/layer2.1/act2/Relu_output_0_QuantizeLinear_Output"
      ]
    },
    {
      "device": "CPU",
      "opType": "DequantizeLinear",
      "input": [
        "/layer2/layer2.1/act2/Relu_output_0_QuantizeLinear_Output",
        "/layer2/layer2.2/act1/Relu_output_0_scale",
        "/layer2/layer2.1/act2/Relu_output_0_zero_point"
      ],
      "output": [
        "/layer2/layer2.1/act2/Relu_output_0_DequantizeLinear_Output"
      ]
    },
    {
      "device": "CPU",
      "opType": "DequantizeLinear",
      "input": [
        "onnx::Conv_549_quantized",
        "onnx::Conv_519_scale",
        "onnx::Conv_549_zero_point"
      ],
      "output": [
        "onnx::Conv_549_DequantizeLinear_Output"
      ]
    },
    {
      "device": "CPU",
      "opType": "DequantizeLinear",
      "input": [
        "onnx::Conv_548_quantized",
        "onnx::Conv_518_scale",
        "onnx::Conv_548_zero_point"
      ],
      "output": [
        "onnx::Conv_548_DequantizeLinear_Output"
      ]
    },
    {
      "device": "CPU",
      "opType": "Conv",
      "input": [
        "/layer2/layer2.1/act2/Relu_output_0_DequantizeLinear_Output",
        "onnx::Conv_548_DequantizeLinear_Output",
        "onnx::Conv_549_DequantizeLinear_Output"
      ],
      "output": [
        "/layer2/layer2.1/conv3/Conv_output_0"
      ]
    },
    {
      "device": "CPU",
      "opType": "QuantizeLinear",
      "input": [
        "/layer2/layer2.1/conv3/Conv_output_0",
        "/layer3/layer3.5/conv3/Conv_output_0_scale",
        "/layer2/layer2.1/conv3/Conv_output_0_zero_point"
      ],
      "output": [
        "/layer2/layer2.1/conv3/Conv_output_0_QuantizeLinear_Output"
      ]
    },
    {
      "device": "CPU",
      "opType": "DequantizeLinear",
      "input": [
        "/layer2/layer2.1/conv3/Conv_output_0_QuantizeLinear_Output",
        "/layer3/layer3.5/conv3/Conv_output_0_scale",
        "/layer2/layer2.1/conv3/Conv_output_0_zero_point"
      ],
      "output": [
        "/layer2/layer2.1/conv3/Conv_output_0_DequantizeLinear_Output"
      ]
    },
    {
      "device": "CPU",
      "opType": "Add",
      "input": [
        "/layer2/layer2.1/conv3/Conv_output_0_DequantizeLinear_Output",
        "/layer2/layer2.0/act3/Relu_output_0_DequantizeLinear_Output/duplicated"
      ],
      "output": [
        "/layer2/layer2.1/Add_output_0"
      ]
    },
    {
      "device": "CPU",
      "opType": "Relu",
      "input": [
        "/layer2/layer2.1/Add_output_0"
      ],
      "output": [
        "/layer2/layer2.1/act3/Relu_output_0"
      ]
    },
    {
      "device": "CPU",
      "opType": "QuantizeLinear",
      "input": [
        "/layer2/layer2.1/act3/Relu_output_0",
        "/layer3/layer3.5/conv3/Conv_output_0_scale",
        "/layer2/layer2.1/act3/Relu_output_0_zero_point"
      ],
      "output": [
        "/layer2/layer2.1/act3/Relu_output_0_QuantizeLinear_Output"
      ]
    },
    {
      "device": "CPU",
      "opType": "DequantizeLinear",
      "input": [
        "/layer2/layer2.1/act3/Relu_output_0_QuantizeLinear_Output",
        "/layer3/layer3.5/conv3/Conv_output_0_scale",
        "/layer2/layer2.1/act3/Relu_output_0_zero_point"
      ],
      "output": [
        "/layer2/layer2.1/act3/Relu_output_0_DequantizeLinear_Output/duplicated"
      ]
    },
    {
      "device": "CPU",
      "opType": "DequantizeLinear",
      "input": [
        "/layer2/layer2.1/act3/Relu_output_0_QuantizeLinear_Output",
        "/layer3/layer3.5/conv3/Conv_output_0_scale",
        "/layer2/layer2.1/act3/Relu_output_0_zero_point"
      ],
      "output": [
        "/layer2/layer2.1/act3/Relu_output_0_DequantizeLinear_Output"
      ]
    },
    {
      "device": "CPU",
      "opType": "DequantizeLinear",
      "input": [
        "onnx::Conv_552_quantized",
        "/layer2/layer2.2/act1/Relu_output_0_scale",
        "onnx::Conv_552_zero_point"
      ],
      "output": [
        "onnx::Conv_552_DequantizeLinear_Output"
      ]
    },
    {
      "device": "CPU",
      "opType": "DequantizeLinear",
      "input": [
        "onnx::Conv_551_quantized",
        "onnx::Conv_581_scale",
        "onnx::Conv_551_zero_point"
      ],
      "output": [
        "onnx::Conv_551_DequantizeLinear_Output"
      ]
    },
    {
      "device": "CPU",
      "opType": "Conv",
      "input": [
        "/layer2/layer2.1/act3/Relu_output_0_DequantizeLinear_Output",
        "onnx::Conv_551_DequantizeLinear_Output",
        "onnx::Conv_552_DequantizeLinear_Output"
      ],
      "output": [
        "/layer2/layer2.2/conv1/Conv_output_0"
      ]
    },
    {
      "device": "CPU",
      "opType": "Relu",
      "input": [
        "/layer2/layer2.2/conv1/Conv_output_0"
      ],
      "output": [
        "/layer2/layer2.2/act1/Relu_output_0"
      ]
    },
    {
      "device": "CPU",
      "opType": "QuantizeLinear",
      "input": [
        "/layer2/layer2.2/act1/Relu_output_0",
        "/layer2/layer2.2/act1/Relu_output_0_scale",
        "/layer2/layer2.2/act1/Relu_output_0_zero_point"
      ],
      "output": [
        "/layer2/layer2.2/act1/Relu_output_0_QuantizeLinear_Output"
      ]
    },
    {
      "device": "CPU",
      "opType": "DequantizeLinear",
      "input": [
        "/layer2/layer2.2/act1/Relu_output_0_QuantizeLinear_Output",
        "/layer2/layer2.2/act1/Relu_output_0_scale",
        "/layer2/layer2.2/act1/Relu_output_0_zero_point"
      ],
      "output": [
        "/layer2/layer2.2/act1/Relu_output_0_DequantizeLinear_Output"
      ]
    },
    {
      "device": "CPU",
      "opType": "DequantizeLinear",
      "input": [
        "onnx::Conv_555_quantized",
        "onnx::Conv_519_scale",
        "onnx::Conv_555_zero_point"
      ],
      "output": [
        "onnx::Conv_555_DequantizeLinear_Output"
      ]
    },
    {
      "device": "CPU",
      "opType": "DequantizeLinear",
      "input": [
        "onnx::Conv_554_quantized",
        "onnx::Conv_581_scale",
        "onnx::Conv_554_zero_point"
      ],
      "output": [
        "onnx::Conv_554_DequantizeLinear_Output"
      ]
    },
    {
      "device": "CPU",
      "opType": "Conv",
      "input": [
        "/layer2/layer2.2/act1/Relu_output_0_DequantizeLinear_Output",
        "onnx::Conv_554_DequantizeLinear_Output",
        "onnx::Conv_555_DequantizeLinear_Output"
      ],
      "output": [
        "/layer2/layer2.2/conv2/Conv_output_0"
      ]
    },
    {
      "device": "CPU",
      "opType": "Relu",
      "input": [
        "/layer2/layer2.2/conv2/Conv_output_0"
      ],
      "output": [
        "/layer2/layer2.2/act2/Relu_output_0"
      ]
    },
    {
      "device": "CPU",
      "opType": "QuantizeLinear",
      "input": [
        "/layer2/layer2.2/act2/Relu_output_0",
        "onnx::Conv_519_scale",
        "/layer2/layer2.2/act2/Relu_output_0_zero_point"
      ],
      "output": [
        "/layer2/layer2.2/act2/Relu_output_0_QuantizeLinear_Output"
      ]
    },
    {
      "device": "CPU",
      "opType": "DequantizeLinear",
      "input": [
        "/layer2/layer2.2/act2/Relu_output_0_QuantizeLinear_Output",
        "onnx::Conv_519_scale",
        "/layer2/layer2.2/act2/Relu_output_0_zero_point"
      ],
      "output": [
        "/layer2/layer2.2/act2/Relu_output_0_DequantizeLinear_Output"
      ]
    },
    {
      "device": "CPU",
      "opType": "DequantizeLinear",
      "input": [
        "onnx::Conv_558_quantized",
        "onnx::Conv_519_scale",
        "onnx::Conv_558_zero_point"
      ],
      "output": [
        "onnx::Conv_558_DequantizeLinear_Output"
      ]
    },
    {
      "device": "CPU",
      "opType": "DequantizeLinear",
      "input": [
        "onnx::Conv_557_quantized",
        "onnx::Conv_518_scale",
        "onnx::Conv_557_zero_point"
      ],
      "output": [
        "onnx::Conv_557_DequantizeLinear_Output"
      ]
    },
    {
      "device": "CPU",
      "opType": "Conv",
      "input": [
        "/layer2/layer2.2/act2/Relu_output_0_DequantizeLinear_Output",
        "onnx::Conv_557_DequantizeLinear_Output",
        "onnx::Conv_558_DequantizeLinear_Output"
      ],
      "output": [
        "/layer2/layer2.2/conv3/Conv_output_0"
      ]
    },
    {
      "device": "CPU",
      "opType": "QuantizeLinear",
      "input": [
        "/layer2/layer2.2/conv3/Conv_output_0",
        "/layer3/layer3.5/conv3/Conv_output_0_scale",
        "/layer2/layer2.2/conv3/Conv_output_0_zero_point"
      ],
      "output": [
        "/layer2/layer2.2/conv3/Conv_output_0_QuantizeLinear_Output"
      ]
    },
    {
      "device": "CPU",
      "opType": "DequantizeLinear",
      "input": [
        "/layer2/layer2.2/conv3/Conv_output_0_QuantizeLinear_Output",
        "/layer3/layer3.5/conv3/Conv_output_0_scale",
        "/layer2/layer2.2/conv3/Conv_output_0_zero_point"
      ],
      "output": [
        "/layer2/layer2.2/conv3/Conv_output_0_DequantizeLinear_Output"
      ]
    },
    {
      "device": "CPU",
      "opType": "Add",
      "input": [
        "/layer2/layer2.2/conv3/Conv_output_0_DequantizeLinear_Output",
        "/layer2/layer2.1/act3/Relu_output_0_DequantizeLinear_Output/duplicated"
      ],
      "output": [
        "/layer2/layer2.2/Add_output_0"
      ]
    },
    {
      "device": "CPU",
      "opType": "Relu",
      "input": [
        "/layer2/layer2.2/Add_output_0"
      ],
      "output": [
        "/layer2/layer2.2/act3/Relu_output_0"
      ]
    },
    {
      "device": "CPU",
      "opType": "QuantizeLinear",
      "input": [
        "/layer2/layer2.2/act3/Relu_output_0",
        "/layer3/layer3.5/conv3/Conv_output_0_scale",
        "/layer2/layer2.2/act3/Relu_output_0_zero_point"
      ],
      "output": [
        "/layer2/layer2.2/act3/Relu_output_0_QuantizeLinear_Output"
      ]
    },
    {
      "device": "CPU",
      "opType": "DequantizeLinear",
      "input": [
        "/layer2/layer2.2/act3/Relu_output_0_QuantizeLinear_Output",
        "/layer3/layer3.5/conv3/Conv_output_0_scale",
        "/layer2/layer2.2/act3/Relu_output_0_zero_point"
      ],
      "output": [
        "/layer2/layer2.2/act3/Relu_output_0_DequantizeLinear_Output/duplicated"
      ]
    },
    {
      "device": "CPU",
      "opType": "DequantizeLinear",
      "input": [
        "/layer2/layer2.2/act3/Relu_output_0_QuantizeLinear_Output",
        "/layer3/layer3.5/conv3/Conv_output_0_scale",
        "/layer2/layer2.2/act3/Relu_output_0_zero_point"
      ],
      "output": [
        "/layer2/layer2.2/act3/Relu_output_0_DequantizeLinear_Output"
      ]
    },
    {
      "device": "CPU",
      "opType": "DequantizeLinear",
      "input": [
        "onnx::Conv_561_quantized",
        "onnx::Conv_518_scale",
        "onnx::Conv_561_zero_point"
      ],
      "output": [
        "onnx::Conv_561_DequantizeLinear_Output"
      ]
    },
    {
      "device": "CPU",
      "opType": "DequantizeLinear",
      "input": [
        "onnx::Conv_560_quantized",
        "onnx::Conv_581_scale",
        "onnx::Conv_560_zero_point"
      ],
      "output": [
        "onnx::Conv_560_DequantizeLinear_Output"
      ]
    },
    {
      "device": "CPU",
      "opType": "Conv",
      "input": [
        "/layer2/layer2.2/act3/Relu_output_0_DequantizeLinear_Output",
        "onnx::Conv_560_DequantizeLinear_Output",
        "onnx::Conv_561_DequantizeLinear_Output"
      ],
      "output": [
        "/layer2/layer2.3/conv1/Conv_output_0"
      ]
    },
    {
      "device": "CPU",
      "opType": "Relu",
      "input": [
        "/layer2/layer2.3/conv1/Conv_output_0"
      ],
      "output": [
        "/layer2/layer2.3/act1/Relu_output_0"
      ]
    },
    {
      "device": "CPU",
      "opType": "QuantizeLinear",
      "input": [
        "/layer2/layer2.3/act1/Relu_output_0",
        "onnx::Conv_519_scale",
        "/layer2/layer2.3/act1/Relu_output_0_zero_point"
      ],
      "output": [
        "/layer2/layer2.3/act1/Relu_output_0_QuantizeLinear_Output"
      ]
    },
    {
      "device": "CPU",
      "opType": "DequantizeLinear",
      "input": [
        "/layer2/layer2.3/act1/Relu_output_0_QuantizeLinear_Output",
        "onnx::Conv_519_scale",
        "/layer2/layer2.3/act1/Relu_output_0_zero_point"
      ],
      "output": [
        "/layer2/layer2.3/act1/Relu_output_0_DequantizeLinear_Output"
      ]
    },
    {
      "device": "CPU",
      "opType": "DequantizeLinear",
      "input": [
        "onnx::Conv_564_quantized",
        "/layer2/layer2.2/act1/Relu_output_0_scale",
        "onnx::Conv_564_zero_point"
      ],
      "output": [
        "onnx::Conv_564_DequantizeLinear_Output"
      ]
    },
    {
      "device": "CPU",
      "opType": "DequantizeLinear",
      "input": [
        "onnx::Conv_563_quantized",
        "onnx::Conv_575_scale",
        "onnx::Conv_563_zero_point"
      ],
      "output": [
        "onnx::Conv_563_DequantizeLinear_Output"
      ]
    },
    {
      "device": "CPU",
      "opType": "Conv",
      "input": [
        "/layer2/layer2.3/act1/Relu_output_0_DequantizeLinear_Output",
        "onnx::Conv_563_DequantizeLinear_Output",
        "onnx::Conv_564_DequantizeLinear_Output"
      ],
      "output": [
        "/layer2/layer2.3/conv2/Conv_output_0"
      ]
    },
    {
      "device": "CPU",
      "opType": "Relu",
      "input": [
        "/layer2/layer2.3/conv2/Conv_output_0"
      ],
      "output": [
        "/layer2/layer2.3/act2/Relu_output_0"
      ]
    },
    {
      "device": "CPU",
      "opType": "QuantizeLinear",
      "input": [
        "/layer2/layer2.3/act2/Relu_output_0",
        "onnx::Conv_519_scale",
        "/layer2/layer2.3/act2/Relu_output_0_zero_point"
      ],
      "output": [
        "/layer2/layer2.3/act2/Relu_output_0_QuantizeLinear_Output"
      ]
    },
    {
      "device": "CPU",
      "opType": "DequantizeLinear",
      "input": [
        "/layer2/layer2.3/act2/Relu_output_0_QuantizeLinear_Output",
        "onnx::Conv_519_scale",
        "/layer2/layer2.3/act2/Relu_output_0_zero_point"
      ],
      "output": [
        "/layer2/layer2.3/act2/Relu_output_0_DequantizeLinear_Output"
      ]
    },
    {
      "device": "CPU",
      "opType": "DequantizeLinear",
      "input": [
        "onnx::Conv_567_quantized",
        "onnx::Conv_519_scale",
        "onnx::Conv_567_zero_point"
      ],
      "output": [
        "onnx::Conv_567_DequantizeLinear_Output"
      ]
    },
    {
      "device": "CPU",
      "opType": "DequantizeLinear",
      "input": [
        "onnx::Conv_566_quantized",
        "onnx::Conv_518_scale",
        "onnx::Conv_566_zero_point"
      ],
      "output": [
        "onnx::Conv_566_DequantizeLinear_Output"
      ]
    },
    {
      "device": "CPU",
      "opType": "Conv",
      "input": [
        "/layer2/layer2.3/act2/Relu_output_0_DequantizeLinear_Output",
        "onnx::Conv_566_DequantizeLinear_Output",
        "onnx::Conv_567_DequantizeLinear_Output"
      ],
      "output": [
        "/layer2/layer2.3/conv3/Conv_output_0"
      ]
    },
    {
      "device": "CPU",
      "opType": "QuantizeLinear",
      "input": [
        "/layer2/layer2.3/conv3/Conv_output_0",
        "/layer3/layer3.5/conv3/Conv_output_0_scale",
        "/layer2/layer2.3/conv3/Conv_output_0_zero_point"
      ],
      "output": [
        "/layer2/layer2.3/conv3/Conv_output_0_QuantizeLinear_Output"
      ]
    },
    {
      "device": "CPU",
      "opType": "DequantizeLinear",
      "input": [
        "/layer2/layer2.3/conv3/Conv_output_0_QuantizeLinear_Output",
        "/layer3/layer3.5/conv3/Conv_output_0_scale",
        "/layer2/layer2.3/conv3/Conv_output_0_zero_point"
      ],
      "output": [
        "/layer2/layer2.3/conv3/Conv_output_0_DequantizeLinear_Output"
      ]
    },
    {
      "device": "CPU",
      "opType": "Add",
      "input": [
        "/layer2/layer2.3/conv3/Conv_output_0_DequantizeLinear_Output",
        "/layer2/layer2.2/act3/Relu_output_0_DequantizeLinear_Output/duplicated"
      ],
      "output": [
        "/layer2/layer2.3/Add_output_0"
      ]
    },
    {
      "device": "CPU",
      "opType": "Relu",
      "input": [
        "/layer2/layer2.3/Add_output_0"
      ],
      "output": [
        "/layer2/layer2.3/act3/Relu_output_0"
      ]
    },
    {
      "device": "CPU",
      "opType": "QuantizeLinear",
      "input": [
        "/layer2/layer2.3/act3/Relu_output_0",
        "/layer3/layer3.5/conv3/Conv_output_0_scale",
        "/layer2/layer2.3/act3/Relu_output_0_zero_point"
      ],
      "output": [
        "/layer2/layer2.3/act3/Relu_output_0_QuantizeLinear_Output"
      ]
    },
    {
      "device": "CPU",
      "opType": "DequantizeLinear",
      "input": [
        "/layer2/layer2.3/act3/Relu_output_0_QuantizeLinear_Output",
        "/layer3/layer3.5/conv3/Conv_output_0_scale",
        "/layer2/layer2.3/act3/Relu_output_0_zero_point"
      ],
      "output": [
        "/layer2/layer2.3/act3/Relu_output_0_DequantizeLinear_Output/duplicated"
      ]
    },
    {
      "device": "CPU",
      "opType": "DequantizeLinear",
      "input": [
        "onnx::Conv_579_quantized",
        "/layer3/layer3.5/conv3/Conv_output_0_scale",
        "onnx::Conv_579_zero_point"
      ],
      "output": [
        "onnx::Conv_579_DequantizeLinear_Output"
      ]
    },
    {
      "device": "CPU",
      "opType": "DequantizeLinear",
      "input": [
        "onnx::Conv_578_quantized",
        "onnx::Conv_575_scale",
        "onnx::Conv_578_zero_point"
      ],
      "output": [
        "onnx::Conv_578_DequantizeLinear_Output"
      ]
    },
    {
      "device": "CPU",
      "opType": "Conv",
      "input": [
        "/layer2/layer2.3/act3/Relu_output_0_DequantizeLinear_Output/duplicated",
        "onnx::Conv_578_DequantizeLinear_Output",
        "onnx::Conv_579_DequantizeLinear_Output"
      ],
      "output": [
        "/layer3/layer3.0/downsample/downsample.0/Conv_output_0"
      ]
    },
    {
      "device": "CPU",
      "opType": "QuantizeLinear",
      "input": [
        "/layer3/layer3.0/downsample/downsample.0/Conv_output_0",
        "onnx::Conv_519_scale",
        "/layer3/layer3.0/downsample/downsample.0/Conv_output_0_zero_point"
      ],
      "output": [
        "/layer3/layer3.0/downsample/downsample.0/Conv_output_0_QuantizeLinear_Output"
      ]
    },
    {
      "device": "CPU",
      "opType": "DequantizeLinear",
      "input": [
        "/layer3/layer3.0/downsample/downsample.0/Conv_output_0_QuantizeLinear_Output",
        "onnx::Conv_519_scale",
        "/layer3/layer3.0/downsample/downsample.0/Conv_output_0_zero_point"
      ],
      "output": [
        "/layer3/layer3.0/downsample/downsample.0/Conv_output_0_DequantizeLinear_Output"
      ]
    },
    {
      "device": "CPU",
      "opType": "DequantizeLinear",
      "input": [
        "/layer2/layer2.3/act3/Relu_output_0_QuantizeLinear_Output",
        "/layer3/layer3.5/conv3/Conv_output_0_scale",
        "/layer2/layer2.3/act3/Relu_output_0_zero_point"
      ],
      "output": [
        "/layer2/layer2.3/act3/Relu_output_0_DequantizeLinear_Output"
      ]
    },
    {
      "device": "CPU",
      "opType": "DequantizeLinear",
      "input": [
        "onnx::Conv_570_quantized",
        "/layer2/layer2.2/act1/Relu_output_0_scale",
        "onnx::Conv_570_zero_point"
      ],
      "output": [
        "onnx::Conv_570_DequantizeLinear_Output"
      ]
    },
    {
      "device": "CPU",
      "opType": "DequantizeLinear",
      "input": [
        "onnx::Conv_569_quantized",
        "onnx::Conv_581_scale",
        "onnx::Conv_569_zero_point"
      ],
      "output": [
        "onnx::Conv_569_DequantizeLinear_Output"
      ]
    },
    {
      "device": "CPU",
      "opType": "Conv",
      "input": [
        "/layer2/layer2.3/act3/Relu_output_0_DequantizeLinear_Output",
        "onnx::Conv_569_DequantizeLinear_Output",
        "onnx::Conv_570_DequantizeLinear_Output"
      ],
      "output": [
        "/layer3/layer3.0/conv1/Conv_output_0"
      ]
    },
    {
      "device": "CPU",
      "opType": "Relu",
      "input": [
        "/layer3/layer3.0/conv1/Conv_output_0"
      ],
      "output": [
        "/layer3/layer3.0/act1/Relu_output_0"
      ]
    },
    {
      "device": "CPU",
      "opType": "QuantizeLinear",
      "input": [
        "/layer3/layer3.0/act1/Relu_output_0",
        "onnx::Conv_519_scale",
        "/layer3/layer3.0/act1/Relu_output_0_zero_point"
      ],
      "output": [
        "/layer3/layer3.0/act1/Relu_output_0_QuantizeLinear_Output"
      ]
    },
    {
      "device": "CPU",
      "opType": "DequantizeLinear",
      "input": [
        "/layer3/layer3.0/act1/Relu_output_0_QuantizeLinear_Output",
        "onnx::Conv_519_scale",
        "/layer3/layer3.0/act1/Relu_output_0_zero_point"
      ],
      "output": [
        "/layer3/layer3.0/act1/Relu_output_0_DequantizeLinear_Output"
      ]
    },
    {
      "device": "CPU",
      "opType": "DequantizeLinear",
      "input": [
        "onnx::Conv_573_quantized",
        "/layer2/layer2.2/act1/Relu_output_0_scale",
        "onnx::Conv_573_zero_point"
      ],
      "output": [
        "onnx::Conv_573_DequantizeLinear_Output"
      ]
    },
    {
      "device": "CPU",
      "opType": "DequantizeLinear",
      "input": [
        "onnx::Conv_572_quantized",
        "onnx::Conv_581_scale",
        "onnx::Conv_572_zero_point"
      ],
      "output": [
        "onnx::Conv_572_DequantizeLinear_Output"
      ]
    },
    {
      "device": "CPU",
      "opType": "Conv",
      "input": [
        "/layer3/layer3.0/act1/Relu_output_0_DequantizeLinear_Output",
        "onnx::Conv_572_DequantizeLinear_Output",
        "onnx::Conv_573_DequantizeLinear_Output"
      ],
      "output": [
        "/layer3/layer3.0/conv2/Conv_output_0"
      ]
    },
    {
      "device": "CPU",
      "opType": "Relu",
      "input": [
        "/layer3/layer3.0/conv2/Conv_output_0"
      ],
      "output": [
        "/layer3/layer3.0/act2/Relu_output_0"
      ]
    },
    {
      "device": "CPU",
      "opType": "QuantizeLinear",
      "input": [
        "/layer3/layer3.0/act2/Relu_output_0",
        "onnx::Conv_519_scale",
        "/layer3/layer3.0/act2/Relu_output_0_zero_point"
      ],
      "output": [
        "/layer3/layer3.0/act2/Relu_output_0_QuantizeLinear_Output"
      ]
    },
    {
      "device": "CPU",
      "opType": "DequantizeLinear",
      "input": [
        "/layer3/layer3.0/act2/Relu_output_0_QuantizeLinear_Output",
        "onnx::Conv_519_scale",
        "/layer3/layer3.0/act2/Relu_output_0_zero_point"
      ],
      "output": [
        "/layer3/layer3.0/act2/Relu_output_0_DequantizeLinear_Output"
      ]
    },
    {
      "device": "CPU",
      "opType": "DequantizeLinear",
      "input": [
        "onnx::Conv_576_quantized",
        "/layer3/layer3.5/conv3/Conv_output_0_scale",
        "onnx::Conv_576_zero_point"
      ],
      "output": [
        "onnx::Conv_576_DequantizeLinear_Output"
      ]
    },
    {
      "device": "CPU",
      "opType": "DequantizeLinear",
      "input": [
        "onnx::Conv_575_quantized",
        "onnx::Conv_575_scale",
        "onnx::Conv_575_zero_point"
      ],
      "output": [
        "onnx::Conv_575_DequantizeLinear_Output"
      ]
    },
    {
      "device": "CPU",
      "opType": "Conv",
      "input": [
        "/layer3/layer3.0/act2/Relu_output_0_DequantizeLinear_Output",
        "onnx::Conv_575_DequantizeLinear_Output",
        "onnx::Conv_576_DequantizeLinear_Output"
      ],
      "output": [
        "/layer3/layer3.0/conv3/Conv_output_0"
      ]
    },
    {
      "device": "CPU",
      "opType": "QuantizeLinear",
      "input": [
        "/layer3/layer3.0/conv3/Conv_output_0",
        "/layer3/layer3.5/conv3/Conv_output_0_scale",
        "/layer3/layer3.0/conv3/Conv_output_0_zero_point"
      ],
      "output": [
        "/layer3/layer3.0/conv3/Conv_output_0_QuantizeLinear_Output"
      ]
    },
    {
      "device": "CPU",
      "opType": "DequantizeLinear",
      "input": [
        "/layer3/layer3.0/conv3/Conv_output_0_QuantizeLinear_Output",
        "/layer3/layer3.5/conv3/Conv_output_0_scale",
        "/layer3/layer3.0/conv3/Conv_output_0_zero_point"
      ],
      "output": [
        "/layer3/layer3.0/conv3/Conv_output_0_DequantizeLinear_Output"
      ]
    },
    {
      "device": "CPU",
      "opType": "Add",
      "input": [
        "/layer3/layer3.0/conv3/Conv_output_0_DequantizeLinear_Output",
        "/layer3/layer3.0/downsample/downsample.0/Conv_output_0_DequantizeLinear_Output"
      ],
      "output": [
        "/layer3/layer3.0/Add_output_0"
      ]
    },
    {
      "device": "CPU",
      "opType": "Relu",
      "input": [
        "/layer3/layer3.0/Add_output_0"
      ],
      "output": [
        "/layer3/layer3.0/act3/Relu_output_0"
      ]
    },
    {
      "device": "CPU",
      "opType": "QuantizeLinear",
      "input": [
        "/layer3/layer3.0/act3/Relu_output_0",
        "/layer3/layer3.5/conv3/Conv_output_0_scale",
        "/layer3/layer3.0/act3/Relu_output_0_zero_point"
      ],
      "output": [
        "/layer3/layer3.0/act3/Relu_output_0_QuantizeLinear_Output"
      ]
    },
    {
      "device": "CPU",
      "opType": "DequantizeLinear",
      "input": [
        "/layer3/layer3.0/act3/Relu_output_0_QuantizeLinear_Output",
        "/layer3/layer3.5/conv3/Conv_output_0_scale",
        "/layer3/layer3.0/act3/Relu_output_0_zero_point"
      ],
      "output": [
        "/layer3/layer3.0/act3/Relu_output_0_DequantizeLinear_Output/duplicated"
      ]
    },
    {
      "device": "CPU",
      "opType": "DequantizeLinear",
      "input": [
        "/layer3/layer3.0/act3/Relu_output_0_QuantizeLinear_Output",
        "/layer3/layer3.5/conv3/Conv_output_0_scale",
        "/layer3/layer3.0/act3/Relu_output_0_zero_point"
      ],
      "output": [
        "/layer3/layer3.0/act3/Relu_output_0_DequantizeLinear_Output"
      ]
    },
    {
      "device": "CPU",
      "opType": "DequantizeLinear",
      "input": [
        "onnx::Conv_582_quantized",
        "onnx::Conv_519_scale",
        "onnx::Conv_582_zero_point"
      ],
      "output": [
        "onnx::Conv_582_DequantizeLinear_Output"
      ]
    },
    {
      "device": "CPU",
      "opType": "DequantizeLinear",
      "input": [
        "onnx::Conv_581_quantized",
        "onnx::Conv_581_scale",
        "onnx::Conv_581_zero_point"
      ],
      "output": [
        "onnx::Conv_581_DequantizeLinear_Output"
      ]
    },
    {
      "device": "CPU",
      "opType": "Conv",
      "input": [
        "/layer3/layer3.0/act3/Relu_output_0_DequantizeLinear_Output",
        "onnx::Conv_581_DequantizeLinear_Output",
        "onnx::Conv_582_DequantizeLinear_Output"
      ],
      "output": [
        "/layer3/layer3.1/conv1/Conv_output_0"
      ]
    },
    {
      "device": "CPU",
      "opType": "Relu",
      "input": [
        "/layer3/layer3.1/conv1/Conv_output_0"
      ],
      "output": [
        "/layer3/layer3.1/act1/Relu_output_0"
      ]
    },
    {
      "device": "CPU",
      "opType": "QuantizeLinear",
      "input": [
        "/layer3/layer3.1/act1/Relu_output_0",
        "onnx::Conv_519_scale",
        "/layer3/layer3.1/act1/Relu_output_0_zero_point"
      ],
      "output": [
        "/layer3/layer3.1/act1/Relu_output_0_QuantizeLinear_Output"
      ]
    },
    {
      "device": "CPU",
      "opType": "DequantizeLinear",
      "input": [
        "/layer3/layer3.1/act1/Relu_output_0_QuantizeLinear_Output",
        "onnx::Conv_519_scale",
        "/layer3/layer3.1/act1/Relu_output_0_zero_point"
      ],
      "output": [
        "/layer3/layer3.1/act1/Relu_output_0_DequantizeLinear_Output"
      ]
    },
    {
      "device": "CPU",
      "opType": "DequantizeLinear",
      "input": [
        "onnx::Conv_585_quantized",
        "/layer2/layer2.2/act1/Relu_output_0_scale",
        "onnx::Conv_585_zero_point"
      ],
      "output": [
        "onnx::Conv_585_DequantizeLinear_Output"
      ]
    },
    {
      "device": "CPU",
      "opType": "DequantizeLinear",
      "input": [
        "onnx::Conv_584_quantized",
        "onnx::Conv_581_scale",
        "onnx::Conv_584_zero_point"
      ],
      "output": [
        "onnx::Conv_584_DequantizeLinear_Output"
      ]
    },
    {
      "device": "CPU",
      "opType": "Conv",
      "input": [
        "/layer3/layer3.1/act1/Relu_output_0_DequantizeLinear_Output",
        "onnx::Conv_584_DequantizeLinear_Output",
        "onnx::Conv_585_DequantizeLinear_Output"
      ],
      "output": [
        "/layer3/layer3.1/conv2/Conv_output_0"
      ]
    },
    {
      "device": "CPU",
      "opType": "Relu",
      "input": [
        "/layer3/layer3.1/conv2/Conv_output_0"
      ],
      "output": [
        "/layer3/layer3.1/act2/Relu_output_0"
      ]
    },
    {
      "device": "CPU",
      "opType": "QuantizeLinear",
      "input": [
        "/layer3/layer3.1/act2/Relu_output_0",
        "onnx::Conv_519_scale",
        "/layer3/layer3.1/act2/Relu_output_0_zero_point"
      ],
      "output": [
        "/layer3/layer3.1/act2/Relu_output_0_QuantizeLinear_Output"
      ]
    },
    {
      "device": "CPU",
      "opType": "DequantizeLinear",
      "input": [
        "/layer3/layer3.1/act2/Relu_output_0_QuantizeLinear_Output",
        "onnx::Conv_519_scale",
        "/layer3/layer3.1/act2/Relu_output_0_zero_point"
      ],
      "output": [
        "/layer3/layer3.1/act2/Relu_output_0_DequantizeLinear_Output"
      ]
    },
    {
      "device": "CPU",
      "opType": "DequantizeLinear",
      "input": [
        "onnx::Conv_588_quantized",
        "onnx::Conv_519_scale",
        "onnx::Conv_588_zero_point"
      ],
      "output": [
        "onnx::Conv_588_DequantizeLinear_Output"
      ]
    },
    {
      "device": "CPU",
      "opType": "DequantizeLinear",
      "input": [
        "onnx::Conv_587_quantized",
        "onnx::Conv_509_scale",
        "onnx::Conv_587_zero_point"
      ],
      "output": [
        "onnx::Conv_587_DequantizeLinear_Output"
      ]
    },
    {
      "device": "CPU",
      "opType": "Conv",
      "input": [
        "/layer3/layer3.1/act2/Relu_output_0_DequantizeLinear_Output",
        "onnx::Conv_587_DequantizeLinear_Output",
        "onnx::Conv_588_DequantizeLinear_Output"
      ],
      "output": [
        "/layer3/layer3.1/conv3/Conv_output_0"
      ]
    },
    {
      "device": "CPU",
      "opType": "QuantizeLinear",
      "input": [
        "/layer3/layer3.1/conv3/Conv_output_0",
        "/layer3/layer3.5/conv3/Conv_output_0_scale",
        "/layer3/layer3.1/conv3/Conv_output_0_zero_point"
      ],
      "output": [
        "/layer3/layer3.1/conv3/Conv_output_0_QuantizeLinear_Output"
      ]
    },
    {
      "device": "CPU",
      "opType": "DequantizeLinear",
      "input": [
        "/layer3/layer3.1/conv3/Conv_output_0_QuantizeLinear_Output",
        "/layer3/layer3.5/conv3/Conv_output_0_scale",
        "/layer3/layer3.1/conv3/Conv_output_0_zero_point"
      ],
      "output": [
        "/layer3/layer3.1/conv3/Conv_output_0_DequantizeLinear_Output"
      ]
    },
    {
      "device": "CPU",
      "opType": "Add",
      "input": [
        "/layer3/layer3.1/conv3/Conv_output_0_DequantizeLinear_Output",
        "/layer3/layer3.0/act3/Relu_output_0_DequantizeLinear_Output/duplicated"
      ],
      "output": [
        "/layer3/layer3.1/Add_output_0"
      ]
    },
    {
      "device": "CPU",
      "opType": "Relu",
      "input": [
        "/layer3/layer3.1/Add_output_0"
      ],
      "output": [
        "/layer3/layer3.1/act3/Relu_output_0"
      ]
    },
    {
      "device": "CPU",
      "opType": "QuantizeLinear",
      "input": [
        "/layer3/layer3.1/act3/Relu_output_0",
        "/layer3/layer3.5/conv3/Conv_output_0_scale",
        "/layer3/layer3.1/act3/Relu_output_0_zero_point"
      ],
      "output": [
        "/layer3/layer3.1/act3/Relu_output_0_QuantizeLinear_Output"
      ]
    },
    {
      "device": "CPU",
      "opType": "DequantizeLinear",
      "input": [
        "/layer3/layer3.1/act3/Relu_output_0_QuantizeLinear_Output",
        "/layer3/layer3.5/conv3/Conv_output_0_scale",
        "/layer3/layer3.1/act3/Relu_output_0_zero_point"
      ],
      "output": [
        "/layer3/layer3.1/act3/Relu_output_0_DequantizeLinear_Output/duplicated"
      ]
    },
    {
      "device": "CPU",
      "opType": "DequantizeLinear",
      "input": [
        "/layer3/layer3.1/act3/Relu_output_0_QuantizeLinear_Output",
        "/layer3/layer3.5/conv3/Conv_output_0_scale",
        "/layer3/layer3.1/act3/Relu_output_0_zero_point"
      ],
      "output": [
        "/layer3/layer3.1/act3/Relu_output_0_DequantizeLinear_Output"
      ]
    },
    {
      "device": "CPU",
      "opType": "DequantizeLinear",
      "input": [
        "onnx::Conv_591_quantized",
        "onnx::Conv_519_scale",
        "onnx::Conv_591_zero_point"
      ],
      "output": [
        "onnx::Conv_591_DequantizeLinear_Output"
      ]
    },
    {
      "device": "CPU",
      "opType": "DequantizeLinear",
      "input": [
        "onnx::Conv_590_quantized",
        "onnx::Conv_581_scale",
        "onnx::Conv_590_zero_point"
      ],
      "output": [
        "onnx::Conv_590_DequantizeLinear_Output"
      ]
    },
    {
      "device": "CPU",
      "opType": "Conv",
      "input": [
        "/layer3/layer3.1/act3/Relu_output_0_DequantizeLinear_Output",
        "onnx::Conv_590_DequantizeLinear_Output",
        "onnx::Conv_591_DequantizeLinear_Output"
      ],
      "output": [
        "/layer3/layer3.2/conv1/Conv_output_0"
      ]
    },
    {
      "device": "CPU",
      "opType": "Relu",
      "input": [
        "/layer3/layer3.2/conv1/Conv_output_0"
      ],
      "output": [
        "/layer3/layer3.2/act1/Relu_output_0"
      ]
    },
    {
      "device": "CPU",
      "opType": "QuantizeLinear",
      "input": [
        "/layer3/layer3.2/act1/Relu_output_0",
        "onnx::Conv_519_scale",
        "/layer3/layer3.2/act1/Relu_output_0_zero_point"
      ],
      "output": [
        "/layer3/layer3.2/act1/Relu_output_0_QuantizeLinear_Output"
      ]
    },
    {
      "device": "CPU",
      "opType": "DequantizeLinear",
      "input": [
        "/layer3/layer3.2/act1/Relu_output_0_QuantizeLinear_Output",
        "onnx::Conv_519_scale",
        "/layer3/layer3.2/act1/Relu_output_0_zero_point"
      ],
      "output": [
        "/layer3/layer3.2/act1/Relu_output_0_DequantizeLinear_Output"
      ]
    },
    {
      "device": "CPU",
      "opType": "DequantizeLinear",
      "input": [
        "onnx::Conv_594_quantized",
        "/layer2/layer2.2/act1/Relu_output_0_scale",
        "onnx::Conv_594_zero_point"
      ],
      "output": [
        "onnx::Conv_594_DequantizeLinear_Output"
      ]
    },
    {
      "device": "CPU",
      "opType": "DequantizeLinear",
      "input": [
        "onnx::Conv_593_quantized",
        "onnx::Conv_617_scale",
        "onnx::Conv_593_zero_point"
      ],
      "output": [
        "onnx::Conv_593_DequantizeLinear_Output"
      ]
    },
    {
      "device": "CPU",
      "opType": "Conv",
      "input": [
        "/layer3/layer3.2/act1/Relu_output_0_DequantizeLinear_Output",
        "onnx::Conv_593_DequantizeLinear_Output",
        "onnx::Conv_594_DequantizeLinear_Output"
      ],
      "output": [
        "/layer3/layer3.2/conv2/Conv_output_0"
      ]
    },
    {
      "device": "CPU",
      "opType": "Relu",
      "input": [
        "/layer3/layer3.2/conv2/Conv_output_0"
      ],
      "output": [
        "/layer3/layer3.2/act2/Relu_output_0"
      ]
    },
    {
      "device": "CPU",
      "opType": "QuantizeLinear",
      "input": [
        "/layer3/layer3.2/act2/Relu_output_0",
        "onnx::Conv_519_scale",
        "/layer3/layer3.2/act2/Relu_output_0_zero_point"
      ],
      "output": [
        "/layer3/layer3.2/act2/Relu_output_0_QuantizeLinear_Output"
      ]
    },
    {
      "device": "CPU",
      "opType": "DequantizeLinear",
      "input": [
        "/layer3/layer3.2/act2/Relu_output_0_QuantizeLinear_Output",
        "onnx::Conv_519_scale",
        "/layer3/layer3.2/act2/Relu_output_0_zero_point"
      ],
      "output": [
        "/layer3/layer3.2/act2/Relu_output_0_DequantizeLinear_Output"
      ]
    },
    {
      "device": "CPU",
      "opType": "DequantizeLinear",
      "input": [
        "onnx::Conv_597_quantized",
        "onnx::Conv_519_scale",
        "onnx::Conv_597_zero_point"
      ],
      "output": [
        "onnx::Conv_597_DequantizeLinear_Output"
      ]
    },
    {
      "device": "CPU",
      "opType": "DequantizeLinear",
      "input": [
        "onnx::Conv_596_quantized",
        "onnx::Conv_518_scale",
        "onnx::Conv_596_zero_point"
      ],
      "output": [
        "onnx::Conv_596_DequantizeLinear_Output"
      ]
    },
    {
      "device": "CPU",
      "opType": "Conv",
      "input": [
        "/layer3/layer3.2/act2/Relu_output_0_DequantizeLinear_Output",
        "onnx::Conv_596_DequantizeLinear_Output",
        "onnx::Conv_597_DequantizeLinear_Output"
      ],
      "output": [
        "/layer3/layer3.2/conv3/Conv_output_0"
      ]
    },
    {
      "device": "CPU",
      "opType": "QuantizeLinear",
      "input": [
        "/layer3/layer3.2/conv3/Conv_output_0",
        "onnx::Conv_519_scale",
        "/layer3/layer3.2/conv3/Conv_output_0_zero_point"
      ],
      "output": [
        "/layer3/layer3.2/conv3/Conv_output_0_QuantizeLinear_Output"
      ]
    },
    {
      "device": "CPU",
      "opType": "DequantizeLinear",
      "input": [
        "/layer3/layer3.2/conv3/Conv_output_0_QuantizeLinear_Output",
        "onnx::Conv_519_scale",
        "/layer3/layer3.2/conv3/Conv_output_0_zero_point"
      ],
      "output": [
        "/layer3/layer3.2/conv3/Conv_output_0_DequantizeLinear_Output"
      ]
    },
    {
      "device": "CPU",
      "opType": "Add",
      "input": [
        "/layer3/layer3.2/conv3/Conv_output_0_DequantizeLinear_Output",
        "/layer3/layer3.1/act3/Relu_output_0_DequantizeLinear_Output/duplicated"
      ],
      "output": [
        "/layer3/layer3.2/Add_output_0"
      ]
    },
    {
      "device": "CPU",
      "opType": "Relu",
      "input": [
        "/layer3/layer3.2/Add_output_0"
      ],
      "output": [
        "/layer3/layer3.2/act3/Relu_output_0"
      ]
    },
    {
      "device": "CPU",
      "opType": "QuantizeLinear",
      "input": [
        "/layer3/layer3.2/act3/Relu_output_0",
        "/layer3/layer3.5/conv3/Conv_output_0_scale",
        "/layer3/layer3.2/act3/Relu_output_0_zero_point"
      ],
      "output": [
        "/layer3/layer3.2/act3/Relu_output_0_QuantizeLinear_Output"
      ]
    },
    {
      "device": "CPU",
      "opType": "DequantizeLinear",
      "input": [
        "/layer3/layer3.2/act3/Relu_output_0_QuantizeLinear_Output",
        "/layer3/layer3.5/conv3/Conv_output_0_scale",
        "/layer3/layer3.2/act3/Relu_output_0_zero_point"
      ],
      "output": [
        "/layer3/layer3.2/act3/Relu_output_0_DequantizeLinear_Output/duplicated"
      ]
    },
    {
      "device": "CPU",
      "opType": "DequantizeLinear",
      "input": [
        "/layer3/layer3.2/act3/Relu_output_0_QuantizeLinear_Output",
        "/layer3/layer3.5/conv3/Conv_output_0_scale",
        "/layer3/layer3.2/act3/Relu_output_0_zero_point"
      ],
      "output": [
        "/layer3/layer3.2/act3/Relu_output_0_DequantizeLinear_Output"
      ]
    },
    {
      "device": "CPU",
      "opType": "DequantizeLinear",
      "input": [
        "onnx::Conv_600_quantized",
        "onnx::Conv_518_scale",
        "onnx::Conv_600_zero_point"
      ],
      "output": [
        "onnx::Conv_600_DequantizeLinear_Output"
      ]
    },
    {
      "device": "CPU",
      "opType": "DequantizeLinear",
      "input": [
        "onnx::Conv_599_quantized",
        "onnx::Conv_581_scale",
        "onnx::Conv_599_zero_point"
      ],
      "output": [
        "onnx::Conv_599_DequantizeLinear_Output"
      ]
    },
    {
      "device": "CPU",
      "opType": "Conv",
      "input": [
        "/layer3/layer3.2/act3/Relu_output_0_DequantizeLinear_Output",
        "onnx::Conv_599_DequantizeLinear_Output",
        "onnx::Conv_600_DequantizeLinear_Output"
      ],
      "output": [
        "/layer3/layer3.3/conv1/Conv_output_0"
      ]
    },
    {
      "device": "CPU",
      "opType": "Relu",
      "input": [
        "/layer3/layer3.3/conv1/Conv_output_0"
      ],
      "output": [
        "/layer3/layer3.3/act1/Relu_output_0"
      ]
    },
    {
      "device": "CPU",
      "opType": "QuantizeLinear",
      "input": [
        "/layer3/layer3.3/act1/Relu_output_0",
        "onnx::Conv_519_scale",
        "/layer3/layer3.3/act1/Relu_output_0_zero_point"
      ],
      "output": [
        "/layer3/layer3.3/act1/Relu_output_0_QuantizeLinear_Output"
      ]
    },
    {
      "device": "CPU",
      "opType": "DequantizeLinear",
      "input": [
        "/layer3/layer3.3/act1/Relu_output_0_QuantizeLinear_Output",
        "onnx::Conv_519_scale",
        "/layer3/layer3.3/act1/Relu_output_0_zero_point"
      ],
      "output": [
        "/layer3/layer3.3/act1/Relu_output_0_DequantizeLinear_Output"
      ]
    },
    {
      "device": "CPU",
      "opType": "DequantizeLinear",
      "input": [
        "onnx::Conv_603_quantized",
        "/layer2/layer2.2/act1/Relu_output_0_scale",
        "onnx::Conv_603_zero_point"
      ],
      "output": [
        "onnx::Conv_603_DequantizeLinear_Output"
      ]
    },
    {
      "device": "CPU",
      "opType": "DequantizeLinear",
      "input": [
        "onnx::Conv_602_quantized",
        "onnx::Conv_581_scale",
        "onnx::Conv_602_zero_point"
      ],
      "output": [
        "onnx::Conv_602_DequantizeLinear_Output"
      ]
    },
    {
      "device": "CPU",
      "opType": "Conv",
      "input": [
        "/layer3/layer3.3/act1/Relu_output_0_DequantizeLinear_Output",
        "onnx::Conv_602_DequantizeLinear_Output",
        "onnx::Conv_603_DequantizeLinear_Output"
      ],
      "output": [
        "/layer3/layer3.3/conv2/Conv_output_0"
      ]
    },
    {
      "device": "CPU",
      "opType": "Relu",
      "input": [
        "/layer3/layer3.3/conv2/Conv_output_0"
      ],
      "output": [
        "/layer3/layer3.3/act2/Relu_output_0"
      ]
    },
    {
      "device": "CPU",
      "opType": "QuantizeLinear",
      "input": [
        "/layer3/layer3.3/act2/Relu_output_0",
        "onnx::Conv_519_scale",
        "/layer3/layer3.3/act2/Relu_output_0_zero_point"
      ],
      "output": [
        "/layer3/layer3.3/act2/Relu_output_0_QuantizeLinear_Output"
      ]
    },
    {
      "device": "CPU",
      "opType": "DequantizeLinear",
      "input": [
        "/layer3/layer3.3/act2/Relu_output_0_QuantizeLinear_Output",
        "onnx::Conv_519_scale",
        "/layer3/layer3.3/act2/Relu_output_0_zero_point"
      ],
      "output": [
        "/layer3/layer3.3/act2/Relu_output_0_DequantizeLinear_Output"
      ]
    },
    {
      "device": "CPU",
      "opType": "DequantizeLinear",
      "input": [
        "onnx::Conv_606_quantized",
        "/layer3/layer3.5/conv3/Conv_output_0_scale",
        "onnx::Conv_606_zero_point"
      ],
      "output": [
        "onnx::Conv_606_DequantizeLinear_Output"
      ]
    },
    {
      "device": "CPU",
      "opType": "DequantizeLinear",
      "input": [
        "onnx::Conv_605_quantized",
        "onnx::Conv_509_scale",
        "onnx::Conv_605_zero_point"
      ],
      "output": [
        "onnx::Conv_605_DequantizeLinear_Output"
      ]
    },
    {
      "device": "CPU",
      "opType": "Conv",
      "input": [
        "/layer3/layer3.3/act2/Relu_output_0_DequantizeLinear_Output",
        "onnx::Conv_605_DequantizeLinear_Output",
        "onnx::Conv_606_DequantizeLinear_Output"
      ],
      "output": [
        "/layer3/layer3.3/conv3/Conv_output_0"
      ]
    },
    {
      "device": "CPU",
      "opType": "QuantizeLinear",
      "input": [
        "/layer3/layer3.3/conv3/Conv_output_0",
        "/layer3/layer3.5/conv3/Conv_output_0_scale",
        "/layer3/layer3.3/conv3/Conv_output_0_zero_point"
      ],
      "output": [
        "/layer3/layer3.3/conv3/Conv_output_0_QuantizeLinear_Output"
      ]
    },
    {
      "device": "CPU",
      "opType": "DequantizeLinear",
      "input": [
        "/layer3/layer3.3/conv3/Conv_output_0_QuantizeLinear_Output",
        "/layer3/layer3.5/conv3/Conv_output_0_scale",
        "/layer3/layer3.3/conv3/Conv_output_0_zero_point"
      ],
      "output": [
        "/layer3/layer3.3/conv3/Conv_output_0_DequantizeLinear_Output"
      ]
    },
    {
      "device": "CPU",
      "opType": "Add",
      "input": [
        "/layer3/layer3.3/conv3/Conv_output_0_DequantizeLinear_Output",
        "/layer3/layer3.2/act3/Relu_output_0_DequantizeLinear_Output/duplicated"
      ],
      "output": [
        "/layer3/layer3.3/Add_output_0"
      ]
    },
    {
      "device": "CPU",
      "opType": "Relu",
      "input": [
        "/layer3/layer3.3/Add_output_0"
      ],
      "output": [
        "/layer3/layer3.3/act3/Relu_output_0"
      ]
    },
    {
      "device": "CPU",
      "opType": "QuantizeLinear",
      "input": [
        "/layer3/layer3.3/act3/Relu_output_0",
        "/layer3/layer3.5/conv3/Conv_output_0_scale",
        "/layer3/layer3.3/act3/Relu_output_0_zero_point"
      ],
      "output": [
        "/layer3/layer3.3/act3/Relu_output_0_QuantizeLinear_Output"
      ]
    },
    {
      "device": "CPU",
      "opType": "DequantizeLinear",
      "input": [
        "/layer3/layer3.3/act3/Relu_output_0_QuantizeLinear_Output",
        "/layer3/layer3.5/conv3/Conv_output_0_scale",
        "/layer3/layer3.3/act3/Relu_output_0_zero_point"
      ],
      "output": [
        "/layer3/layer3.3/act3/Relu_output_0_DequantizeLinear_Output/duplicated"
      ]
    },
    {
      "device": "CPU",
      "opType": "DequantizeLinear",
      "input": [
        "/layer3/layer3.3/act3/Relu_output_0_QuantizeLinear_Output",
        "/layer3/layer3.5/conv3/Conv_output_0_scale",
        "/layer3/layer3.3/act3/Relu_output_0_zero_point"
      ],
      "output": [
        "/layer3/layer3.3/act3/Relu_output_0_DequantizeLinear_Output"
      ]
    },
    {
      "device": "CPU",
      "opType": "DequantizeLinear",
      "input": [
        "onnx::Conv_609_quantized",
        "/layer2/layer2.2/act1/Relu_output_0_scale",
        "onnx::Conv_609_zero_point"
      ],
      "output": [
        "onnx::Conv_609_DequantizeLinear_Output"
      ]
    },
    {
      "device": "CPU",
      "opType": "DequantizeLinear",
      "input": [
        "onnx::Conv_608_quantized",
        "onnx::Conv_617_scale",
        "onnx::Conv_608_zero_point"
      ],
      "output": [
        "onnx::Conv_608_DequantizeLinear_Output"
      ]
    },
    {
      "device": "CPU",
      "opType": "Conv",
      "input": [
        "/layer3/layer3.3/act3/Relu_output_0_DequantizeLinear_Output",
        "onnx::Conv_608_DequantizeLinear_Output",
        "onnx::Conv_609_DequantizeLinear_Output"
      ],
      "output": [
        "/layer3/layer3.4/conv1/Conv_output_0"
      ]
    },
    {
      "device": "CPU",
      "opType": "Relu",
      "input": [
        "/layer3/layer3.4/conv1/Conv_output_0"
      ],
      "output": [
        "/layer3/layer3.4/act1/Relu_output_0"
      ]
    },
    {
      "device": "CPU",
      "opType": "QuantizeLinear",
      "input": [
        "/layer3/layer3.4/act1/Relu_output_0",
        "onnx::Conv_519_scale",
        "/layer3/layer3.4/act1/Relu_output_0_zero_point"
      ],
      "output": [
        "/layer3/layer3.4/act1/Relu_output_0_QuantizeLinear_Output"
      ]
    },
    {
      "device": "CPU",
      "opType": "DequantizeLinear",
      "input": [
        "/layer3/layer3.4/act1/Relu_output_0_QuantizeLinear_Output",
        "onnx::Conv_519_scale",
        "/layer3/layer3.4/act1/Relu_output_0_zero_point"
      ],
      "output": [
        "/layer3/layer3.4/act1/Relu_output_0_DequantizeLinear_Output"
      ]
    },
    {
      "device": "CPU",
      "opType": "DequantizeLinear",
      "input": [
        "onnx::Conv_612_quantized",
        "/layer2/layer2.2/act1/Relu_output_0_scale",
        "onnx::Conv_612_zero_point"
      ],
      "output": [
        "onnx::Conv_612_DequantizeLinear_Output"
      ]
    },
    {
      "device": "CPU",
      "opType": "DequantizeLinear",
      "input": [
        "onnx::Conv_611_quantized",
        "onnx::Conv_581_scale",
        "onnx::Conv_611_zero_point"
      ],
      "output": [
        "onnx::Conv_611_DequantizeLinear_Output"
      ]
    },
    {
      "device": "CPU",
      "opType": "Conv",
      "input": [
        "/layer3/layer3.4/act1/Relu_output_0_DequantizeLinear_Output",
        "onnx::Conv_611_DequantizeLinear_Output",
        "onnx::Conv_612_DequantizeLinear_Output"
      ],
      "output": [
        "/layer3/layer3.4/conv2/Conv_output_0"
      ]
    },
    {
      "device": "CPU",
      "opType": "Relu",
      "input": [
        "/layer3/layer3.4/conv2/Conv_output_0"
      ],
      "output": [
        "/layer3/layer3.4/act2/Relu_output_0"
      ]
    },
    {
      "device": "CPU",
      "opType": "QuantizeLinear",
      "input": [
        "/layer3/layer3.4/act2/Relu_output_0",
        "onnx::Conv_519_scale",
        "/layer3/layer3.4/act2/Relu_output_0_zero_point"
      ],
      "output": [
        "/layer3/layer3.4/act2/Relu_output_0_QuantizeLinear_Output"
      ]
    },
    {
      "device": "CPU",
      "opType": "DequantizeLinear",
      "input": [
        "/layer3/layer3.4/act2/Relu_output_0_QuantizeLinear_Output",
        "onnx::Conv_519_scale",
        "/layer3/layer3.4/act2/Relu_output_0_zero_point"
      ],
      "output": [
        "/layer3/layer3.4/act2/Relu_output_0_DequantizeLinear_Output"
      ]
    },
    {
      "device": "CPU",
      "opType": "DequantizeLinear",
      "input": [
        "onnx::Conv_615_quantized",
        "/layer3/layer3.5/conv3/Conv_output_0_scale",
        "onnx::Conv_615_zero_point"
      ],
      "output": [
        "onnx::Conv_615_DequantizeLinear_Output"
      ]
    },
    {
      "device": "CPU",
      "opType": "DequantizeLinear",
      "input": [
        "onnx::Conv_614_quantized",
        "onnx::Conv_575_scale",
        "onnx::Conv_614_zero_point"
      ],
      "output": [
        "onnx::Conv_614_DequantizeLinear_Output"
      ]
    },
    {
      "device": "CPU",
      "opType": "Conv",
      "input": [
        "/layer3/layer3.4/act2/Relu_output_0_DequantizeLinear_Output",
        "onnx::Conv_614_DequantizeLinear_Output",
        "onnx::Conv_615_DequantizeLinear_Output"
      ],
      "output": [
        "/layer3/layer3.4/conv3/Conv_output_0"
      ]
    },
    {
      "device": "CPU",
      "opType": "QuantizeLinear",
      "input": [
        "/layer3/layer3.4/conv3/Conv_output_0",
        "/layer3/layer3.5/conv3/Conv_output_0_scale",
        "/layer3/layer3.4/conv3/Conv_output_0_zero_point"
      ],
      "output": [
        "/layer3/layer3.4/conv3/Conv_output_0_QuantizeLinear_Output"
      ]
    },
    {
      "device": "CPU",
      "opType": "DequantizeLinear",
      "input": [
        "/layer3/layer3.4/conv3/Conv_output_0_QuantizeLinear_Output",
        "/layer3/layer3.5/conv3/Conv_output_0_scale",
        "/layer3/layer3.4/conv3/Conv_output_0_zero_point"
      ],
      "output": [
        "/layer3/layer3.4/conv3/Conv_output_0_DequantizeLinear_Output"
      ]
    },
    {
      "device": "CPU",
      "opType": "Add",
      "input": [
        "/layer3/layer3.4/conv3/Conv_output_0_DequantizeLinear_Output",
        "/layer3/layer3.3/act3/Relu_output_0_DequantizeLinear_Output/duplicated"
      ],
      "output": [
        "/layer3/layer3.4/Add_output_0"
      ]
    },
    {
      "device": "CPU",
      "opType": "Relu",
      "input": [
        "/layer3/layer3.4/Add_output_0"
      ],
      "output": [
        "/layer3/layer3.4/act3/Relu_output_0"
      ]
    },
    {
      "device": "CPU",
      "opType": "QuantizeLinear",
      "input": [
        "/layer3/layer3.4/act3/Relu_output_0",
        "/layer3/layer3.5/conv3/Conv_output_0_scale",
        "/layer3/layer3.4/act3/Relu_output_0_zero_point"
      ],
      "output": [
        "/layer3/layer3.4/act3/Relu_output_0_QuantizeLinear_Output"
      ]
    },
    {
      "device": "CPU",
      "opType": "DequantizeLinear",
      "input": [
        "/layer3/layer3.4/act3/Relu_output_0_QuantizeLinear_Output",
        "/layer3/layer3.5/conv3/Conv_output_0_scale",
        "/layer3/layer3.4/act3/Relu_output_0_zero_point"
      ],
      "output": [
        "/layer3/layer3.4/act3/Relu_output_0_DequantizeLinear_Output/duplicated"
      ]
    },
    {
      "device": "CPU",
      "opType": "DequantizeLinear",
      "input": [
        "/layer3/layer3.4/act3/Relu_output_0_QuantizeLinear_Output",
        "/layer3/layer3.5/conv3/Conv_output_0_scale",
        "/layer3/layer3.4/act3/Relu_output_0_zero_point"
      ],
      "output": [
        "/layer3/layer3.4/act3/Relu_output_0_DequantizeLinear_Output"
      ]
    },
    {
      "device": "CPU",
      "opType": "DequantizeLinear",
      "input": [
        "onnx::Conv_618_quantized",
        "onnx::Conv_519_scale",
        "onnx::Conv_618_zero_point"
      ],
      "output": [
        "onnx::Conv_618_DequantizeLinear_Output"
      ]
    },
    {
      "device": "CPU",
      "opType": "DequantizeLinear",
      "input": [
        "onnx::Conv_617_quantized",
        "onnx::Conv_617_scale",
        "onnx::Conv_617_zero_point"
      ],
      "output": [
        "onnx::Conv_617_DequantizeLinear_Output"
      ]
    },
    {
      "device": "CPU",
      "opType": "Conv",
      "input": [
        "/layer3/layer3.4/act3/Relu_output_0_DequantizeLinear_Output",
        "onnx::Conv_617_DequantizeLinear_Output",
        "onnx::Conv_618_DequantizeLinear_Output"
      ],
      "output": [
        "/layer3/layer3.5/conv1/Conv_output_0"
      ]
    },
    {
      "device": "CPU",
      "opType": "Relu",
      "input": [
        "/layer3/layer3.5/conv1/Conv_output_0"
      ],
      "output": [
        "/layer3/layer3.5/act1/Relu_output_0"
      ]
    },
    {
      "device": "CPU",
      "opType": "QuantizeLinear",
      "input": [
        "/layer3/layer3.5/act1/Relu_output_0",
        "onnx::Conv_519_scale",
        "/layer3/layer3.5/act1/Relu_output_0_zero_point"
      ],
      "output": [
        "/layer3/layer3.5/act1/Relu_output_0_QuantizeLinear_Output"
      ]
    },
    {
      "device": "CPU",
      "opType": "DequantizeLinear",
      "input": [
        "/layer3/layer3.5/act1/Relu_output_0_QuantizeLinear_Output",
        "onnx::Conv_519_scale",
        "/layer3/layer3.5/act1/Relu_output_0_zero_point"
      ],
      "output": [
        "/layer3/layer3.5/act1/Relu_output_0_DequantizeLinear_Output"
      ]
    },
    {
      "device": "CPU",
      "opType": "DequantizeLinear",
      "input": [
        "onnx::Conv_621_quantized",
        "onnx::Conv_519_scale",
        "onnx::Conv_621_zero_point"
      ],
      "output": [
        "onnx::Conv_621_DequantizeLinear_Output"
      ]
    },
    {
      "device": "CPU",
      "opType": "DequantizeLinear",
      "input": [
        "onnx::Conv_620_quantized",
        "onnx::Conv_581_scale",
        "onnx::Conv_620_zero_point"
      ],
      "output": [
        "onnx::Conv_620_DequantizeLinear_Output"
      ]
    },
    {
      "device": "CPU",
      "opType": "Conv",
      "input": [
        "/layer3/layer3.5/act1/Relu_output_0_DequantizeLinear_Output",
        "onnx::Conv_620_DequantizeLinear_Output",
        "onnx::Conv_621_DequantizeLinear_Output"
      ],
      "output": [
        "/layer3/layer3.5/conv2/Conv_output_0"
      ]
    },
    {
      "device": "CPU",
      "opType": "Relu",
      "input": [
        "/layer3/layer3.5/conv2/Conv_output_0"
      ],
      "output": [
        "/layer3/layer3.5/act2/Relu_output_0"
      ]
    },
    {
      "device": "CPU",
      "opType": "QuantizeLinear",
      "input": [
        "/layer3/layer3.5/act2/Relu_output_0",
        "onnx::Conv_519_scale",
        "/layer3/layer3.5/act2/Relu_output_0_zero_point"
      ],
      "output": [
        "/layer3/layer3.5/act2/Relu_output_0_QuantizeLinear_Output"
      ]
    },
    {
      "device": "CPU",
      "opType": "DequantizeLinear",
      "input": [
        "/layer3/layer3.5/act2/Relu_output_0_QuantizeLinear_Output",
        "onnx::Conv_519_scale",
        "/layer3/layer3.5/act2/Relu_output_0_zero_point"
      ],
      "output": [
        "/layer3/layer3.5/act2/Relu_output_0_DequantizeLinear_Output"
      ]
    },
    {
      "device": "CPU",
      "opType": "DequantizeLinear",
      "input": [
        "onnx::Conv_624_quantized",
        "onnx::Conv_519_scale",
        "onnx::Conv_624_zero_point"
      ],
      "output": [
        "onnx::Conv_624_DequantizeLinear_Output"
      ]
    },
    {
      "device": "CPU",
      "opType": "DequantizeLinear",
      "input": [
        "onnx::Conv_623_quantized",
        "onnx::Conv_509_scale",
        "onnx::Conv_623_zero_point"
      ],
      "output": [
        "onnx::Conv_623_DequantizeLinear_Output"
      ]
    },
    {
      "device": "CPU",
      "opType": "Conv",
      "input": [
        "/layer3/layer3.5/act2/Relu_output_0_DequantizeLinear_Output",
        "onnx::Conv_623_DequantizeLinear_Output",
        "onnx::Conv_624_DequantizeLinear_Output"
      ],
      "output": [
        "/layer3/layer3.5/conv3/Conv_output_0"
      ]
    },
    {
      "device": "CPU",
      "opType": "QuantizeLinear",
      "input": [
        "/layer3/layer3.5/conv3/Conv_output_0",
        "/layer3/layer3.5/conv3/Conv_output_0_scale",
        "/layer3/layer3.5/conv3/Conv_output_0_zero_point"
      ],
      "output": [
        "/layer3/layer3.5/conv3/Conv_output_0_QuantizeLinear_Output"
      ]
    },
    {
      "device": "CPU",
      "opType": "DequantizeLinear",
      "input": [
        "/layer3/layer3.5/conv3/Conv_output_0_QuantizeLinear_Output",
        "/layer3/layer3.5/conv3/Conv_output_0_scale",
        "/layer3/layer3.5/conv3/Conv_output_0_zero_point"
      ],
      "output": [
        "/layer3/layer3.5/conv3/Conv_output_0_DequantizeLinear_Output"
      ]
    },
    {
      "device": "CPU",
      "opType": "Add",
      "input": [
        "/layer3/layer3.5/conv3/Conv_output_0_DequantizeLinear_Output",
        "/layer3/layer3.4/act3/Relu_output_0_DequantizeLinear_Output/duplicated"
      ],
      "output": [
        "/layer3/layer3.5/Add_output_0"
      ]
    },
    {
      "device": "CPU",
      "opType": "Relu",
      "input": [
        "/layer3/layer3.5/Add_output_0"
      ],
      "output": [
        "/layer3/layer3.5/act3/Relu_output_0"
      ]
    },
    {
      "device": "CPU",
      "opType": "QuantizeLinear",
      "input": [
        "/layer3/layer3.5/act3/Relu_output_0",
        "/layer3/layer3.5/conv3/Conv_output_0_scale",
        "/layer3/layer3.5/act3/Relu_output_0_zero_point"
      ],
      "output": [
        "/layer3/layer3.5/act3/Relu_output_0_QuantizeLinear_Output"
      ]
    },
    {
      "device": "CPU",
      "opType": "DequantizeLinear",
      "input": [
        "/layer3/layer3.5/act3/Relu_output_0_QuantizeLinear_Output",
        "/layer3/layer3.5/conv3/Conv_output_0_scale",
        "/layer3/layer3.5/act3/Relu_output_0_zero_point"
      ],
      "output": [
        "/layer3/layer3.5/act3/Relu_output_0_DequantizeLinear_Output/duplicated"
      ]
    },
    {
      "device": "CPU",
      "opType": "DequantizeLinear",
      "input": [
        "onnx::Conv_636_quantized",
        "/layer2/layer2.2/act1/Relu_output_0_scale",
        "onnx::Conv_636_zero_point"
      ],
      "output": [
        "onnx::Conv_636_DequantizeLinear_Output"
      ]
    },
    {
      "device": "CPU",
      "opType": "DequantizeLinear",
      "input": [
        "onnx::Conv_635_quantized",
        "onnx::Conv_617_scale",
        "onnx::Conv_635_zero_point"
      ],
      "output": [
        "onnx::Conv_635_DequantizeLinear_Output"
      ]
    },
    {
      "device": "CPU",
      "opType": "Conv",
      "input": [
        "/layer3/layer3.5/act3/Relu_output_0_DequantizeLinear_Output/duplicated",
        "onnx::Conv_635_DequantizeLinear_Output",
        "onnx::Conv_636_DequantizeLinear_Output"
      ],
      "output": [
        "/layer4/layer4.0/downsample/downsample.0/Conv_output_0"
      ]
    },
    {
      "device": "CPU",
      "opType": "QuantizeLinear",
      "input": [
        "/layer4/layer4.0/downsample/downsample.0/Conv_output_0",
        "onnx::Conv_519_scale",
        "/layer4/layer4.0/downsample/downsample.0/Conv_output_0_zero_point"
      ],
      "output": [
        "/layer4/layer4.0/downsample/downsample.0/Conv_output_0_QuantizeLinear_Output"
      ]
    },
    {
      "device": "CPU",
      "opType": "DequantizeLinear",
      "input": [
        "/layer4/layer4.0/downsample/downsample.0/Conv_output_0_QuantizeLinear_Output",
        "onnx::Conv_519_scale",
        "/layer4/layer4.0/downsample/downsample.0/Conv_output_0_zero_point"
      ],
      "output": [
        "/layer4/layer4.0/downsample/downsample.0/Conv_output_0_DequantizeLinear_Output"
      ]
    },
    {
      "device": "CPU",
      "opType": "DequantizeLinear",
      "input": [
        "/layer3/layer3.5/act3/Relu_output_0_QuantizeLinear_Output",
        "/layer3/layer3.5/conv3/Conv_output_0_scale",
        "/layer3/layer3.5/act3/Relu_output_0_zero_point"
      ],
      "output": [
        "/layer3/layer3.5/act3/Relu_output_0_DequantizeLinear_Output"
      ]
    },
    {
      "device": "CPU",
      "opType": "DequantizeLinear",
      "input": [
        "onnx::Conv_627_quantized",
        "/layer2/layer2.2/act1/Relu_output_0_scale",
        "onnx::Conv_627_zero_point"
      ],
      "output": [
        "onnx::Conv_627_DequantizeLinear_Output"
      ]
    },
    {
      "device": "CPU",
      "opType": "DequantizeLinear",
      "input": [
        "onnx::Conv_626_quantized",
        "onnx::Conv_617_scale",
        "onnx::Conv_626_zero_point"
      ],
      "output": [
        "onnx::Conv_626_DequantizeLinear_Output"
      ]
    },
    {
      "device": "CPU",
      "opType": "Conv",
      "input": [
        "/layer3/layer3.5/act3/Relu_output_0_DequantizeLinear_Output",
        "onnx::Conv_626_DequantizeLinear_Output",
        "onnx::Conv_627_DequantizeLinear_Output"
      ],
      "output": [
        "/layer4/layer4.0/conv1/Conv_output_0"
      ]
    },
    {
      "device": "CPU",
      "opType": "Relu",
      "input": [
        "/layer4/layer4.0/conv1/Conv_output_0"
      ],
      "output": [
        "/layer4/layer4.0/act1/Relu_output_0"
      ]
    },
    {
      "device": "CPU",
      "opType": "QuantizeLinear",
      "input": [
        "/layer4/layer4.0/act1/Relu_output_0",
        "onnx::Conv_519_scale",
        "/layer4/layer4.0/act1/Relu_output_0_zero_point"
      ],
      "output": [
        "/layer4/layer4.0/act1/Relu_output_0_QuantizeLinear_Output"
      ]
    },
    {
      "device": "CPU",
      "opType": "DequantizeLinear",
      "input": [
        "/layer4/layer4.0/act1/Relu_output_0_QuantizeLinear_Output",
        "onnx::Conv_519_scale",
        "/layer4/layer4.0/act1/Relu_output_0_zero_point"
      ],
      "output": [
        "/layer4/layer4.0/act1/Relu_output_0_DequantizeLinear_Output"
      ]
    },
    {
      "device": "CPU",
      "opType": "DequantizeLinear",
      "input": [
        "onnx::Conv_630_quantized",
        "/layer2/layer2.2/act1/Relu_output_0_scale",
        "onnx::Conv_630_zero_point"
      ],
      "output": [
        "onnx::Conv_630_DequantizeLinear_Output"
      ]
    },
    {
      "device": "CPU",
      "opType": "DequantizeLinear",
      "input": [
        "onnx::Conv_629_quantized",
        "onnx::Conv_581_scale",
        "onnx::Conv_629_zero_point"
      ],
      "output": [
        "onnx::Conv_629_DequantizeLinear_Output"
      ]
    },
    {
      "device": "CPU",
      "opType": "Conv",
      "input": [
        "/layer4/layer4.0/act1/Relu_output_0_DequantizeLinear_Output",
        "onnx::Conv_629_DequantizeLinear_Output",
        "onnx::Conv_630_DequantizeLinear_Output"
      ],
      "output": [
        "/layer4/layer4.0/conv2/Conv_output_0"
      ]
    },
    {
      "device": "CPU",
      "opType": "Relu",
      "input": [
        "/layer4/layer4.0/conv2/Conv_output_0"
      ],
      "output": [
        "/layer4/layer4.0/act2/Relu_output_0"
      ]
    },
    {
      "device": "CPU",
      "opType": "QuantizeLinear",
      "input": [
        "/layer4/layer4.0/act2/Relu_output_0",
        "onnx::Conv_519_scale",
        "/layer4/layer4.0/act2/Relu_output_0_zero_point"
      ],
      "output": [
        "/layer4/layer4.0/act2/Relu_output_0_QuantizeLinear_Output"
      ]
    },
    {
      "device": "CPU",
      "opType": "DequantizeLinear",
      "input": [
        "/layer4/layer4.0/act2/Relu_output_0_QuantizeLinear_Output",
        "onnx::Conv_519_scale",
        "/layer4/layer4.0/act2/Relu_output_0_zero_point"
      ],
      "output": [
        "/layer4/layer4.0/act2/Relu_output_0_DequantizeLinear_Output"
      ]
    },
    {
      "device": "CPU",
      "opType": "DequantizeLinear",
      "input": [
        "onnx::Conv_633_quantized",
        "/layer2/layer2.2/act1/Relu_output_0_scale",
        "onnx::Conv_633_zero_point"
      ],
      "output": [
        "onnx::Conv_633_DequantizeLinear_Output"
      ]
    },
    {
      "device": "CPU",
      "opType": "DequantizeLinear",
      "input": [
        "onnx::Conv_632_quantized",
        "onnx::Conv_581_scale",
        "onnx::Conv_632_zero_point"
      ],
      "output": [
        "onnx::Conv_632_DequantizeLinear_Output"
      ]
    },
    {
      "device": "CPU",
      "opType": "Conv",
      "input": [
        "/layer4/layer4.0/act2/Relu_output_0_DequantizeLinear_Output",
        "onnx::Conv_632_DequantizeLinear_Output",
        "onnx::Conv_633_DequantizeLinear_Output"
      ],
      "output": [
        "/layer4/layer4.0/conv3/Conv_output_0"
      ]
    },
    {
      "device": "CPU",
      "opType": "QuantizeLinear",
      "input": [
        "/layer4/layer4.0/conv3/Conv_output_0",
        "onnx::Conv_519_scale",
        "/layer4/layer4.0/conv3/Conv_output_0_zero_point"
      ],
      "output": [
        "/layer4/layer4.0/conv3/Conv_output_0_QuantizeLinear_Output"
      ]
    },
    {
      "device": "CPU",
      "opType": "DequantizeLinear",
      "input": [
        "/layer4/layer4.0/conv3/Conv_output_0_QuantizeLinear_Output",
        "onnx::Conv_519_scale",
        "/layer4/layer4.0/conv3/Conv_output_0_zero_point"
      ],
      "output": [
        "/layer4/layer4.0/conv3/Conv_output_0_DequantizeLinear_Output"
      ]
    },
    {
      "device": "CPU",
      "opType": "Add",
      "input": [
        "/layer4/layer4.0/conv3/Conv_output_0_DequantizeLinear_Output",
        "/layer4/layer4.0/downsample/downsample.0/Conv_output_0_DequantizeLinear_Output"
      ],
      "output": [
        "/layer4/layer4.0/Add_output_0"
      ]
    },
    {
      "device": "CPU",
      "opType": "Relu",
      "input": [
        "/layer4/layer4.0/Add_output_0"
      ],
      "output": [
        "/layer4/layer4.0/act3/Relu_output_0"
      ]
    },
    {
      "device": "CPU",
      "opType": "QuantizeLinear",
      "input": [
        "/layer4/layer4.0/act3/Relu_output_0",
        "onnx::Conv_519_scale",
        "/layer4/layer4.0/act3/Relu_output_0_zero_point"
      ],
      "output": [
        "/layer4/layer4.0/act3/Relu_output_0_QuantizeLinear_Output"
      ]
    },
    {
      "device": "CPU",
      "opType": "DequantizeLinear",
      "input": [
        "/layer4/layer4.0/act3/Relu_output_0_QuantizeLinear_Output",
        "onnx::Conv_519_scale",
        "/layer4/layer4.0/act3/Relu_output_0_zero_point"
      ],
      "output": [
        "/layer4/layer4.0/act3/Relu_output_0_DequantizeLinear_Output/duplicated"
      ]
    },
    {
      "device": "CPU",
      "opType": "DequantizeLinear",
      "input": [
        "/layer4/layer4.0/act3/Relu_output_0_QuantizeLinear_Output",
        "onnx::Conv_519_scale",
        "/layer4/layer4.0/act3/Relu_output_0_zero_point"
      ],
      "output": [
        "/layer4/layer4.0/act3/Relu_output_0_DequantizeLinear_Output"
      ]
    },
    {
      "device": "CPU",
      "opType": "DequantizeLinear",
      "input": [
        "onnx::Conv_639_quantized",
        "/layer2/layer2.2/act1/Relu_output_0_scale",
        "onnx::Conv_639_zero_point"
      ],
      "output": [
        "onnx::Conv_639_DequantizeLinear_Output"
      ]
    },
    {
      "device": "CPU",
      "opType": "DequantizeLinear",
      "input": [
        "onnx::Conv_638_quantized",
        "onnx::Conv_575_scale",
        "onnx::Conv_638_zero_point"
      ],
      "output": [
        "onnx::Conv_638_DequantizeLinear_Output"
      ]
    },
    {
      "device": "CPU",
      "opType": "Conv",
      "input": [
        "/layer4/layer4.0/act3/Relu_output_0_DequantizeLinear_Output",
        "onnx::Conv_638_DequantizeLinear_Output",
        "onnx::Conv_639_DequantizeLinear_Output"
      ],
      "output": [
        "/layer4/layer4.1/conv1/Conv_output_0"
      ]
    },
    {
      "device": "CPU",
      "opType": "Relu",
      "input": [
        "/layer4/layer4.1/conv1/Conv_output_0"
      ],
      "output": [
        "/layer4/layer4.1/act1/Relu_output_0"
      ]
    },
    {
      "device": "CPU",
      "opType": "QuantizeLinear",
      "input": [
        "/layer4/layer4.1/act1/Relu_output_0",
        "/layer3/layer3.5/conv3/Conv_output_0_scale",
        "/layer4/layer4.1/act1/Relu_output_0_zero_point"
      ],
      "output": [
        "/layer4/layer4.1/act1/Relu_output_0_QuantizeLinear_Output"
      ]
    },
    {
      "device": "CPU",
      "opType": "DequantizeLinear",
      "input": [
        "/layer4/layer4.1/act1/Relu_output_0_QuantizeLinear_Output",
        "/layer3/layer3.5/conv3/Conv_output_0_scale",
        "/layer4/layer4.1/act1/Relu_output_0_zero_point"
      ],
      "output": [
        "/layer4/layer4.1/act1/Relu_output_0_DequantizeLinear_Output"
      ]
    },
    {
      "device": "CPU",
      "opType": "DequantizeLinear",
      "input": [
        "onnx::Conv_642_quantized",
        "onnx::Conv_519_scale",
        "onnx::Conv_642_zero_point"
      ],
      "output": [
        "onnx::Conv_642_DequantizeLinear_Output"
      ]
    },
    {
      "device": "CPU",
      "opType": "DequantizeLinear",
      "input": [
        "onnx::Conv_641_quantized",
        "onnx::Conv_617_scale",
        "onnx::Conv_641_zero_point"
      ],
      "output": [
        "onnx::Conv_641_DequantizeLinear_Output"
      ]
    },
    {
      "device": "CPU",
      "opType": "Conv",
      "input": [
        "/layer4/layer4.1/act1/Relu_output_0_DequantizeLinear_Output",
        "onnx::Conv_641_DequantizeLinear_Output",
        "onnx::Conv_642_DequantizeLinear_Output"
      ],
      "output": [
        "/layer4/layer4.1/conv2/Conv_output_0"
      ]
    },
    {
      "device": "CPU",
      "opType": "Relu",
      "input": [
        "/layer4/layer4.1/conv2/Conv_output_0"
      ],
      "output": [
        "/layer4/layer4.1/act2/Relu_output_0"
      ]
    },
    {
      "device": "CPU",
      "opType": "QuantizeLinear",
      "input": [
        "/layer4/layer4.1/act2/Relu_output_0",
        "onnx::Conv_519_scale",
        "/layer4/layer4.1/act2/Relu_output_0_zero_point"
      ],
      "output": [
        "/layer4/layer4.1/act2/Relu_output_0_QuantizeLinear_Output"
      ]
    },
    {
      "device": "CPU",
      "opType": "DequantizeLinear",
      "input": [
        "/layer4/layer4.1/act2/Relu_output_0_QuantizeLinear_Output",
        "onnx::Conv_519_scale",
        "/layer4/layer4.1/act2/Relu_output_0_zero_point"
      ],
      "output": [
        "/layer4/layer4.1/act2/Relu_output_0_DequantizeLinear_Output"
      ]
    },
    {
      "device": "CPU",
      "opType": "DequantizeLinear",
      "input": [
        "onnx::Conv_645_quantized",
        "onnx::Conv_519_scale",
        "onnx::Conv_645_zero_point"
      ],
      "output": [
        "onnx::Conv_645_DequantizeLinear_Output"
      ]
    },
    {
      "device": "CPU",
      "opType": "DequantizeLinear",
      "input": [
        "onnx::Conv_644_quantized",
        "onnx::Conv_575_scale",
        "onnx::Conv_644_zero_point"
      ],
      "output": [
        "onnx::Conv_644_DequantizeLinear_Output"
      ]
    },
    {
      "device": "CPU",
      "opType": "Conv",
      "input": [
        "/layer4/layer4.1/act2/Relu_output_0_DequantizeLinear_Output",
        "onnx::Conv_644_DequantizeLinear_Output",
        "onnx::Conv_645_DequantizeLinear_Output"
      ],
      "output": [
        "/layer4/layer4.1/conv3/Conv_output_0"
      ]
    },
    {
      "device": "CPU",
      "opType": "QuantizeLinear",
      "input": [
        "/layer4/layer4.1/conv3/Conv_output_0",
        "onnx::Conv_519_scale",
        "/layer4/layer4.1/conv3/Conv_output_0_zero_point"
      ],
      "output": [
        "/layer4/layer4.1/conv3/Conv_output_0_QuantizeLinear_Output"
      ]
    },
    {
      "device": "CPU",
      "opType": "DequantizeLinear",
      "input": [
        "/layer4/layer4.1/conv3/Conv_output_0_QuantizeLinear_Output",
        "onnx::Conv_519_scale",
        "/layer4/layer4.1/conv3/Conv_output_0_zero_point"
      ],
      "output": [
        "/layer4/layer4.1/conv3/Conv_output_0_DequantizeLinear_Output"
      ]
    },
    {
      "device": "CPU",
      "opType": "Add",
      "input": [
        "/layer4/layer4.1/conv3/Conv_output_0_DequantizeLinear_Output",
        "/layer4/layer4.0/act3/Relu_output_0_DequantizeLinear_Output/duplicated"
      ],
      "output": [
        "/layer4/layer4.1/Add_output_0"
      ]
    },
    {
      "device": "CPU",
      "opType": "Relu",
      "input": [
        "/layer4/layer4.1/Add_output_0"
      ],
      "output": [
        "/layer4/layer4.1/act3/Relu_output_0"
      ]
    },
    {
      "device": "CPU",
      "opType": "QuantizeLinear",
      "input": [
        "/layer4/layer4.1/act3/Relu_output_0",
        "onnx::Conv_519_scale",
        "/layer4/layer4.1/act3/Relu_output_0_zero_point"
      ],
      "output": [
        "/layer4/layer4.1/act3/Relu_output_0_QuantizeLinear_Output"
      ]
    },
    {
      "device": "CPU",
      "opType": "DequantizeLinear",
      "input": [
        "/layer4/layer4.1/act3/Relu_output_0_QuantizeLinear_Output",
        "onnx::Conv_519_scale",
        "/layer4/layer4.1/act3/Relu_output_0_zero_point"
      ],
      "output": [
        "/layer4/layer4.1/act3/Relu_output_0_DequantizeLinear_Output/duplicated"
      ]
    },
    {
      "device": "CPU",
      "opType": "DequantizeLinear",
      "input": [
        "/layer4/layer4.1/act3/Relu_output_0_QuantizeLinear_Output",
        "onnx::Conv_519_scale",
        "/layer4/layer4.1/act3/Relu_output_0_zero_point"
      ],
      "output": [
        "/layer4/layer4.1/act3/Relu_output_0_DequantizeLinear_Output"
      ]
    },
    {
      "device": "CPU",
      "opType": "DequantizeLinear",
      "input": [
        "onnx::Conv_648_quantized",
        "onnx::Conv_519_scale",
        "onnx::Conv_648_zero_point"
      ],
      "output": [
        "onnx::Conv_648_DequantizeLinear_Output"
      ]
    },
    {
      "device": "CPU",
      "opType": "DequantizeLinear",
      "input": [
        "onnx::Conv_647_quantized",
        "onnx::Conv_575_scale",
        "onnx::Conv_647_zero_point"
      ],
      "output": [
        "onnx::Conv_647_DequantizeLinear_Output"
      ]
    },
    {
      "device": "CPU",
      "opType": "Conv",
      "input": [
        "/layer4/layer4.1/act3/Relu_output_0_DequantizeLinear_Output",
        "onnx::Conv_647_DequantizeLinear_Output",
        "onnx::Conv_648_DequantizeLinear_Output"
      ],
      "output": [
        "/layer4/layer4.2/conv1/Conv_output_0"
      ]
    },
    {
      "device": "CPU",
      "opType": "Relu",
      "input": [
        "/layer4/layer4.2/conv1/Conv_output_0"
      ],
      "output": [
        "/layer4/layer4.2/act1/Relu_output_0"
      ]
    },
    {
      "device": "CPU",
      "opType": "QuantizeLinear",
      "input": [
        "/layer4/layer4.2/act1/Relu_output_0",
        "onnx::Conv_519_scale",
        "/layer4/layer4.2/act1/Relu_output_0_zero_point"
      ],
      "output": [
        "/layer4/layer4.2/act1/Relu_output_0_QuantizeLinear_Output"
      ]
    },
    {
      "device": "CPU",
      "opType": "DequantizeLinear",
      "input": [
        "/layer4/layer4.2/act1/Relu_output_0_QuantizeLinear_Output",
        "onnx::Conv_519_scale",
        "/layer4/layer4.2/act1/Relu_output_0_zero_point"
      ],
      "output": [
        "/layer4/layer4.2/act1/Relu_output_0_DequantizeLinear_Output"
      ]
    },
    {
      "device": "CPU",
      "opType": "DequantizeLinear",
      "input": [
        "onnx::Conv_651_quantized",
        "/layer2/layer2.2/act1/Relu_output_0_scale",
        "onnx::Conv_651_zero_point"
      ],
      "output": [
        "onnx::Conv_651_DequantizeLinear_Output"
      ]
    },
    {
      "device": "CPU",
      "opType": "DequantizeLinear",
      "input": [
        "onnx::Conv_650_quantized",
        "onnx::Conv_581_scale",
        "onnx::Conv_650_zero_point"
      ],
      "output": [
        "onnx::Conv_650_DequantizeLinear_Output"
      ]
    },
    {
      "device": "CPU",
      "opType": "Conv",
      "input": [
        "/layer4/layer4.2/act1/Relu_output_0_DequantizeLinear_Output",
        "onnx::Conv_650_DequantizeLinear_Output",
        "onnx::Conv_651_DequantizeLinear_Output"
      ],
      "output": [
        "/layer4/layer4.2/conv2/Conv_output_0"
      ]
    },
    {
      "device": "CPU",
      "opType": "Relu",
      "input": [
        "/layer4/layer4.2/conv2/Conv_output_0"
      ],
      "output": [
        "/layer4/layer4.2/act2/Relu_output_0"
      ]
    },
    {
      "device": "CPU",
      "opType": "QuantizeLinear",
      "input": [
        "/layer4/layer4.2/act2/Relu_output_0",
        "onnx::Conv_519_scale",
        "/layer4/layer4.2/act2/Relu_output_0_zero_point"
      ],
      "output": [
        "/layer4/layer4.2/act2/Relu_output_0_QuantizeLinear_Output"
      ]
    },
    {
      "device": "CPU",
      "opType": "DequantizeLinear",
      "input": [
        "/layer4/layer4.2/act2/Relu_output_0_QuantizeLinear_Output",
        "onnx::Conv_519_scale",
        "/layer4/layer4.2/act2/Relu_output_0_zero_point"
      ],
      "output": [
        "/layer4/layer4.2/act2/Relu_output_0_DequantizeLinear_Output"
      ]
    },
    {
      "device": "CPU",
      "opType": "DequantizeLinear",
      "input": [
        "onnx::Conv_654_quantized",
        "onnx::Conv_519_scale",
        "onnx::Conv_654_zero_point"
      ],
      "output": [
        "onnx::Conv_654_DequantizeLinear_Output"
      ]
    },
    {
      "device": "CPU",
      "opType": "DequantizeLinear",
      "input": [
        "onnx::Conv_653_quantized",
        "onnx::Conv_575_scale",
        "onnx::Conv_653_zero_point"
      ],
      "output": [
        "onnx::Conv_653_DequantizeLinear_Output"
      ]
    },
    {
      "device": "CPU",
      "opType": "Conv",
      "input": [
        "/layer4/layer4.2/act2/Relu_output_0_DequantizeLinear_Output",
        "onnx::Conv_653_DequantizeLinear_Output",
        "onnx::Conv_654_DequantizeLinear_Output"
      ],
      "output": [
        "/layer4/layer4.2/conv3/Conv_output_0"
      ]
    },
    {
      "device": "CPU",
      "opType": "QuantizeLinear",
      "input": [
        "/layer4/layer4.2/conv3/Conv_output_0",
        "onnx::Conv_519_scale",
        "/layer4/layer4.2/conv3/Conv_output_0_zero_point"
      ],
      "output": [
        "/layer4/layer4.2/conv3/Conv_output_0_QuantizeLinear_Output"
      ]
    },
    {
      "device": "CPU",
      "opType": "DequantizeLinear",
      "input": [
        "/layer4/layer4.2/conv3/Conv_output_0_QuantizeLinear_Output",
        "onnx::Conv_519_scale",
        "/layer4/layer4.2/conv3/Conv_output_0_zero_point"
      ],
      "output": [
        "/layer4/layer4.2/conv3/Conv_output_0_DequantizeLinear_Output"
      ]
    },
    {
      "device": "CPU",
      "opType": "Add",
      "input": [
        "/layer4/layer4.2/conv3/Conv_output_0_DequantizeLinear_Output",
        "/layer4/layer4.1/act3/Relu_output_0_DequantizeLinear_Output/duplicated"
      ],
      "output": [
        "/layer4/layer4.2/Add_output_0"
      ]
    },
    {
      "device": "CPU",
      "opType": "Relu",
      "input": [
        "/layer4/layer4.2/Add_output_0"
      ],
      "output": [
        "/layer4/layer4.2/act3/Relu_output_0"
      ]
    },
    {
      "device": "CPU",
      "opType": "QuantizeLinear",
      "input": [
        "/layer4/layer4.2/act3/Relu_output_0",
        "/layer3/layer3.5/conv3/Conv_output_0_scale",
        "/layer4/layer4.2/act3/Relu_output_0_zero_point"
      ],
      "output": [
        "/layer4/layer4.2/act3/Relu_output_0_QuantizeLinear_Output"
      ]
    },
    {
      "device": "CPU",
      "opType": "DequantizeLinear",
      "input": [
        "/layer4/layer4.2/act3/Relu_output_0_QuantizeLinear_Output",
        "/layer3/layer3.5/conv3/Conv_output_0_scale",
        "/layer4/layer4.2/act3/Relu_output_0_zero_point"
      ],
      "output": [
        "/layer4/layer4.2/act3/Relu_output_0_DequantizeLinear_Output"
      ]
    },
    {
      "device": "CPU",
      "opType": "GlobalAveragePool",
      "input": [
        "/layer4/layer4.2/act3/Relu_output_0_DequantizeLinear_Output"
      ],
      "output": [
        "/global_pool/pool/GlobalAveragePool_output_0_Mul"
      ]
    },
    {
      "device": "CPU",
      "opType": "Mul",
      "input": [
        "/global_pool/pool/GlobalAveragePool_output_0_Mul",
        "/global_pool/pool/GlobalAveragePool_output_0_Scale"
      ],
      "output": [
        "/global_pool/pool/GlobalAveragePool_output_0"
      ]
    },
    {
      "device": "CPU",
      "opType": "QuantizeLinear",
      "input": [
        "/global_pool/pool/GlobalAveragePool_output_0",
        "/layer3/layer3.5/conv3/Conv_output_0_scale",
        "/global_pool/pool/GlobalAveragePool_output_0_zero_point"
      ],
      "output": [
        "/global_pool/pool/GlobalAveragePool_output_0_QuantizeLinear_Output"
      ]
    },
    {
      "device": "CPU",
      "opType": "DequantizeLinear",
      "input": [
        "/global_pool/pool/GlobalAveragePool_output_0_QuantizeLinear_Output",
        "/layer3/layer3.5/conv3/Conv_output_0_scale",
        "/global_pool/pool/GlobalAveragePool_output_0_zero_point"
      ],
      "output": [
        "/global_pool/pool/GlobalAveragePool_output_0_DequantizeLinear_Output"
      ]
    },
    {
      "device": "CPU",
      "opType": "Flatten",
      "input": [
        "/global_pool/pool/GlobalAveragePool_output_0_DequantizeLinear_Output"
      ],
      "output": [
        "/global_pool/flatten/Flatten_output_0"
      ]
    },
    {
      "device": "CPU",
      "opType": "QuantizeLinear",
      "input": [
        "/global_pool/flatten/Flatten_output_0",
        "onnx::Conv_518_scale",
        "/global_pool/flatten/Flatten_output_0_zero_point"
      ],
      "output": [
        "/global_pool/flatten/Flatten_output_0_QuantizeLinear_Output"
      ]
    },
    {
      "device": "CPU",
      "opType": "DequantizeLinear",
      "input": [
        "/global_pool/flatten/Flatten_output_0_QuantizeLinear_Output",
        "onnx::Conv_518_scale",
        "/global_pool/flatten/Flatten_output_0_zero_point"
      ],
      "output": [
        "/global_pool/flatten/Flatten_output_0_DequantizeLinear_Output"
      ]
    },
    {
      "device": "CPU",
      "opType": "DequantizeLinear",
      "input": [
        "fc.bias_quantized",
        "onnx::Conv_518_scale",
        "fc.bias_zero_point"
      ],
      "output": [
        "fc.bias_DequantizeLinear_Output"
      ]
    },
    {
      "device": "CPU",
      "opType": "DequantizeLinear",
      "input": [
        "fc.weight_quantized",
        "onnx::Conv_518_scale",
        "fc.weight_zero_point"
      ],
      "output": [
        "fc.weight_DequantizeLinear_Output"
      ]
    },
    {
      "device": "CPU",
      "opType": "Gemm",
      "input": [
        "/global_pool/flatten/Flatten_output_0_DequantizeLinear_Output",
        "fc.weight_DequantizeLinear_Output",
        "fc.bias_DequantizeLinear_Output"
      ],
      "output": [
        "output_QuantizeLinear_Input"
      ]
    },
    {
      "device": "CPU",
      "opType": "QuantizeLinear",
      "input": [
        "output_QuantizeLinear_Input",
        "onnx::Conv_519_scale",
        "output_zero_point"
      ],
      "output": [
        "output_QuantizeLinear_Output"
      ]
    },
    {
      "device": "CPU",
      "opType": "DequantizeLinear",
      "input": [
        "output_QuantizeLinear_Output",
        "onnx::Conv_519_scale",
        "output_zero_point"
      ],
      "output": [
        "output"
      ]
    }
  ],
  "deviceStat": [
    {
      "name": "all",
      "nodeNum": 395,
      "supportedOpType": [
        "::Add",
        "::Conv",
        "::Flatten",
        "::Gemm",
        "::GlobalAveragePool",
        "::MaxPool",
        "::Mul",
        "::Relu",
        "com.microsoft::DequantizeLinear",
        "com.microsoft::QuantizeLinear"
      ]
    },
    {
      "name": "CPU",
      "nodeNum": 123,
      "supportedOpType": [
        "::Add",
        "::Conv",
        "::Flatten",
        "::Gemm",
        "::GlobalAveragePool",
        "::MaxPool",
        "::Mul",
        "::Relu"
      ]
    },
    {
      "name": "VITIS_EP_CPU",
      "nodeNum": 272,
      "supportedOpType": [
        "com.microsoft::DequantizeLinear",
        "com.microsoft::QuantizeLinear"
      ]
    }
  ]
}
PROBE_RESULT {
  "status": "completed",
  "machine": "Desktop 2 / Ryzen 7 8700G",
  "mutation": {
    "name": "domain_msft",
    "note": "Move all Q/DQ nodes to com.microsoft opset 1; parameters unchanged.",
    "changed_initializers": [],
    "changed_nodes": [
      "/act1/Relu_output_0_DequantizeLinear",
      "/act1/Relu_output_0_QuantizeLinear",
      "/global_pool/flatten/Flatten_output_0_DequantizeLinear",
      "/global_pool/flatten/Flatten_output_0_QuantizeLinear",
      "/global_pool/pool/GlobalAveragePool_output_0_DequantizeLinear",
      "/global_pool/pool/GlobalAveragePool_output_0_QuantizeLinear",
      "/layer1/layer1.0/act1/Relu_output_0_DequantizeLinear",
      "/layer1/layer1.0/act1/Relu_output_0_QuantizeLinear",
      "/layer1/layer1.0/act2/Relu_output_0_DequantizeLinear",
      "/layer1/layer1.0/act2/Relu_output_0_QuantizeLinear",
      "/layer1/layer1.0/act3/Relu_output_0_DequantizeLinear",
      "/layer1/layer1.0/act3/Relu_output_0_QuantizeLinear",
      "/layer1/layer1.0/conv3/Conv_output_0_DequantizeLinear",
      "/layer1/layer1.0/conv3/Conv_output_0_QuantizeLinear",
      "/layer1/layer1.0/downsample/downsample.0/Conv_output_0_DequantizeLinear",
      "/layer1/layer1.0/downsample/downsample.0/Conv_output_0_QuantizeLinear",
      "/layer1/layer1.1/act1/Relu_output_0_DequantizeLinear",
      "/layer1/layer1.1/act1/Relu_output_0_QuantizeLinear",
      "/layer1/layer1.1/act2/Relu_output_0_DequantizeLinear",
      "/layer1/layer1.1/act2/Relu_output_0_QuantizeLinear",
      "/layer1/layer1.1/act3/Relu_output_0_DequantizeLinear",
      "/layer1/layer1.1/act3/Relu_output_0_QuantizeLinear",
      "/layer1/layer1.1/conv3/Conv_output_0_DequantizeLinear",
      "/layer1/layer1.1/conv3/Conv_output_0_QuantizeLinear",
      "/layer1/layer1.2/act1/Relu_output_0_DequantizeLinear",
      "/layer1/layer1.2/act1/Relu_output_0_QuantizeLinear",
      "/layer1/layer1.2/act2/Relu_output_0_DequantizeLinear",
      "/layer1/layer1.2/act2/Relu_output_0_QuantizeLinear",
      "/layer1/layer1.2/act3/Relu_output_0_DequantizeLinear",
      "/layer1/layer1.2/act3/Relu_output_0_QuantizeLinear",
      "/layer1/layer1.2/conv3/Conv_output_0_DequantizeLinear",
      "/layer1/layer1.2/conv3/Conv_output_0_QuantizeLinear",
      "/layer2/layer2.0/act1/Relu_output_0_DequantizeLinear",
      "/layer2/layer2.0/act1/Relu_output_0_QuantizeLinear",
      "/layer2/layer2.0/act2/Relu_output_0_DequantizeLinear",
      "/layer2/layer2.0/act2/Relu_output_0_QuantizeLinear",
      "/layer2/layer2.0/act3/Relu_output_0_DequantizeLinear",
      "/layer2/layer2.0/act3/Relu_output_0_QuantizeLinear",
      "/layer2/layer2.0/conv3/Conv_output_0_DequantizeLinear",
      "/layer2/layer2.0/conv3/Conv_output_0_QuantizeLinear",
      "/layer2/layer2.0/downsample/downsample.0/Conv_output_0_DequantizeLinear",
      "/layer2/layer2.0/downsample/downsample.0/Conv_output_0_QuantizeLinear",
      "/layer2/layer2.1/act1/Relu_output_0_DequantizeLinear",
      "/layer2/layer2.1/act1/Relu_output_0_QuantizeLinear",
      "/layer2/layer2.1/act2/Relu_output_0_DequantizeLinear",
      "/layer2/layer2.1/act2/Relu_output_0_QuantizeLinear",
      "/layer2/layer2.1/act3/Relu_output_0_DequantizeLinear",
      "/layer2/layer2.1/act3/Relu_output_0_QuantizeLinear",
      "/layer2/layer2.1/conv3/Conv_output_0_DequantizeLinear",
      "/layer2/layer2.1/conv3/Conv_output_0_QuantizeLinear",
      "/layer2/layer2.2/act1/Relu_output_0_DequantizeLinear",
      "/layer2/layer2.2/act1/Relu_output_0_QuantizeLinear",
      "/layer2/layer2.2/act2/Relu_output_0_DequantizeLinear",
      "/layer2/layer2.2/act2/Relu_output_0_QuantizeLinear",
      "/layer2/layer2.2/act3/Relu_output_0_DequantizeLinear",
      "/layer2/layer2.2/act3/Relu_output_0_QuantizeLinear",
      "/layer2/layer2.2/conv3/Conv_output_0_DequantizeLinear",
      "/layer2/layer2.2/conv3/Conv_output_0_QuantizeLinear",
      "/layer2/layer2.3/act1/Relu_output_0_DequantizeLinear",
      "/layer2/layer2.3/act1/Relu_output_0_QuantizeLinear",
      "/layer2/layer2.3/act2/Relu_output_0_DequantizeLinear",
      "/layer2/layer2.3/act2/Relu_output_0_QuantizeLinear",
      "/layer2/layer2.3/act3/Relu_output_0_DequantizeLinear",
      "/layer2/layer2.3/act3/Relu_output_0_QuantizeLinear",
      "/layer2/layer2.3/conv3/Conv_output_0_DequantizeLinear",
      "/layer2/layer2.3/conv3/Conv_output_0_QuantizeLinear",
      "/layer3/layer3.0/act1/Relu_output_0_DequantizeLinear",
      "/layer3/layer3.0/act1/Relu_output_0_QuantizeLinear",
      "/layer3/layer3.0/act2/Relu_output_0_DequantizeLinear",
      "/layer3/layer3.0/act2/Relu_output_0_QuantizeLinear",
      "/layer3/layer3.0/act3/Relu_output_0_DequantizeLinear",
      "/layer3/layer3.0/act3/Relu_output_0_QuantizeLinear",
      "/layer3/layer3.0/conv3/Conv_output_0_DequantizeLinear",
      "/layer3/layer3.0/conv3/Conv_output_0_QuantizeLinear",
      "/layer3/layer3.0/downsample/downsample.0/Conv_output_0_DequantizeLinear",
      "/layer3/layer3.0/downsample/downsample.0/Conv_output_0_QuantizeLinear",
      "/layer3/layer3.1/act1/Relu_output_0_DequantizeLinear",
      "/layer3/layer3.1/act1/Relu_output_0_QuantizeLinear",
      "/layer3/layer3.1/act2/Relu_output_0_DequantizeLinear",
      "/layer3/layer3.1/act2/Relu_output_0_QuantizeLinear",
      "/layer3/layer3.1/act3/Relu_output_0_DequantizeLinear",
      "/layer3/layer3.1/act3/Relu_output_0_QuantizeLinear",
      "/layer3/layer3.1/conv3/Conv_output_0_DequantizeLinear",
      "/layer3/layer3.1/conv3/Conv_output_0_QuantizeLinear",
      "/layer3/layer3.2/act1/Relu_output_0_DequantizeLinear",
      "/layer3/layer3.2/act1/Relu_output_0_QuantizeLinear",
      "/layer3/layer3.2/act2/Relu_output_0_DequantizeLinear",
      "/layer3/layer3.2/act2/Relu_output_0_QuantizeLinear",
      "/layer3/layer3.2/act3/Relu_output_0_DequantizeLinear",
      "/layer3/layer3.2/act3/Relu_output_0_QuantizeLinear",
      "/layer3/layer3.2/conv3/Conv_output_0_DequantizeLinear",
      "/layer3/layer3.2/conv3/Conv_output_0_QuantizeLinear",
      "/layer3/layer3.3/act1/Relu_output_0_DequantizeLinear",
      "/layer3/layer3.3/act1/Relu_output_0_QuantizeLinear",
      "/layer3/layer3.3/act2/Relu_output_0_DequantizeLinear",
      "/layer3/layer3.3/act2/Relu_output_0_QuantizeLinear",
      "/layer3/layer3.3/act3/Relu_output_0_DequantizeLinear",
      "/layer3/layer3.3/act3/Relu_output_0_QuantizeLinear",
      "/layer3/layer3.3/conv3/Conv_output_0_DequantizeLinear",
      "/layer3/layer3.3/conv3/Conv_output_0_QuantizeLinear",
      "/layer3/layer3.4/act1/Relu_output_0_DequantizeLinear",
      "/layer3/layer3.4/act1/Relu_output_0_QuantizeLinear",
      "/layer3/layer3.4/act2/Relu_output_0_DequantizeLinear",
      "/layer3/layer3.4/act2/Relu_output_0_QuantizeLinear",
      "/layer3/layer3.4/act3/Relu_output_0_DequantizeLinear",
      "/layer3/layer3.4/act3/Relu_output_0_QuantizeLinear",
      "/layer3/layer3.4/conv3/Conv_output_0_DequantizeLinear",
      "/layer3/layer3.4/conv3/Conv_output_0_QuantizeLinear",
      "/layer3/layer3.5/act1/Relu_output_0_DequantizeLinear",
      "/layer3/layer3.5/act1/Relu_output_0_QuantizeLinear",
      "/layer3/layer3.5/act2/Relu_output_0_DequantizeLinear",
      "/layer3/layer3.5/act2/Relu_output_0_QuantizeLinear",
      "/layer3/layer3.5/act3/Relu_output_0_DequantizeLinear",
      "/layer3/layer3.5/act3/Relu_output_0_QuantizeLinear",
      "/layer3/layer3.5/conv3/Conv_output_0_DequantizeLinear",
      "/layer3/layer3.5/conv3/Conv_output_0_QuantizeLinear",
      "/layer4/layer4.0/act1/Relu_output_0_DequantizeLinear",
      "/layer4/layer4.0/act1/Relu_output_0_QuantizeLinear",
      "/layer4/layer4.0/act2/Relu_output_0_DequantizeLinear",
      "/layer4/layer4.0/act2/Relu_output_0_QuantizeLinear",
      "/layer4/layer4.0/act3/Relu_output_0_DequantizeLinear",
      "/layer4/layer4.0/act3/Relu_output_0_QuantizeLinear",
      "/layer4/layer4.0/conv3/Conv_output_0_DequantizeLinear",
      "/layer4/layer4.0/conv3/Conv_output_0_QuantizeLinear",
      "/layer4/layer4.0/downsample/downsample.0/Conv_output_0_DequantizeLinear",
      "/layer4/layer4.0/downsample/downsample.0/Conv_output_0_QuantizeLinear",
      "/layer4/layer4.1/act1/Relu_output_0_DequantizeLinear",
      "/layer4/layer4.1/act1/Relu_output_0_QuantizeLinear",
      "/layer4/layer4.1/act2/Relu_output_0_DequantizeLinear",
      "/layer4/layer4.1/act2/Relu_output_0_QuantizeLinear",
      "/layer4/layer4.1/act3/Relu_output_0_DequantizeLinear",
      "/layer4/layer4.1/act3/Relu_output_0_QuantizeLinear",
      "/layer4/layer4.1/conv3/Conv_output_0_DequantizeLinear",
      "/layer4/layer4.1/conv3/Conv_output_0_QuantizeLinear",
      "/layer4/layer4.2/act1/Relu_output_0_DequantizeLinear",
      "/layer4/layer4.2/act1/Relu_output_0_QuantizeLinear",
      "/layer4/layer4.2/act2/Relu_output_0_DequantizeLinear",
      "/layer4/layer4.2/act2/Relu_output_0_QuantizeLinear",
      "/layer4/layer4.2/act3/Relu_output_0_DequantizeLinear",
      "/layer4/layer4.2/act3/Relu_output_0_QuantizeLinear",
      "/layer4/layer4.2/conv3/Conv_output_0_DequantizeLinear",
      "/layer4/layer4.2/conv3/Conv_output_0_QuantizeLinear",
      "/maxpool/MaxPool_output_0_DequantizeLinear",
      "/maxpool/MaxPool_output_0_QuantizeLinear",
      "fc.bias_DequantizeLinear",
      "fc.weight_DequantizeLinear",
      "input_DequantizeLinear",
      "input_QuantizeLinear",
      "onnx::Conv_497_DequantizeLinear",
      "onnx::Conv_498_DequantizeLinear",
      "onnx::Conv_500_DequantizeLinear",
      "onnx::Conv_501_DequantizeLinear",
      "onnx::Conv_503_DequantizeLinear",
      "onnx::Conv_504_DequantizeLinear",
      "onnx::Conv_506_DequantizeLinear",
      "onnx::Conv_507_DequantizeLinear",
      "onnx::Conv_509_DequantizeLinear",
      "onnx::Conv_510_DequantizeLinear",
      "onnx::Conv_512_DequantizeLinear",
      "onnx::Conv_513_DequantizeLinear",
      "onnx::Conv_515_DequantizeLinear",
      "onnx::Conv_516_DequantizeLinear",
      "onnx::Conv_518_DequantizeLinear",
      "onnx::Conv_519_DequantizeLinear",
      "onnx::Conv_521_DequantizeLinear",
      "onnx::Conv_522_DequantizeLinear",
      "onnx::Conv_524_DequantizeLinear",
      "onnx::Conv_525_DequantizeLinear",
      "onnx::Conv_527_DequantizeLinear",
      "onnx::Conv_528_DequantizeLinear",
      "onnx::Conv_530_DequantizeLinear",
      "onnx::Conv_531_DequantizeLinear",
      "onnx::Conv_533_DequantizeLinear",
      "onnx::Conv_534_DequantizeLinear",
      "onnx::Conv_536_DequantizeLinear",
      "onnx::Conv_537_DequantizeLinear",
      "onnx::Conv_539_DequantizeLinear",
      "onnx::Conv_540_DequantizeLinear",
      "onnx::Conv_542_DequantizeLinear",
      "onnx::Conv_543_DequantizeLinear",
      "onnx::Conv_545_DequantizeLinear",
      "onnx::Conv_546_DequantizeLinear",
      "onnx::Conv_548_DequantizeLinear",
      "onnx::Conv_549_DequantizeLinear",
      "onnx::Conv_551_DequantizeLinear",
      "onnx::Conv_552_DequantizeLinear",
      "onnx::Conv_554_DequantizeLinear",
      "onnx::Conv_555_DequantizeLinear",
      "onnx::Conv_557_DequantizeLinear",
      "onnx::Conv_558_DequantizeLinear",
      "onnx::Conv_560_DequantizeLinear",
      "onnx::Conv_561_DequantizeLinear",
      "onnx::Conv_563_DequantizeLinear",
      "onnx::Conv_564_DequantizeLinear",
      "onnx::Conv_566_DequantizeLinear",
      "onnx::Conv_567_DequantizeLinear",
      "onnx::Conv_569_DequantizeLinear",
      "onnx::Conv_570_DequantizeLinear",
      "onnx::Conv_572_DequantizeLinear",
      "onnx::Conv_573_DequantizeLinear",
      "onnx::Conv_575_DequantizeLinear",
      "onnx::Conv_576_DequantizeLinear",
      "onnx::Conv_578_DequantizeLinear",
      "onnx::Conv_579_DequantizeLinear",
      "onnx::Conv_581_DequantizeLinear",
      "onnx::Conv_582_DequantizeLinear",
      "onnx::Conv_584_DequantizeLinear",
      "onnx::Conv_585_DequantizeLinear",
      "onnx::Conv_587_DequantizeLinear",
      "onnx::Conv_588_DequantizeLinear",
      "onnx::Conv_590_DequantizeLinear",
      "onnx::Conv_591_DequantizeLinear",
      "onnx::Conv_593_DequantizeLinear",
      "onnx::Conv_594_DequantizeLinear",
      "onnx::Conv_596_DequantizeLinear",
      "onnx::Conv_597_DequantizeLinear",
      "onnx::Conv_599_DequantizeLinear",
      "onnx::Conv_600_DequantizeLinear",
      "onnx::Conv_602_DequantizeLinear",
      "onnx::Conv_603_DequantizeLinear",
      "onnx::Conv_605_DequantizeLinear",
      "onnx::Conv_606_DequantizeLinear",
      "onnx::Conv_608_DequantizeLinear",
      "onnx::Conv_609_DequantizeLinear",
      "onnx::Conv_611_DequantizeLinear",
      "onnx::Conv_612_DequantizeLinear",
      "onnx::Conv_614_DequantizeLinear",
      "onnx::Conv_615_DequantizeLinear",
      "onnx::Conv_617_DequantizeLinear",
      "onnx::Conv_618_DequantizeLinear",
      "onnx::Conv_620_DequantizeLinear",
      "onnx::Conv_621_DequantizeLinear",
      "onnx::Conv_623_DequantizeLinear",
      "onnx::Conv_624_DequantizeLinear",
      "onnx::Conv_626_DequantizeLinear",
      "onnx::Conv_627_DequantizeLinear",
      "onnx::Conv_629_DequantizeLinear",
      "onnx::Conv_630_DequantizeLinear",
      "onnx::Conv_632_DequantizeLinear",
      "onnx::Conv_633_DequantizeLinear",
      "onnx::Conv_635_DequantizeLinear",
      "onnx::Conv_636_DequantizeLinear",
      "onnx::Conv_638_DequantizeLinear",
      "onnx::Conv_639_DequantizeLinear",
      "onnx::Conv_641_DequantizeLinear",
      "onnx::Conv_642_DequantizeLinear",
      "onnx::Conv_644_DequantizeLinear",
      "onnx::Conv_645_DequantizeLinear",
      "onnx::Conv_647_DequantizeLinear",
      "onnx::Conv_648_DequantizeLinear",
      "onnx::Conv_650_DequantizeLinear",
      "onnx::Conv_651_DequantizeLinear",
      "onnx::Conv_653_DequantizeLinear",
      "onnx::Conv_654_DequantizeLinear",
      "output_DequantizeLinear",
      "output_QuantizeLinear"
    ],
    "nodes_before": 380,
    "nodes_after": 380
  },
  "base_sha256": "c1945d2dce29e6afeaed16ef8c2bcc5689044f5210543440f84fb258c29e0ea5",
  "model_sha256": "e792c058f2ed23f3f4552cee291dc9e03a63ab866612113d0c450114422f70c5",
  "ort_version": "1.23.3.dev20260320",
  "images": 32,
  "scope": "diagnostic output agreement; not dataset accuracy",
  "listing": [
    "data/eval/000000.jpg",
    "data/eval/000001.jpg",
    "data/eval/000002.jpg",
    "data/eval/000003.jpg",
    "data/eval/000004.jpg",
    "data/eval/000005.jpg",
    "data/eval/000006.jpg",
    "data/eval/000007.jpg",
    "data/eval/000008.jpg",
    "data/eval/000009.jpg",
    "data/eval/000010.jpg",
    "data/eval/000011.jpg",
    "data/eval/000012.jpg",
    "data/eval/000013.jpg",
    "data/eval/000014.jpg",
    "data/eval/000015.jpg",
    "data/eval/000016.jpg",
    "data/eval/000017.jpg",
    "data/eval/000018.jpg",
    "data/eval/000019.jpg",
    "data/eval/000020.jpg",
    "data/eval/000021.jpg",
    "data/eval/000022.jpg",
    "data/eval/000023.jpg",
    "data/eval/000024.jpg",
    "data/eval/000025.jpg",
    "data/eval/000026.jpg",
    "data/eval/000027.jpg",
    "data/eval/000028.jpg",
    "data/eval/000029.jpg",
    "data/eval/000030.jpg",
    "data/eval/000031.jpg"
  ],
  "preprocess": {
    "input_size": [
      3,
      224,
      224
    ],
    "interpolation": "bicubic",
    "mean": [
      0.485,
      0.456,
      0.406
    ],
    "std": [
      0.229,
      0.224,
      0.225
    ],
    "crop_pct": 0.95,
    "crop_mode": "center"
  },
  "inputs_sha256": "8482bcbcbd18be08d7d719bdcc31a23a0a3798d5fc960b5db20d4cdc550380ca",
  "cache_key": "modelcachekey",
  "fresh": true,
  "cpu_latency_ms": {
    "mean": 36.18816874973163,
    "median": 36.15144999639597,
    "p95": 40.857490003691055,
    "runs": 32,
    "warmup": 5
  },
  "cpu_vs_baseline_cpu": {
    "images": 32,
    "max_abs": 0.0,
    "mae": 0.0,
    "rmse": 0.0,
    "exact_elements_fraction": 1.0,
    "argmax_agreement_fraction": 1.0
  },
  "context_witness": "\n-----------------------------\n[003d:00:01.1] : NPU Phoenix\n-----------------------------\nAIE Partitions\n  No hardware contexts running on device\n\n",
  "xclbin_sha256": "d3b5e845b05f91beb90555b6f50ca542e05f69379f3fd9ab15246ad344c469fe",
  "xclbin": "C:\\Program Files\\RyzenAI\\1.7.1\\voe-4.0-win_amd64\\xclbins\\phoenix\\4x4.xclbin",
  "ep": {
    "report_sha256": "dcf298733fc54bca8a717ab7d1fed870da182c24f2fd2e43ec1464551e3db9e4",
    "total": 395,
    "npu": 0,
    "device_counts": {
      "CPU": 395
    },
    "ops_by_device": {
      "CPU:Add": 16,
      "CPU:Conv": 53,
      "CPU:DequantizeLinear": 198,
      "CPU:Flatten": 1,
      "CPU:Gemm": 1,
      "CPU:GlobalAveragePool": 1,
      "CPU:MaxPool": 1,
      "CPU:Mul": 1,
      "CPU:QuantizeLinear": 74,
      "CPU:Relu": 49
    },
    "non_npu": [
      {
        "device": "CPU",
        "opType": "QuantizeLinear",
        "input": [
          "input",
          "onnx::Conv_518_scale",
          "input_zero_point"
        ],
        "output": [
          "input_QuantizeLinear_Output"
        ]
      },
      {
        "device": "CPU",
        "opType": "DequantizeLinear",
        "input": [
          "input_QuantizeLinear_Output",
          "onnx::Conv_518_scale",
          "input_zero_point"
        ],
        "output": [
          "input_DequantizeLinear_Output"
        ]
      },
      {
        "device": "CPU",
        "opType": "DequantizeLinear",
        "input": [
          "onnx::Conv_498_quantized",
          "/layer3/layer3.5/conv3/Conv_output_0_scale",
          "onnx::Conv_498_zero_point"
        ],
        "output": [
          "onnx::Conv_498_DequantizeLinear_Output"
        ]
      },
      {
        "device": "CPU",
        "opType": "DequantizeLinear",
        "input": [
          "onnx::Conv_497_quantized",
          "onnx::Conv_509_scale",
          "onnx::Conv_497_zero_point"
        ],
        "output": [
          "onnx::Conv_497_DequantizeLinear_Output"
        ]
      },
      {
        "device": "CPU",
        "opType": "Conv",
        "input": [
          "input_DequantizeLinear_Output",
          "onnx::Conv_497_DequantizeLinear_Output",
          "onnx::Conv_498_DequantizeLinear_Output"
        ],
        "output": [
          "/conv1/Conv_output_0"
        ]
      },
      {
        "device": "CPU",
        "opType": "Relu",
        "input": [
          "/conv1/Conv_output_0"
        ],
        "output": [
          "/act1/Relu_output_0"
        ]
      },
      {
        "device": "CPU",
        "opType": "QuantizeLinear",
        "input": [
          "/act1/Relu_output_0",
          "/layer1/layer1.2/act2/Relu_output_0_scale",
          "/act1/Relu_output_0_zero_point"
        ],
        "output": [
          "/act1/Relu_output_0_QuantizeLinear_Output"
        ]
      },
      {
        "device": "CPU",
        "opType": "DequantizeLinear",
        "input": [
          "/act1/Relu_output_0_QuantizeLinear_Output",
          "/layer1/layer1.2/act2/Relu_output_0_scale",
          "/act1/Relu_output_0_zero_point"
        ],
        "output": [
          "/act1/Relu_output_0_DequantizeLinear_Output"
        ]
      },
      {
        "device": "CPU",
        "opType": "MaxPool",
        "input": [
          "/act1/Relu_output_0_DequantizeLinear_Output"
        ],
        "output": [
          "/maxpool/MaxPool_output_0"
        ]
      },
      {
        "device": "CPU",
        "opType": "QuantizeLinear",
        "input": [
          "/maxpool/MaxPool_output_0",
          "/layer1/layer1.2/act2/Relu_output_0_scale",
          "/act1/Relu_output_0_zero_point"
        ],
        "output": [
          "/maxpool/MaxPool_output_0_QuantizeLinear_Output"
        ]
      },
      {
        "device": "CPU",
        "opType": "DequantizeLinear",
        "input": [
          "/maxpool/MaxPool_output_0_QuantizeLinear_Output",
          "/layer1/layer1.2/act2/Relu_output_0_scale",
          "/act1/Relu_output_0_zero_point"
        ],
        "output": [
          "/maxpool/MaxPool_output_0_DequantizeLinear_Output/duplicated"
        ]
      },
      {
        "device": "CPU",
        "opType": "DequantizeLinear",
        "input": [
          "onnx::Conv_510_quantized",
          "/layer3/layer3.5/conv3/Conv_output_0_scale",
          "onnx::Conv_510_zero_point"
        ],
        "output": [
          "onnx::Conv_510_DequantizeLinear_Output"
        ]
      },
      {
        "device": "CPU",
        "opType": "DequantizeLinear",
        "input": [
          "onnx::Conv_509_quantized",
          "onnx::Conv_509_scale",
          "onnx::Conv_509_zero_point"
        ],
        "output": [
          "onnx::Conv_509_DequantizeLinear_Output"
        ]
      },
      {
        "device": "CPU",
        "opType": "Conv",
        "input": [
          "/maxpool/MaxPool_output_0_DequantizeLinear_Output/duplicated",
          "onnx::Conv_509_DequantizeLinear_Output",
          "onnx::Conv_510_DequantizeLinear_Output"
        ],
        "output": [
          "/layer1/layer1.0/downsample/downsample.0/Conv_output_0"
        ]
      },
      {
        "device": "CPU",
        "opType": "QuantizeLinear",
        "input": [
          "/layer1/layer1.0/downsample/downsample.0/Conv_output_0",
          "onnx::Conv_519_scale",
          "/layer1/layer1.0/downsample/downsample.0/Conv_output_0_zero_point"
        ],
        "output": [
          "/layer1/layer1.0/downsample/downsample.0/Conv_output_0_QuantizeLinear_Output"
        ]
      },
      {
        "device": "CPU",
        "opType": "DequantizeLinear",
        "input": [
          "/layer1/layer1.0/downsample/downsample.0/Conv_output_0_QuantizeLinear_Output",
          "onnx::Conv_519_scale",
          "/layer1/layer1.0/downsample/downsample.0/Conv_output_0_zero_point"
        ],
        "output": [
          "/layer1/layer1.0/downsample/downsample.0/Conv_output_0_DequantizeLinear_Output"
        ]
      },
      {
        "device": "CPU",
        "opType": "DequantizeLinear",
        "input": [
          "/maxpool/MaxPool_output_0_QuantizeLinear_Output",
          "/layer1/layer1.2/act2/Relu_output_0_scale",
          "/act1/Relu_output_0_zero_point"
        ],
        "output": [
          "/maxpool/MaxPool_output_0_DequantizeLinear_Output"
        ]
      },
      {
        "device": "CPU",
        "opType": "DequantizeLinear",
        "input": [
          "onnx::Conv_501_quantized",
          "/layer3/layer3.5/conv3/Conv_output_0_scale",
          "onnx::Conv_501_zero_point"
        ],
        "output": [
          "onnx::Conv_501_DequantizeLinear_Output"
        ]
      },
      {
        "device": "CPU",
        "opType": "DequantizeLinear",
        "input": [
          "onnx::Conv_500_quantized",
          "onnx::Conv_509_scale",
          "onnx::Conv_500_zero_point"
        ],
        "output": [
          "onnx::Conv_500_DequantizeLinear_Output"
        ]
      },
      {
        "device": "CPU",
        "opType": "Conv",
        "input": [
          "/maxpool/MaxPool_output_0_DequantizeLinear_Output",
          "onnx::Conv_500_DequantizeLinear_Output",
          "onnx::Conv_501_DequantizeLinear_Output"
        ],
        "output": [
          "/layer1/layer1.0/conv1/Conv_output_0"
        ]
      },
      {
        "device": "CPU",
        "opType": "Relu",
        "input": [
          "/layer1/layer1.0/conv1/Conv_output_0"
        ],
        "output": [
          "/layer1/layer1.0/act1/Relu_output_0"
        ]
      },
      {
        "device": "CPU",
        "opType": "QuantizeLinear",
        "input": [
          "/layer1/layer1.0/act1/Relu_output_0",
          "/layer3/layer3.5/conv3/Conv_output_0_scale",
          "/layer1/layer1.0/act1/Relu_output_0_zero_point"
        ],
        "output": [
          "/layer1/layer1.0/act1/Relu_output_0_QuantizeLinear_Output"
        ]
      },
      {
        "device": "CPU",
        "opType": "DequantizeLinear",
        "input": [
          "/layer1/layer1.0/act1/Relu_output_0_QuantizeLinear_Output",
          "/layer3/layer3.5/conv3/Conv_output_0_scale",
          "/layer1/layer1.0/act1/Relu_output_0_zero_point"
        ],
        "output": [
          "/layer1/layer1.0/act1/Relu_output_0_DequantizeLinear_Output"
        ]
      },
      {
        "device": "CPU",
        "opType": "DequantizeLinear",
        "input": [
          "onnx::Conv_504_quantized",
          "/layer3/layer3.5/conv3/Conv_output_0_scale",
          "onnx::Conv_504_zero_point"
        ],
        "output": [
          "onnx::Conv_504_DequantizeLinear_Output"
        ]
      },
      {
        "device": "CPU",
        "opType": "DequantizeLinear",
        "input": [
          "onnx::Conv_503_quantized",
          "onnx::Conv_575_scale",
          "onnx::Conv_503_zero_point"
        ],
        "output": [
          "onnx::Conv_503_DequantizeLinear_Output"
        ]
      },
      {
        "device": "CPU",
        "opType": "Conv",
        "input": [
          "/layer1/layer1.0/act1/Relu_output_0_DequantizeLinear_Output",
          "onnx::Conv_503_DequantizeLinear_Output",
          "onnx::Conv_504_DequantizeLinear_Output"
        ],
        "output": [
          "/layer1/layer1.0/conv2/Conv_output_0"
        ]
      },
      {
        "device": "CPU",
        "opType": "Relu",
        "input": [
          "/layer1/layer1.0/conv2/Conv_output_0"
        ],
        "output": [
          "/layer1/layer1.0/act2/Relu_output_0"
        ]
      },
      {
        "device": "CPU",
        "opType": "QuantizeLinear",
        "input": [
          "/layer1/layer1.0/act2/Relu_output_0",
          "/layer1/layer1.2/act2/Relu_output_0_scale",
          "/layer1/layer1.0/act2/Relu_output_0_zero_point"
        ],
        "output": [
          "/layer1/layer1.0/act2/Relu_output_0_QuantizeLinear_Output"
        ]
      },
      {
        "device": "CPU",
        "opType": "DequantizeLinear",
        "input": [
          "/layer1/layer1.0/act2/Relu_output_0_QuantizeLinear_Output",
          "/layer1/layer1.2/act2/Relu_output_0_scale",
          "/layer1/layer1.0/act2/Relu_output_0_zero_point"
        ],
        "output": [
          "/layer1/layer1.0/act2/Relu_output_0_DequantizeLinear_Output"
        ]
      },
      {
        "device": "CPU",
        "opType": "DequantizeLinear",
        "input": [
          "onnx::Conv_507_quantized",
          "onnx::Conv_519_scale",
          "onnx::Conv_507_zero_point"
        ],
        "output": [
          "onnx::Conv_507_DequantizeLinear_Output"
        ]
      },
      {
        "device": "CPU",
        "opType": "DequantizeLinear",
        "input": [
          "onnx::Conv_506_quantized",
          "onnx::Conv_509_scale",
          "onnx::Conv_506_zero_point"
        ],
        "output": [
          "onnx::Conv_506_DequantizeLinear_Output"
        ]
      },
      {
        "device": "CPU",
        "opType": "Conv",
        "input": [
          "/layer1/layer1.0/act2/Relu_output_0_DequantizeLinear_Output",
          "onnx::Conv_506_DequantizeLinear_Output",
          "onnx::Conv_507_DequantizeLinear_Output"
        ],
        "output": [
          "/layer1/layer1.0/conv3/Conv_output_0"
        ]
      },
      {
        "device": "CPU",
        "opType": "QuantizeLinear",
        "input": [
          "/layer1/layer1.0/conv3/Conv_output_0",
          "onnx::Conv_519_scale",
          "/layer1/layer1.0/conv3/Conv_output_0_zero_point"
        ],
        "output": [
          "/layer1/layer1.0/conv3/Conv_output_0_QuantizeLinear_Output"
        ]
      },
      {
        "device": "CPU",
        "opType": "DequantizeLinear",
        "input": [
          "/layer1/layer1.0/conv3/Conv_output_0_QuantizeLinear_Output",
          "onnx::Conv_519_scale",
          "/layer1/layer1.0/conv3/Conv_output_0_zero_point"
        ],
        "output": [
          "/layer1/layer1.0/conv3/Conv_output_0_DequantizeLinear_Output"
        ]
      },
      {
        "device": "CPU",
        "opType": "Add",
        "input": [
          "/layer1/layer1.0/conv3/Conv_output_0_DequantizeLinear_Output",
          "/layer1/layer1.0/downsample/downsample.0/Conv_output_0_DequantizeLinear_Output"
        ],
        "output": [
          "/layer1/layer1.0/Add_output_0"
        ]
      },
      {
        "device": "CPU",
        "opType": "Relu",
        "input": [
          "/layer1/layer1.0/Add_output_0"
        ],
        "output": [
          "/layer1/layer1.0/act3/Relu_output_0"
        ]
      },
      {
        "device": "CPU",
        "opType": "QuantizeLinear",
        "input": [
          "/layer1/layer1.0/act3/Relu_output_0",
          "onnx::Conv_519_scale",
          "/layer1/layer1.0/act3/Relu_output_0_zero_point"
        ],
        "output": [
          "/layer1/layer1.0/act3/Relu_output_0_QuantizeLinear_Output"
        ]
      },
      {
        "device": "CPU",
        "opType": "DequantizeLinear",
        "input": [
          "/layer1/layer1.0/act3/Relu_output_0_QuantizeLinear_Output",
          "onnx::Conv_519_scale",
          "/layer1/layer1.0/act3/Relu_output_0_zero_point"
        ],
        "output": [
          "/layer1/layer1.0/act3/Relu_output_0_DequantizeLinear_Output/duplicated"
        ]
      },
      {
        "device": "CPU",
        "opType": "DequantizeLinear",
        "input": [
          "/layer1/layer1.0/act3/Relu_output_0_QuantizeLinear_Output",
          "onnx::Conv_519_scale",
          "/layer1/layer1.0/act3/Relu_output_0_zero_point"
        ],
        "output": [
          "/layer1/layer1.0/act3/Relu_output_0_DequantizeLinear_Output"
        ]
      },
      {
        "device": "CPU",
        "opType": "DequantizeLinear",
        "input": [
          "onnx::Conv_513_quantized",
          "onnx::Conv_519_scale",
          "onnx::Conv_513_zero_point"
        ],
        "output": [
          "onnx::Conv_513_DequantizeLinear_Output"
        ]
      },
      {
        "device": "CPU",
        "opType": "DequantizeLinear",
        "input": [
          "onnx::Conv_512_quantized",
          "onnx::Conv_575_scale",
          "onnx::Conv_512_zero_point"
        ],
        "output": [
          "onnx::Conv_512_DequantizeLinear_Output"
        ]
      },
      {
        "device": "CPU",
        "opType": "Conv",
        "input": [
          "/layer1/layer1.0/act3/Relu_output_0_DequantizeLinear_Output",
          "onnx::Conv_512_DequantizeLinear_Output",
          "onnx::Conv_513_DequantizeLinear_Output"
        ],
        "output": [
          "/layer1/layer1.1/conv1/Conv_output_0"
        ]
      },
      {
        "device": "CPU",
        "opType": "Relu",
        "input": [
          "/layer1/layer1.1/conv1/Conv_output_0"
        ],
        "output": [
          "/layer1/layer1.1/act1/Relu_output_0"
        ]
      },
      {
        "device": "CPU",
        "opType": "QuantizeLinear",
        "input": [
          "/layer1/layer1.1/act1/Relu_output_0",
          "/layer2/layer2.2/act1/Relu_output_0_scale",
          "/layer1/layer1.1/act1/Relu_output_0_zero_point"
        ],
        "output": [
          "/layer1/layer1.1/act1/Relu_output_0_QuantizeLinear_Output"
        ]
      },
      {
        "device": "CPU",
        "opType": "DequantizeLinear",
        "input": [
          "/layer1/layer1.1/act1/Relu_output_0_QuantizeLinear_Output",
          "/layer2/layer2.2/act1/Relu_output_0_scale",
          "/layer1/layer1.1/act1/Relu_output_0_zero_point"
        ],
        "output": [
          "/layer1/layer1.1/act1/Relu_output_0_DequantizeLinear_Output"
        ]
      },
      {
        "device": "CPU",
        "opType": "DequantizeLinear",
        "input": [
          "onnx::Conv_516_quantized",
          "/layer2/layer2.2/act1/Relu_output_0_scale",
          "onnx::Conv_516_zero_point"
        ],
        "output": [
          "onnx::Conv_516_DequantizeLinear_Output"
        ]
      },
      {
        "device": "CPU",
        "opType": "DequantizeLinear",
        "input": [
          "onnx::Conv_515_quantized",
          "onnx::Conv_509_scale",
          "onnx::Conv_515_zero_point"
        ],
        "output": [
          "onnx::Conv_515_DequantizeLinear_Output"
        ]
      },
      {
        "device": "CPU",
        "opType": "Conv",
        "input": [
          "/layer1/layer1.1/act1/Relu_output_0_DequantizeLinear_Output",
          "onnx::Conv_515_DequantizeLinear_Output",
          "onnx::Conv_516_DequantizeLinear_Output"
        ],
        "output": [
          "/layer1/layer1.1/conv2/Conv_output_0"
        ]
      },
      {
        "device": "CPU",
        "opType": "Relu",
        "input": [
          "/layer1/layer1.1/conv2/Conv_output_0"
        ],
        "output": [
          "/layer1/layer1.1/act2/Relu_output_0"
        ]
      },
      {
        "device": "CPU",
        "opType": "QuantizeLinear",
        "input": [
          "/layer1/layer1.1/act2/Relu_output_0",
          "onnx::Conv_519_scale",
          "/layer1/layer1.1/act2/Relu_output_0_zero_point"
        ],
        "output": [
          "/layer1/layer1.1/act2/Relu_output_0_QuantizeLinear_Output"
        ]
      },
      {
        "device": "CPU",
        "opType": "DequantizeLinear",
        "input": [
          "/layer1/layer1.1/act2/Relu_output_0_QuantizeLinear_Output",
          "onnx::Conv_519_scale",
          "/layer1/layer1.1/act2/Relu_output_0_zero_point"
        ],
        "output": [
          "/layer1/layer1.1/act2/Relu_output_0_DequantizeLinear_Output"
        ]
      },
      {
        "device": "CPU",
        "opType": "DequantizeLinear",
        "input": [
          "onnx::Conv_519_quantized",
          "onnx::Conv_519_scale",
          "onnx::Conv_519_zero_point"
        ],
        "output": [
          "onnx::Conv_519_DequantizeLinear_Output"
        ]
      },
      {
        "device": "CPU",
        "opType": "DequantizeLinear",
        "input": [
          "onnx::Conv_518_quantized",
          "onnx::Conv_518_scale",
          "onnx::Conv_518_zero_point"
        ],
        "output": [
          "onnx::Conv_518_DequantizeLinear_Output"
        ]
      },
      {
        "device": "CPU",
        "opType": "Conv",
        "input": [
          "/layer1/layer1.1/act2/Relu_output_0_DequantizeLinear_Output",
          "onnx::Conv_518_DequantizeLinear_Output",
          "onnx::Conv_519_DequantizeLinear_Output"
        ],
        "output": [
          "/layer1/layer1.1/conv3/Conv_output_0"
        ]
      },
      {
        "device": "CPU",
        "opType": "QuantizeLinear",
        "input": [
          "/layer1/layer1.1/conv3/Conv_output_0",
          "onnx::Conv_519_scale",
          "/layer1/layer1.1/conv3/Conv_output_0_zero_point"
        ],
        "output": [
          "/layer1/layer1.1/conv3/Conv_output_0_QuantizeLinear_Output"
        ]
      },
      {
        "device": "CPU",
        "opType": "DequantizeLinear",
        "input": [
          "/layer1/layer1.1/conv3/Conv_output_0_QuantizeLinear_Output",
          "onnx::Conv_519_scale",
          "/layer1/layer1.1/conv3/Conv_output_0_zero_point"
        ],
        "output": [
          "/layer1/layer1.1/conv3/Conv_output_0_DequantizeLinear_Output"
        ]
      },
      {
        "device": "CPU",
        "opType": "Add",
        "input": [
          "/layer1/layer1.1/conv3/Conv_output_0_DequantizeLinear_Output",
          "/layer1/layer1.0/act3/Relu_output_0_DequantizeLinear_Output/duplicated"
        ],
        "output": [
          "/layer1/layer1.1/Add_output_0"
        ]
      },
      {
        "device": "CPU",
        "opType": "Relu",
        "input": [
          "/layer1/layer1.1/Add_output_0"
        ],
        "output": [
          "/layer1/layer1.1/act3/Relu_output_0"
        ]
      },
      {
        "device": "CPU",
        "opType": "QuantizeLinear",
        "input": [
          "/layer1/layer1.1/act3/Relu_output_0",
          "onnx::Conv_519_scale",
          "/layer1/layer1.1/act3/Relu_output_0_zero_point"
        ],
        "output": [
          "/layer1/layer1.1/act3/Relu_output_0_QuantizeLinear_Output"
        ]
      },
      {
        "device": "CPU",
        "opType": "DequantizeLinear",
        "input": [
          "/layer1/layer1.1/act3/Relu_output_0_QuantizeLinear_Output",
          "onnx::Conv_519_scale",
          "/layer1/layer1.1/act3/Relu_output_0_zero_point"
        ],
        "output": [
          "/layer1/layer1.1/act3/Relu_output_0_DequantizeLinear_Output/duplicated"
        ]
      },
      {
        "device": "CPU",
        "opType": "DequantizeLinear",
        "input": [
          "/layer1/layer1.1/act3/Relu_output_0_QuantizeLinear_Output",
          "onnx::Conv_519_scale",
          "/layer1/layer1.1/act3/Relu_output_0_zero_point"
        ],
        "output": [
          "/layer1/layer1.1/act3/Relu_output_0_DequantizeLinear_Output"
        ]
      },
      {
        "device": "CPU",
        "opType": "DequantizeLinear",
        "input": [
          "onnx::Conv_522_quantized",
          "onnx::Conv_519_scale",
          "onnx::Conv_522_zero_point"
        ],
        "output": [
          "onnx::Conv_522_DequantizeLinear_Output"
        ]
      },
      {
        "device": "CPU",
        "opType": "DequantizeLinear",
        "input": [
          "onnx::Conv_521_quantized",
          "onnx::Conv_509_scale",
          "onnx::Conv_521_zero_point"
        ],
        "output": [
          "onnx::Conv_521_DequantizeLinear_Output"
        ]
      },
      {
        "device": "CPU",
        "opType": "Conv",
        "input": [
          "/layer1/layer1.1/act3/Relu_output_0_DequantizeLinear_Output",
          "onnx::Conv_521_DequantizeLinear_Output",
          "onnx::Conv_522_DequantizeLinear_Output"
        ],
        "output": [
          "/layer1/layer1.2/conv1/Conv_output_0"
        ]
      },
      {
        "device": "CPU",
        "opType": "Relu",
        "input": [
          "/layer1/layer1.2/conv1/Conv_output_0"
        ],
        "output": [
          "/layer1/layer1.2/act1/Relu_output_0"
        ]
      },
      {
        "device": "CPU",
        "opType": "QuantizeLinear",
        "input": [
          "/layer1/layer1.2/act1/Relu_output_0",
          "onnx::Conv_519_scale",
          "/layer1/layer1.2/act1/Relu_output_0_zero_point"
        ],
        "output": [
          "/layer1/layer1.2/act1/Relu_output_0_QuantizeLinear_Output"
        ]
      },
      {
        "device": "CPU",
        "opType": "DequantizeLinear",
        "input": [
          "/layer1/layer1.2/act1/Relu_output_0_QuantizeLinear_Output",
          "onnx::Conv_519_scale",
          "/layer1/layer1.2/act1/Relu_output_0_zero_point"
        ],
        "output": [
          "/layer1/layer1.2/act1/Relu_output_0_DequantizeLinear_Output"
        ]
      },
      {
        "device": "CPU",
        "opType": "DequantizeLinear",
        "input": [
          "onnx::Conv_525_quantized",
          "onnx::Conv_519_scale",
          "onnx::Conv_525_zero_point"
        ],
        "output": [
          "onnx::Conv_525_DequantizeLinear_Output"
        ]
      },
      {
        "device": "CPU",
        "opType": "DequantizeLinear",
        "input": [
          "onnx::Conv_524_quantized",
          "onnx::Conv_575_scale",
          "onnx::Conv_524_zero_point"
        ],
        "output": [
          "onnx::Conv_524_DequantizeLinear_Output"
        ]
      },
      {
        "device": "CPU",
        "opType": "Conv",
        "input": [
          "/layer1/layer1.2/act1/Relu_output_0_DequantizeLinear_Output",
          "onnx::Conv_524_DequantizeLinear_Output",
          "onnx::Conv_525_DequantizeLinear_Output"
        ],
        "output": [
          "/layer1/layer1.2/conv2/Conv_output_0"
        ]
      },
      {
        "device": "CPU",
        "opType": "Relu",
        "input": [
          "/layer1/layer1.2/conv2/Conv_output_0"
        ],
        "output": [
          "/layer1/layer1.2/act2/Relu_output_0"
        ]
      },
      {
        "device": "CPU",
        "opType": "QuantizeLinear",
        "input": [
          "/layer1/layer1.2/act2/Relu_output_0",
          "/layer1/layer1.2/act2/Relu_output_0_scale",
          "/layer1/layer1.2/act2/Relu_output_0_zero_point"
        ],
        "output": [
          "/layer1/layer1.2/act2/Relu_output_0_QuantizeLinear_Output"
        ]
      },
      {
        "device": "CPU",
        "opType": "DequantizeLinear",
        "input": [
          "/layer1/layer1.2/act2/Relu_output_0_QuantizeLinear_Output",
          "/layer1/layer1.2/act2/Relu_output_0_scale",
          "/layer1/layer1.2/act2/Relu_output_0_zero_point"
        ],
        "output": [
          "/layer1/layer1.2/act2/Relu_output_0_DequantizeLinear_Output"
        ]
      },
      {
        "device": "CPU",
        "opType": "DequantizeLinear",
        "input": [
          "onnx::Conv_528_quantized",
          "onnx::Conv_519_scale",
          "onnx::Conv_528_zero_point"
        ],
        "output": [
          "onnx::Conv_528_DequantizeLinear_Output"
        ]
      },
      {
        "device": "CPU",
        "opType": "DequantizeLinear",
        "input": [
          "onnx::Conv_527_quantized",
          "onnx::Conv_575_scale",
          "onnx::Conv_527_zero_point"
        ],
        "output": [
          "onnx::Conv_527_DequantizeLinear_Output"
        ]
      },
      {
        "device": "CPU",
        "opType": "Conv",
        "input": [
          "/layer1/layer1.2/act2/Relu_output_0_DequantizeLinear_Output",
          "onnx::Conv_527_DequantizeLinear_Output",
          "onnx::Conv_528_DequantizeLinear_Output"
        ],
        "output": [
          "/layer1/layer1.2/conv3/Conv_output_0"
        ]
      },
      {
        "device": "CPU",
        "opType": "QuantizeLinear",
        "input": [
          "/layer1/layer1.2/conv3/Conv_output_0",
          "/layer3/layer3.5/conv3/Conv_output_0_scale",
          "/layer1/layer1.2/conv3/Conv_output_0_zero_point"
        ],
        "output": [
          "/layer1/layer1.2/conv3/Conv_output_0_QuantizeLinear_Output"
        ]
      },
      {
        "device": "CPU",
        "opType": "DequantizeLinear",
        "input": [
          "/layer1/layer1.2/conv3/Conv_output_0_QuantizeLinear_Output",
          "/layer3/layer3.5/conv3/Conv_output_0_scale",
          "/layer1/layer1.2/conv3/Conv_output_0_zero_point"
        ],
        "output": [
          "/layer1/layer1.2/conv3/Conv_output_0_DequantizeLinear_Output"
        ]
      },
      {
        "device": "CPU",
        "opType": "Add",
        "input": [
          "/layer1/layer1.2/conv3/Conv_output_0_DequantizeLinear_Output",
          "/layer1/layer1.1/act3/Relu_output_0_DequantizeLinear_Output/duplicated"
        ],
        "output": [
          "/layer1/layer1.2/Add_output_0"
        ]
      },
      {
        "device": "CPU",
        "opType": "Relu",
        "input": [
          "/layer1/layer1.2/Add_output_0"
        ],
        "output": [
          "/layer1/layer1.2/act3/Relu_output_0"
        ]
      },
      {
        "device": "CPU",
        "opType": "QuantizeLinear",
        "input": [
          "/layer1/layer1.2/act3/Relu_output_0",
          "onnx::Conv_519_scale",
          "/layer1/layer1.2/act3/Relu_output_0_zero_point"
        ],
        "output": [
          "/layer1/layer1.2/act3/Relu_output_0_QuantizeLinear_Output"
        ]
      },
      {
        "device": "CPU",
        "opType": "DequantizeLinear",
        "input": [
          "/layer1/layer1.2/act3/Relu_output_0_QuantizeLinear_Output",
          "onnx::Conv_519_scale",
          "/layer1/layer1.2/act3/Relu_output_0_zero_point"
        ],
        "output": [
          "/layer1/layer1.2/act3/Relu_output_0_DequantizeLinear_Output/duplicated"
        ]
      },
      {
        "device": "CPU",
        "opType": "DequantizeLinear",
        "input": [
          "onnx::Conv_540_quantized",
          "onnx::Conv_519_scale",
          "onnx::Conv_540_zero_point"
        ],
        "output": [
          "onnx::Conv_540_DequantizeLinear_Output"
        ]
      },
      {
        "device": "CPU",
        "opType": "DequantizeLinear",
        "input": [
          "onnx::Conv_539_quantized",
          "onnx::Conv_518_scale",
          "onnx::Conv_539_zero_point"
        ],
        "output": [
          "onnx::Conv_539_DequantizeLinear_Output"
        ]
      },
      {
        "device": "CPU",
        "opType": "Conv",
        "input": [
          "/layer1/layer1.2/act3/Relu_output_0_DequantizeLinear_Output/duplicated",
          "onnx::Conv_539_DequantizeLinear_Output",
          "onnx::Conv_540_DequantizeLinear_Output"
        ],
        "output": [
          "/layer2/layer2.0/downsample/downsample.0/Conv_output_0"
        ]
      },
      {
        "device": "CPU",
        "opType": "QuantizeLinear",
        "input": [
          "/layer2/layer2.0/downsample/downsample.0/Conv_output_0",
          "/layer3/layer3.5/conv3/Conv_output_0_scale",
          "/layer2/layer2.0/downsample/downsample.0/Conv_output_0_zero_point"
        ],
        "output": [
          "/layer2/layer2.0/downsample/downsample.0/Conv_output_0_QuantizeLinear_Output"
        ]
      },
      {
        "device": "CPU",
        "opType": "DequantizeLinear",
        "input": [
          "/layer2/layer2.0/downsample/downsample.0/Conv_output_0_QuantizeLinear_Output",
          "/layer3/layer3.5/conv3/Conv_output_0_scale",
          "/layer2/layer2.0/downsample/downsample.0/Conv_output_0_zero_point"
        ],
        "output": [
          "/layer2/layer2.0/downsample/downsample.0/Conv_output_0_DequantizeLinear_Output"
        ]
      },
      {
        "device": "CPU",
        "opType": "DequantizeLinear",
        "input": [
          "/layer1/layer1.2/act3/Relu_output_0_QuantizeLinear_Output",
          "onnx::Conv_519_scale",
          "/layer1/layer1.2/act3/Relu_output_0_zero_point"
        ],
        "output": [
          "/layer1/layer1.2/act3/Relu_output_0_DequantizeLinear_Output"
        ]
      },
      {
        "device": "CPU",
        "opType": "DequantizeLinear",
        "input": [
          "onnx::Conv_531_quantized",
          "/layer2/layer2.2/act1/Relu_output_0_scale",
          "onnx::Conv_531_zero_point"
        ],
        "output": [
          "onnx::Conv_531_DequantizeLinear_Output"
        ]
      },
      {
        "device": "CPU",
        "opType": "DequantizeLinear",
        "input": [
          "onnx::Conv_530_quantized",
          "onnx::Conv_509_scale",
          "onnx::Conv_530_zero_point"
        ],
        "output": [
          "onnx::Conv_530_DequantizeLinear_Output"
        ]
      },
      {
        "device": "CPU",
        "opType": "Conv",
        "input": [
          "/layer1/layer1.2/act3/Relu_output_0_DequantizeLinear_Output",
          "onnx::Conv_530_DequantizeLinear_Output",
          "onnx::Conv_531_DequantizeLinear_Output"
        ],
        "output": [
          "/layer2/layer2.0/conv1/Conv_output_0"
        ]
      },
      {
        "device": "CPU",
        "opType": "Relu",
        "input": [
          "/layer2/layer2.0/conv1/Conv_output_0"
        ],
        "output": [
          "/layer2/layer2.0/act1/Relu_output_0"
        ]
      },
      {
        "device": "CPU",
        "opType": "QuantizeLinear",
        "input": [
          "/layer2/layer2.0/act1/Relu_output_0",
          "onnx::Conv_519_scale",
          "/layer2/layer2.0/act1/Relu_output_0_zero_point"
        ],
        "output": [
          "/layer2/layer2.0/act1/Relu_output_0_QuantizeLinear_Output"
        ]
      },
      {
        "device": "CPU",
        "opType": "DequantizeLinear",
        "input": [
          "/layer2/layer2.0/act1/Relu_output_0_QuantizeLinear_Output",
          "onnx::Conv_519_scale",
          "/layer2/layer2.0/act1/Relu_output_0_zero_point"
        ],
        "output": [
          "/layer2/layer2.0/act1/Relu_output_0_DequantizeLinear_Output"
        ]
      },
      {
        "device": "CPU",
        "opType": "DequantizeLinear",
        "input": [
          "onnx::Conv_534_quantized",
          "onnx::Conv_519_scale",
          "onnx::Conv_534_zero_point"
        ],
        "output": [
          "onnx::Conv_534_DequantizeLinear_Output"
        ]
      },
      {
        "device": "CPU",
        "opType": "DequantizeLinear",
        "input": [
          "onnx::Conv_533_quantized",
          "onnx::Conv_581_scale",
          "onnx::Conv_533_zero_point"
        ],
        "output": [
          "onnx::Conv_533_DequantizeLinear_Output"
        ]
      },
      {
        "device": "CPU",
        "opType": "Conv",
        "input": [
          "/layer2/layer2.0/act1/Relu_output_0_DequantizeLinear_Output",
          "onnx::Conv_533_DequantizeLinear_Output",
          "onnx::Conv_534_DequantizeLinear_Output"
        ],
        "output": [
          "/layer2/layer2.0/conv2/Conv_output_0"
        ]
      },
      {
        "device": "CPU",
        "opType": "Relu",
        "input": [
          "/layer2/layer2.0/conv2/Conv_output_0"
        ],
        "output": [
          "/layer2/layer2.0/act2/Relu_output_0"
        ]
      },
      {
        "device": "CPU",
        "opType": "QuantizeLinear",
        "input": [
          "/layer2/layer2.0/act2/Relu_output_0",
          "onnx::Conv_519_scale",
          "/layer2/layer2.0/act2/Relu_output_0_zero_point"
        ],
        "output": [
          "/layer2/layer2.0/act2/Relu_output_0_QuantizeLinear_Output"
        ]
      },
      {
        "device": "CPU",
        "opType": "DequantizeLinear",
        "input": [
          "/layer2/layer2.0/act2/Relu_output_0_QuantizeLinear_Output",
          "onnx::Conv_519_scale",
          "/layer2/layer2.0/act2/Relu_output_0_zero_point"
        ],
        "output": [
          "/layer2/layer2.0/act2/Relu_output_0_DequantizeLinear_Output"
        ]
      },
      {
        "device": "CPU",
        "opType": "DequantizeLinear",
        "input": [
          "onnx::Conv_537_quantized",
          "/layer3/layer3.5/conv3/Conv_output_0_scale",
          "onnx::Conv_537_zero_point"
        ],
        "output": [
          "onnx::Conv_537_DequantizeLinear_Output"
        ]
      },
      {
        "device": "CPU",
        "opType": "DequantizeLinear",
        "input": [
          "onnx::Conv_536_quantized",
          "onnx::Conv_509_scale",
          "onnx::Conv_536_zero_point"
        ],
        "output": [
          "onnx::Conv_536_DequantizeLinear_Output"
        ]
      },
      {
        "device": "CPU",
        "opType": "Conv",
        "input": [
          "/layer2/layer2.0/act2/Relu_output_0_DequantizeLinear_Output",
          "onnx::Conv_536_DequantizeLinear_Output",
          "onnx::Conv_537_DequantizeLinear_Output"
        ],
        "output": [
          "/layer2/layer2.0/conv3/Conv_output_0"
        ]
      },
      {
        "device": "CPU",
        "opType": "QuantizeLinear",
        "input": [
          "/layer2/layer2.0/conv3/Conv_output_0",
          "/layer3/layer3.5/conv3/Conv_output_0_scale",
          "/layer2/layer2.0/conv3/Conv_output_0_zero_point"
        ],
        "output": [
          "/layer2/layer2.0/conv3/Conv_output_0_QuantizeLinear_Output"
        ]
      },
      {
        "device": "CPU",
        "opType": "DequantizeLinear",
        "input": [
          "/layer2/layer2.0/conv3/Conv_output_0_QuantizeLinear_Output",
          "/layer3/layer3.5/conv3/Conv_output_0_scale",
          "/layer2/layer2.0/conv3/Conv_output_0_zero_point"
        ],
        "output": [
          "/layer2/layer2.0/conv3/Conv_output_0_DequantizeLinear_Output"
        ]
      },
      {
        "device": "CPU",
        "opType": "Add",
        "input": [
          "/layer2/layer2.0/conv3/Conv_output_0_DequantizeLinear_Output",
          "/layer2/layer2.0/downsample/downsample.0/Conv_output_0_DequantizeLinear_Output"
        ],
        "output": [
          "/layer2/layer2.0/Add_output_0"
        ]
      },
      {
        "device": "CPU",
        "opType": "Relu",
        "input": [
          "/layer2/layer2.0/Add_output_0"
        ],
        "output": [
          "/layer2/layer2.0/act3/Relu_output_0"
        ]
      },
      {
        "device": "CPU",
        "opType": "QuantizeLinear",
        "input": [
          "/layer2/layer2.0/act3/Relu_output_0",
          "/layer3/layer3.5/conv3/Conv_output_0_scale",
          "/layer2/layer2.0/act3/Relu_output_0_zero_point"
        ],
        "output": [
          "/layer2/layer2.0/act3/Relu_output_0_QuantizeLinear_Output"
        ]
      },
      {
        "device": "CPU",
        "opType": "DequantizeLinear",
        "input": [
          "/layer2/layer2.0/act3/Relu_output_0_QuantizeLinear_Output",
          "/layer3/layer3.5/conv3/Conv_output_0_scale",
          "/layer2/layer2.0/act3/Relu_output_0_zero_point"
        ],
        "output": [
          "/layer2/layer2.0/act3/Relu_output_0_DequantizeLinear_Output/duplicated"
        ]
      },
      {
        "device": "CPU",
        "opType": "DequantizeLinear",
        "input": [
          "/layer2/layer2.0/act3/Relu_output_0_QuantizeLinear_Output",
          "/layer3/layer3.5/conv3/Conv_output_0_scale",
          "/layer2/layer2.0/act3/Relu_output_0_zero_point"
        ],
        "output": [
          "/layer2/layer2.0/act3/Relu_output_0_DequantizeLinear_Output"
        ]
      },
      {
        "device": "CPU",
        "opType": "DequantizeLinear",
        "input": [
          "onnx::Conv_543_quantized",
          "/layer2/layer2.2/act1/Relu_output_0_scale",
          "onnx::Conv_543_zero_point"
        ],
        "output": [
          "onnx::Conv_543_DequantizeLinear_Output"
        ]
      },
      {
        "device": "CPU",
        "opType": "DequantizeLinear",
        "input": [
          "onnx::Conv_542_quantized",
          "onnx::Conv_581_scale",
          "onnx::Conv_542_zero_point"
        ],
        "output": [
          "onnx::Conv_542_DequantizeLinear_Output"
        ]
      },
      {
        "device": "CPU",
        "opType": "Conv",
        "input": [
          "/layer2/layer2.0/act3/Relu_output_0_DequantizeLinear_Output",
          "onnx::Conv_542_DequantizeLinear_Output",
          "onnx::Conv_543_DequantizeLinear_Output"
        ],
        "output": [
          "/layer2/layer2.1/conv1/Conv_output_0"
        ]
      },
      {
        "device": "CPU",
        "opType": "Relu",
        "input": [
          "/layer2/layer2.1/conv1/Conv_output_0"
        ],
        "output": [
          "/layer2/layer2.1/act1/Relu_output_0"
        ]
      },
      {
        "device": "CPU",
        "opType": "QuantizeLinear",
        "input": [
          "/layer2/layer2.1/act1/Relu_output_0",
          "onnx::Conv_519_scale",
          "/layer2/layer2.1/act1/Relu_output_0_zero_point"
        ],
        "output": [
          "/layer2/layer2.1/act1/Relu_output_0_QuantizeLinear_Output"
        ]
      },
      {
        "device": "CPU",
        "opType": "DequantizeLinear",
        "input": [
          "/layer2/layer2.1/act1/Relu_output_0_QuantizeLinear_Output",
          "onnx::Conv_519_scale",
          "/layer2/layer2.1/act1/Relu_output_0_zero_point"
        ],
        "output": [
          "/layer2/layer2.1/act1/Relu_output_0_DequantizeLinear_Output"
        ]
      },
      {
        "device": "CPU",
        "opType": "DequantizeLinear",
        "input": [
          "onnx::Conv_546_quantized",
          "/layer2/layer2.2/act1/Relu_output_0_scale",
          "onnx::Conv_546_zero_point"
        ],
        "output": [
          "onnx::Conv_546_DequantizeLinear_Output"
        ]
      },
      {
        "device": "CPU",
        "opType": "DequantizeLinear",
        "input": [
          "onnx::Conv_545_quantized",
          "onnx::Conv_575_scale",
          "onnx::Conv_545_zero_point"
        ],
        "output": [
          "onnx::Conv_545_DequantizeLinear_Output"
        ]
      },
      {
        "device": "CPU",
        "opType": "Conv",
        "input": [
          "/layer2/layer2.1/act1/Relu_output_0_DequantizeLinear_Output",
          "onnx::Conv_545_DequantizeLinear_Output",
          "onnx::Conv_546_DequantizeLinear_Output"
        ],
        "output": [
          "/layer2/layer2.1/conv2/Conv_output_0"
        ]
      },
      {
        "device": "CPU",
        "opType": "Relu",
        "input": [
          "/layer2/layer2.1/conv2/Conv_output_0"
        ],
        "output": [
          "/layer2/layer2.1/act2/Relu_output_0"
        ]
      },
      {
        "device": "CPU",
        "opType": "QuantizeLinear",
        "input": [
          "/layer2/layer2.1/act2/Relu_output_0",
          "/layer2/layer2.2/act1/Relu_output_0_scale",
          "/layer2/layer2.1/act2/Relu_output_0_zero_point"
        ],
        "output": [
          "/layer2/layer2.1/act2/Relu_output_0_QuantizeLinear_Output"
        ]
      },
      {
        "device": "CPU",
        "opType": "DequantizeLinear",
        "input": [
          "/layer2/layer2.1/act2/Relu_output_0_QuantizeLinear_Output",
          "/layer2/layer2.2/act1/Relu_output_0_scale",
          "/layer2/layer2.1/act2/Relu_output_0_zero_point"
        ],
        "output": [
          "/layer2/layer2.1/act2/Relu_output_0_DequantizeLinear_Output"
        ]
      },
      {
        "device": "CPU",
        "opType": "DequantizeLinear",
        "input": [
          "onnx::Conv_549_quantized",
          "onnx::Conv_519_scale",
          "onnx::Conv_549_zero_point"
        ],
        "output": [
          "onnx::Conv_549_DequantizeLinear_Output"
        ]
      },
      {
        "device": "CPU",
        "opType": "DequantizeLinear",
        "input": [
          "onnx::Conv_548_quantized",
          "onnx::Conv_518_scale",
          "onnx::Conv_548_zero_point"
        ],
        "output": [
          "onnx::Conv_548_DequantizeLinear_Output"
        ]
      },
      {
        "device": "CPU",
        "opType": "Conv",
        "input": [
          "/layer2/layer2.1/act2/Relu_output_0_DequantizeLinear_Output",
          "onnx::Conv_548_DequantizeLinear_Output",
          "onnx::Conv_549_DequantizeLinear_Output"
        ],
        "output": [
          "/layer2/layer2.1/conv3/Conv_output_0"
        ]
      },
      {
        "device": "CPU",
        "opType": "QuantizeLinear",
        "input": [
          "/layer2/layer2.1/conv3/Conv_output_0",
          "/layer3/layer3.5/conv3/Conv_output_0_scale",
          "/layer2/layer2.1/conv3/Conv_output_0_zero_point"
        ],
        "output": [
          "/layer2/layer2.1/conv3/Conv_output_0_QuantizeLinear_Output"
        ]
      },
      {
        "device": "CPU",
        "opType": "DequantizeLinear",
        "input": [
          "/layer2/layer2.1/conv3/Conv_output_0_QuantizeLinear_Output",
          "/layer3/layer3.5/conv3/Conv_output_0_scale",
          "/layer2/layer2.1/conv3/Conv_output_0_zero_point"
        ],
        "output": [
          "/layer2/layer2.1/conv3/Conv_output_0_DequantizeLinear_Output"
        ]
      },
      {
        "device": "CPU",
        "opType": "Add",
        "input": [
          "/layer2/layer2.1/conv3/Conv_output_0_DequantizeLinear_Output",
          "/layer2/layer2.0/act3/Relu_output_0_DequantizeLinear_Output/duplicated"
        ],
        "output": [
          "/layer2/layer2.1/Add_output_0"
        ]
      },
      {
        "device": "CPU",
        "opType": "Relu",
        "input": [
          "/layer2/layer2.1/Add_output_0"
        ],
        "output": [
          "/layer2/layer2.1/act3/Relu_output_0"
        ]
      },
      {
        "device": "CPU",
        "opType": "QuantizeLinear",
        "input": [
          "/layer2/layer2.1/act3/Relu_output_0",
          "/layer3/layer3.5/conv3/Conv_output_0_scale",
          "/layer2/layer2.1/act3/Relu_output_0_zero_point"
        ],
        "output": [
          "/layer2/layer2.1/act3/Relu_output_0_QuantizeLinear_Output"
        ]
      },
      {
        "device": "CPU",
        "opType": "DequantizeLinear",
        "input": [
          "/layer2/layer2.1/act3/Relu_output_0_QuantizeLinear_Output",
          "/layer3/layer3.5/conv3/Conv_output_0_scale",
          "/layer2/layer2.1/act3/Relu_output_0_zero_point"
        ],
        "output": [
          "/layer2/layer2.1/act3/Relu_output_0_DequantizeLinear_Output/duplicated"
        ]
      },
      {
        "device": "CPU",
        "opType": "DequantizeLinear",
        "input": [
          "/layer2/layer2.1/act3/Relu_output_0_QuantizeLinear_Output",
          "/layer3/layer3.5/conv3/Conv_output_0_scale",
          "/layer2/layer2.1/act3/Relu_output_0_zero_point"
        ],
        "output": [
          "/layer2/layer2.1/act3/Relu_output_0_DequantizeLinear_Output"
        ]
      },
      {
        "device": "CPU",
        "opType": "DequantizeLinear",
        "input": [
          "onnx::Conv_552_quantized",
          "/layer2/layer2.2/act1/Relu_output_0_scale",
          "onnx::Conv_552_zero_point"
        ],
        "output": [
          "onnx::Conv_552_DequantizeLinear_Output"
        ]
      },
      {
        "device": "CPU",
        "opType": "DequantizeLinear",
        "input": [
          "onnx::Conv_551_quantized",
          "onnx::Conv_581_scale",
          "onnx::Conv_551_zero_point"
        ],
        "output": [
          "onnx::Conv_551_DequantizeLinear_Output"
        ]
      },
      {
        "device": "CPU",
        "opType": "Conv",
        "input": [
          "/layer2/layer2.1/act3/Relu_output_0_DequantizeLinear_Output",
          "onnx::Conv_551_DequantizeLinear_Output",
          "onnx::Conv_552_DequantizeLinear_Output"
        ],
        "output": [
          "/layer2/layer2.2/conv1/Conv_output_0"
        ]
      },
      {
        "device": "CPU",
        "opType": "Relu",
        "input": [
          "/layer2/layer2.2/conv1/Conv_output_0"
        ],
        "output": [
          "/layer2/layer2.2/act1/Relu_output_0"
        ]
      },
      {
        "device": "CPU",
        "opType": "QuantizeLinear",
        "input": [
          "/layer2/layer2.2/act1/Relu_output_0",
          "/layer2/layer2.2/act1/Relu_output_0_scale",
          "/layer2/layer2.2/act1/Relu_output_0_zero_point"
        ],
        "output": [
          "/layer2/layer2.2/act1/Relu_output_0_QuantizeLinear_Output"
        ]
      },
      {
        "device": "CPU",
        "opType": "DequantizeLinear",
        "input": [
          "/layer2/layer2.2/act1/Relu_output_0_QuantizeLinear_Output",
          "/layer2/layer2.2/act1/Relu_output_0_scale",
          "/layer2/layer2.2/act1/Relu_output_0_zero_point"
        ],
        "output": [
          "/layer2/layer2.2/act1/Relu_output_0_DequantizeLinear_Output"
        ]
      },
      {
        "device": "CPU",
        "opType": "DequantizeLinear",
        "input": [
          "onnx::Conv_555_quantized",
          "onnx::Conv_519_scale",
          "onnx::Conv_555_zero_point"
        ],
        "output": [
          "onnx::Conv_555_DequantizeLinear_Output"
        ]
      },
      {
        "device": "CPU",
        "opType": "DequantizeLinear",
        "input": [
          "onnx::Conv_554_quantized",
          "onnx::Conv_581_scale",
          "onnx::Conv_554_zero_point"
        ],
        "output": [
          "onnx::Conv_554_DequantizeLinear_Output"
        ]
      },
      {
        "device": "CPU",
        "opType": "Conv",
        "input": [
          "/layer2/layer2.2/act1/Relu_output_0_DequantizeLinear_Output",
          "onnx::Conv_554_DequantizeLinear_Output",
          "onnx::Conv_555_DequantizeLinear_Output"
        ],
        "output": [
          "/layer2/layer2.2/conv2/Conv_output_0"
        ]
      },
      {
        "device": "CPU",
        "opType": "Relu",
        "input": [
          "/layer2/layer2.2/conv2/Conv_output_0"
        ],
        "output": [
          "/layer2/layer2.2/act2/Relu_output_0"
        ]
      },
      {
        "device": "CPU",
        "opType": "QuantizeLinear",
        "input": [
          "/layer2/layer2.2/act2/Relu_output_0",
          "onnx::Conv_519_scale",
          "/layer2/layer2.2/act2/Relu_output_0_zero_point"
        ],
        "output": [
          "/layer2/layer2.2/act2/Relu_output_0_QuantizeLinear_Output"
        ]
      },
      {
        "device": "CPU",
        "opType": "DequantizeLinear",
        "input": [
          "/layer2/layer2.2/act2/Relu_output_0_QuantizeLinear_Output",
          "onnx::Conv_519_scale",
          "/layer2/layer2.2/act2/Relu_output_0_zero_point"
        ],
        "output": [
          "/layer2/layer2.2/act2/Relu_output_0_DequantizeLinear_Output"
        ]
      },
      {
        "device": "CPU",
        "opType": "DequantizeLinear",
        "input": [
          "onnx::Conv_558_quantized",
          "onnx::Conv_519_scale",
          "onnx::Conv_558_zero_point"
        ],
        "output": [
          "onnx::Conv_558_DequantizeLinear_Output"
        ]
      },
      {
        "device": "CPU",
        "opType": "DequantizeLinear",
        "input": [
          "onnx::Conv_557_quantized",
          "onnx::Conv_518_scale",
          "onnx::Conv_557_zero_point"
        ],
        "output": [
          "onnx::Conv_557_DequantizeLinear_Output"
        ]
      },
      {
        "device": "CPU",
        "opType": "Conv",
        "input": [
          "/layer2/layer2.2/act2/Relu_output_0_DequantizeLinear_Output",
          "onnx::Conv_557_DequantizeLinear_Output",
          "onnx::Conv_558_DequantizeLinear_Output"
        ],
        "output": [
          "/layer2/layer2.2/conv3/Conv_output_0"
        ]
      },
      {
        "device": "CPU",
        "opType": "QuantizeLinear",
        "input": [
          "/layer2/layer2.2/conv3/Conv_output_0",
          "/layer3/layer3.5/conv3/Conv_output_0_scale",
          "/layer2/layer2.2/conv3/Conv_output_0_zero_point"
        ],
        "output": [
          "/layer2/layer2.2/conv3/Conv_output_0_QuantizeLinear_Output"
        ]
      },
      {
        "device": "CPU",
        "opType": "DequantizeLinear",
        "input": [
          "/layer2/layer2.2/conv3/Conv_output_0_QuantizeLinear_Output",
          "/layer3/layer3.5/conv3/Conv_output_0_scale",
          "/layer2/layer2.2/conv3/Conv_output_0_zero_point"
        ],
        "output": [
          "/layer2/layer2.2/conv3/Conv_output_0_DequantizeLinear_Output"
        ]
      },
      {
        "device": "CPU",
        "opType": "Add",
        "input": [
          "/layer2/layer2.2/conv3/Conv_output_0_DequantizeLinear_Output",
          "/layer2/layer2.1/act3/Relu_output_0_DequantizeLinear_Output/duplicated"
        ],
        "output": [
          "/layer2/layer2.2/Add_output_0"
        ]
      },
      {
        "device": "CPU",
        "opType": "Relu",
        "input": [
          "/layer2/layer2.2/Add_output_0"
        ],
        "output": [
          "/layer2/layer2.2/act3/Relu_output_0"
        ]
      },
      {
        "device": "CPU",
        "opType": "QuantizeLinear",
        "input": [
          "/layer2/layer2.2/act3/Relu_output_0",
          "/layer3/layer3.5/conv3/Conv_output_0_scale",
          "/layer2/layer2.2/act3/Relu_output_0_zero_point"
        ],
        "output": [
          "/layer2/layer2.2/act3/Relu_output_0_QuantizeLinear_Output"
        ]
      },
      {
        "device": "CPU",
        "opType": "DequantizeLinear",
        "input": [
          "/layer2/layer2.2/act3/Relu_output_0_QuantizeLinear_Output",
          "/layer3/layer3.5/conv3/Conv_output_0_scale",
          "/layer2/layer2.2/act3/Relu_output_0_zero_point"
        ],
        "output": [
          "/layer2/layer2.2/act3/Relu_output_0_DequantizeLinear_Output/duplicated"
        ]
      },
      {
        "device": "CPU",
        "opType": "DequantizeLinear",
        "input": [
          "/layer2/layer2.2/act3/Relu_output_0_QuantizeLinear_Output",
          "/layer3/layer3.5/conv3/Conv_output_0_scale",
          "/layer2/layer2.2/act3/Relu_output_0_zero_point"
        ],
        "output": [
          "/layer2/layer2.2/act3/Relu_output_0_DequantizeLinear_Output"
        ]
      },
      {
        "device": "CPU",
        "opType": "DequantizeLinear",
        "input": [
          "onnx::Conv_561_quantized",
          "onnx::Conv_518_scale",
          "onnx::Conv_561_zero_point"
        ],
        "output": [
          "onnx::Conv_561_DequantizeLinear_Output"
        ]
      },
      {
        "device": "CPU",
        "opType": "DequantizeLinear",
        "input": [
          "onnx::Conv_560_quantized",
          "onnx::Conv_581_scale",
          "onnx::Conv_560_zero_point"
        ],
        "output": [
          "onnx::Conv_560_DequantizeLinear_Output"
        ]
      },
      {
        "device": "CPU",
        "opType": "Conv",
        "input": [
          "/layer2/layer2.2/act3/Relu_output_0_DequantizeLinear_Output",
          "onnx::Conv_560_DequantizeLinear_Output",
          "onnx::Conv_561_DequantizeLinear_Output"
        ],
        "output": [
          "/layer2/layer2.3/conv1/Conv_output_0"
        ]
      },
      {
        "device": "CPU",
        "opType": "Relu",
        "input": [
          "/layer2/layer2.3/conv1/Conv_output_0"
        ],
        "output": [
          "/layer2/layer2.3/act1/Relu_output_0"
        ]
      },
      {
        "device": "CPU",
        "opType": "QuantizeLinear",
        "input": [
          "/layer2/layer2.3/act1/Relu_output_0",
          "onnx::Conv_519_scale",
          "/layer2/layer2.3/act1/Relu_output_0_zero_point"
        ],
        "output": [
          "/layer2/layer2.3/act1/Relu_output_0_QuantizeLinear_Output"
        ]
      },
      {
        "device": "CPU",
        "opType": "DequantizeLinear",
        "input": [
          "/layer2/layer2.3/act1/Relu_output_0_QuantizeLinear_Output",
          "onnx::Conv_519_scale",
          "/layer2/layer2.3/act1/Relu_output_0_zero_point"
        ],
        "output": [
          "/layer2/layer2.3/act1/Relu_output_0_DequantizeLinear_Output"
        ]
      },
      {
        "device": "CPU",
        "opType": "DequantizeLinear",
        "input": [
          "onnx::Conv_564_quantized",
          "/layer2/layer2.2/act1/Relu_output_0_scale",
          "onnx::Conv_564_zero_point"
        ],
        "output": [
          "onnx::Conv_564_DequantizeLinear_Output"
        ]
      },
      {
        "device": "CPU",
        "opType": "DequantizeLinear",
        "input": [
          "onnx::Conv_563_quantized",
          "onnx::Conv_575_scale",
          "onnx::Conv_563_zero_point"
        ],
        "output": [
          "onnx::Conv_563_DequantizeLinear_Output"
        ]
      },
      {
        "device": "CPU",
        "opType": "Conv",
        "input": [
          "/layer2/layer2.3/act1/Relu_output_0_DequantizeLinear_Output",
          "onnx::Conv_563_DequantizeLinear_Output",
          "onnx::Conv_564_DequantizeLinear_Output"
        ],
        "output": [
          "/layer2/layer2.3/conv2/Conv_output_0"
        ]
      },
      {
        "device": "CPU",
        "opType": "Relu",
        "input": [
          "/layer2/layer2.3/conv2/Conv_output_0"
        ],
        "output": [
          "/layer2/layer2.3/act2/Relu_output_0"
        ]
      },
      {
        "device": "CPU",
        "opType": "QuantizeLinear",
        "input": [
          "/layer2/layer2.3/act2/Relu_output_0",
          "onnx::Conv_519_scale",
          "/layer2/layer2.3/act2/Relu_output_0_zero_point"
        ],
        "output": [
          "/layer2/layer2.3/act2/Relu_output_0_QuantizeLinear_Output"
        ]
      },
      {
        "device": "CPU",
        "opType": "DequantizeLinear",
        "input": [
          "/layer2/layer2.3/act2/Relu_output_0_QuantizeLinear_Output",
          "onnx::Conv_519_scale",
          "/layer2/layer2.3/act2/Relu_output_0_zero_point"
        ],
        "output": [
          "/layer2/layer2.3/act2/Relu_output_0_DequantizeLinear_Output"
        ]
      },
      {
        "device": "CPU",
        "opType": "DequantizeLinear",
        "input": [
          "onnx::Conv_567_quantized",
          "onnx::Conv_519_scale",
          "onnx::Conv_567_zero_point"
        ],
        "output": [
          "onnx::Conv_567_DequantizeLinear_Output"
        ]
      },
      {
        "device": "CPU",
        "opType": "DequantizeLinear",
        "input": [
          "onnx::Conv_566_quantized",
          "onnx::Conv_518_scale",
          "onnx::Conv_566_zero_point"
        ],
        "output": [
          "onnx::Conv_566_DequantizeLinear_Output"
        ]
      },
      {
        "device": "CPU",
        "opType": "Conv",
        "input": [
          "/layer2/layer2.3/act2/Relu_output_0_DequantizeLinear_Output",
          "onnx::Conv_566_DequantizeLinear_Output",
          "onnx::Conv_567_DequantizeLinear_Output"
        ],
        "output": [
          "/layer2/layer2.3/conv3/Conv_output_0"
        ]
      },
      {
        "device": "CPU",
        "opType": "QuantizeLinear",
        "input": [
          "/layer2/layer2.3/conv3/Conv_output_0",
          "/layer3/layer3.5/conv3/Conv_output_0_scale",
          "/layer2/layer2.3/conv3/Conv_output_0_zero_point"
        ],
        "output": [
          "/layer2/layer2.3/conv3/Conv_output_0_QuantizeLinear_Output"
        ]
      },
      {
        "device": "CPU",
        "opType": "DequantizeLinear",
        "input": [
          "/layer2/layer2.3/conv3/Conv_output_0_QuantizeLinear_Output",
          "/layer3/layer3.5/conv3/Conv_output_0_scale",
          "/layer2/layer2.3/conv3/Conv_output_0_zero_point"
        ],
        "output": [
          "/layer2/layer2.3/conv3/Conv_output_0_DequantizeLinear_Output"
        ]
      },
      {
        "device": "CPU",
        "opType": "Add",
        "input": [
          "/layer2/layer2.3/conv3/Conv_output_0_DequantizeLinear_Output",
          "/layer2/layer2.2/act3/Relu_output_0_DequantizeLinear_Output/duplicated"
        ],
        "output": [
          "/layer2/layer2.3/Add_output_0"
        ]
      },
      {
        "device": "CPU",
        "opType": "Relu",
        "input": [
          "/layer2/layer2.3/Add_output_0"
        ],
        "output": [
          "/layer2/layer2.3/act3/Relu_output_0"
        ]
      },
      {
        "device": "CPU",
        "opType": "QuantizeLinear",
        "input": [
          "/layer2/layer2.3/act3/Relu_output_0",
          "/layer3/layer3.5/conv3/Conv_output_0_scale",
          "/layer2/layer2.3/act3/Relu_output_0_zero_point"
        ],
        "output": [
          "/layer2/layer2.3/act3/Relu_output_0_QuantizeLinear_Output"
        ]
      },
      {
        "device": "CPU",
        "opType": "DequantizeLinear",
        "input": [
          "/layer2/layer2.3/act3/Relu_output_0_QuantizeLinear_Output",
          "/layer3/layer3.5/conv3/Conv_output_0_scale",
          "/layer2/layer2.3/act3/Relu_output_0_zero_point"
        ],
        "output": [
          "/layer2/layer2.3/act3/Relu_output_0_DequantizeLinear_Output/duplicated"
        ]
      },
      {
        "device": "CPU",
        "opType": "DequantizeLinear",
        "input": [
          "onnx::Conv_579_quantized",
          "/layer3/layer3.5/conv3/Conv_output_0_scale",
          "onnx::Conv_579_zero_point"
        ],
        "output": [
          "onnx::Conv_579_DequantizeLinear_Output"
        ]
      },
      {
        "device": "CPU",
        "opType": "DequantizeLinear",
        "input": [
          "onnx::Conv_578_quantized",
          "onnx::Conv_575_scale",
          "onnx::Conv_578_zero_point"
        ],
        "output": [
          "onnx::Conv_578_DequantizeLinear_Output"
        ]
      },
      {
        "device": "CPU",
        "opType": "Conv",
        "input": [
          "/layer2/layer2.3/act3/Relu_output_0_DequantizeLinear_Output/duplicated",
          "onnx::Conv_578_DequantizeLinear_Output",
          "onnx::Conv_579_DequantizeLinear_Output"
        ],
        "output": [
          "/layer3/layer3.0/downsample/downsample.0/Conv_output_0"
        ]
      },
      {
        "device": "CPU",
        "opType": "QuantizeLinear",
        "input": [
          "/layer3/layer3.0/downsample/downsample.0/Conv_output_0",
          "onnx::Conv_519_scale",
          "/layer3/layer3.0/downsample/downsample.0/Conv_output_0_zero_point"
        ],
        "output": [
          "/layer3/layer3.0/downsample/downsample.0/Conv_output_0_QuantizeLinear_Output"
        ]
      },
      {
        "device": "CPU",
        "opType": "DequantizeLinear",
        "input": [
          "/layer3/layer3.0/downsample/downsample.0/Conv_output_0_QuantizeLinear_Output",
          "onnx::Conv_519_scale",
          "/layer3/layer3.0/downsample/downsample.0/Conv_output_0_zero_point"
        ],
        "output": [
          "/layer3/layer3.0/downsample/downsample.0/Conv_output_0_DequantizeLinear_Output"
        ]
      },
      {
        "device": "CPU",
        "opType": "DequantizeLinear",
        "input": [
          "/layer2/layer2.3/act3/Relu_output_0_QuantizeLinear_Output",
          "/layer3/layer3.5/conv3/Conv_output_0_scale",
          "/layer2/layer2.3/act3/Relu_output_0_zero_point"
        ],
        "output": [
          "/layer2/layer2.3/act3/Relu_output_0_DequantizeLinear_Output"
        ]
      },
      {
        "device": "CPU",
        "opType": "DequantizeLinear",
        "input": [
          "onnx::Conv_570_quantized",
          "/layer2/layer2.2/act1/Relu_output_0_scale",
          "onnx::Conv_570_zero_point"
        ],
        "output": [
          "onnx::Conv_570_DequantizeLinear_Output"
        ]
      },
      {
        "device": "CPU",
        "opType": "DequantizeLinear",
        "input": [
          "onnx::Conv_569_quantized",
          "onnx::Conv_581_scale",
          "onnx::Conv_569_zero_point"
        ],
        "output": [
          "onnx::Conv_569_DequantizeLinear_Output"
        ]
      },
      {
        "device": "CPU",
        "opType": "Conv",
        "input": [
          "/layer2/layer2.3/act3/Relu_output_0_DequantizeLinear_Output",
          "onnx::Conv_569_DequantizeLinear_Output",
          "onnx::Conv_570_DequantizeLinear_Output"
        ],
        "output": [
          "/layer3/layer3.0/conv1/Conv_output_0"
        ]
      },
      {
        "device": "CPU",
        "opType": "Relu",
        "input": [
          "/layer3/layer3.0/conv1/Conv_output_0"
        ],
        "output": [
          "/layer3/layer3.0/act1/Relu_output_0"
        ]
      },
      {
        "device": "CPU",
        "opType": "QuantizeLinear",
        "input": [
          "/layer3/layer3.0/act1/Relu_output_0",
          "onnx::Conv_519_scale",
          "/layer3/layer3.0/act1/Relu_output_0_zero_point"
        ],
        "output": [
          "/layer3/layer3.0/act1/Relu_output_0_QuantizeLinear_Output"
        ]
      },
      {
        "device": "CPU",
        "opType": "DequantizeLinear",
        "input": [
          "/layer3/layer3.0/act1/Relu_output_0_QuantizeLinear_Output",
          "onnx::Conv_519_scale",
          "/layer3/layer3.0/act1/Relu_output_0_zero_point"
        ],
        "output": [
          "/layer3/layer3.0/act1/Relu_output_0_DequantizeLinear_Output"
        ]
      },
      {
        "device": "CPU",
        "opType": "DequantizeLinear",
        "input": [
          "onnx::Conv_573_quantized",
          "/layer2/layer2.2/act1/Relu_output_0_scale",
          "onnx::Conv_573_zero_point"
        ],
        "output": [
          "onnx::Conv_573_DequantizeLinear_Output"
        ]
      },
      {
        "device": "CPU",
        "opType": "DequantizeLinear",
        "input": [
          "onnx::Conv_572_quantized",
          "onnx::Conv_581_scale",
          "onnx::Conv_572_zero_point"
        ],
        "output": [
          "onnx::Conv_572_DequantizeLinear_Output"
        ]
      },
      {
        "device": "CPU",
        "opType": "Conv",
        "input": [
          "/layer3/layer3.0/act1/Relu_output_0_DequantizeLinear_Output",
          "onnx::Conv_572_DequantizeLinear_Output",
          "onnx::Conv_573_DequantizeLinear_Output"
        ],
        "output": [
          "/layer3/layer3.0/conv2/Conv_output_0"
        ]
      },
      {
        "device": "CPU",
        "opType": "Relu",
        "input": [
          "/layer3/layer3.0/conv2/Conv_output_0"
        ],
        "output": [
          "/layer3/layer3.0/act2/Relu_output_0"
        ]
      },
      {
        "device": "CPU",
        "opType": "QuantizeLinear",
        "input": [
          "/layer3/layer3.0/act2/Relu_output_0",
          "onnx::Conv_519_scale",
          "/layer3/layer3.0/act2/Relu_output_0_zero_point"
        ],
        "output": [
          "/layer3/layer3.0/act2/Relu_output_0_QuantizeLinear_Output"
        ]
      },
      {
        "device": "CPU",
        "opType": "DequantizeLinear",
        "input": [
          "/layer3/layer3.0/act2/Relu_output_0_QuantizeLinear_Output",
          "onnx::Conv_519_scale",
          "/layer3/layer3.0/act2/Relu_output_0_zero_point"
        ],
        "output": [
          "/layer3/layer3.0/act2/Relu_output_0_DequantizeLinear_Output"
        ]
      },
      {
        "device": "CPU",
        "opType": "DequantizeLinear",
        "input": [
          "onnx::Conv_576_quantized",
          "/layer3/layer3.5/conv3/Conv_output_0_scale",
          "onnx::Conv_576_zero_point"
        ],
        "output": [
          "onnx::Conv_576_DequantizeLinear_Output"
        ]
      },
      {
        "device": "CPU",
        "opType": "DequantizeLinear",
        "input": [
          "onnx::Conv_575_quantized",
          "onnx::Conv_575_scale",
          "onnx::Conv_575_zero_point"
        ],
        "output": [
          "onnx::Conv_575_DequantizeLinear_Output"
        ]
      },
      {
        "device": "CPU",
        "opType": "Conv",
        "input": [
          "/layer3/layer3.0/act2/Relu_output_0_DequantizeLinear_Output",
          "onnx::Conv_575_DequantizeLinear_Output",
          "onnx::Conv_576_DequantizeLinear_Output"
        ],
        "output": [
          "/layer3/layer3.0/conv3/Conv_output_0"
        ]
      },
      {
        "device": "CPU",
        "opType": "QuantizeLinear",
        "input": [
          "/layer3/layer3.0/conv3/Conv_output_0",
          "/layer3/layer3.5/conv3/Conv_output_0_scale",
          "/layer3/layer3.0/conv3/Conv_output_0_zero_point"
        ],
        "output": [
          "/layer3/layer3.0/conv3/Conv_output_0_QuantizeLinear_Output"
        ]
      },
      {
        "device": "CPU",
        "opType": "DequantizeLinear",
        "input": [
          "/layer3/layer3.0/conv3/Conv_output_0_QuantizeLinear_Output",
          "/layer3/layer3.5/conv3/Conv_output_0_scale",
          "/layer3/layer3.0/conv3/Conv_output_0_zero_point"
        ],
        "output": [
          "/layer3/layer3.0/conv3/Conv_output_0_DequantizeLinear_Output"
        ]
      },
      {
        "device": "CPU",
        "opType": "Add",
        "input": [
          "/layer3/layer3.0/conv3/Conv_output_0_DequantizeLinear_Output",
          "/layer3/layer3.0/downsample/downsample.0/Conv_output_0_DequantizeLinear_Output"
        ],
        "output": [
          "/layer3/layer3.0/Add_output_0"
        ]
      },
      {
        "device": "CPU",
        "opType": "Relu",
        "input": [
          "/layer3/layer3.0/Add_output_0"
        ],
        "output": [
          "/layer3/layer3.0/act3/Relu_output_0"
        ]
      },
      {
        "device": "CPU",
        "opType": "QuantizeLinear",
        "input": [
          "/layer3/layer3.0/act3/Relu_output_0",
          "/layer3/layer3.5/conv3/Conv_output_0_scale",
          "/layer3/layer3.0/act3/Relu_output_0_zero_point"
        ],
        "output": [
          "/layer3/layer3.0/act3/Relu_output_0_QuantizeLinear_Output"
        ]
      },
      {
        "device": "CPU",
        "opType": "DequantizeLinear",
        "input": [
          "/layer3/layer3.0/act3/Relu_output_0_QuantizeLinear_Output",
          "/layer3/layer3.5/conv3/Conv_output_0_scale",
          "/layer3/layer3.0/act3/Relu_output_0_zero_point"
        ],
        "output": [
          "/layer3/layer3.0/act3/Relu_output_0_DequantizeLinear_Output/duplicated"
        ]
      },
      {
        "device": "CPU",
        "opType": "DequantizeLinear",
        "input": [
          "/layer3/layer3.0/act3/Relu_output_0_QuantizeLinear_Output",
          "/layer3/layer3.5/conv3/Conv_output_0_scale",
          "/layer3/layer3.0/act3/Relu_output_0_zero_point"
        ],
        "output": [
          "/layer3/layer3.0/act3/Relu_output_0_DequantizeLinear_Output"
        ]
      },
      {
        "device": "CPU",
        "opType": "DequantizeLinear",
        "input": [
          "onnx::Conv_582_quantized",
          "onnx::Conv_519_scale",
          "onnx::Conv_582_zero_point"
        ],
        "output": [
          "onnx::Conv_582_DequantizeLinear_Output"
        ]
      },
      {
        "device": "CPU",
        "opType": "DequantizeLinear",
        "input": [
          "onnx::Conv_581_quantized",
          "onnx::Conv_581_scale",
          "onnx::Conv_581_zero_point"
        ],
        "output": [
          "onnx::Conv_581_DequantizeLinear_Output"
        ]
      },
      {
        "device": "CPU",
        "opType": "Conv",
        "input": [
          "/layer3/layer3.0/act3/Relu_output_0_DequantizeLinear_Output",
          "onnx::Conv_581_DequantizeLinear_Output",
          "onnx::Conv_582_DequantizeLinear_Output"
        ],
        "output": [
          "/layer3/layer3.1/conv1/Conv_output_0"
        ]
      },
      {
        "device": "CPU",
        "opType": "Relu",
        "input": [
          "/layer3/layer3.1/conv1/Conv_output_0"
        ],
        "output": [
          "/layer3/layer3.1/act1/Relu_output_0"
        ]
      },
      {
        "device": "CPU",
        "opType": "QuantizeLinear",
        "input": [
          "/layer3/layer3.1/act1/Relu_output_0",
          "onnx::Conv_519_scale",
          "/layer3/layer3.1/act1/Relu_output_0_zero_point"
        ],
        "output": [
          "/layer3/layer3.1/act1/Relu_output_0_QuantizeLinear_Output"
        ]
      },
      {
        "device": "CPU",
        "opType": "DequantizeLinear",
        "input": [
          "/layer3/layer3.1/act1/Relu_output_0_QuantizeLinear_Output",
          "onnx::Conv_519_scale",
          "/layer3/layer3.1/act1/Relu_output_0_zero_point"
        ],
        "output": [
          "/layer3/layer3.1/act1/Relu_output_0_DequantizeLinear_Output"
        ]
      },
      {
        "device": "CPU",
        "opType": "DequantizeLinear",
        "input": [
          "onnx::Conv_585_quantized",
          "/layer2/layer2.2/act1/Relu_output_0_scale",
          "onnx::Conv_585_zero_point"
        ],
        "output": [
          "onnx::Conv_585_DequantizeLinear_Output"
        ]
      },
      {
        "device": "CPU",
        "opType": "DequantizeLinear",
        "input": [
          "onnx::Conv_584_quantized",
          "onnx::Conv_581_scale",
          "onnx::Conv_584_zero_point"
        ],
        "output": [
          "onnx::Conv_584_DequantizeLinear_Output"
        ]
      },
      {
        "device": "CPU",
        "opType": "Conv",
        "input": [
          "/layer3/layer3.1/act1/Relu_output_0_DequantizeLinear_Output",
          "onnx::Conv_584_DequantizeLinear_Output",
          "onnx::Conv_585_DequantizeLinear_Output"
        ],
        "output": [
          "/layer3/layer3.1/conv2/Conv_output_0"
        ]
      },
      {
        "device": "CPU",
        "opType": "Relu",
        "input": [
          "/layer3/layer3.1/conv2/Conv_output_0"
        ],
        "output": [
          "/layer3/layer3.1/act2/Relu_output_0"
        ]
      },
      {
        "device": "CPU",
        "opType": "QuantizeLinear",
        "input": [
          "/layer3/layer3.1/act2/Relu_output_0",
          "onnx::Conv_519_scale",
          "/layer3/layer3.1/act2/Relu_output_0_zero_point"
        ],
        "output": [
          "/layer3/layer3.1/act2/Relu_output_0_QuantizeLinear_Output"
        ]
      },
      {
        "device": "CPU",
        "opType": "DequantizeLinear",
        "input": [
          "/layer3/layer3.1/act2/Relu_output_0_QuantizeLinear_Output",
          "onnx::Conv_519_scale",
          "/layer3/layer3.1/act2/Relu_output_0_zero_point"
        ],
        "output": [
          "/layer3/layer3.1/act2/Relu_output_0_DequantizeLinear_Output"
        ]
      },
      {
        "device": "CPU",
        "opType": "DequantizeLinear",
        "input": [
          "onnx::Conv_588_quantized",
          "onnx::Conv_519_scale",
          "onnx::Conv_588_zero_point"
        ],
        "output": [
          "onnx::Conv_588_DequantizeLinear_Output"
        ]
      },
      {
        "device": "CPU",
        "opType": "DequantizeLinear",
        "input": [
          "onnx::Conv_587_quantized",
          "onnx::Conv_509_scale",
          "onnx::Conv_587_zero_point"
        ],
        "output": [
          "onnx::Conv_587_DequantizeLinear_Output"
        ]
      },
      {
        "device": "CPU",
        "opType": "Conv",
        "input": [
          "/layer3/layer3.1/act2/Relu_output_0_DequantizeLinear_Output",
          "onnx::Conv_587_DequantizeLinear_Output",
          "onnx::Conv_588_DequantizeLinear_Output"
        ],
        "output": [
          "/layer3/layer3.1/conv3/Conv_output_0"
        ]
      },
      {
        "device": "CPU",
        "opType": "QuantizeLinear",
        "input": [
          "/layer3/layer3.1/conv3/Conv_output_0",
          "/layer3/layer3.5/conv3/Conv_output_0_scale",
          "/layer3/layer3.1/conv3/Conv_output_0_zero_point"
        ],
        "output": [
          "/layer3/layer3.1/conv3/Conv_output_0_QuantizeLinear_Output"
        ]
      },
      {
        "device": "CPU",
        "opType": "DequantizeLinear",
        "input": [
          "/layer3/layer3.1/conv3/Conv_output_0_QuantizeLinear_Output",
          "/layer3/layer3.5/conv3/Conv_output_0_scale",
          "/layer3/layer3.1/conv3/Conv_output_0_zero_point"
        ],
        "output": [
          "/layer3/layer3.1/conv3/Conv_output_0_DequantizeLinear_Output"
        ]
      },
      {
        "device": "CPU",
        "opType": "Add",
        "input": [
          "/layer3/layer3.1/conv3/Conv_output_0_DequantizeLinear_Output",
          "/layer3/layer3.0/act3/Relu_output_0_DequantizeLinear_Output/duplicated"
        ],
        "output": [
          "/layer3/layer3.1/Add_output_0"
        ]
      },
      {
        "device": "CPU",
        "opType": "Relu",
        "input": [
          "/layer3/layer3.1/Add_output_0"
        ],
        "output": [
          "/layer3/layer3.1/act3/Relu_output_0"
        ]
      },
      {
        "device": "CPU",
        "opType": "QuantizeLinear",
        "input": [
          "/layer3/layer3.1/act3/Relu_output_0",
          "/layer3/layer3.5/conv3/Conv_output_0_scale",
          "/layer3/layer3.1/act3/Relu_output_0_zero_point"
        ],
        "output": [
          "/layer3/layer3.1/act3/Relu_output_0_QuantizeLinear_Output"
        ]
      },
      {
        "device": "CPU",
        "opType": "DequantizeLinear",
        "input": [
          "/layer3/layer3.1/act3/Relu_output_0_QuantizeLinear_Output",
          "/layer3/layer3.5/conv3/Conv_output_0_scale",
          "/layer3/layer3.1/act3/Relu_output_0_zero_point"
        ],
        "output": [
          "/layer3/layer3.1/act3/Relu_output_0_DequantizeLinear_Output/duplicated"
        ]
      },
      {
        "device": "CPU",
        "opType": "DequantizeLinear",
        "input": [
          "/layer3/layer3.1/act3/Relu_output_0_QuantizeLinear_Output",
          "/layer3/layer3.5/conv3/Conv_output_0_scale",
          "/layer3/layer3.1/act3/Relu_output_0_zero_point"
        ],
        "output": [
          "/layer3/layer3.1/act3/Relu_output_0_DequantizeLinear_Output"
        ]
      },
      {
        "device": "CPU",
        "opType": "DequantizeLinear",
        "input": [
          "onnx::Conv_591_quantized",
          "onnx::Conv_519_scale",
          "onnx::Conv_591_zero_point"
        ],
        "output": [
          "onnx::Conv_591_DequantizeLinear_Output"
        ]
      },
      {
        "device": "CPU",
        "opType": "DequantizeLinear",
        "input": [
          "onnx::Conv_590_quantized",
          "onnx::Conv_581_scale",
          "onnx::Conv_590_zero_point"
        ],
        "output": [
          "onnx::Conv_590_DequantizeLinear_Output"
        ]
      },
      {
        "device": "CPU",
        "opType": "Conv",
        "input": [
          "/layer3/layer3.1/act3/Relu_output_0_DequantizeLinear_Output",
          "onnx::Conv_590_DequantizeLinear_Output",
          "onnx::Conv_591_DequantizeLinear_Output"
        ],
        "output": [
          "/layer3/layer3.2/conv1/Conv_output_0"
        ]
      },
      {
        "device": "CPU",
        "opType": "Relu",
        "input": [
          "/layer3/layer3.2/conv1/Conv_output_0"
        ],
        "output": [
          "/layer3/layer3.2/act1/Relu_output_0"
        ]
      },
      {
        "device": "CPU",
        "opType": "QuantizeLinear",
        "input": [
          "/layer3/layer3.2/act1/Relu_output_0",
          "onnx::Conv_519_scale",
          "/layer3/layer3.2/act1/Relu_output_0_zero_point"
        ],
        "output": [
          "/layer3/layer3.2/act1/Relu_output_0_QuantizeLinear_Output"
        ]
      },
      {
        "device": "CPU",
        "opType": "DequantizeLinear",
        "input": [
          "/layer3/layer3.2/act1/Relu_output_0_QuantizeLinear_Output",
          "onnx::Conv_519_scale",
          "/layer3/layer3.2/act1/Relu_output_0_zero_point"
        ],
        "output": [
          "/layer3/layer3.2/act1/Relu_output_0_DequantizeLinear_Output"
        ]
      },
      {
        "device": "CPU",
        "opType": "DequantizeLinear",
        "input": [
          "onnx::Conv_594_quantized",
          "/layer2/layer2.2/act1/Relu_output_0_scale",
          "onnx::Conv_594_zero_point"
        ],
        "output": [
          "onnx::Conv_594_DequantizeLinear_Output"
        ]
      },
      {
        "device": "CPU",
        "opType": "DequantizeLinear",
        "input": [
          "onnx::Conv_593_quantized",
          "onnx::Conv_617_scale",
          "onnx::Conv_593_zero_point"
        ],
        "output": [
          "onnx::Conv_593_DequantizeLinear_Output"
        ]
      },
      {
        "device": "CPU",
        "opType": "Conv",
        "input": [
          "/layer3/layer3.2/act1/Relu_output_0_DequantizeLinear_Output",
          "onnx::Conv_593_DequantizeLinear_Output",
          "onnx::Conv_594_DequantizeLinear_Output"
        ],
        "output": [
          "/layer3/layer3.2/conv2/Conv_output_0"
        ]
      },
      {
        "device": "CPU",
        "opType": "Relu",
        "input": [
          "/layer3/layer3.2/conv2/Conv_output_0"
        ],
        "output": [
          "/layer3/layer3.2/act2/Relu_output_0"
        ]
      },
      {
        "device": "CPU",
        "opType": "QuantizeLinear",
        "input": [
          "/layer3/layer3.2/act2/Relu_output_0",
          "onnx::Conv_519_scale",
          "/layer3/layer3.2/act2/Relu_output_0_zero_point"
        ],
        "output": [
          "/layer3/layer3.2/act2/Relu_output_0_QuantizeLinear_Output"
        ]
      },
      {
        "device": "CPU",
        "opType": "DequantizeLinear",
        "input": [
          "/layer3/layer3.2/act2/Relu_output_0_QuantizeLinear_Output",
          "onnx::Conv_519_scale",
          "/layer3/layer3.2/act2/Relu_output_0_zero_point"
        ],
        "output": [
          "/layer3/layer3.2/act2/Relu_output_0_DequantizeLinear_Output"
        ]
      },
      {
        "device": "CPU",
        "opType": "DequantizeLinear",
        "input": [
          "onnx::Conv_597_quantized",
          "onnx::Conv_519_scale",
          "onnx::Conv_597_zero_point"
        ],
        "output": [
          "onnx::Conv_597_DequantizeLinear_Output"
        ]
      },
      {
        "device": "CPU",
        "opType": "DequantizeLinear",
        "input": [
          "onnx::Conv_596_quantized",
          "onnx::Conv_518_scale",
          "onnx::Conv_596_zero_point"
        ],
        "output": [
          "onnx::Conv_596_DequantizeLinear_Output"
        ]
      },
      {
        "device": "CPU",
        "opType": "Conv",
        "input": [
          "/layer3/layer3.2/act2/Relu_output_0_DequantizeLinear_Output",
          "onnx::Conv_596_DequantizeLinear_Output",
          "onnx::Conv_597_DequantizeLinear_Output"
        ],
        "output": [
          "/layer3/layer3.2/conv3/Conv_output_0"
        ]
      },
      {
        "device": "CPU",
        "opType": "QuantizeLinear",
        "input": [
          "/layer3/layer3.2/conv3/Conv_output_0",
          "onnx::Conv_519_scale",
          "/layer3/layer3.2/conv3/Conv_output_0_zero_point"
        ],
        "output": [
          "/layer3/layer3.2/conv3/Conv_output_0_QuantizeLinear_Output"
        ]
      },
      {
        "device": "CPU",
        "opType": "DequantizeLinear",
        "input": [
          "/layer3/layer3.2/conv3/Conv_output_0_QuantizeLinear_Output",
          "onnx::Conv_519_scale",
          "/layer3/layer3.2/conv3/Conv_output_0_zero_point"
        ],
        "output": [
          "/layer3/layer3.2/conv3/Conv_output_0_DequantizeLinear_Output"
        ]
      },
      {
        "device": "CPU",
        "opType": "Add",
        "input": [
          "/layer3/layer3.2/conv3/Conv_output_0_DequantizeLinear_Output",
          "/layer3/layer3.1/act3/Relu_output_0_DequantizeLinear_Output/duplicated"
        ],
        "output": [
          "/layer3/layer3.2/Add_output_0"
        ]
      },
      {
        "device": "CPU",
        "opType": "Relu",
        "input": [
          "/layer3/layer3.2/Add_output_0"
        ],
        "output": [
          "/layer3/layer3.2/act3/Relu_output_0"
        ]
      },
      {
        "device": "CPU",
        "opType": "QuantizeLinear",
        "input": [
          "/layer3/layer3.2/act3/Relu_output_0",
          "/layer3/layer3.5/conv3/Conv_output_0_scale",
          "/layer3/layer3.2/act3/Relu_output_0_zero_point"
        ],
        "output": [
          "/layer3/layer3.2/act3/Relu_output_0_QuantizeLinear_Output"
        ]
      },
      {
        "device": "CPU",
        "opType": "DequantizeLinear",
        "input": [
          "/layer3/layer3.2/act3/Relu_output_0_QuantizeLinear_Output",
          "/layer3/layer3.5/conv3/Conv_output_0_scale",
          "/layer3/layer3.2/act3/Relu_output_0_zero_point"
        ],
        "output": [
          "/layer3/layer3.2/act3/Relu_output_0_DequantizeLinear_Output/duplicated"
        ]
      },
      {
        "device": "CPU",
        "opType": "DequantizeLinear",
        "input": [
          "/layer3/layer3.2/act3/Relu_output_0_QuantizeLinear_Output",
          "/layer3/layer3.5/conv3/Conv_output_0_scale",
          "/layer3/layer3.2/act3/Relu_output_0_zero_point"
        ],
        "output": [
          "/layer3/layer3.2/act3/Relu_output_0_DequantizeLinear_Output"
        ]
      },
      {
        "device": "CPU",
        "opType": "DequantizeLinear",
        "input": [
          "onnx::Conv_600_quantized",
          "onnx::Conv_518_scale",
          "onnx::Conv_600_zero_point"
        ],
        "output": [
          "onnx::Conv_600_DequantizeLinear_Output"
        ]
      },
      {
        "device": "CPU",
        "opType": "DequantizeLinear",
        "input": [
          "onnx::Conv_599_quantized",
          "onnx::Conv_581_scale",
          "onnx::Conv_599_zero_point"
        ],
        "output": [
          "onnx::Conv_599_DequantizeLinear_Output"
        ]
      },
      {
        "device": "CPU",
        "opType": "Conv",
        "input": [
          "/layer3/layer3.2/act3/Relu_output_0_DequantizeLinear_Output",
          "onnx::Conv_599_DequantizeLinear_Output",
          "onnx::Conv_600_DequantizeLinear_Output"
        ],
        "output": [
          "/layer3/layer3.3/conv1/Conv_output_0"
        ]
      },
      {
        "device": "CPU",
        "opType": "Relu",
        "input": [
          "/layer3/layer3.3/conv1/Conv_output_0"
        ],
        "output": [
          "/layer3/layer3.3/act1/Relu_output_0"
        ]
      },
      {
        "device": "CPU",
        "opType": "QuantizeLinear",
        "input": [
          "/layer3/layer3.3/act1/Relu_output_0",
          "onnx::Conv_519_scale",
          "/layer3/layer3.3/act1/Relu_output_0_zero_point"
        ],
        "output": [
          "/layer3/layer3.3/act1/Relu_output_0_QuantizeLinear_Output"
        ]
      },
      {
        "device": "CPU",
        "opType": "DequantizeLinear",
        "input": [
          "/layer3/layer3.3/act1/Relu_output_0_QuantizeLinear_Output",
          "onnx::Conv_519_scale",
          "/layer3/layer3.3/act1/Relu_output_0_zero_point"
        ],
        "output": [
          "/layer3/layer3.3/act1/Relu_output_0_DequantizeLinear_Output"
        ]
      },
      {
        "device": "CPU",
        "opType": "DequantizeLinear",
        "input": [
          "onnx::Conv_603_quantized",
          "/layer2/layer2.2/act1/Relu_output_0_scale",
          "onnx::Conv_603_zero_point"
        ],
        "output": [
          "onnx::Conv_603_DequantizeLinear_Output"
        ]
      },
      {
        "device": "CPU",
        "opType": "DequantizeLinear",
        "input": [
          "onnx::Conv_602_quantized",
          "onnx::Conv_581_scale",
          "onnx::Conv_602_zero_point"
        ],
        "output": [
          "onnx::Conv_602_DequantizeLinear_Output"
        ]
      },
      {
        "device": "CPU",
        "opType": "Conv",
        "input": [
          "/layer3/layer3.3/act1/Relu_output_0_DequantizeLinear_Output",
          "onnx::Conv_602_DequantizeLinear_Output",
          "onnx::Conv_603_DequantizeLinear_Output"
        ],
        "output": [
          "/layer3/layer3.3/conv2/Conv_output_0"
        ]
      },
      {
        "device": "CPU",
        "opType": "Relu",
        "input": [
          "/layer3/layer3.3/conv2/Conv_output_0"
        ],
        "output": [
          "/layer3/layer3.3/act2/Relu_output_0"
        ]
      },
      {
        "device": "CPU",
        "opType": "QuantizeLinear",
        "input": [
          "/layer3/layer3.3/act2/Relu_output_0",
          "onnx::Conv_519_scale",
          "/layer3/layer3.3/act2/Relu_output_0_zero_point"
        ],
        "output": [
          "/layer3/layer3.3/act2/Relu_output_0_QuantizeLinear_Output"
        ]
      },
      {
        "device": "CPU",
        "opType": "DequantizeLinear",
        "input": [
          "/layer3/layer3.3/act2/Relu_output_0_QuantizeLinear_Output",
          "onnx::Conv_519_scale",
          "/layer3/layer3.3/act2/Relu_output_0_zero_point"
        ],
        "output": [
          "/layer3/layer3.3/act2/Relu_output_0_DequantizeLinear_Output"
        ]
      },
      {
        "device": "CPU",
        "opType": "DequantizeLinear",
        "input": [
          "onnx::Conv_606_quantized",
          "/layer3/layer3.5/conv3/Conv_output_0_scale",
          "onnx::Conv_606_zero_point"
        ],
        "output": [
          "onnx::Conv_606_DequantizeLinear_Output"
        ]
      },
      {
        "device": "CPU",
        "opType": "DequantizeLinear",
        "input": [
          "onnx::Conv_605_quantized",
          "onnx::Conv_509_scale",
          "onnx::Conv_605_zero_point"
        ],
        "output": [
          "onnx::Conv_605_DequantizeLinear_Output"
        ]
      },
      {
        "device": "CPU",
        "opType": "Conv",
        "input": [
          "/layer3/layer3.3/act2/Relu_output_0_DequantizeLinear_Output",
          "onnx::Conv_605_DequantizeLinear_Output",
          "onnx::Conv_606_DequantizeLinear_Output"
        ],
        "output": [
          "/layer3/layer3.3/conv3/Conv_output_0"
        ]
      },
      {
        "device": "CPU",
        "opType": "QuantizeLinear",
        "input": [
          "/layer3/layer3.3/conv3/Conv_output_0",
          "/layer3/layer3.5/conv3/Conv_output_0_scale",
          "/layer3/layer3.3/conv3/Conv_output_0_zero_point"
        ],
        "output": [
          "/layer3/layer3.3/conv3/Conv_output_0_QuantizeLinear_Output"
        ]
      },
      {
        "device": "CPU",
        "opType": "DequantizeLinear",
        "input": [
          "/layer3/layer3.3/conv3/Conv_output_0_QuantizeLinear_Output",
          "/layer3/layer3.5/conv3/Conv_output_0_scale",
          "/layer3/layer3.3/conv3/Conv_output_0_zero_point"
        ],
        "output": [
          "/layer3/layer3.3/conv3/Conv_output_0_DequantizeLinear_Output"
        ]
      },
      {
        "device": "CPU",
        "opType": "Add",
        "input": [
          "/layer3/layer3.3/conv3/Conv_output_0_DequantizeLinear_Output",
          "/layer3/layer3.2/act3/Relu_output_0_DequantizeLinear_Output/duplicated"
        ],
        "output": [
          "/layer3/layer3.3/Add_output_0"
        ]
      },
      {
        "device": "CPU",
        "opType": "Relu",
        "input": [
          "/layer3/layer3.3/Add_output_0"
        ],
        "output": [
          "/layer3/layer3.3/act3/Relu_output_0"
        ]
      },
      {
        "device": "CPU",
        "opType": "QuantizeLinear",
        "input": [
          "/layer3/layer3.3/act3/Relu_output_0",
          "/layer3/layer3.5/conv3/Conv_output_0_scale",
          "/layer3/layer3.3/act3/Relu_output_0_zero_point"
        ],
        "output": [
          "/layer3/layer3.3/act3/Relu_output_0_QuantizeLinear_Output"
        ]
      },
      {
        "device": "CPU",
        "opType": "DequantizeLinear",
        "input": [
          "/layer3/layer3.3/act3/Relu_output_0_QuantizeLinear_Output",
          "/layer3/layer3.5/conv3/Conv_output_0_scale",
          "/layer3/layer3.3/act3/Relu_output_0_zero_point"
        ],
        "output": [
          "/layer3/layer3.3/act3/Relu_output_0_DequantizeLinear_Output/duplicated"
        ]
      },
      {
        "device": "CPU",
        "opType": "DequantizeLinear",
        "input": [
          "/layer3/layer3.3/act3/Relu_output_0_QuantizeLinear_Output",
          "/layer3/layer3.5/conv3/Conv_output_0_scale",
          "/layer3/layer3.3/act3/Relu_output_0_zero_point"
        ],
        "output": [
          "/layer3/layer3.3/act3/Relu_output_0_DequantizeLinear_Output"
        ]
      },
      {
        "device": "CPU",
        "opType": "DequantizeLinear",
        "input": [
          "onnx::Conv_609_quantized",
          "/layer2/layer2.2/act1/Relu_output_0_scale",
          "onnx::Conv_609_zero_point"
        ],
        "output": [
          "onnx::Conv_609_DequantizeLinear_Output"
        ]
      },
      {
        "device": "CPU",
        "opType": "DequantizeLinear",
        "input": [
          "onnx::Conv_608_quantized",
          "onnx::Conv_617_scale",
          "onnx::Conv_608_zero_point"
        ],
        "output": [
          "onnx::Conv_608_DequantizeLinear_Output"
        ]
      },
      {
        "device": "CPU",
        "opType": "Conv",
        "input": [
          "/layer3/layer3.3/act3/Relu_output_0_DequantizeLinear_Output",
          "onnx::Conv_608_DequantizeLinear_Output",
          "onnx::Conv_609_DequantizeLinear_Output"
        ],
        "output": [
          "/layer3/layer3.4/conv1/Conv_output_0"
        ]
      },
      {
        "device": "CPU",
        "opType": "Relu",
        "input": [
          "/layer3/layer3.4/conv1/Conv_output_0"
        ],
        "output": [
          "/layer3/layer3.4/act1/Relu_output_0"
        ]
      },
      {
        "device": "CPU",
        "opType": "QuantizeLinear",
        "input": [
          "/layer3/layer3.4/act1/Relu_output_0",
          "onnx::Conv_519_scale",
          "/layer3/layer3.4/act1/Relu_output_0_zero_point"
        ],
        "output": [
          "/layer3/layer3.4/act1/Relu_output_0_QuantizeLinear_Output"
        ]
      },
      {
        "device": "CPU",
        "opType": "DequantizeLinear",
        "input": [
          "/layer3/layer3.4/act1/Relu_output_0_QuantizeLinear_Output",
          "onnx::Conv_519_scale",
          "/layer3/layer3.4/act1/Relu_output_0_zero_point"
        ],
        "output": [
          "/layer3/layer3.4/act1/Relu_output_0_DequantizeLinear_Output"
        ]
      },
      {
        "device": "CPU",
        "opType": "DequantizeLinear",
        "input": [
          "onnx::Conv_612_quantized",
          "/layer2/layer2.2/act1/Relu_output_0_scale",
          "onnx::Conv_612_zero_point"
        ],
        "output": [
          "onnx::Conv_612_DequantizeLinear_Output"
        ]
      },
      {
        "device": "CPU",
        "opType": "DequantizeLinear",
        "input": [
          "onnx::Conv_611_quantized",
          "onnx::Conv_581_scale",
          "onnx::Conv_611_zero_point"
        ],
        "output": [
          "onnx::Conv_611_DequantizeLinear_Output"
        ]
      },
      {
        "device": "CPU",
        "opType": "Conv",
        "input": [
          "/layer3/layer3.4/act1/Relu_output_0_DequantizeLinear_Output",
          "onnx::Conv_611_DequantizeLinear_Output",
          "onnx::Conv_612_DequantizeLinear_Output"
        ],
        "output": [
          "/layer3/layer3.4/conv2/Conv_output_0"
        ]
      },
      {
        "device": "CPU",
        "opType": "Relu",
        "input": [
          "/layer3/layer3.4/conv2/Conv_output_0"
        ],
        "output": [
          "/layer3/layer3.4/act2/Relu_output_0"
        ]
      },
      {
        "device": "CPU",
        "opType": "QuantizeLinear",
        "input": [
          "/layer3/layer3.4/act2/Relu_output_0",
          "onnx::Conv_519_scale",
          "/layer3/layer3.4/act2/Relu_output_0_zero_point"
        ],
        "output": [
          "/layer3/layer3.4/act2/Relu_output_0_QuantizeLinear_Output"
        ]
      },
      {
        "device": "CPU",
        "opType": "DequantizeLinear",
        "input": [
          "/layer3/layer3.4/act2/Relu_output_0_QuantizeLinear_Output",
          "onnx::Conv_519_scale",
          "/layer3/layer3.4/act2/Relu_output_0_zero_point"
        ],
        "output": [
          "/layer3/layer3.4/act2/Relu_output_0_DequantizeLinear_Output"
        ]
      },
      {
        "device": "CPU",
        "opType": "DequantizeLinear",
        "input": [
          "onnx::Conv_615_quantized",
          "/layer3/layer3.5/conv3/Conv_output_0_scale",
          "onnx::Conv_615_zero_point"
        ],
        "output": [
          "onnx::Conv_615_DequantizeLinear_Output"
        ]
      },
      {
        "device": "CPU",
        "opType": "DequantizeLinear",
        "input": [
          "onnx::Conv_614_quantized",
          "onnx::Conv_575_scale",
          "onnx::Conv_614_zero_point"
        ],
        "output": [
          "onnx::Conv_614_DequantizeLinear_Output"
        ]
      },
      {
        "device": "CPU",
        "opType": "Conv",
        "input": [
          "/layer3/layer3.4/act2/Relu_output_0_DequantizeLinear_Output",
          "onnx::Conv_614_DequantizeLinear_Output",
          "onnx::Conv_615_DequantizeLinear_Output"
        ],
        "output": [
          "/layer3/layer3.4/conv3/Conv_output_0"
        ]
      },
      {
        "device": "CPU",
        "opType": "QuantizeLinear",
        "input": [
          "/layer3/layer3.4/conv3/Conv_output_0",
          "/layer3/layer3.5/conv3/Conv_output_0_scale",
          "/layer3/layer3.4/conv3/Conv_output_0_zero_point"
        ],
        "output": [
          "/layer3/layer3.4/conv3/Conv_output_0_QuantizeLinear_Output"
        ]
      },
      {
        "device": "CPU",
        "opType": "DequantizeLinear",
        "input": [
          "/layer3/layer3.4/conv3/Conv_output_0_QuantizeLinear_Output",
          "/layer3/layer3.5/conv3/Conv_output_0_scale",
          "/layer3/layer3.4/conv3/Conv_output_0_zero_point"
        ],
        "output": [
          "/layer3/layer3.4/conv3/Conv_output_0_DequantizeLinear_Output"
        ]
      },
      {
        "device": "CPU",
        "opType": "Add",
        "input": [
          "/layer3/layer3.4/conv3/Conv_output_0_DequantizeLinear_Output",
          "/layer3/layer3.3/act3/Relu_output_0_DequantizeLinear_Output/duplicated"
        ],
        "output": [
          "/layer3/layer3.4/Add_output_0"
        ]
      },
      {
        "device": "CPU",
        "opType": "Relu",
        "input": [
          "/layer3/layer3.4/Add_output_0"
        ],
        "output": [
          "/layer3/layer3.4/act3/Relu_output_0"
        ]
      },
      {
        "device": "CPU",
        "opType": "QuantizeLinear",
        "input": [
          "/layer3/layer3.4/act3/Relu_output_0",
          "/layer3/layer3.5/conv3/Conv_output_0_scale",
          "/layer3/layer3.4/act3/Relu_output_0_zero_point"
        ],
        "output": [
          "/layer3/layer3.4/act3/Relu_output_0_QuantizeLinear_Output"
        ]
      },
      {
        "device": "CPU",
        "opType": "DequantizeLinear",
        "input": [
          "/layer3/layer3.4/act3/Relu_output_0_QuantizeLinear_Output",
          "/layer3/layer3.5/conv3/Conv_output_0_scale",
          "/layer3/layer3.4/act3/Relu_output_0_zero_point"
        ],
        "output": [
          "/layer3/layer3.4/act3/Relu_output_0_DequantizeLinear_Output/duplicated"
        ]
      },
      {
        "device": "CPU",
        "opType": "DequantizeLinear",
        "input": [
          "/layer3/layer3.4/act3/Relu_output_0_QuantizeLinear_Output",
          "/layer3/layer3.5/conv3/Conv_output_0_scale",
          "/layer3/layer3.4/act3/Relu_output_0_zero_point"
        ],
        "output": [
          "/layer3/layer3.4/act3/Relu_output_0_DequantizeLinear_Output"
        ]
      },
      {
        "device": "CPU",
        "opType": "DequantizeLinear",
        "input": [
          "onnx::Conv_618_quantized",
          "onnx::Conv_519_scale",
          "onnx::Conv_618_zero_point"
        ],
        "output": [
          "onnx::Conv_618_DequantizeLinear_Output"
        ]
      },
      {
        "device": "CPU",
        "opType": "DequantizeLinear",
        "input": [
          "onnx::Conv_617_quantized",
          "onnx::Conv_617_scale",
          "onnx::Conv_617_zero_point"
        ],
        "output": [
          "onnx::Conv_617_DequantizeLinear_Output"
        ]
      },
      {
        "device": "CPU",
        "opType": "Conv",
        "input": [
          "/layer3/layer3.4/act3/Relu_output_0_DequantizeLinear_Output",
          "onnx::Conv_617_DequantizeLinear_Output",
          "onnx::Conv_618_DequantizeLinear_Output"
        ],
        "output": [
          "/layer3/layer3.5/conv1/Conv_output_0"
        ]
      },
      {
        "device": "CPU",
        "opType": "Relu",
        "input": [
          "/layer3/layer3.5/conv1/Conv_output_0"
        ],
        "output": [
          "/layer3/layer3.5/act1/Relu_output_0"
        ]
      },
      {
        "device": "CPU",
        "opType": "QuantizeLinear",
        "input": [
          "/layer3/layer3.5/act1/Relu_output_0",
          "onnx::Conv_519_scale",
          "/layer3/layer3.5/act1/Relu_output_0_zero_point"
        ],
        "output": [
          "/layer3/layer3.5/act1/Relu_output_0_QuantizeLinear_Output"
        ]
      },
      {
        "device": "CPU",
        "opType": "DequantizeLinear",
        "input": [
          "/layer3/layer3.5/act1/Relu_output_0_QuantizeLinear_Output",
          "onnx::Conv_519_scale",
          "/layer3/layer3.5/act1/Relu_output_0_zero_point"
        ],
        "output": [
          "/layer3/layer3.5/act1/Relu_output_0_DequantizeLinear_Output"
        ]
      },
      {
        "device": "CPU",
        "opType": "DequantizeLinear",
        "input": [
          "onnx::Conv_621_quantized",
          "onnx::Conv_519_scale",
          "onnx::Conv_621_zero_point"
        ],
        "output": [
          "onnx::Conv_621_DequantizeLinear_Output"
        ]
      },
      {
        "device": "CPU",
        "opType": "DequantizeLinear",
        "input": [
          "onnx::Conv_620_quantized",
          "onnx::Conv_581_scale",
          "onnx::Conv_620_zero_point"
        ],
        "output": [
          "onnx::Conv_620_DequantizeLinear_Output"
        ]
      },
      {
        "device": "CPU",
        "opType": "Conv",
        "input": [
          "/layer3/layer3.5/act1/Relu_output_0_DequantizeLinear_Output",
          "onnx::Conv_620_DequantizeLinear_Output",
          "onnx::Conv_621_DequantizeLinear_Output"
        ],
        "output": [
          "/layer3/layer3.5/conv2/Conv_output_0"
        ]
      },
      {
        "device": "CPU",
        "opType": "Relu",
        "input": [
          "/layer3/layer3.5/conv2/Conv_output_0"
        ],
        "output": [
          "/layer3/layer3.5/act2/Relu_output_0"
        ]
      },
      {
        "device": "CPU",
        "opType": "QuantizeLinear",
        "input": [
          "/layer3/layer3.5/act2/Relu_output_0",
          "onnx::Conv_519_scale",
          "/layer3/layer3.5/act2/Relu_output_0_zero_point"
        ],
        "output": [
          "/layer3/layer3.5/act2/Relu_output_0_QuantizeLinear_Output"
        ]
      },
      {
        "device": "CPU",
        "opType": "DequantizeLinear",
        "input": [
          "/layer3/layer3.5/act2/Relu_output_0_QuantizeLinear_Output",
          "onnx::Conv_519_scale",
          "/layer3/layer3.5/act2/Relu_output_0_zero_point"
        ],
        "output": [
          "/layer3/layer3.5/act2/Relu_output_0_DequantizeLinear_Output"
        ]
      },
      {
        "device": "CPU",
        "opType": "DequantizeLinear",
        "input": [
          "onnx::Conv_624_quantized",
          "onnx::Conv_519_scale",
          "onnx::Conv_624_zero_point"
        ],
        "output": [
          "onnx::Conv_624_DequantizeLinear_Output"
        ]
      },
      {
        "device": "CPU",
        "opType": "DequantizeLinear",
        "input": [
          "onnx::Conv_623_quantized",
          "onnx::Conv_509_scale",
          "onnx::Conv_623_zero_point"
        ],
        "output": [
          "onnx::Conv_623_DequantizeLinear_Output"
        ]
      },
      {
        "device": "CPU",
        "opType": "Conv",
        "input": [
          "/layer3/layer3.5/act2/Relu_output_0_DequantizeLinear_Output",
          "onnx::Conv_623_DequantizeLinear_Output",
          "onnx::Conv_624_DequantizeLinear_Output"
        ],
        "output": [
          "/layer3/layer3.5/conv3/Conv_output_0"
        ]
      },
      {
        "device": "CPU",
        "opType": "QuantizeLinear",
        "input": [
          "/layer3/layer3.5/conv3/Conv_output_0",
          "/layer3/layer3.5/conv3/Conv_output_0_scale",
          "/layer3/layer3.5/conv3/Conv_output_0_zero_point"
        ],
        "output": [
          "/layer3/layer3.5/conv3/Conv_output_0_QuantizeLinear_Output"
        ]
      },
      {
        "device": "CPU",
        "opType": "DequantizeLinear",
        "input": [
          "/layer3/layer3.5/conv3/Conv_output_0_QuantizeLinear_Output",
          "/layer3/layer3.5/conv3/Conv_output_0_scale",
          "/layer3/layer3.5/conv3/Conv_output_0_zero_point"
        ],
        "output": [
          "/layer3/layer3.5/conv3/Conv_output_0_DequantizeLinear_Output"
        ]
      },
      {
        "device": "CPU",
        "opType": "Add",
        "input": [
          "/layer3/layer3.5/conv3/Conv_output_0_DequantizeLinear_Output",
          "/layer3/layer3.4/act3/Relu_output_0_DequantizeLinear_Output/duplicated"
        ],
        "output": [
          "/layer3/layer3.5/Add_output_0"
        ]
      },
      {
        "device": "CPU",
        "opType": "Relu",
        "input": [
          "/layer3/layer3.5/Add_output_0"
        ],
        "output": [
          "/layer3/layer3.5/act3/Relu_output_0"
        ]
      },
      {
        "device": "CPU",
        "opType": "QuantizeLinear",
        "input": [
          "/layer3/layer3.5/act3/Relu_output_0",
          "/layer3/layer3.5/conv3/Conv_output_0_scale",
          "/layer3/layer3.5/act3/Relu_output_0_zero_point"
        ],
        "output": [
          "/layer3/layer3.5/act3/Relu_output_0_QuantizeLinear_Output"
        ]
      },
      {
        "device": "CPU",
        "opType": "DequantizeLinear",
        "input": [
          "/layer3/layer3.5/act3/Relu_output_0_QuantizeLinear_Output",
          "/layer3/layer3.5/conv3/Conv_output_0_scale",
          "/layer3/layer3.5/act3/Relu_output_0_zero_point"
        ],
        "output": [
          "/layer3/layer3.5/act3/Relu_output_0_DequantizeLinear_Output/duplicated"
        ]
      },
      {
        "device": "CPU",
        "opType": "DequantizeLinear",
        "input": [
          "onnx::Conv_636_quantized",
          "/layer2/layer2.2/act1/Relu_output_0_scale",
          "onnx::Conv_636_zero_point"
        ],
        "output": [
          "onnx::Conv_636_DequantizeLinear_Output"
        ]
      },
      {
        "device": "CPU",
        "opType": "DequantizeLinear",
        "input": [
          "onnx::Conv_635_quantized",
          "onnx::Conv_617_scale",
          "onnx::Conv_635_zero_point"
        ],
        "output": [
          "onnx::Conv_635_DequantizeLinear_Output"
        ]
      },
      {
        "device": "CPU",
        "opType": "Conv",
        "input": [
          "/layer3/layer3.5/act3/Relu_output_0_DequantizeLinear_Output/duplicated",
          "onnx::Conv_635_DequantizeLinear_Output",
          "onnx::Conv_636_DequantizeLinear_Output"
        ],
        "output": [
          "/layer4/layer4.0/downsample/downsample.0/Conv_output_0"
        ]
      },
      {
        "device": "CPU",
        "opType": "QuantizeLinear",
        "input": [
          "/layer4/layer4.0/downsample/downsample.0/Conv_output_0",
          "onnx::Conv_519_scale",
          "/layer4/layer4.0/downsample/downsample.0/Conv_output_0_zero_point"
        ],
        "output": [
          "/layer4/layer4.0/downsample/downsample.0/Conv_output_0_QuantizeLinear_Output"
        ]
      },
      {
        "device": "CPU",
        "opType": "DequantizeLinear",
        "input": [
          "/layer4/layer4.0/downsample/downsample.0/Conv_output_0_QuantizeLinear_Output",
          "onnx::Conv_519_scale",
          "/layer4/layer4.0/downsample/downsample.0/Conv_output_0_zero_point"
        ],
        "output": [
          "/layer4/layer4.0/downsample/downsample.0/Conv_output_0_DequantizeLinear_Output"
        ]
      },
      {
        "device": "CPU",
        "opType": "DequantizeLinear",
        "input": [
          "/layer3/layer3.5/act3/Relu_output_0_QuantizeLinear_Output",
          "/layer3/layer3.5/conv3/Conv_output_0_scale",
          "/layer3/layer3.5/act3/Relu_output_0_zero_point"
        ],
        "output": [
          "/layer3/layer3.5/act3/Relu_output_0_DequantizeLinear_Output"
        ]
      },
      {
        "device": "CPU",
        "opType": "DequantizeLinear",
        "input": [
          "onnx::Conv_627_quantized",
          "/layer2/layer2.2/act1/Relu_output_0_scale",
          "onnx::Conv_627_zero_point"
        ],
        "output": [
          "onnx::Conv_627_DequantizeLinear_Output"
        ]
      },
      {
        "device": "CPU",
        "opType": "DequantizeLinear",
        "input": [
          "onnx::Conv_626_quantized",
          "onnx::Conv_617_scale",
          "onnx::Conv_626_zero_point"
        ],
        "output": [
          "onnx::Conv_626_DequantizeLinear_Output"
        ]
      },
      {
        "device": "CPU",
        "opType": "Conv",
        "input": [
          "/layer3/layer3.5/act3/Relu_output_0_DequantizeLinear_Output",
          "onnx::Conv_626_DequantizeLinear_Output",
          "onnx::Conv_627_DequantizeLinear_Output"
        ],
        "output": [
          "/layer4/layer4.0/conv1/Conv_output_0"
        ]
      },
      {
        "device": "CPU",
        "opType": "Relu",
        "input": [
          "/layer4/layer4.0/conv1/Conv_output_0"
        ],
        "output": [
          "/layer4/layer4.0/act1/Relu_output_0"
        ]
      },
      {
        "device": "CPU",
        "opType": "QuantizeLinear",
        "input": [
          "/layer4/layer4.0/act1/Relu_output_0",
          "onnx::Conv_519_scale",
          "/layer4/layer4.0/act1/Relu_output_0_zero_point"
        ],
        "output": [
          "/layer4/layer4.0/act1/Relu_output_0_QuantizeLinear_Output"
        ]
      },
      {
        "device": "CPU",
        "opType": "DequantizeLinear",
        "input": [
          "/layer4/layer4.0/act1/Relu_output_0_QuantizeLinear_Output",
          "onnx::Conv_519_scale",
          "/layer4/layer4.0/act1/Relu_output_0_zero_point"
        ],
        "output": [
          "/layer4/layer4.0/act1/Relu_output_0_DequantizeLinear_Output"
        ]
      },
      {
        "device": "CPU",
        "opType": "DequantizeLinear",
        "input": [
          "onnx::Conv_630_quantized",
          "/layer2/layer2.2/act1/Relu_output_0_scale",
          "onnx::Conv_630_zero_point"
        ],
        "output": [
          "onnx::Conv_630_DequantizeLinear_Output"
        ]
      },
      {
        "device": "CPU",
        "opType": "DequantizeLinear",
        "input": [
          "onnx::Conv_629_quantized",
          "onnx::Conv_581_scale",
          "onnx::Conv_629_zero_point"
        ],
        "output": [
          "onnx::Conv_629_DequantizeLinear_Output"
        ]
      },
      {
        "device": "CPU",
        "opType": "Conv",
        "input": [
          "/layer4/layer4.0/act1/Relu_output_0_DequantizeLinear_Output",
          "onnx::Conv_629_DequantizeLinear_Output",
          "onnx::Conv_630_DequantizeLinear_Output"
        ],
        "output": [
          "/layer4/layer4.0/conv2/Conv_output_0"
        ]
      },
      {
        "device": "CPU",
        "opType": "Relu",
        "input": [
          "/layer4/layer4.0/conv2/Conv_output_0"
        ],
        "output": [
          "/layer4/layer4.0/act2/Relu_output_0"
        ]
      },
      {
        "device": "CPU",
        "opType": "QuantizeLinear",
        "input": [
          "/layer4/layer4.0/act2/Relu_output_0",
          "onnx::Conv_519_scale",
          "/layer4/layer4.0/act2/Relu_output_0_zero_point"
        ],
        "output": [
          "/layer4/layer4.0/act2/Relu_output_0_QuantizeLinear_Output"
        ]
      },
      {
        "device": "CPU",
        "opType": "DequantizeLinear",
        "input": [
          "/layer4/layer4.0/act2/Relu_output_0_QuantizeLinear_Output",
          "onnx::Conv_519_scale",
          "/layer4/layer4.0/act2/Relu_output_0_zero_point"
        ],
        "output": [
          "/layer4/layer4.0/act2/Relu_output_0_DequantizeLinear_Output"
        ]
      },
      {
        "device": "CPU",
        "opType": "DequantizeLinear",
        "input": [
          "onnx::Conv_633_quantized",
          "/layer2/layer2.2/act1/Relu_output_0_scale",
          "onnx::Conv_633_zero_point"
        ],
        "output": [
          "onnx::Conv_633_DequantizeLinear_Output"
        ]
      },
      {
        "device": "CPU",
        "opType": "DequantizeLinear",
        "input": [
          "onnx::Conv_632_quantized",
          "onnx::Conv_581_scale",
          "onnx::Conv_632_zero_point"
        ],
        "output": [
          "onnx::Conv_632_DequantizeLinear_Output"
        ]
      },
      {
        "device": "CPU",
        "opType": "Conv",
        "input": [
          "/layer4/layer4.0/act2/Relu_output_0_DequantizeLinear_Output",
          "onnx::Conv_632_DequantizeLinear_Output",
          "onnx::Conv_633_DequantizeLinear_Output"
        ],
        "output": [
          "/layer4/layer4.0/conv3/Conv_output_0"
        ]
      },
      {
        "device": "CPU",
        "opType": "QuantizeLinear",
        "input": [
          "/layer4/layer4.0/conv3/Conv_output_0",
          "onnx::Conv_519_scale",
          "/layer4/layer4.0/conv3/Conv_output_0_zero_point"
        ],
        "output": [
          "/layer4/layer4.0/conv3/Conv_output_0_QuantizeLinear_Output"
        ]
      },
      {
        "device": "CPU",
        "opType": "DequantizeLinear",
        "input": [
          "/layer4/layer4.0/conv3/Conv_output_0_QuantizeLinear_Output",
          "onnx::Conv_519_scale",
          "/layer4/layer4.0/conv3/Conv_output_0_zero_point"
        ],
        "output": [
          "/layer4/layer4.0/conv3/Conv_output_0_DequantizeLinear_Output"
        ]
      },
      {
        "device": "CPU",
        "opType": "Add",
        "input": [
          "/layer4/layer4.0/conv3/Conv_output_0_DequantizeLinear_Output",
          "/layer4/layer4.0/downsample/downsample.0/Conv_output_0_DequantizeLinear_Output"
        ],
        "output": [
          "/layer4/layer4.0/Add_output_0"
        ]
      },
      {
        "device": "CPU",
        "opType": "Relu",
        "input": [
          "/layer4/layer4.0/Add_output_0"
        ],
        "output": [
          "/layer4/layer4.0/act3/Relu_output_0"
        ]
      },
      {
        "device": "CPU",
        "opType": "QuantizeLinear",
        "input": [
          "/layer4/layer4.0/act3/Relu_output_0",
          "onnx::Conv_519_scale",
          "/layer4/layer4.0/act3/Relu_output_0_zero_point"
        ],
        "output": [
          "/layer4/layer4.0/act3/Relu_output_0_QuantizeLinear_Output"
        ]
      },
      {
        "device": "CPU",
        "opType": "DequantizeLinear",
        "input": [
          "/layer4/layer4.0/act3/Relu_output_0_QuantizeLinear_Output",
          "onnx::Conv_519_scale",
          "/layer4/layer4.0/act3/Relu_output_0_zero_point"
        ],
        "output": [
          "/layer4/layer4.0/act3/Relu_output_0_DequantizeLinear_Output/duplicated"
        ]
      },
      {
        "device": "CPU",
        "opType": "DequantizeLinear",
        "input": [
          "/layer4/layer4.0/act3/Relu_output_0_QuantizeLinear_Output",
          "onnx::Conv_519_scale",
          "/layer4/layer4.0/act3/Relu_output_0_zero_point"
        ],
        "output": [
          "/layer4/layer4.0/act3/Relu_output_0_DequantizeLinear_Output"
        ]
      },
      {
        "device": "CPU",
        "opType": "DequantizeLinear",
        "input": [
          "onnx::Conv_639_quantized",
          "/layer2/layer2.2/act1/Relu_output_0_scale",
          "onnx::Conv_639_zero_point"
        ],
        "output": [
          "onnx::Conv_639_DequantizeLinear_Output"
        ]
      },
      {
        "device": "CPU",
        "opType": "DequantizeLinear",
        "input": [
          "onnx::Conv_638_quantized",
          "onnx::Conv_575_scale",
          "onnx::Conv_638_zero_point"
        ],
        "output": [
          "onnx::Conv_638_DequantizeLinear_Output"
        ]
      },
      {
        "device": "CPU",
        "opType": "Conv",
        "input": [
          "/layer4/layer4.0/act3/Relu_output_0_DequantizeLinear_Output",
          "onnx::Conv_638_DequantizeLinear_Output",
          "onnx::Conv_639_DequantizeLinear_Output"
        ],
        "output": [
          "/layer4/layer4.1/conv1/Conv_output_0"
        ]
      },
      {
        "device": "CPU",
        "opType": "Relu",
        "input": [
          "/layer4/layer4.1/conv1/Conv_output_0"
        ],
        "output": [
          "/layer4/layer4.1/act1/Relu_output_0"
        ]
      },
      {
        "device": "CPU",
        "opType": "QuantizeLinear",
        "input": [
          "/layer4/layer4.1/act1/Relu_output_0",
          "/layer3/layer3.5/conv3/Conv_output_0_scale",
          "/layer4/layer4.1/act1/Relu_output_0_zero_point"
        ],
        "output": [
          "/layer4/layer4.1/act1/Relu_output_0_QuantizeLinear_Output"
        ]
      },
      {
        "device": "CPU",
        "opType": "DequantizeLinear",
        "input": [
          "/layer4/layer4.1/act1/Relu_output_0_QuantizeLinear_Output",
          "/layer3/layer3.5/conv3/Conv_output_0_scale",
          "/layer4/layer4.1/act1/Relu_output_0_zero_point"
        ],
        "output": [
          "/layer4/layer4.1/act1/Relu_output_0_DequantizeLinear_Output"
        ]
      },
      {
        "device": "CPU",
        "opType": "DequantizeLinear",
        "input": [
          "onnx::Conv_642_quantized",
          "onnx::Conv_519_scale",
          "onnx::Conv_642_zero_point"
        ],
        "output": [
          "onnx::Conv_642_DequantizeLinear_Output"
        ]
      },
      {
        "device": "CPU",
        "opType": "DequantizeLinear",
        "input": [
          "onnx::Conv_641_quantized",
          "onnx::Conv_617_scale",
          "onnx::Conv_641_zero_point"
        ],
        "output": [
          "onnx::Conv_641_DequantizeLinear_Output"
        ]
      },
      {
        "device": "CPU",
        "opType": "Conv",
        "input": [
          "/layer4/layer4.1/act1/Relu_output_0_DequantizeLinear_Output",
          "onnx::Conv_641_DequantizeLinear_Output",
          "onnx::Conv_642_DequantizeLinear_Output"
        ],
        "output": [
          "/layer4/layer4.1/conv2/Conv_output_0"
        ]
      },
      {
        "device": "CPU",
        "opType": "Relu",
        "input": [
          "/layer4/layer4.1/conv2/Conv_output_0"
        ],
        "output": [
          "/layer4/layer4.1/act2/Relu_output_0"
        ]
      },
      {
        "device": "CPU",
        "opType": "QuantizeLinear",
        "input": [
          "/layer4/layer4.1/act2/Relu_output_0",
          "onnx::Conv_519_scale",
          "/layer4/layer4.1/act2/Relu_output_0_zero_point"
        ],
        "output": [
          "/layer4/layer4.1/act2/Relu_output_0_QuantizeLinear_Output"
        ]
      },
      {
        "device": "CPU",
        "opType": "DequantizeLinear",
        "input": [
          "/layer4/layer4.1/act2/Relu_output_0_QuantizeLinear_Output",
          "onnx::Conv_519_scale",
          "/layer4/layer4.1/act2/Relu_output_0_zero_point"
        ],
        "output": [
          "/layer4/layer4.1/act2/Relu_output_0_DequantizeLinear_Output"
        ]
      },
      {
        "device": "CPU",
        "opType": "DequantizeLinear",
        "input": [
          "onnx::Conv_645_quantized",
          "onnx::Conv_519_scale",
          "onnx::Conv_645_zero_point"
        ],
        "output": [
          "onnx::Conv_645_DequantizeLinear_Output"
        ]
      },
      {
        "device": "CPU",
        "opType": "DequantizeLinear",
        "input": [
          "onnx::Conv_644_quantized",
          "onnx::Conv_575_scale",
          "onnx::Conv_644_zero_point"
        ],
        "output": [
          "onnx::Conv_644_DequantizeLinear_Output"
        ]
      },
      {
        "device": "CPU",
        "opType": "Conv",
        "input": [
          "/layer4/layer4.1/act2/Relu_output_0_DequantizeLinear_Output",
          "onnx::Conv_644_DequantizeLinear_Output",
          "onnx::Conv_645_DequantizeLinear_Output"
        ],
        "output": [
          "/layer4/layer4.1/conv3/Conv_output_0"
        ]
      },
      {
        "device": "CPU",
        "opType": "QuantizeLinear",
        "input": [
          "/layer4/layer4.1/conv3/Conv_output_0",
          "onnx::Conv_519_scale",
          "/layer4/layer4.1/conv3/Conv_output_0_zero_point"
        ],
        "output": [
          "/layer4/layer4.1/conv3/Conv_output_0_QuantizeLinear_Output"
        ]
      },
      {
        "device": "CPU",
        "opType": "DequantizeLinear",
        "input": [
          "/layer4/layer4.1/conv3/Conv_output_0_QuantizeLinear_Output",
          "onnx::Conv_519_scale",
          "/layer4/layer4.1/conv3/Conv_output_0_zero_point"
        ],
        "output": [
          "/layer4/layer4.1/conv3/Conv_output_0_DequantizeLinear_Output"
        ]
      },
      {
        "device": "CPU",
        "opType": "Add",
        "input": [
          "/layer4/layer4.1/conv3/Conv_output_0_DequantizeLinear_Output",
          "/layer4/layer4.0/act3/Relu_output_0_DequantizeLinear_Output/duplicated"
        ],
        "output": [
          "/layer4/layer4.1/Add_output_0"
        ]
      },
      {
        "device": "CPU",
        "opType": "Relu",
        "input": [
          "/layer4/layer4.1/Add_output_0"
        ],
        "output": [
          "/layer4/layer4.1/act3/Relu_output_0"
        ]
      },
      {
        "device": "CPU",
        "opType": "QuantizeLinear",
        "input": [
          "/layer4/layer4.1/act3/Relu_output_0",
          "onnx::Conv_519_scale",
          "/layer4/layer4.1/act3/Relu_output_0_zero_point"
        ],
        "output": [
          "/layer4/layer4.1/act3/Relu_output_0_QuantizeLinear_Output"
        ]
      },
      {
        "device": "CPU",
        "opType": "DequantizeLinear",
        "input": [
          "/layer4/layer4.1/act3/Relu_output_0_QuantizeLinear_Output",
          "onnx::Conv_519_scale",
          "/layer4/layer4.1/act3/Relu_output_0_zero_point"
        ],
        "output": [
          "/layer4/layer4.1/act3/Relu_output_0_DequantizeLinear_Output/duplicated"
        ]
      },
      {
        "device": "CPU",
        "opType": "DequantizeLinear",
        "input": [
          "/layer4/layer4.1/act3/Relu_output_0_QuantizeLinear_Output",
          "onnx::Conv_519_scale",
          "/layer4/layer4.1/act3/Relu_output_0_zero_point"
        ],
        "output": [
          "/layer4/layer4.1/act3/Relu_output_0_DequantizeLinear_Output"
        ]
      },
      {
        "device": "CPU",
        "opType": "DequantizeLinear",
        "input": [
          "onnx::Conv_648_quantized",
          "onnx::Conv_519_scale",
          "onnx::Conv_648_zero_point"
        ],
        "output": [
          "onnx::Conv_648_DequantizeLinear_Output"
        ]
      },
      {
        "device": "CPU",
        "opType": "DequantizeLinear",
        "input": [
          "onnx::Conv_647_quantized",
          "onnx::Conv_575_scale",
          "onnx::Conv_647_zero_point"
        ],
        "output": [
          "onnx::Conv_647_DequantizeLinear_Output"
        ]
      },
      {
        "device": "CPU",
        "opType": "Conv",
        "input": [
          "/layer4/layer4.1/act3/Relu_output_0_DequantizeLinear_Output",
          "onnx::Conv_647_DequantizeLinear_Output",
          "onnx::Conv_648_DequantizeLinear_Output"
        ],
        "output": [
          "/layer4/layer4.2/conv1/Conv_output_0"
        ]
      },
      {
        "device": "CPU",
        "opType": "Relu",
        "input": [
          "/layer4/layer4.2/conv1/Conv_output_0"
        ],
        "output": [
          "/layer4/layer4.2/act1/Relu_output_0"
        ]
      },
      {
        "device": "CPU",
        "opType": "QuantizeLinear",
        "input": [
          "/layer4/layer4.2/act1/Relu_output_0",
          "onnx::Conv_519_scale",
          "/layer4/layer4.2/act1/Relu_output_0_zero_point"
        ],
        "output": [
          "/layer4/layer4.2/act1/Relu_output_0_QuantizeLinear_Output"
        ]
      },
      {
        "device": "CPU",
        "opType": "DequantizeLinear",
        "input": [
          "/layer4/layer4.2/act1/Relu_output_0_QuantizeLinear_Output",
          "onnx::Conv_519_scale",
          "/layer4/layer4.2/act1/Relu_output_0_zero_point"
        ],
        "output": [
          "/layer4/layer4.2/act1/Relu_output_0_DequantizeLinear_Output"
        ]
      },
      {
        "device": "CPU",
        "opType": "DequantizeLinear",
        "input": [
          "onnx::Conv_651_quantized",
          "/layer2/layer2.2/act1/Relu_output_0_scale",
          "onnx::Conv_651_zero_point"
        ],
        "output": [
          "onnx::Conv_651_DequantizeLinear_Output"
        ]
      },
      {
        "device": "CPU",
        "opType": "DequantizeLinear",
        "input": [
          "onnx::Conv_650_quantized",
          "onnx::Conv_581_scale",
          "onnx::Conv_650_zero_point"
        ],
        "output": [
          "onnx::Conv_650_DequantizeLinear_Output"
        ]
      },
      {
        "device": "CPU",
        "opType": "Conv",
        "input": [
          "/layer4/layer4.2/act1/Relu_output_0_DequantizeLinear_Output",
          "onnx::Conv_650_DequantizeLinear_Output",
          "onnx::Conv_651_DequantizeLinear_Output"
        ],
        "output": [
          "/layer4/layer4.2/conv2/Conv_output_0"
        ]
      },
      {
        "device": "CPU",
        "opType": "Relu",
        "input": [
          "/layer4/layer4.2/conv2/Conv_output_0"
        ],
        "output": [
          "/layer4/layer4.2/act2/Relu_output_0"
        ]
      },
      {
        "device": "CPU",
        "opType": "QuantizeLinear",
        "input": [
          "/layer4/layer4.2/act2/Relu_output_0",
          "onnx::Conv_519_scale",
          "/layer4/layer4.2/act2/Relu_output_0_zero_point"
        ],
        "output": [
          "/layer4/layer4.2/act2/Relu_output_0_QuantizeLinear_Output"
        ]
      },
      {
        "device": "CPU",
        "opType": "DequantizeLinear",
        "input": [
          "/layer4/layer4.2/act2/Relu_output_0_QuantizeLinear_Output",
          "onnx::Conv_519_scale",
          "/layer4/layer4.2/act2/Relu_output_0_zero_point"
        ],
        "output": [
          "/layer4/layer4.2/act2/Relu_output_0_DequantizeLinear_Output"
        ]
      },
      {
        "device": "CPU",
        "opType": "DequantizeLinear",
        "input": [
          "onnx::Conv_654_quantized",
          "onnx::Conv_519_scale",
          "onnx::Conv_654_zero_point"
        ],
        "output": [
          "onnx::Conv_654_DequantizeLinear_Output"
        ]
      },
      {
        "device": "CPU",
        "opType": "DequantizeLinear",
        "input": [
          "onnx::Conv_653_quantized",
          "onnx::Conv_575_scale",
          "onnx::Conv_653_zero_point"
        ],
        "output": [
          "onnx::Conv_653_DequantizeLinear_Output"
        ]
      },
      {
        "device": "CPU",
        "opType": "Conv",
        "input": [
          "/layer4/layer4.2/act2/Relu_output_0_DequantizeLinear_Output",
          "onnx::Conv_653_DequantizeLinear_Output",
          "onnx::Conv_654_DequantizeLinear_Output"
        ],
        "output": [
          "/layer4/layer4.2/conv3/Conv_output_0"
        ]
      },
      {
        "device": "CPU",
        "opType": "QuantizeLinear",
        "input": [
          "/layer4/layer4.2/conv3/Conv_output_0",
          "onnx::Conv_519_scale",
          "/layer4/layer4.2/conv3/Conv_output_0_zero_point"
        ],
        "output": [
          "/layer4/layer4.2/conv3/Conv_output_0_QuantizeLinear_Output"
        ]
      },
      {
        "device": "CPU",
        "opType": "DequantizeLinear",
        "input": [
          "/layer4/layer4.2/conv3/Conv_output_0_QuantizeLinear_Output",
          "onnx::Conv_519_scale",
          "/layer4/layer4.2/conv3/Conv_output_0_zero_point"
        ],
        "output": [
          "/layer4/layer4.2/conv3/Conv_output_0_DequantizeLinear_Output"
        ]
      },
      {
        "device": "CPU",
        "opType": "Add",
        "input": [
          "/layer4/layer4.2/conv3/Conv_output_0_DequantizeLinear_Output",
          "/layer4/layer4.1/act3/Relu_output_0_DequantizeLinear_Output/duplicated"
        ],
        "output": [
          "/layer4/layer4.2/Add_output_0"
        ]
      },
      {
        "device": "CPU",
        "opType": "Relu",
        "input": [
          "/layer4/layer4.2/Add_output_0"
        ],
        "output": [
          "/layer4/layer4.2/act3/Relu_output_0"
        ]
      },
      {
        "device": "CPU",
        "opType": "QuantizeLinear",
        "input": [
          "/layer4/layer4.2/act3/Relu_output_0",
          "/layer3/layer3.5/conv3/Conv_output_0_scale",
          "/layer4/layer4.2/act3/Relu_output_0_zero_point"
        ],
        "output": [
          "/layer4/layer4.2/act3/Relu_output_0_QuantizeLinear_Output"
        ]
      },
      {
        "device": "CPU",
        "opType": "DequantizeLinear",
        "input": [
          "/layer4/layer4.2/act3/Relu_output_0_QuantizeLinear_Output",
          "/layer3/layer3.5/conv3/Conv_output_0_scale",
          "/layer4/layer4.2/act3/Relu_output_0_zero_point"
        ],
        "output": [
          "/layer4/layer4.2/act3/Relu_output_0_DequantizeLinear_Output"
        ]
      },
      {
        "device": "CPU",
        "opType": "GlobalAveragePool",
        "input": [
          "/layer4/layer4.2/act3/Relu_output_0_DequantizeLinear_Output"
        ],
        "output": [
          "/global_pool/pool/GlobalAveragePool_output_0_Mul"
        ]
      },
      {
        "device": "CPU",
        "opType": "Mul",
        "input": [
          "/global_pool/pool/GlobalAveragePool_output_0_Mul",
          "/global_pool/pool/GlobalAveragePool_output_0_Scale"
        ],
        "output": [
          "/global_pool/pool/GlobalAveragePool_output_0"
        ]
      },
      {
        "device": "CPU",
        "opType": "QuantizeLinear",
        "input": [
          "/global_pool/pool/GlobalAveragePool_output_0",
          "/layer3/layer3.5/conv3/Conv_output_0_scale",
          "/global_pool/pool/GlobalAveragePool_output_0_zero_point"
        ],
        "output": [
          "/global_pool/pool/GlobalAveragePool_output_0_QuantizeLinear_Output"
        ]
      },
      {
        "device": "CPU",
        "opType": "DequantizeLinear",
        "input": [
          "/global_pool/pool/GlobalAveragePool_output_0_QuantizeLinear_Output",
          "/layer3/layer3.5/conv3/Conv_output_0_scale",
          "/global_pool/pool/GlobalAveragePool_output_0_zero_point"
        ],
        "output": [
          "/global_pool/pool/GlobalAveragePool_output_0_DequantizeLinear_Output"
        ]
      },
      {
        "device": "CPU",
        "opType": "Flatten",
        "input": [
          "/global_pool/pool/GlobalAveragePool_output_0_DequantizeLinear_Output"
        ],
        "output": [
          "/global_pool/flatten/Flatten_output_0"
        ]
      },
      {
        "device": "CPU",
        "opType": "QuantizeLinear",
        "input": [
          "/global_pool/flatten/Flatten_output_0",
          "onnx::Conv_518_scale",
          "/global_pool/flatten/Flatten_output_0_zero_point"
        ],
        "output": [
          "/global_pool/flatten/Flatten_output_0_QuantizeLinear_Output"
        ]
      },
      {
        "device": "CPU",
        "opType": "DequantizeLinear",
        "input": [
          "/global_pool/flatten/Flatten_output_0_QuantizeLinear_Output",
          "onnx::Conv_518_scale",
          "/global_pool/flatten/Flatten_output_0_zero_point"
        ],
        "output": [
          "/global_pool/flatten/Flatten_output_0_DequantizeLinear_Output"
        ]
      },
      {
        "device": "CPU",
        "opType": "DequantizeLinear",
        "input": [
          "fc.bias_quantized",
          "onnx::Conv_518_scale",
          "fc.bias_zero_point"
        ],
        "output": [
          "fc.bias_DequantizeLinear_Output"
        ]
      },
      {
        "device": "CPU",
        "opType": "DequantizeLinear",
        "input": [
          "fc.weight_quantized",
          "onnx::Conv_518_scale",
          "fc.weight_zero_point"
        ],
        "output": [
          "fc.weight_DequantizeLinear_Output"
        ]
      },
      {
        "device": "CPU",
        "opType": "Gemm",
        "input": [
          "/global_pool/flatten/Flatten_output_0_DequantizeLinear_Output",
          "fc.weight_DequantizeLinear_Output",
          "fc.bias_DequantizeLinear_Output"
        ],
        "output": [
          "output_QuantizeLinear_Input"
        ]
      },
      {
        "device": "CPU",
        "opType": "QuantizeLinear",
        "input": [
          "output_QuantizeLinear_Input",
          "onnx::Conv_519_scale",
          "output_zero_point"
        ],
        "output": [
          "output_QuantizeLinear_Output"
        ]
      },
      {
        "device": "CPU",
        "opType": "DequantizeLinear",
        "input": [
          "output_QuantizeLinear_Output",
          "onnx::Conv_519_scale",
          "output_zero_point"
        ],
        "output": [
          "output"
        ]
      }
    ],
    "deviceStat": [
      {
        "name": "all",
        "nodeNum": 395,
        "supportedOpType": [
          "::Add",
          "::Conv",
          "::Flatten",
          "::Gemm",
          "::GlobalAveragePool",
          "::MaxPool",
          "::Mul",
          "::Relu",
          "com.microsoft::DequantizeLinear",
          "com.microsoft::QuantizeLinear"
        ]
      },
      {
        "name": "CPU",
        "nodeNum": 123,
        "supportedOpType": [
          "::Add",
          "::Conv",
          "::Flatten",
          "::Gemm",
          "::GlobalAveragePool",
          "::MaxPool",
          "::Mul",
          "::Relu"
        ]
      },
      {
        "name": "VITIS_EP_CPU",
        "nodeNum": 272,
        "supportedOpType": [
          "com.microsoft::DequantizeLinear",
          "com.microsoft::QuantizeLinear"
        ]
      }
    ]
  },
  "npu_latency_ms": {
    "mean": 33.983749999606516,
    "median": 33.95180000006803,
    "p95": 37.41932000120869,
    "runs": 32,
    "warmup": 5
  },
  "npu_vs_cpu": {
    "images": 32,
    "max_abs": 0.0,
    "mae": 0.0,
    "rmse": 0.0,
    "exact_elements_fraction": 1.0,
    "argmax_agreement_fraction": 1.0
  },
  "npu_vs_baseline_npu": {
    "images": 32,
    "max_abs": 3.0,
    "mae": 0.6254453125,
    "rmse": 0.7563287665592259,
    "exact_elements_fraction": 0.05028125,
    "argmax_agreement_fraction": 0.875
  }
}
