[32m
[QUARK-INFO]: Checking custom ops library ...[0m
[33m
[QUARK-WARNING]: The custom ops library C:\Users\<user>\miniforge3\envs\resnet_env\Lib\site-packages\quark\onnx\operators\custom_ops\lib\custom_ops.dll does NOT exist.[0m
[32m
[QUARK-INFO]: Start compiling CPU version of custom ops library.[0m
C:\Users\<user>\miniforge3\envs\resnet_env\Lib\site-packages\torch\utils\cpp_extension.py:380: UserWarning: Error checking compiler version for cl: [WinError 2] The system cannot find the file specified
  warnings.warn(f'Error checking compiler version for {compiler}: {error}')
INFO: Could not find files for the given pattern(s).
[31m
[QUARK-ERROR]: CPU version of custom ops library compilation failed:Command '['where', 'cl']' returned non-zero exit status 1.[0m
[33m
[QUARK-WARNING]: Custom ops library compilation failed: CPU version of custom ops library compilation failed:Command '['where', 'cl']' returned non-zero exit status 1..[0m
[32m
[QUARK-INFO]: Checked custom ops library.[0m
[33m
[QUARK-WARNING]: The api `activation` has been replaced with `input_tensors` and will be removed in the next release.[0m
[33m
[QUARK-WARNING]: The custom ops library C:\Users\<user>\miniforge3\envs\resnet_env\Lib\site-packages\quark\onnx\operators\custom_ops\lib\custom_ops.dll does NOT exist.[0m
REFINE_PROBE_SETUP {
  "reference": "models/resnet50_quark_nocle_c64.onnx",
  "reference_sha256": "a7a17654f79f141941806c13d26fe9ca12c727ab671eb345e15f5c1345eff0c7",
  "sidecar_hash_matches": true,
  "oracle_include_cle": false,
  "versions": {
    "amd-quark": "0.11rc1",
    "onnx": "1.19.0",
    "numpy": "1.26.4"
  },
  "remove_qdq_op_type": {
    "before": [],
    "after": [
      "Clip",
      "Relu",
      "LeakyRelu",
      "PRelu"
    ]
  },
  "annotate_op_type": [
    "Conv",
    "Add",
    "MaxPool",
    "AveragePool",
    "GlobalAveragePool",
    "MatMul",
    "Gemm",
    "ConvTranspose"
  ],
  "nodes": 380,
  "file_order_topological": false,
  "scales": 181,
  "roles": {
    "activation": 73,
    "bias": 54,
    "weight": 54
  },
  "convs": 54,
  "bridged_convs": 33,
  "adds": 16,
  "bridged_adds": 16,
  "pools": [
    [
      "MaxPool",
      true
    ],
    [
      "GlobalAveragePool",
      false
    ]
  ],
  "reference_scale_storage": {
    "float_data": 181
  },
  "baseline_violations": {},
  "max_loops": 5,
  "trials": 500,
  "seed": 0,
  "max_scales": 6,
  "max_shift": 6,
  "ignition_model": {
    "path": "models/resnet50_ignition_alpha_nocle_c64.onnx",
    "sha256": "afe15baa15a250ffdb0b68c5ce1f97efc1720d4c53140be42164321e7fb0686d",
    "scale_storage": {
      "raw_data": 181
    }
  }
}
CASE {"case": "control_unperturbed", "diff": {}, "equal": true, "ignition": {"changes_by_rule": {}, "converged": true, "integers_unchanged": true, "loops": 1, "moved": {}, "seconds": 0.026, "violations": {}}, "kind": "control", "perturbation": {}, "quark": {"integers_unchanged": true, "limit_warning": false, "modify_messages": 0, "moved": {}, "passes": 1, "seconds": 0.101, "violations": {}}, "start_violations": {}}
CASE {"case": "conv_pruned_cut_high", "diff": {}, "equal": true, "ignition": {"changes_by_rule": {"shift_cut": 1}, "converged": true, "integers_unchanged": true, "loops": 2, "moved": {"onnx::Conv_497_scale": [16, 12]}, "seconds": 0.053, "violations": {}}, "kind": "single_rule", "perturbation": {"onnx::Conv_497_scale": 16}, "quark": {"integers_unchanged": true, "limit_warning": false, "modify_messages": 1, "moved": {"onnx::Conv_497_scale": [16, 12]}, "passes": 2, "seconds": 0.201, "violations": {}}, "start_violations": {"shift_bias": 1, "shift_cut": 1}}
  QUARK Shift cut of layer onnx::Conv_497_DequantizeLinear_Output is 20. It exceeds range [0, 16]. Modify wpos from 16 to 12.
  IGNITION {"new": 12, "node": "/conv1/Conv", "old": 16, "rule": "shift_cut", "scale": "onnx::Conv_497_scale"}
CASE {"case": "conv_pruned_cut_low", "diff": {}, "equal": true, "ignition": {"changes_by_rule": {"shift_cut": 1}, "converged": true, "integers_unchanged": true, "loops": 2, "moved": {"onnx::Conv_497_scale": [-7, -4]}, "seconds": 0.052, "violations": {}}, "kind": "single_rule", "perturbation": {"onnx::Conv_497_scale": -7}, "quark": {"integers_unchanged": true, "limit_warning": false, "modify_messages": 1, "moved": {"onnx::Conv_497_scale": [-7, -4]}, "passes": 2, "seconds": 0.2, "violations": {}}, "start_violations": {"shift_cut": 1}}
  QUARK Shift cut of layer onnx::Conv_497_DequantizeLinear_Output is -3. It exceeds range [0, 16]. Modify wpos from -7 to -4.
  IGNITION {"new": -4, "node": "/conv1/Conv", "old": -7, "rule": "shift_cut", "scale": "onnx::Conv_497_scale"}
CASE {"case": "conv_pruned_bias_high", "diff": {}, "equal": true, "ignition": {"changes_by_rule": {"shift_bias": 1}, "converged": true, "integers_unchanged": true, "loops": 2, "moved": {"onnx::Conv_498_scale": [-9, -4]}, "seconds": 0.052, "violations": {}}, "kind": "single_rule", "perturbation": {"onnx::Conv_498_scale": -9}, "quark": {"integers_unchanged": true, "limit_warning": false, "modify_messages": 1, "moved": {"onnx::Conv_498_scale": [-9, -4]}, "passes": 2, "seconds": 0.199, "violations": {}}, "start_violations": {"shift_bias": 1}}
  QUARK Shift bias of layer onnx::Conv_498_DequantizeLinear_Output is 20. It exceeds range [-6, 15]. Modify bpos from -9 to -4.
  IGNITION {"new": -4, "node": "/conv1/Conv", "old": -9, "rule": "shift_bias", "scale": "onnx::Conv_498_scale"}
CASE {"case": "conv_pruned_bias_low", "diff": {}, "equal": true, "ignition": {"changes_by_rule": {"shift_bias": 1}, "converged": true, "integers_unchanged": true, "loops": 2, "moved": {"onnx::Conv_498_scale": [20, 17]}, "seconds": 0.054, "violations": {}}, "kind": "single_rule", "perturbation": {"onnx::Conv_498_scale": 20}, "quark": {"integers_unchanged": true, "limit_warning": false, "modify_messages": 1, "moved": {"onnx::Conv_498_scale": [20, 17]}, "passes": 2, "seconds": 0.198, "violations": {}}, "start_violations": {"shift_bias": 1}}
  QUARK Shift bias of layer onnx::Conv_498_DequantizeLinear_Output is -9. It exceeds range [-6, 15]. Modify bpos from 20 to 17.
  IGNITION {"new": 17, "node": "/conv1/Conv", "old": 20, "rule": "shift_bias", "scale": "onnx::Conv_498_scale"}
CASE {"case": "conv_direct_cut_high", "diff": {}, "equal": true, "ignition": {"changes_by_rule": {"shift_bias": 1, "shift_cut": 1}, "converged": true, "integers_unchanged": true, "loops": 2, "moved": {"onnx::Conv_509_scale": [22, 18], "onnx::Conv_510_scale": [2, 4]}, "seconds": 0.051, "violations": {}}, "kind": "single_rule", "perturbation": {"onnx::Conv_509_scale": 22}, "quark": {"integers_unchanged": true, "limit_warning": false, "modify_messages": 2, "moved": {"onnx::Conv_509_scale": [22, 18], "onnx::Conv_510_scale": [2, 4]}, "passes": 2, "seconds": 0.199, "violations": {}}, "start_violations": {"shift_bias": 1, "shift_cut": 1}}
  QUARK Shift cut of layer onnx::Conv_509_DequantizeLinear_Output is 20. It exceeds range [0, 16]. Modify wpos from 22 to 18.
  QUARK Shift bias of layer onnx::Conv_510_DequantizeLinear_Output is 17. It exceeds range [0, 15]. Modify bpos from 2 to 4.
  IGNITION {"new": 18, "node": "/layer1/layer1.0/downsample/downsample.0/Conv", "old": 22, "rule": "shift_cut", "scale": "onnx::Conv_509_scale"}
  IGNITION {"new": 4, "node": "/layer1/layer1.0/downsample/downsample.0/Conv", "old": 2, "rule": "shift_bias", "scale": "onnx::Conv_510_scale"}
CASE {"case": "conv_direct_cut_low", "diff": {}, "equal": true, "ignition": {"changes_by_rule": {"shift_cut": 1}, "converged": true, "integers_unchanged": true, "loops": 2, "moved": {"onnx::Conv_509_scale": [-1, 2]}, "seconds": 0.051, "violations": {}}, "kind": "single_rule", "perturbation": {"onnx::Conv_509_scale": -1}, "quark": {"integers_unchanged": true, "limit_warning": false, "modify_messages": 1, "moved": {"onnx::Conv_509_scale": [-1, 2]}, "passes": 2, "seconds": 0.198, "violations": {}}, "start_violations": {"shift_cut": 1}}
  QUARK Shift cut of layer onnx::Conv_509_DequantizeLinear_Output is -3. It exceeds range [0, 16]. Modify wpos from -1 to 2.
  IGNITION {"new": 2, "node": "/layer1/layer1.0/downsample/downsample.0/Conv", "old": -1, "rule": "shift_cut", "scale": "onnx::Conv_509_scale"}
CASE {"case": "conv_direct_bias_high", "diff": {}, "equal": true, "ignition": {"changes_by_rule": {"shift_bias": 1}, "converged": true, "integers_unchanged": true, "loops": 2, "moved": {"onnx::Conv_510_scale": [-13, -8]}, "seconds": 0.053, "violations": {}}, "kind": "single_rule", "perturbation": {"onnx::Conv_510_scale": -13}, "quark": {"integers_unchanged": true, "limit_warning": false, "modify_messages": 1, "moved": {"onnx::Conv_510_scale": [-13, -8]}, "passes": 2, "seconds": 0.2, "violations": {}}, "start_violations": {"shift_bias": 1}}
  QUARK Shift bias of layer onnx::Conv_510_DequantizeLinear_Output is 20. It exceeds range [-12, 15]. Modify bpos from -13 to -8.
  IGNITION {"new": -8, "node": "/layer1/layer1.0/downsample/downsample.0/Conv", "old": -13, "rule": "shift_bias", "scale": "onnx::Conv_510_scale"}
CASE {"case": "conv_direct_bias_low", "diff": {}, "equal": true, "ignition": {"changes_by_rule": {"shift_bias": 1}, "converged": true, "integers_unchanged": true, "loops": 2, "moved": {"onnx::Conv_510_scale": [22, 19]}, "seconds": 0.052, "violations": {}}, "kind": "single_rule", "perturbation": {"onnx::Conv_510_scale": 22}, "quark": {"integers_unchanged": true, "limit_warning": false, "modify_messages": 1, "moved": {"onnx::Conv_510_scale": [22, 19]}, "passes": 2, "seconds": 0.199, "violations": {}}, "start_violations": {"shift_bias": 1}}
  QUARK Shift bias of layer onnx::Conv_510_DequantizeLinear_Output is -15. It exceeds range [-12, 15]. Modify bpos from 22 to 19.
  IGNITION {"new": 19, "node": "/layer1/layer1.0/downsample/downsample.0/Conv", "old": 22, "rule": "shift_bias", "scale": "onnx::Conv_510_scale"}
CASE {"case": "gemm_cut_high", "diff": {}, "equal": true, "ignition": {"changes_by_rule": {"shift_cut": 1}, "converged": true, "integers_unchanged": true, "loops": 2, "moved": {"fc.weight_scale": [18, 14]}, "seconds": 0.051, "violations": {}}, "kind": "single_rule", "perturbation": {"fc.weight_scale": 18}, "quark": {"integers_unchanged": true, "limit_warning": false, "modify_messages": 1, "moved": {"fc.weight_scale": [18, 14]}, "passes": 2, "seconds": 0.197, "violations": {}}, "start_violations": {"shift_bias": 1, "shift_cut": 1}}
  QUARK Shift cut of layer fc.weight_DequantizeLinear_Output is 20. It exceeds range [0, 16]. Modify wpos from 18 to 14.
  IGNITION {"new": 14, "node": "/fc/Gemm", "old": 18, "rule": "shift_cut", "scale": "fc.weight_scale"}
CASE {"case": "gemm_cut_low", "diff": {}, "equal": true, "ignition": {"changes_by_rule": {"shift_cut": 1}, "converged": true, "integers_unchanged": true, "loops": 2, "moved": {"fc.weight_scale": [-5, -2]}, "seconds": 0.053, "violations": {}}, "kind": "single_rule", "perturbation": {"fc.weight_scale": -5}, "quark": {"integers_unchanged": true, "limit_warning": false, "modify_messages": 1, "moved": {"fc.weight_scale": [-5, -2]}, "passes": 2, "seconds": 0.197, "violations": {}}, "start_violations": {"shift_cut": 1}}
  QUARK Shift cut of layer fc.weight_DequantizeLinear_Output is -3. It exceeds range [0, 16]. Modify wpos from -5 to -2.
  IGNITION {"new": -2, "node": "/fc/Gemm", "old": -5, "rule": "shift_cut", "scale": "fc.weight_scale"}
CASE {"case": "gemm_bias_high", "diff": {}, "equal": true, "ignition": {"changes_by_rule": {"shift_bias": 1}, "converged": true, "integers_unchanged": true, "loops": 2, "moved": {"fc.bias_scale": [-10, -5]}, "seconds": 0.052, "violations": {}}, "kind": "single_rule", "perturbation": {"fc.bias_scale": -10}, "quark": {"integers_unchanged": true, "limit_warning": false, "modify_messages": 1, "moved": {"fc.bias_scale": [-10, -5]}, "passes": 2, "seconds": 0.198, "violations": {}}, "start_violations": {"shift_bias": 1}}
  QUARK Shift bias of layer fc.bias_DequantizeLinear_Output is 20. It exceeds range [-9, 15]. Modify bpos from -10 to -5.
  IGNITION {"new": -5, "node": "/fc/Gemm", "old": -10, "rule": "shift_bias", "scale": "fc.bias_scale"}
CASE {"case": "gemm_bias_low", "diff": {}, "equal": true, "ignition": {"changes_by_rule": {"shift_bias": 1}, "converged": true, "integers_unchanged": true, "loops": 2, "moved": {"fc.bias_scale": [22, 19]}, "seconds": 0.051, "violations": {}}, "kind": "single_rule", "perturbation": {"fc.bias_scale": 22}, "quark": {"integers_unchanged": true, "limit_warning": false, "modify_messages": 1, "moved": {"fc.bias_scale": [22, 19]}, "passes": 2, "seconds": 0.199, "violations": {}}, "start_violations": {"shift_bias": 1}}
  QUARK Shift bias of layer fc.bias_DequantizeLinear_Output is -12. It exceeds range [-9, 15]. Modify bpos from 22 to 19.
  IGNITION {"new": 19, "node": "/fc/Gemm", "old": 22, "rule": "shift_bias", "scale": "fc.bias_scale"}
CASE {"case": "add_read_high_input0", "diff": {}, "equal": true, "ignition": {"changes_by_rule": {"shift_cut": 1, "shift_read": 1}, "converged": true, "integers_unchanged": true, "loops": 2, "moved": {"/layer1/layer1.0/conv3/Conv_output_0_scale": [12, 10], "onnx::Conv_506_scale": [6, 9]}, "seconds": 0.054, "violations": {}}, "kind": "cascade", "perturbation": {"/layer1/layer1.0/conv3/Conv_output_0_scale": 12}, "quark": {"integers_unchanged": true, "limit_warning": false, "modify_messages": 2, "moved": {"/layer1/layer1.0/conv3/Conv_output_0_scale": [12, 10], "onnx::Conv_506_scale": [6, 9]}, "passes": 2, "seconds": 0.199, "violations": {}}, "start_violations": {"shift_cut": 1, "shift_read": 1}}
  QUARK Shift read of layer /layer1/layer1.0/Add is 9(12-3). It exceeds range [0, 7]. Modify ipos from 12 to 10.
  QUARK Shift cut of layer onnx::Conv_506_DequantizeLinear_Output is -3. It exceeds range [0, 16]. Modify wpos from 6 to 9.
  IGNITION {"new": 10, "node": "/layer1/layer1.0/Add", "old": 12, "rule": "shift_read", "scale": "/layer1/layer1.0/conv3/Conv_output_0_scale"}
  IGNITION {"new": 9, "node": "/layer1/layer1.0/conv3/Conv", "old": 6, "rule": "shift_cut", "scale": "onnx::Conv_506_scale"}
CASE {"case": "add_read_high_input1", "diff": {}, "equal": true, "ignition": {"changes_by_rule": {"shift_cut": 1, "shift_read": 1}, "converged": true, "integers_unchanged": true, "loops": 2, "moved": {"/layer1/layer1.0/downsample/downsample.0/Conv_output_0_scale": [12, 10], "onnx::Conv_509_scale": [6, 9]}, "seconds": 0.051, "violations": {}}, "kind": "cascade", "perturbation": {"/layer1/layer1.0/downsample/downsample.0/Conv_output_0_scale": 12}, "quark": {"integers_unchanged": true, "limit_warning": false, "modify_messages": 2, "moved": {"/layer1/layer1.0/downsample/downsample.0/Conv_output_0_scale": [12, 10], "onnx::Conv_509_scale": [6, 9]}, "passes": 2, "seconds": 0.199, "violations": {}}, "start_violations": {"shift_cut": 1, "shift_read": 1}}
  QUARK Shift read of layer /layer1/layer1.0/Add is 9(12-3). It exceeds range [0, 7]. Modify ipos from 12 to 10.
  QUARK Shift cut of layer onnx::Conv_509_DequantizeLinear_Output is -3. It exceeds range [0, 16]. Modify wpos from 6 to 9.
  IGNITION {"new": 10, "node": "/layer1/layer1.0/Add", "old": 12, "rule": "shift_read", "scale": "/layer1/layer1.0/downsample/downsample.0/Conv_output_0_scale"}
  IGNITION {"new": 9, "node": "/layer1/layer1.0/downsample/downsample.0/Conv", "old": 6, "rule": "shift_cut", "scale": "onnx::Conv_509_scale"}
CASE {"case": "add_write_low", "diff": {}, "equal": true, "ignition": {"changes_by_rule": {"shift_read": 1}, "converged": true, "integers_unchanged": true, "loops": 2, "moved": {"/layer1/layer1.0/act3/Relu_output_0_scale": [13, 10]}, "seconds": 0.051, "violations": {}}, "kind": "cascade", "perturbation": {"/layer1/layer1.0/act3/Relu_output_0_scale": 13}, "quark": {"integers_unchanged": true, "limit_warning": false, "modify_messages": 1, "moved": {"/layer1/layer1.0/act3/Relu_output_0_scale": [13, 10]}, "passes": 2, "seconds": 0.2, "violations": {}}, "start_violations": {"shift_bias": 1, "shift_read": 1, "shift_write": 1}}
  QUARK Shift read of layer /layer1/layer1.1/Add is 10(13-3). It exceeds range [0, 7]. Modify ipos from 13 to 10.
  IGNITION {"new": 10, "node": "/layer1/layer1.1/Add", "old": 13, "rule": "shift_read", "scale": "/layer1/layer1.0/act3/Relu_output_0_scale"}
CASE {"case": "add_write_high", "diff": {}, "equal": true, "ignition": {"changes_by_rule": {"shift_bias": 1, "shift_cut": 5, "shift_read": 2, "shift_write": 3}, "converged": true, "integers_unchanged": true, "loops": 3, "moved": {"/layer1/layer1.0/act3/Relu_output_0_scale": [-27, -22], "/layer1/layer1.1/act3/Relu_output_0_scale": [3, -15], "/layer1/layer1.1/conv3/Conv_output_0_scale": [3, -20], "/layer1/layer1.2/act3/Relu_output_0_scale": [3, -8], "/layer1/layer1.2/conv3/Conv_output_0_scale": [2, -8], "onnx::Conv_512_scale": [7, 26], "onnx::Conv_518_scale": [5, -7], "onnx::Conv_519_scale": [3, -4], "onnx::Conv_521_scale": [6, 18], "onnx::Conv_530_scale": [6, 11], "onnx::Conv_539_scale": [5, 10]}, "seconds": 0.081, "violations": {}}, "kind": "cascade", "perturbation": {"/layer1/layer1.0/act3/Relu_output_0_scale": -27}, "quark": {"integers_unchanged": true, "limit_warning": false, "modify_messages": 11, "moved": {"/layer1/layer1.0/act3/Relu_output_0_scale": [-27, -22], "/layer1/layer1.1/act3/Relu_output_0_scale": [3, -15], "/layer1/layer1.1/conv3/Conv_output_0_scale": [3, -20], "/layer1/layer1.2/act3/Relu_output_0_scale": [3, -8], "/layer1/layer1.2/conv3/Conv_output_0_scale": [2, -8], "onnx::Conv_512_scale": [7, 26], "onnx::Conv_518_scale": [5, -7], "onnx::Conv_519_scale": [3, -4], "onnx::Conv_521_scale": [6, 18], "onnx::Conv_530_scale": [6, 11], "onnx::Conv_539_scale": [5, 10]}, "passes": 3, "seconds": 0.343, "violations": {}}, "start_violations": {"shift_cut": 1, "shift_read": 1, "shift_write": 2}}
  QUARK Shift read of layer /layer1/layer1.1/Add is 30(3--27). It exceeds range [0, 7]. Modify ipos from 3 to -20.
  QUARK Shift write of layer /layer1/layer1.0/Add is 30(3--27). It exceeds range [-7, 25]. Modify opos from -27 to -22.
  QUARK Shift write of layer /layer1/layer1.1/Add is -25(-22-3). It exceeds range [-7, 25]. Modify opos from 3 to -15.
  QUARK Shift write of layer /layer1/layer1.2/Add is -18(-15-3). It exceeds range [-7, 25]. Modify opos from 3 to -8.
  QUARK Shift cut of layer onnx::Conv_512_DequantizeLinear_Output is -19. It exceeds range [0, 16]. Modify wpos from 7 to 26.
  QUARK Shift cut of layer onnx::Conv_518_DequantizeLinear_Output is 28. It exceeds range [0, 16]. Modify wpos from 5 to -7.
  QUARK Shift cut of layer onnx::Conv_521_DequantizeLinear_Output is -12. It exceeds range [0, 16]. Modify wpos from 6 to 18.
  QUARK Shift cut of layer onnx::Conv_530_DequantizeLinear_Output is -5. It exceeds range [0, 16]. Modify wpos from 6 to 11.
  QUARK Shift cut of layer onnx::Conv_539_DequantizeLinear_Output is -5. It exceeds range [0, 16]. Modify wpos from 5 to 10.
  QUARK Shift bias of layer onnx::Conv_519_DequantizeLinear_Output is -7. It exceeds range [0, 15]. Modify bpos from 3 to -4.
  QUARK Shift read of layer /layer1/layer1.2/Add is 17(2--15). It exceeds range [0, 7]. Modify ipos from 2 to -8.
  IGNITION {"new": -20, "node": "/layer1/layer1.1/Add", "old": 3, "rule": "shift_read", "scale": "/layer1/layer1.1/conv3/Conv_output_0_scale"}
  IGNITION {"new": -22, "node": "/layer1/layer1.0/Add", "old": -27, "rule": "shift_write", "scale": "/layer1/layer1.0/act3/Relu_output_0_scale"}
  IGNITION {"new": -15, "node": "/layer1/layer1.1/Add", "old": 3, "rule": "shift_write", "scale": "/layer1/layer1.1/act3/Relu_output_0_scale"}
  IGNITION {"new": -8, "node": "/layer1/layer1.2/Add", "old": 3, "rule": "shift_write", "scale": "/layer1/layer1.2/act3/Relu_output_0_scale"}
  IGNITION {"new": 26, "node": "/layer1/layer1.1/conv1/Conv", "old": 7, "rule": "shift_cut", "scale": "onnx::Conv_512_scale"}
  IGNITION {"new": -7, "node": "/layer1/layer1.1/conv3/Conv", "old": 5, "rule": "shift_cut", "scale": "onnx::Conv_518_scale"}
  IGNITION {"new": 18, "node": "/layer1/layer1.2/conv1/Conv", "old": 6, "rule": "shift_cut", "scale": "onnx::Conv_521_scale"}
  IGNITION {"new": 11, "node": "/layer2/layer2.0/conv1/Conv", "old": 6, "rule": "shift_cut", "scale": "onnx::Conv_530_scale"}
  IGNITION {"new": 10, "node": "/layer2/layer2.0/downsample/downsample.0/Conv", "old": 5, "rule": "shift_cut", "scale": "onnx::Conv_539_scale"}
  IGNITION {"new": -4, "node": "/layer1/layer1.1/conv3/Conv", "old": 3, "rule": "shift_bias", "scale": "onnx::Conv_519_scale"}
  IGNITION {"new": -8, "node": "/layer1/layer1.2/Add", "old": 2, "rule": "shift_read", "scale": "/layer1/layer1.2/conv3/Conv_output_0_scale"}
CASE {"case": "gap_pool_high", "diff": {}, "equal": true, "ignition": {"changes_by_rule": {"align_pool": 1}, "converged": true, "integers_unchanged": true, "loops": 2, "moved": {"/global_pool/pool/GlobalAveragePool_output_0_scale": [5, 2]}, "seconds": 0.052, "violations": {}}, "kind": "cascade", "perturbation": {"/global_pool/pool/GlobalAveragePool_output_0_scale": 5}, "quark": {"integers_unchanged": true, "limit_warning": false, "modify_messages": 1, "moved": {"/global_pool/pool/GlobalAveragePool_output_0_scale": [5, 2]}, "passes": 2, "seconds": 0.216, "violations": {}}, "start_violations": {"align_pool": 1}}
  QUARK Input pos of pooling layer /global_pool/pool/GlobalAveragePool is 2. Output pos of pooling layer /global_pool/pool/GlobalAveragePool is 5.Modify opos from 5 to 2.
  IGNITION {"new": 2, "node": "/global_pool/pool/GlobalAveragePool", "old": 5, "rule": "align_pool", "scale": "/global_pool/pool/GlobalAveragePool_output_0_scale"}
CASE {"case": "gap_pool_low", "diff": {}, "equal": true, "ignition": {"changes_by_rule": {"align_pool": 1}, "converged": true, "integers_unchanged": true, "loops": 2, "moved": {"/layer4/layer4.2/act3/Relu_output_0_scale": [2, -1]}, "seconds": 0.055, "violations": {}}, "kind": "cascade", "perturbation": {"/global_pool/pool/GlobalAveragePool_output_0_scale": -1}, "quark": {"integers_unchanged": true, "limit_warning": false, "modify_messages": 1, "moved": {"/layer4/layer4.2/act3/Relu_output_0_scale": [2, -1]}, "passes": 2, "seconds": 0.226, "violations": {}}, "start_violations": {"align_pool": 1}}
  QUARK Input pos of pooling layer /global_pool/pool/GlobalAveragePool is 2. Output pos of pooling layer /global_pool/pool/GlobalAveragePool is -1.Modify ipos from 2 to -1.
  IGNITION {"new": -1, "node": "/global_pool/pool/GlobalAveragePool", "old": 2, "rule": "align_pool", "scale": "/layer4/layer4.2/act3/Relu_output_0_scale"}
CASE {"case": "gap_loop_limit", "diff": {}, "equal": true, "ignition": {"changes_by_rule": {"align_pool": 5, "shift_write": 5}, "converged": false, "integers_unchanged": true, "loops": 5, "moved": {"/layer4/layer4.2/act3/Relu_output_0_scale": [2, -22]}, "seconds": 0.128, "violations": {"align_pool": 1}}, "kind": "loop_limit", "perturbation": {"/global_pool/pool/GlobalAveragePool_output_0_scale": -38}, "quark": {"integers_unchanged": true, "limit_warning": true, "modify_messages": 10, "moved": {"/layer4/layer4.2/act3/Relu_output_0_scale": [2, -22]}, "passes": 5, "seconds": 0.511, "violations": {"align_pool": 1}}, "start_violations": {"align_pool": 1}}
  QUARK Input pos of pooling layer /global_pool/pool/GlobalAveragePool is 2. Output pos of pooling layer /global_pool/pool/GlobalAveragePool is -38.Modify ipos from 2 to -38.
  QUARK Shift write of layer /layer4/layer4.2/Add is 41(3--38). It exceeds range [-7, 25]. Modify opos from -38 to -22.
  QUARK Input pos of pooling layer /global_pool/pool/GlobalAveragePool is -22. Output pos of pooling layer /global_pool/pool/GlobalAveragePool is -38.Modify ipos from -22 to -38.
  QUARK Shift write of layer /layer4/layer4.2/Add is 41(3--38). It exceeds range [-7, 25]. Modify opos from -38 to -22.
  QUARK Input pos of pooling layer /global_pool/pool/GlobalAveragePool is -22. Output pos of pooling layer /global_pool/pool/GlobalAveragePool is -38.Modify ipos from -22 to -38.
  QUARK Shift write of layer /layer4/layer4.2/Add is 41(3--38). It exceeds range [-7, 25]. Modify opos from -38 to -22.
  QUARK Input pos of pooling layer /global_pool/pool/GlobalAveragePool is -22. Output pos of pooling layer /global_pool/pool/GlobalAveragePool is -38.Modify ipos from -22 to -38.
  QUARK Shift write of layer /layer4/layer4.2/Add is 41(3--38). It exceeds range [-7, 25]. Modify opos from -38 to -22.
  QUARK Input pos of pooling layer /global_pool/pool/GlobalAveragePool is -22. Output pos of pooling layer /global_pool/pool/GlobalAveragePool is -38.Modify ipos from -22 to -38.
  QUARK Shift write of layer /layer4/layer4.2/Add is 41(3--38). It exceeds range [-7, 25]. Modify opos from -38 to -22.
  IGNITION {"new": -38, "node": "/global_pool/pool/GlobalAveragePool", "old": 2, "rule": "align_pool", "scale": "/layer4/layer4.2/act3/Relu_output_0_scale"}
  IGNITION {"new": -22, "node": "/layer4/layer4.2/Add", "old": -38, "rule": "shift_write", "scale": "/layer4/layer4.2/act3/Relu_output_0_scale"}
  IGNITION {"new": -38, "node": "/global_pool/pool/GlobalAveragePool", "old": -22, "rule": "align_pool", "scale": "/layer4/layer4.2/act3/Relu_output_0_scale"}
  IGNITION {"new": -22, "node": "/layer4/layer4.2/Add", "old": -38, "rule": "shift_write", "scale": "/layer4/layer4.2/act3/Relu_output_0_scale"}
  IGNITION {"new": -38, "node": "/global_pool/pool/GlobalAveragePool", "old": -22, "rule": "align_pool", "scale": "/layer4/layer4.2/act3/Relu_output_0_scale"}
  IGNITION {"new": -22, "node": "/layer4/layer4.2/Add", "old": -38, "rule": "shift_write", "scale": "/layer4/layer4.2/act3/Relu_output_0_scale"}
  IGNITION {"new": -38, "node": "/global_pool/pool/GlobalAveragePool", "old": -22, "rule": "align_pool", "scale": "/layer4/layer4.2/act3/Relu_output_0_scale"}
  IGNITION {"new": -22, "node": "/layer4/layer4.2/Add", "old": -38, "rule": "shift_write", "scale": "/layer4/layer4.2/act3/Relu_output_0_scale"}
  IGNITION {"new": -38, "node": "/global_pool/pool/GlobalAveragePool", "old": -22, "rule": "align_pool", "scale": "/layer4/layer4.2/act3/Relu_output_0_scale"}
  IGNITION {"new": -22, "node": "/layer4/layer4.2/Add", "old": -38, "rule": "shift_write", "scale": "/layer4/layer4.2/act3/Relu_output_0_scale"}
CASE {"case": "multi_rule", "diff": {}, "equal": true, "ignition": {"changes_by_rule": {"align_pool": 1, "shift_bias": 1, "shift_cut": 3, "shift_read": 2}, "converged": true, "integers_unchanged": true, "loops": 2, "moved": {"/global_pool/pool/GlobalAveragePool_output_0_scale": [5, 2], "/layer1/layer1.1/conv3/Conv_output_0_scale": [12, 10], "/layer2/layer2.1/act3/Relu_output_0_scale": [12, 9], "fc.weight_scale": [-5, -2], "onnx::Conv_497_scale": [16, 12], "onnx::Conv_510_scale": [-13, -8], "onnx::Conv_518_scale": [5, 7]}, "seconds": 0.051, "violations": {}}, "kind": "cascade", "perturbation": {"/global_pool/pool/GlobalAveragePool_output_0_scale": 5, "/layer1/layer1.1/conv3/Conv_output_0_scale": 12, "/layer2/layer2.1/act3/Relu_output_0_scale": 12, "fc.weight_scale": -5, "onnx::Conv_497_scale": 16, "onnx::Conv_510_scale": -13}, "quark": {"integers_unchanged": true, "limit_warning": false, "modify_messages": 7, "moved": {"/global_pool/pool/GlobalAveragePool_output_0_scale": [5, 2], "/layer1/layer1.1/conv3/Conv_output_0_scale": [12, 10], "/layer2/layer2.1/act3/Relu_output_0_scale": [12, 9], "fc.weight_scale": [-5, -2], "onnx::Conv_497_scale": [16, 12], "onnx::Conv_510_scale": [-13, -8], "onnx::Conv_518_scale": [5, 7]}, "passes": 2, "seconds": 0.199, "violations": {}}, "start_violations": {"align_pool": 1, "shift_bias": 3, "shift_cut": 3, "shift_read": 2, "shift_write": 1}}
  QUARK Input pos of pooling layer /global_pool/pool/GlobalAveragePool is 2. Output pos of pooling layer /global_pool/pool/GlobalAveragePool is 5.Modify opos from 5 to 2.
  QUARK Shift read of layer /layer1/layer1.1/Add is 9(12-3). It exceeds range [0, 7]. Modify ipos from 12 to 10.
  QUARK Shift read of layer /layer2/layer2.2/Add is 10(12-2). It exceeds range [0, 7]. Modify ipos from 12 to 9.
  QUARK Shift cut of layer onnx::Conv_497_DequantizeLinear_Output is 20. It exceeds range [0, 16]. Modify wpos from 16 to 12.
  QUARK Shift cut of layer onnx::Conv_518_DequantizeLinear_Output is -2. It exceeds range [0, 16]. Modify wpos from 5 to 7.
  QUARK Shift cut of layer fc.weight_DequantizeLinear_Output is -3. It exceeds range [0, 16]. Modify wpos from -5 to -2.
  QUARK Shift bias of layer onnx::Conv_510_DequantizeLinear_Output is 20. It exceeds range [-12, 15]. Modify bpos from -13 to -8.
  IGNITION {"new": 2, "node": "/global_pool/pool/GlobalAveragePool", "old": 5, "rule": "align_pool", "scale": "/global_pool/pool/GlobalAveragePool_output_0_scale"}
  IGNITION {"new": 10, "node": "/layer1/layer1.1/Add", "old": 12, "rule": "shift_read", "scale": "/layer1/layer1.1/conv3/Conv_output_0_scale"}
  IGNITION {"new": 9, "node": "/layer2/layer2.2/Add", "old": 12, "rule": "shift_read", "scale": "/layer2/layer2.1/act3/Relu_output_0_scale"}
  IGNITION {"new": 12, "node": "/conv1/Conv", "old": 16, "rule": "shift_cut", "scale": "onnx::Conv_497_scale"}
  IGNITION {"new": 7, "node": "/layer1/layer1.1/conv3/Conv", "old": 5, "rule": "shift_cut", "scale": "onnx::Conv_518_scale"}
  IGNITION {"new": -2, "node": "/fc/Gemm", "old": -5, "rule": "shift_cut", "scale": "fc.weight_scale"}
  IGNITION {"new": -8, "node": "/layer1/layer1.0/downsample/downsample.0/Conv", "old": -13, "rule": "shift_bias", "scale": "onnx::Conv_510_scale"}
DIRECTED_SUMMARY {"cases": 20, "converged_both": 19, "equal": 20, "ignition_rule_totals": {"align_pool": 8, "shift_bias": 9, "shift_cut": 16, "shift_read": 7, "shift_write": 8}, "unequal": []}
TRIAL {"diff": {}, "equal": true, "final_violations": [{}, {}], "ignition_converged": true, "ignition_loops": 2, "ignition_rules": {"shift_cut": 1}, "quark_limit": false, "quark_moved": 1, "quark_passes": 2, "roles": {"activation": 1, "bias": 2, "weight": 3}, "scales": 6, "trial": 0}
TRIAL {"diff": {}, "equal": true, "final_violations": [{}, {}], "ignition_converged": true, "ignition_loops": 1, "ignition_rules": {}, "quark_limit": false, "quark_moved": 0, "quark_passes": 1, "roles": {"activation": 1, "bias": 2, "weight": 3}, "scales": 6, "trial": 1}
TRIAL {"diff": {}, "equal": true, "final_violations": [{}, {}], "ignition_converged": true, "ignition_loops": 1, "ignition_rules": {}, "quark_limit": false, "quark_moved": 0, "quark_passes": 1, "roles": {"activation": 3, "bias": 2, "weight": 1}, "scales": 6, "trial": 2}
TRIAL {"diff": {}, "equal": true, "final_violations": [{}, {}], "ignition_converged": true, "ignition_loops": 1, "ignition_rules": {}, "quark_limit": false, "quark_moved": 0, "quark_passes": 1, "roles": {"activation": 1, "weight": 1}, "scales": 2, "trial": 3}
TRIAL {"diff": {}, "equal": true, "final_violations": [{}, {}], "ignition_converged": true, "ignition_loops": 1, "ignition_rules": {}, "quark_limit": false, "quark_moved": 0, "quark_passes": 1, "roles": {"activation": 1, "bias": 1, "weight": 1}, "scales": 3, "trial": 4}
TRIAL {"diff": {}, "equal": true, "final_violations": [{}, {}], "ignition_converged": true, "ignition_loops": 1, "ignition_rules": {}, "quark_limit": false, "quark_moved": 0, "quark_passes": 1, "roles": {"activation": 2, "weight": 1}, "scales": 3, "trial": 5}
TRIAL {"diff": {}, "equal": true, "final_violations": [{}, {}], "ignition_converged": true, "ignition_loops": 1, "ignition_rules": {}, "quark_limit": false, "quark_moved": 0, "quark_passes": 1, "roles": {"activation": 4, "bias": 1, "weight": 1}, "scales": 6, "trial": 6}
TRIAL {"diff": {}, "equal": true, "final_violations": [{}, {}], "ignition_converged": true, "ignition_loops": 1, "ignition_rules": {}, "quark_limit": false, "quark_moved": 0, "quark_passes": 1, "roles": {"activation": 1, "bias": 2, "weight": 3}, "scales": 6, "trial": 7}
TRIAL {"diff": {}, "equal": true, "final_violations": [{}, {}], "ignition_converged": true, "ignition_loops": 1, "ignition_rules": {}, "quark_limit": false, "quark_moved": 0, "quark_passes": 1, "roles": {"activation": 2, "bias": 2, "weight": 1}, "scales": 5, "trial": 8}
TRIAL {"diff": {}, "equal": true, "final_violations": [{}, {}], "ignition_converged": true, "ignition_loops": 1, "ignition_rules": {}, "quark_limit": false, "quark_moved": 0, "quark_passes": 1, "roles": {"activation": 2, "weight": 1}, "scales": 3, "trial": 9}
TRIAL {"diff": {}, "equal": true, "final_violations": [{}, {}], "ignition_converged": true, "ignition_loops": 1, "ignition_rules": {}, "quark_limit": false, "quark_moved": 0, "quark_passes": 1, "roles": {"bias": 1}, "scales": 1, "trial": 10}
TRIAL {"diff": {}, "equal": true, "final_violations": [{}, {}], "ignition_converged": true, "ignition_loops": 1, "ignition_rules": {}, "quark_limit": false, "quark_moved": 0, "quark_passes": 1, "roles": {"activation": 3, "bias": 1, "weight": 2}, "scales": 6, "trial": 11}
TRIAL {"diff": {}, "equal": true, "final_violations": [{}, {}], "ignition_converged": true, "ignition_loops": 1, "ignition_rules": {}, "quark_limit": false, "quark_moved": 0, "quark_passes": 1, "roles": {"bias": 3, "weight": 1}, "scales": 4, "trial": 12}
TRIAL {"diff": {}, "equal": true, "final_violations": [{}, {}], "ignition_converged": true, "ignition_loops": 1, "ignition_rules": {}, "quark_limit": false, "quark_moved": 0, "quark_passes": 1, "roles": {"activation": 2, "bias": 1, "weight": 1}, "scales": 4, "trial": 13}
TRIAL {"diff": {}, "equal": true, "final_violations": [{}, {}], "ignition_converged": true, "ignition_loops": 1, "ignition_rules": {}, "quark_limit": false, "quark_moved": 0, "quark_passes": 1, "roles": {"activation": 1, "bias": 2}, "scales": 3, "trial": 14}
TRIAL {"diff": {}, "equal": true, "final_violations": [{}, {}], "ignition_converged": true, "ignition_loops": 1, "ignition_rules": {}, "quark_limit": false, "quark_moved": 0, "quark_passes": 1, "roles": {"activation": 1, "bias": 1, "weight": 1}, "scales": 3, "trial": 15}
TRIAL {"diff": {}, "equal": true, "final_violations": [{}, {}], "ignition_converged": true, "ignition_loops": 1, "ignition_rules": {}, "quark_limit": false, "quark_moved": 0, "quark_passes": 1, "roles": {"activation": 2}, "scales": 2, "trial": 16}
TRIAL {"diff": {}, "equal": true, "final_violations": [{}, {}], "ignition_converged": true, "ignition_loops": 2, "ignition_rules": {"shift_cut": 1}, "quark_limit": false, "quark_moved": 1, "quark_passes": 2, "roles": {"activation": 3, "bias": 2, "weight": 1}, "scales": 6, "trial": 17}
TRIAL {"diff": {}, "equal": true, "final_violations": [{}, {}], "ignition_converged": true, "ignition_loops": 1, "ignition_rules": {}, "quark_limit": false, "quark_moved": 0, "quark_passes": 1, "roles": {"activation": 1, "weight": 2}, "scales": 3, "trial": 18}
TRIAL {"diff": {}, "equal": true, "final_violations": [{}, {}], "ignition_converged": true, "ignition_loops": 1, "ignition_rules": {}, "quark_limit": false, "quark_moved": 0, "quark_passes": 1, "roles": {"weight": 1}, "scales": 1, "trial": 19}
TRIAL {"diff": {}, "equal": true, "final_violations": [{}, {}], "ignition_converged": true, "ignition_loops": 1, "ignition_rules": {}, "quark_limit": false, "quark_moved": 0, "quark_passes": 1, "roles": {"activation": 1}, "scales": 1, "trial": 20}
TRIAL {"diff": {}, "equal": true, "final_violations": [{}, {}], "ignition_converged": true, "ignition_loops": 1, "ignition_rules": {}, "quark_limit": false, "quark_moved": 0, "quark_passes": 1, "roles": {"activation": 2, "bias": 3, "weight": 1}, "scales": 6, "trial": 21}
TRIAL {"diff": {}, "equal": true, "final_violations": [{}, {}], "ignition_converged": true, "ignition_loops": 2, "ignition_rules": {"align_pool": 1}, "quark_limit": false, "quark_moved": 1, "quark_passes": 2, "roles": {"activation": 1, "weight": 1}, "scales": 2, "trial": 22}
TRIAL {"diff": {}, "equal": true, "final_violations": [{}, {}], "ignition_converged": true, "ignition_loops": 1, "ignition_rules": {}, "quark_limit": false, "quark_moved": 0, "quark_passes": 1, "roles": {"activation": 1, "bias": 2, "weight": 3}, "scales": 6, "trial": 23}
TRIAL {"diff": {}, "equal": true, "final_violations": [{}, {}], "ignition_converged": true, "ignition_loops": 1, "ignition_rules": {}, "quark_limit": false, "quark_moved": 0, "quark_passes": 1, "roles": {"bias": 1}, "scales": 1, "trial": 24}
TRIAL {"diff": {}, "equal": true, "final_violations": [{}, {}], "ignition_converged": true, "ignition_loops": 1, "ignition_rules": {}, "quark_limit": false, "quark_moved": 0, "quark_passes": 1, "roles": {"activation": 1, "bias": 1}, "scales": 2, "trial": 25}
TRIAL {"diff": {}, "equal": true, "final_violations": [{}, {}], "ignition_converged": true, "ignition_loops": 1, "ignition_rules": {}, "quark_limit": false, "quark_moved": 0, "quark_passes": 1, "roles": {"activation": 4, "weight": 2}, "scales": 6, "trial": 26}
TRIAL {"diff": {}, "equal": true, "final_violations": [{}, {}], "ignition_converged": true, "ignition_loops": 2, "ignition_rules": {"shift_cut": 1}, "quark_limit": false, "quark_moved": 1, "quark_passes": 2, "roles": {"activation": 5, "weight": 1}, "scales": 6, "trial": 27}
TRIAL {"diff": {}, "equal": true, "final_violations": [{}, {}], "ignition_converged": true, "ignition_loops": 2, "ignition_rules": {"align_pool": 1}, "quark_limit": false, "quark_moved": 1, "quark_passes": 2, "roles": {"activation": 3, "bias": 1, "weight": 2}, "scales": 6, "trial": 28}
TRIAL {"diff": {}, "equal": true, "final_violations": [{}, {}], "ignition_converged": true, "ignition_loops": 1, "ignition_rules": {}, "quark_limit": false, "quark_moved": 0, "quark_passes": 1, "roles": {"bias": 1, "weight": 1}, "scales": 2, "trial": 29}
TRIAL {"diff": {}, "equal": true, "final_violations": [{}, {}], "ignition_converged": true, "ignition_loops": 1, "ignition_rules": {}, "quark_limit": false, "quark_moved": 0, "quark_passes": 1, "roles": {"activation": 1}, "scales": 1, "trial": 30}
TRIAL {"diff": {}, "equal": true, "final_violations": [{}, {}], "ignition_converged": true, "ignition_loops": 2, "ignition_rules": {"align_pool": 1}, "quark_limit": false, "quark_moved": 1, "quark_passes": 2, "roles": {"activation": 1, "weight": 1}, "scales": 2, "trial": 31}
TRIAL {"diff": {}, "equal": true, "final_violations": [{}, {}], "ignition_converged": true, "ignition_loops": 1, "ignition_rules": {}, "quark_limit": false, "quark_moved": 0, "quark_passes": 1, "roles": {"activation": 2, "bias": 2}, "scales": 4, "trial": 32}
TRIAL {"diff": {}, "equal": true, "final_violations": [{}, {}], "ignition_converged": true, "ignition_loops": 1, "ignition_rules": {}, "quark_limit": false, "quark_moved": 0, "quark_passes": 1, "roles": {"activation": 2, "bias": 2, "weight": 1}, "scales": 5, "trial": 33}
TRIAL {"diff": {}, "equal": true, "final_violations": [{}, {}], "ignition_converged": true, "ignition_loops": 1, "ignition_rules": {}, "quark_limit": false, "quark_moved": 0, "quark_passes": 1, "roles": {"activation": 1, "bias": 1, "weight": 1}, "scales": 3, "trial": 34}
TRIAL {"diff": {}, "equal": true, "final_violations": [{}, {}], "ignition_converged": true, "ignition_loops": 1, "ignition_rules": {}, "quark_limit": false, "quark_moved": 0, "quark_passes": 1, "roles": {"activation": 1, "weight": 3}, "scales": 4, "trial": 35}
TRIAL {"diff": {}, "equal": true, "final_violations": [{}, {}], "ignition_converged": true, "ignition_loops": 1, "ignition_rules": {}, "quark_limit": false, "quark_moved": 0, "quark_passes": 1, "roles": {"activation": 2, "bias": 1}, "scales": 3, "trial": 36}
TRIAL {"diff": {}, "equal": true, "final_violations": [{}, {}], "ignition_converged": true, "ignition_loops": 2, "ignition_rules": {"shift_cut": 2}, "quark_limit": false, "quark_moved": 2, "quark_passes": 2, "roles": {"activation": 1, "weight": 1}, "scales": 2, "trial": 37}
TRIAL {"diff": {}, "equal": true, "final_violations": [{}, {}], "ignition_converged": true, "ignition_loops": 1, "ignition_rules": {}, "quark_limit": false, "quark_moved": 0, "quark_passes": 1, "roles": {"activation": 1}, "scales": 1, "trial": 38}
TRIAL {"diff": {}, "equal": true, "final_violations": [{}, {}], "ignition_converged": true, "ignition_loops": 1, "ignition_rules": {}, "quark_limit": false, "quark_moved": 0, "quark_passes": 1, "roles": {"bias": 2}, "scales": 2, "trial": 39}
TRIAL {"diff": {}, "equal": true, "final_violations": [{}, {}], "ignition_converged": true, "ignition_loops": 1, "ignition_rules": {}, "quark_limit": false, "quark_moved": 0, "quark_passes": 1, "roles": {"activation": 3, "bias": 2, "weight": 1}, "scales": 6, "trial": 40}
TRIAL {"diff": {}, "equal": true, "final_violations": [{}, {}], "ignition_converged": true, "ignition_loops": 1, "ignition_rules": {}, "quark_limit": false, "quark_moved": 0, "quark_passes": 1, "roles": {"activation": 1}, "scales": 1, "trial": 41}
TRIAL {"diff": {}, "equal": true, "final_violations": [{}, {}], "ignition_converged": true, "ignition_loops": 1, "ignition_rules": {}, "quark_limit": false, "quark_moved": 0, "quark_passes": 1, "roles": {"activation": 1}, "scales": 1, "trial": 42}
TRIAL {"diff": {}, "equal": true, "final_violations": [{}, {}], "ignition_converged": true, "ignition_loops": 1, "ignition_rules": {}, "quark_limit": false, "quark_moved": 0, "quark_passes": 1, "roles": {"activation": 1, "bias": 3, "weight": 2}, "scales": 6, "trial": 43}
TRIAL {"diff": {}, "equal": true, "final_violations": [{}, {}], "ignition_converged": true, "ignition_loops": 1, "ignition_rules": {}, "quark_limit": false, "quark_moved": 0, "quark_passes": 1, "roles": {"bias": 1}, "scales": 1, "trial": 44}
TRIAL {"diff": {}, "equal": true, "final_violations": [{}, {}], "ignition_converged": true, "ignition_loops": 1, "ignition_rules": {}, "quark_limit": false, "quark_moved": 0, "quark_passes": 1, "roles": {"activation": 3, "weight": 2}, "scales": 5, "trial": 45}
TRIAL {"diff": {}, "equal": true, "final_violations": [{}, {}], "ignition_converged": true, "ignition_loops": 2, "ignition_rules": {"align_pool": 1}, "quark_limit": false, "quark_moved": 1, "quark_passes": 2, "roles": {"activation": 4, "bias": 1}, "scales": 5, "trial": 46}
TRIAL {"diff": {}, "equal": true, "final_violations": [{}, {}], "ignition_converged": true, "ignition_loops": 1, "ignition_rules": {}, "quark_limit": false, "quark_moved": 0, "quark_passes": 1, "roles": {"bias": 1, "weight": 1}, "scales": 2, "trial": 47}
TRIAL {"diff": {}, "equal": true, "final_violations": [{}, {}], "ignition_converged": true, "ignition_loops": 1, "ignition_rules": {}, "quark_limit": false, "quark_moved": 0, "quark_passes": 1, "roles": {"activation": 2, "bias": 1, "weight": 2}, "scales": 5, "trial": 48}
TRIAL {"diff": {}, "equal": true, "final_violations": [{}, {}], "ignition_converged": true, "ignition_loops": 2, "ignition_rules": {"shift_cut": 1}, "quark_limit": false, "quark_moved": 1, "quark_passes": 2, "roles": {"activation": 2, "bias": 1, "weight": 2}, "scales": 5, "trial": 49}
TRIAL {"diff": {}, "equal": true, "final_violations": [{}, {}], "ignition_converged": true, "ignition_loops": 2, "ignition_rules": {"align_pool": 1}, "quark_limit": false, "quark_moved": 1, "quark_passes": 2, "roles": {"activation": 1, "weight": 5}, "scales": 6, "trial": 50}
TRIAL {"diff": {}, "equal": true, "final_violations": [{}, {}], "ignition_converged": true, "ignition_loops": 1, "ignition_rules": {}, "quark_limit": false, "quark_moved": 0, "quark_passes": 1, "roles": {"activation": 1, "weight": 1}, "scales": 2, "trial": 51}
TRIAL {"diff": {}, "equal": true, "final_violations": [{}, {}], "ignition_converged": true, "ignition_loops": 1, "ignition_rules": {}, "quark_limit": false, "quark_moved": 0, "quark_passes": 1, "roles": {"weight": 1}, "scales": 1, "trial": 52}
TRIAL {"diff": {}, "equal": true, "final_violations": [{}, {}], "ignition_converged": true, "ignition_loops": 1, "ignition_rules": {}, "quark_limit": false, "quark_moved": 0, "quark_passes": 1, "roles": {"activation": 4, "bias": 1}, "scales": 5, "trial": 53}
TRIAL {"diff": {}, "equal": true, "final_violations": [{}, {}], "ignition_converged": true, "ignition_loops": 1, "ignition_rules": {}, "quark_limit": false, "quark_moved": 0, "quark_passes": 1, "roles": {"activation": 1, "bias": 1, "weight": 2}, "scales": 4, "trial": 54}
TRIAL {"diff": {}, "equal": true, "final_violations": [{}, {}], "ignition_converged": true, "ignition_loops": 1, "ignition_rules": {}, "quark_limit": false, "quark_moved": 0, "quark_passes": 1, "roles": {"activation": 1, "bias": 2, "weight": 1}, "scales": 4, "trial": 55}
TRIAL {"diff": {}, "equal": true, "final_violations": [{}, {}], "ignition_converged": true, "ignition_loops": 1, "ignition_rules": {}, "quark_limit": false, "quark_moved": 0, "quark_passes": 1, "roles": {"activation": 1, "bias": 1}, "scales": 2, "trial": 56}
TRIAL {"diff": {}, "equal": true, "final_violations": [{}, {}], "ignition_converged": true, "ignition_loops": 1, "ignition_rules": {}, "quark_limit": false, "quark_moved": 0, "quark_passes": 1, "roles": {"activation": 1, "bias": 3}, "scales": 4, "trial": 57}
TRIAL {"diff": {}, "equal": true, "final_violations": [{}, {}], "ignition_converged": true, "ignition_loops": 1, "ignition_rules": {}, "quark_limit": false, "quark_moved": 0, "quark_passes": 1, "roles": {"activation": 1, "bias": 3}, "scales": 4, "trial": 58}
TRIAL {"diff": {}, "equal": true, "final_violations": [{}, {}], "ignition_converged": true, "ignition_loops": 1, "ignition_rules": {}, "quark_limit": false, "quark_moved": 0, "quark_passes": 1, "roles": {"activation": 1, "bias": 3, "weight": 1}, "scales": 5, "trial": 59}
TRIAL {"diff": {}, "equal": true, "final_violations": [{}, {}], "ignition_converged": true, "ignition_loops": 1, "ignition_rules": {}, "quark_limit": false, "quark_moved": 0, "quark_passes": 1, "roles": {"activation": 2, "bias": 1, "weight": 3}, "scales": 6, "trial": 60}
TRIAL {"diff": {}, "equal": true, "final_violations": [{}, {}], "ignition_converged": true, "ignition_loops": 2, "ignition_rules": {"align_pool": 1}, "quark_limit": false, "quark_moved": 1, "quark_passes": 2, "roles": {"activation": 4, "bias": 1}, "scales": 5, "trial": 61}
TRIAL {"diff": {}, "equal": true, "final_violations": [{}, {}], "ignition_converged": true, "ignition_loops": 1, "ignition_rules": {}, "quark_limit": false, "quark_moved": 0, "quark_passes": 1, "roles": {"bias": 3}, "scales": 3, "trial": 62}
TRIAL {"diff": {}, "equal": true, "final_violations": [{}, {}], "ignition_converged": true, "ignition_loops": 1, "ignition_rules": {}, "quark_limit": false, "quark_moved": 0, "quark_passes": 1, "roles": {"activation": 3, "bias": 1}, "scales": 4, "trial": 63}
TRIAL {"diff": {}, "equal": true, "final_violations": [{}, {}], "ignition_converged": true, "ignition_loops": 1, "ignition_rules": {}, "quark_limit": false, "quark_moved": 0, "quark_passes": 1, "roles": {"activation": 4, "bias": 1}, "scales": 5, "trial": 64}
TRIAL {"diff": {}, "equal": true, "final_violations": [{}, {}], "ignition_converged": true, "ignition_loops": 1, "ignition_rules": {}, "quark_limit": false, "quark_moved": 0, "quark_passes": 1, "roles": {"activation": 3, "bias": 1, "weight": 1}, "scales": 5, "trial": 65}
TRIAL {"diff": {}, "equal": true, "final_violations": [{}, {}], "ignition_converged": true, "ignition_loops": 1, "ignition_rules": {}, "quark_limit": false, "quark_moved": 0, "quark_passes": 1, "roles": {"activation": 3, "bias": 2, "weight": 1}, "scales": 6, "trial": 66}
TRIAL {"diff": {}, "equal": true, "final_violations": [{}, {}], "ignition_converged": true, "ignition_loops": 1, "ignition_rules": {}, "quark_limit": false, "quark_moved": 0, "quark_passes": 1, "roles": {"weight": 1}, "scales": 1, "trial": 67}
TRIAL {"diff": {}, "equal": true, "final_violations": [{}, {}], "ignition_converged": true, "ignition_loops": 1, "ignition_rules": {}, "quark_limit": false, "quark_moved": 0, "quark_passes": 1, "roles": {"activation": 3, "bias": 2, "weight": 1}, "scales": 6, "trial": 68}
TRIAL {"diff": {}, "equal": true, "final_violations": [{}, {}], "ignition_converged": true, "ignition_loops": 1, "ignition_rules": {}, "quark_limit": false, "quark_moved": 0, "quark_passes": 1, "roles": {"activation": 3, "bias": 1, "weight": 1}, "scales": 5, "trial": 69}
TRIAL {"diff": {}, "equal": true, "final_violations": [{}, {}], "ignition_converged": true, "ignition_loops": 1, "ignition_rules": {}, "quark_limit": false, "quark_moved": 0, "quark_passes": 1, "roles": {"activation": 2, "bias": 1}, "scales": 3, "trial": 70}
TRIAL {"diff": {}, "equal": true, "final_violations": [{}, {}], "ignition_converged": true, "ignition_loops": 1, "ignition_rules": {}, "quark_limit": false, "quark_moved": 0, "quark_passes": 1, "roles": {"activation": 2, "bias": 1}, "scales": 3, "trial": 71}
TRIAL {"diff": {}, "equal": true, "final_violations": [{}, {}], "ignition_converged": true, "ignition_loops": 1, "ignition_rules": {}, "quark_limit": false, "quark_moved": 0, "quark_passes": 1, "roles": {"activation": 1, "bias": 1, "weight": 1}, "scales": 3, "trial": 72}
TRIAL {"diff": {}, "equal": true, "final_violations": [{}, {}], "ignition_converged": true, "ignition_loops": 1, "ignition_rules": {}, "quark_limit": false, "quark_moved": 0, "quark_passes": 1, "roles": {"bias": 2}, "scales": 2, "trial": 73}
TRIAL {"diff": {}, "equal": true, "final_violations": [{}, {}], "ignition_converged": true, "ignition_loops": 1, "ignition_rules": {}, "quark_limit": false, "quark_moved": 0, "quark_passes": 1, "roles": {"activation": 3, "weight": 2}, "scales": 5, "trial": 74}
TRIAL {"diff": {}, "equal": true, "final_violations": [{}, {}], "ignition_converged": true, "ignition_loops": 1, "ignition_rules": {}, "quark_limit": false, "quark_moved": 0, "quark_passes": 1, "roles": {"activation": 5, "bias": 1}, "scales": 6, "trial": 75}
TRIAL {"diff": {}, "equal": true, "final_violations": [{}, {}], "ignition_converged": true, "ignition_loops": 1, "ignition_rules": {}, "quark_limit": false, "quark_moved": 0, "quark_passes": 1, "roles": {"activation": 4, "bias": 1, "weight": 1}, "scales": 6, "trial": 76}
TRIAL {"diff": {}, "equal": true, "final_violations": [{}, {}], "ignition_converged": true, "ignition_loops": 1, "ignition_rules": {}, "quark_limit": false, "quark_moved": 0, "quark_passes": 1, "roles": {"activation": 1}, "scales": 1, "trial": 77}
TRIAL {"diff": {}, "equal": true, "final_violations": [{}, {}], "ignition_converged": true, "ignition_loops": 1, "ignition_rules": {}, "quark_limit": false, "quark_moved": 0, "quark_passes": 1, "roles": {"bias": 1, "weight": 2}, "scales": 3, "trial": 78}
TRIAL {"diff": {}, "equal": true, "final_violations": [{}, {}], "ignition_converged": true, "ignition_loops": 1, "ignition_rules": {}, "quark_limit": false, "quark_moved": 0, "quark_passes": 1, "roles": {"activation": 2, "bias": 1, "weight": 2}, "scales": 5, "trial": 79}
TRIAL {"diff": {}, "equal": true, "final_violations": [{}, {}], "ignition_converged": true, "ignition_loops": 1, "ignition_rules": {}, "quark_limit": false, "quark_moved": 0, "quark_passes": 1, "roles": {"activation": 3, "bias": 2}, "scales": 5, "trial": 80}
TRIAL {"diff": {}, "equal": true, "final_violations": [{}, {}], "ignition_converged": true, "ignition_loops": 1, "ignition_rules": {}, "quark_limit": false, "quark_moved": 0, "quark_passes": 1, "roles": {"activation": 1, "bias": 1}, "scales": 2, "trial": 81}
TRIAL {"diff": {}, "equal": true, "final_violations": [{}, {}], "ignition_converged": true, "ignition_loops": 1, "ignition_rules": {}, "quark_limit": false, "quark_moved": 0, "quark_passes": 1, "roles": {"bias": 3, "weight": 2}, "scales": 5, "trial": 82}
TRIAL {"diff": {}, "equal": true, "final_violations": [{}, {}], "ignition_converged": true, "ignition_loops": 1, "ignition_rules": {}, "quark_limit": false, "quark_moved": 0, "quark_passes": 1, "roles": {"activation": 1}, "scales": 1, "trial": 83}
TRIAL {"diff": {}, "equal": true, "final_violations": [{}, {}], "ignition_converged": true, "ignition_loops": 1, "ignition_rules": {}, "quark_limit": false, "quark_moved": 0, "quark_passes": 1, "roles": {"activation": 3, "bias": 1, "weight": 2}, "scales": 6, "trial": 84}
TRIAL {"diff": {}, "equal": true, "final_violations": [{}, {}], "ignition_converged": true, "ignition_loops": 2, "ignition_rules": {"shift_cut": 1}, "quark_limit": false, "quark_moved": 1, "quark_passes": 2, "roles": {"activation": 3, "bias": 3}, "scales": 6, "trial": 85}
TRIAL {"diff": {}, "equal": true, "final_violations": [{}, {}], "ignition_converged": true, "ignition_loops": 1, "ignition_rules": {}, "quark_limit": false, "quark_moved": 0, "quark_passes": 1, "roles": {"activation": 2, "bias": 4}, "scales": 6, "trial": 86}
TRIAL {"diff": {}, "equal": true, "final_violations": [{}, {}], "ignition_converged": true, "ignition_loops": 1, "ignition_rules": {}, "quark_limit": false, "quark_moved": 0, "quark_passes": 1, "roles": {"activation": 2, "bias": 1}, "scales": 3, "trial": 87}
TRIAL {"diff": {}, "equal": true, "final_violations": [{}, {}], "ignition_converged": true, "ignition_loops": 1, "ignition_rules": {}, "quark_limit": false, "quark_moved": 0, "quark_passes": 1, "roles": {"activation": 1}, "scales": 1, "trial": 88}
TRIAL {"diff": {}, "equal": true, "final_violations": [{}, {}], "ignition_converged": true, "ignition_loops": 1, "ignition_rules": {}, "quark_limit": false, "quark_moved": 0, "quark_passes": 1, "roles": {"activation": 1, "bias": 2, "weight": 1}, "scales": 4, "trial": 89}
TRIAL {"diff": {}, "equal": true, "final_violations": [{}, {}], "ignition_converged": true, "ignition_loops": 1, "ignition_rules": {}, "quark_limit": false, "quark_moved": 0, "quark_passes": 1, "roles": {"activation": 1, "bias": 2, "weight": 1}, "scales": 4, "trial": 90}
TRIAL {"diff": {}, "equal": true, "final_violations": [{}, {}], "ignition_converged": true, "ignition_loops": 1, "ignition_rules": {}, "quark_limit": false, "quark_moved": 0, "quark_passes": 1, "roles": {"activation": 1, "bias": 1, "weight": 1}, "scales": 3, "trial": 91}
TRIAL {"diff": {}, "equal": true, "final_violations": [{}, {}], "ignition_converged": true, "ignition_loops": 1, "ignition_rules": {}, "quark_limit": false, "quark_moved": 0, "quark_passes": 1, "roles": {"activation": 2, "bias": 2}, "scales": 4, "trial": 92}
TRIAL {"diff": {}, "equal": true, "final_violations": [{}, {}], "ignition_converged": true, "ignition_loops": 1, "ignition_rules": {}, "quark_limit": false, "quark_moved": 0, "quark_passes": 1, "roles": {"activation": 3, "bias": 1, "weight": 2}, "scales": 6, "trial": 93}
TRIAL {"diff": {}, "equal": true, "final_violations": [{}, {}], "ignition_converged": true, "ignition_loops": 1, "ignition_rules": {}, "quark_limit": false, "quark_moved": 0, "quark_passes": 1, "roles": {"bias": 1}, "scales": 1, "trial": 94}
TRIAL {"diff": {}, "equal": true, "final_violations": [{}, {}], "ignition_converged": true, "ignition_loops": 1, "ignition_rules": {}, "quark_limit": false, "quark_moved": 0, "quark_passes": 1, "roles": {"activation": 1}, "scales": 1, "trial": 95}
TRIAL {"diff": {}, "equal": true, "final_violations": [{}, {}], "ignition_converged": true, "ignition_loops": 1, "ignition_rules": {}, "quark_limit": false, "quark_moved": 0, "quark_passes": 1, "roles": {"bias": 1, "weight": 1}, "scales": 2, "trial": 96}
TRIAL {"diff": {}, "equal": true, "final_violations": [{}, {}], "ignition_converged": true, "ignition_loops": 1, "ignition_rules": {}, "quark_limit": false, "quark_moved": 0, "quark_passes": 1, "roles": {"activation": 1, "bias": 2, "weight": 1}, "scales": 4, "trial": 97}
TRIAL {"diff": {}, "equal": true, "final_violations": [{}, {}], "ignition_converged": true, "ignition_loops": 1, "ignition_rules": {}, "quark_limit": false, "quark_moved": 0, "quark_passes": 1, "roles": {"activation": 1, "bias": 1, "weight": 2}, "scales": 4, "trial": 98}
TRIAL {"diff": {}, "equal": true, "final_violations": [{}, {}], "ignition_converged": true, "ignition_loops": 1, "ignition_rules": {}, "quark_limit": false, "quark_moved": 0, "quark_passes": 1, "roles": {"bias": 1}, "scales": 1, "trial": 99}
TRIAL {"diff": {}, "equal": true, "final_violations": [{}, {}], "ignition_converged": true, "ignition_loops": 2, "ignition_rules": {"align_pool": 1}, "quark_limit": false, "quark_moved": 1, "quark_passes": 2, "roles": {"activation": 4, "bias": 1}, "scales": 5, "trial": 100}
TRIAL {"diff": {}, "equal": true, "final_violations": [{}, {}], "ignition_converged": true, "ignition_loops": 1, "ignition_rules": {}, "quark_limit": false, "quark_moved": 0, "quark_passes": 1, "roles": {"activation": 1}, "scales": 1, "trial": 101}
TRIAL {"diff": {}, "equal": true, "final_violations": [{}, {}], "ignition_converged": true, "ignition_loops": 1, "ignition_rules": {}, "quark_limit": false, "quark_moved": 0, "quark_passes": 1, "roles": {"activation": 1, "weight": 1}, "scales": 2, "trial": 102}
TRIAL {"diff": {}, "equal": true, "final_violations": [{}, {}], "ignition_converged": true, "ignition_loops": 1, "ignition_rules": {}, "quark_limit": false, "quark_moved": 0, "quark_passes": 1, "roles": {"bias": 5, "weight": 1}, "scales": 6, "trial": 103}
TRIAL {"diff": {}, "equal": true, "final_violations": [{}, {}], "ignition_converged": true, "ignition_loops": 1, "ignition_rules": {}, "quark_limit": false, "quark_moved": 0, "quark_passes": 1, "roles": {"activation": 1, "bias": 1}, "scales": 2, "trial": 104}
TRIAL {"diff": {}, "equal": true, "final_violations": [{}, {}], "ignition_converged": true, "ignition_loops": 1, "ignition_rules": {}, "quark_limit": false, "quark_moved": 0, "quark_passes": 1, "roles": {"activation": 2}, "scales": 2, "trial": 105}
TRIAL {"diff": {}, "equal": true, "final_violations": [{}, {}], "ignition_converged": true, "ignition_loops": 1, "ignition_rules": {}, "quark_limit": false, "quark_moved": 0, "quark_passes": 1, "roles": {"activation": 3, "bias": 1}, "scales": 4, "trial": 106}
TRIAL {"diff": {}, "equal": true, "final_violations": [{}, {}], "ignition_converged": true, "ignition_loops": 1, "ignition_rules": {}, "quark_limit": false, "quark_moved": 0, "quark_passes": 1, "roles": {"activation": 2, "bias": 1, "weight": 1}, "scales": 4, "trial": 107}
TRIAL {"diff": {}, "equal": true, "final_violations": [{}, {}], "ignition_converged": true, "ignition_loops": 1, "ignition_rules": {}, "quark_limit": false, "quark_moved": 0, "quark_passes": 1, "roles": {"activation": 1, "bias": 1, "weight": 2}, "scales": 4, "trial": 108}
TRIAL {"diff": {}, "equal": true, "final_violations": [{}, {}], "ignition_converged": true, "ignition_loops": 1, "ignition_rules": {}, "quark_limit": false, "quark_moved": 0, "quark_passes": 1, "roles": {"activation": 3, "weight": 2}, "scales": 5, "trial": 109}
TRIAL {"diff": {}, "equal": true, "final_violations": [{}, {}], "ignition_converged": true, "ignition_loops": 1, "ignition_rules": {}, "quark_limit": false, "quark_moved": 0, "quark_passes": 1, "roles": {"weight": 1}, "scales": 1, "trial": 110}
TRIAL {"diff": {}, "equal": true, "final_violations": [{}, {}], "ignition_converged": true, "ignition_loops": 1, "ignition_rules": {}, "quark_limit": false, "quark_moved": 0, "quark_passes": 1, "roles": {"activation": 1}, "scales": 1, "trial": 111}
TRIAL {"diff": {}, "equal": true, "final_violations": [{}, {}], "ignition_converged": true, "ignition_loops": 1, "ignition_rules": {}, "quark_limit": false, "quark_moved": 0, "quark_passes": 1, "roles": {"weight": 1}, "scales": 1, "trial": 112}
TRIAL {"diff": {}, "equal": true, "final_violations": [{}, {}], "ignition_converged": true, "ignition_loops": 1, "ignition_rules": {}, "quark_limit": false, "quark_moved": 0, "quark_passes": 1, "roles": {"activation": 2, "bias": 3, "weight": 1}, "scales": 6, "trial": 113}
TRIAL {"diff": {}, "equal": true, "final_violations": [{}, {}], "ignition_converged": true, "ignition_loops": 1, "ignition_rules": {}, "quark_limit": false, "quark_moved": 0, "quark_passes": 1, "roles": {"bias": 1, "weight": 3}, "scales": 4, "trial": 114}
TRIAL {"diff": {}, "equal": true, "final_violations": [{}, {}], "ignition_converged": true, "ignition_loops": 1, "ignition_rules": {}, "quark_limit": false, "quark_moved": 0, "quark_passes": 1, "roles": {"activation": 2, "bias": 3}, "scales": 5, "trial": 115}
TRIAL {"diff": {}, "equal": true, "final_violations": [{}, {}], "ignition_converged": true, "ignition_loops": 1, "ignition_rules": {}, "quark_limit": false, "quark_moved": 0, "quark_passes": 1, "roles": {"activation": 1, "bias": 1}, "scales": 2, "trial": 116}
TRIAL {"diff": {}, "equal": true, "final_violations": [{}, {}], "ignition_converged": true, "ignition_loops": 1, "ignition_rules": {}, "quark_limit": false, "quark_moved": 0, "quark_passes": 1, "roles": {"bias": 1, "weight": 1}, "scales": 2, "trial": 117}
TRIAL {"diff": {}, "equal": true, "final_violations": [{}, {}], "ignition_converged": true, "ignition_loops": 1, "ignition_rules": {}, "quark_limit": false, "quark_moved": 0, "quark_passes": 1, "roles": {"activation": 2, "bias": 3}, "scales": 5, "trial": 118}
TRIAL {"diff": {}, "equal": true, "final_violations": [{}, {}], "ignition_converged": true, "ignition_loops": 1, "ignition_rules": {}, "quark_limit": false, "quark_moved": 0, "quark_passes": 1, "roles": {"bias": 1, "weight": 1}, "scales": 2, "trial": 119}
TRIAL {"diff": {}, "equal": true, "final_violations": [{}, {}], "ignition_converged": true, "ignition_loops": 1, "ignition_rules": {}, "quark_limit": false, "quark_moved": 0, "quark_passes": 1, "roles": {"bias": 2}, "scales": 2, "trial": 120}
TRIAL {"diff": {}, "equal": true, "final_violations": [{}, {}], "ignition_converged": true, "ignition_loops": 1, "ignition_rules": {}, "quark_limit": false, "quark_moved": 0, "quark_passes": 1, "roles": {"activation": 2, "bias": 2, "weight": 2}, "scales": 6, "trial": 121}
TRIAL {"diff": {}, "equal": true, "final_violations": [{}, {}], "ignition_converged": true, "ignition_loops": 1, "ignition_rules": {}, "quark_limit": false, "quark_moved": 0, "quark_passes": 1, "roles": {"activation": 1, "weight": 3}, "scales": 4, "trial": 122}
TRIAL {"diff": {}, "equal": true, "final_violations": [{}, {}], "ignition_converged": true, "ignition_loops": 1, "ignition_rules": {}, "quark_limit": false, "quark_moved": 0, "quark_passes": 1, "roles": {"weight": 1}, "scales": 1, "trial": 123}
TRIAL {"diff": {}, "equal": true, "final_violations": [{}, {}], "ignition_converged": true, "ignition_loops": 1, "ignition_rules": {}, "quark_limit": false, "quark_moved": 0, "quark_passes": 1, "roles": {"activation": 1, "bias": 1}, "scales": 2, "trial": 124}
TRIAL {"diff": {}, "equal": true, "final_violations": [{}, {}], "ignition_converged": true, "ignition_loops": 1, "ignition_rules": {}, "quark_limit": false, "quark_moved": 0, "quark_passes": 1, "roles": {"activation": 2, "weight": 2}, "scales": 4, "trial": 125}
TRIAL {"diff": {}, "equal": true, "final_violations": [{}, {}], "ignition_converged": true, "ignition_loops": 1, "ignition_rules": {}, "quark_limit": false, "quark_moved": 0, "quark_passes": 1, "roles": {"activation": 4, "bias": 1}, "scales": 5, "trial": 126}
TRIAL {"diff": {}, "equal": true, "final_violations": [{}, {}], "ignition_converged": true, "ignition_loops": 1, "ignition_rules": {}, "quark_limit": false, "quark_moved": 0, "quark_passes": 1, "roles": {"activation": 1}, "scales": 1, "trial": 127}
TRIAL {"diff": {}, "equal": true, "final_violations": [{}, {}], "ignition_converged": true, "ignition_loops": 1, "ignition_rules": {}, "quark_limit": false, "quark_moved": 0, "quark_passes": 1, "roles": {"activation": 2, "weight": 2}, "scales": 4, "trial": 128}
TRIAL {"diff": {}, "equal": true, "final_violations": [{}, {}], "ignition_converged": true, "ignition_loops": 1, "ignition_rules": {}, "quark_limit": false, "quark_moved": 0, "quark_passes": 1, "roles": {"bias": 1}, "scales": 1, "trial": 129}
TRIAL {"diff": {}, "equal": true, "final_violations": [{}, {}], "ignition_converged": true, "ignition_loops": 1, "ignition_rules": {}, "quark_limit": false, "quark_moved": 0, "quark_passes": 1, "roles": {"activation": 4, "weight": 2}, "scales": 6, "trial": 130}
TRIAL {"diff": {}, "equal": true, "final_violations": [{}, {}], "ignition_converged": true, "ignition_loops": 1, "ignition_rules": {}, "quark_limit": false, "quark_moved": 0, "quark_passes": 1, "roles": {"activation": 2, "weight": 3}, "scales": 5, "trial": 131}
TRIAL {"diff": {}, "equal": true, "final_violations": [{}, {}], "ignition_converged": true, "ignition_loops": 2, "ignition_rules": {"shift_cut": 1}, "quark_limit": false, "quark_moved": 1, "quark_passes": 2, "roles": {"activation": 4, "bias": 1, "weight": 1}, "scales": 6, "trial": 132}
TRIAL {"diff": {}, "equal": true, "final_violations": [{}, {}], "ignition_converged": true, "ignition_loops": 1, "ignition_rules": {}, "quark_limit": false, "quark_moved": 0, "quark_passes": 1, "roles": {"activation": 2, "weight": 1}, "scales": 3, "trial": 133}
TRIAL {"diff": {}, "equal": true, "final_violations": [{}, {}], "ignition_converged": true, "ignition_loops": 1, "ignition_rules": {}, "quark_limit": false, "quark_moved": 0, "quark_passes": 1, "roles": {"bias": 1}, "scales": 1, "trial": 134}
TRIAL {"diff": {}, "equal": true, "final_violations": [{}, {}], "ignition_converged": true, "ignition_loops": 1, "ignition_rules": {}, "quark_limit": false, "quark_moved": 0, "quark_passes": 1, "roles": {"activation": 2, "bias": 1, "weight": 3}, "scales": 6, "trial": 135}
TRIAL {"diff": {}, "equal": true, "final_violations": [{}, {}], "ignition_converged": true, "ignition_loops": 1, "ignition_rules": {}, "quark_limit": false, "quark_moved": 0, "quark_passes": 1, "roles": {"bias": 2, "weight": 1}, "scales": 3, "trial": 136}
TRIAL {"diff": {}, "equal": true, "final_violations": [{}, {}], "ignition_converged": true, "ignition_loops": 1, "ignition_rules": {}, "quark_limit": false, "quark_moved": 0, "quark_passes": 1, "roles": {"activation": 2, "bias": 1, "weight": 2}, "scales": 5, "trial": 137}
TRIAL {"diff": {}, "equal": true, "final_violations": [{}, {}], "ignition_converged": true, "ignition_loops": 1, "ignition_rules": {}, "quark_limit": false, "quark_moved": 0, "quark_passes": 1, "roles": {"activation": 1}, "scales": 1, "trial": 138}
TRIAL {"diff": {}, "equal": true, "final_violations": [{}, {}], "ignition_converged": true, "ignition_loops": 1, "ignition_rules": {}, "quark_limit": false, "quark_moved": 0, "quark_passes": 1, "roles": {"bias": 2, "weight": 2}, "scales": 4, "trial": 139}
TRIAL {"diff": {}, "equal": true, "final_violations": [{}, {}], "ignition_converged": true, "ignition_loops": 1, "ignition_rules": {}, "quark_limit": false, "quark_moved": 0, "quark_passes": 1, "roles": {"activation": 3, "bias": 1, "weight": 1}, "scales": 5, "trial": 140}
TRIAL {"diff": {}, "equal": true, "final_violations": [{}, {}], "ignition_converged": true, "ignition_loops": 1, "ignition_rules": {}, "quark_limit": false, "quark_moved": 0, "quark_passes": 1, "roles": {"weight": 1}, "scales": 1, "trial": 141}
TRIAL {"diff": {}, "equal": true, "final_violations": [{}, {}], "ignition_converged": true, "ignition_loops": 1, "ignition_rules": {}, "quark_limit": false, "quark_moved": 0, "quark_passes": 1, "roles": {"activation": 1, "bias": 1, "weight": 1}, "scales": 3, "trial": 142}
TRIAL {"diff": {}, "equal": true, "final_violations": [{}, {}], "ignition_converged": true, "ignition_loops": 2, "ignition_rules": {"shift_cut": 1}, "quark_limit": false, "quark_moved": 1, "quark_passes": 2, "roles": {"activation": 3, "bias": 1, "weight": 1}, "scales": 5, "trial": 143}
TRIAL {"diff": {}, "equal": true, "final_violations": [{}, {}], "ignition_converged": true, "ignition_loops": 1, "ignition_rules": {}, "quark_limit": false, "quark_moved": 0, "quark_passes": 1, "roles": {"activation": 2, "bias": 2, "weight": 1}, "scales": 5, "trial": 144}
TRIAL {"diff": {}, "equal": true, "final_violations": [{}, {}], "ignition_converged": true, "ignition_loops": 1, "ignition_rules": {}, "quark_limit": false, "quark_moved": 0, "quark_passes": 1, "roles": {"activation": 1, "bias": 1, "weight": 1}, "scales": 3, "trial": 145}
TRIAL {"diff": {}, "equal": true, "final_violations": [{}, {}], "ignition_converged": true, "ignition_loops": 1, "ignition_rules": {}, "quark_limit": false, "quark_moved": 0, "quark_passes": 1, "roles": {"bias": 1, "weight": 1}, "scales": 2, "trial": 146}
TRIAL {"diff": {}, "equal": true, "final_violations": [{}, {}], "ignition_converged": true, "ignition_loops": 1, "ignition_rules": {}, "quark_limit": false, "quark_moved": 0, "quark_passes": 1, "roles": {"activation": 1, "bias": 1, "weight": 3}, "scales": 5, "trial": 147}
TRIAL {"diff": {}, "equal": true, "final_violations": [{}, {}], "ignition_converged": true, "ignition_loops": 1, "ignition_rules": {}, "quark_limit": false, "quark_moved": 0, "quark_passes": 1, "roles": {"activation": 1}, "scales": 1, "trial": 148}
TRIAL {"diff": {}, "equal": true, "final_violations": [{}, {}], "ignition_converged": true, "ignition_loops": 1, "ignition_rules": {}, "quark_limit": false, "quark_moved": 0, "quark_passes": 1, "roles": {"activation": 3, "bias": 1, "weight": 1}, "scales": 5, "trial": 149}
TRIAL {"diff": {}, "equal": true, "final_violations": [{}, {}], "ignition_converged": true, "ignition_loops": 1, "ignition_rules": {}, "quark_limit": false, "quark_moved": 0, "quark_passes": 1, "roles": {"activation": 1, "bias": 1, "weight": 3}, "scales": 5, "trial": 150}
TRIAL {"diff": {}, "equal": true, "final_violations": [{}, {}], "ignition_converged": true, "ignition_loops": 1, "ignition_rules": {}, "quark_limit": false, "quark_moved": 0, "quark_passes": 1, "roles": {"bias": 1, "weight": 1}, "scales": 2, "trial": 151}
TRIAL {"diff": {}, "equal": true, "final_violations": [{}, {}], "ignition_converged": true, "ignition_loops": 1, "ignition_rules": {}, "quark_limit": false, "quark_moved": 0, "quark_passes": 1, "roles": {"activation": 3, "weight": 1}, "scales": 4, "trial": 152}
TRIAL {"diff": {}, "equal": true, "final_violations": [{}, {}], "ignition_converged": true, "ignition_loops": 1, "ignition_rules": {}, "quark_limit": false, "quark_moved": 0, "quark_passes": 1, "roles": {"activation": 3}, "scales": 3, "trial": 153}
TRIAL {"diff": {}, "equal": true, "final_violations": [{}, {}], "ignition_converged": true, "ignition_loops": 1, "ignition_rules": {}, "quark_limit": false, "quark_moved": 0, "quark_passes": 1, "roles": {"activation": 1, "weight": 2}, "scales": 3, "trial": 154}
TRIAL {"diff": {}, "equal": true, "final_violations": [{}, {}], "ignition_converged": true, "ignition_loops": 1, "ignition_rules": {}, "quark_limit": false, "quark_moved": 0, "quark_passes": 1, "roles": {"activation": 2, "bias": 1, "weight": 1}, "scales": 4, "trial": 155}
TRIAL {"diff": {}, "equal": true, "final_violations": [{}, {}], "ignition_converged": true, "ignition_loops": 1, "ignition_rules": {}, "quark_limit": false, "quark_moved": 0, "quark_passes": 1, "roles": {"activation": 2, "bias": 1, "weight": 1}, "scales": 4, "trial": 156}
TRIAL {"diff": {}, "equal": true, "final_violations": [{}, {}], "ignition_converged": true, "ignition_loops": 1, "ignition_rules": {}, "quark_limit": false, "quark_moved": 0, "quark_passes": 1, "roles": {"weight": 1}, "scales": 1, "trial": 157}
TRIAL {"diff": {}, "equal": true, "final_violations": [{}, {}], "ignition_converged": true, "ignition_loops": 1, "ignition_rules": {}, "quark_limit": false, "quark_moved": 0, "quark_passes": 1, "roles": {"activation": 2, "bias": 2, "weight": 2}, "scales": 6, "trial": 158}
TRIAL {"diff": {}, "equal": true, "final_violations": [{}, {}], "ignition_converged": true, "ignition_loops": 1, "ignition_rules": {}, "quark_limit": false, "quark_moved": 0, "quark_passes": 1, "roles": {"activation": 2, "bias": 3}, "scales": 5, "trial": 159}
TRIAL {"diff": {}, "equal": true, "final_violations": [{}, {}], "ignition_converged": true, "ignition_loops": 1, "ignition_rules": {}, "quark_limit": false, "quark_moved": 0, "quark_passes": 1, "roles": {"activation": 3, "bias": 3}, "scales": 6, "trial": 160}
TRIAL {"diff": {}, "equal": true, "final_violations": [{}, {}], "ignition_converged": true, "ignition_loops": 1, "ignition_rules": {}, "quark_limit": false, "quark_moved": 0, "quark_passes": 1, "roles": {"activation": 2, "weight": 3}, "scales": 5, "trial": 161}
TRIAL {"diff": {}, "equal": true, "final_violations": [{}, {}], "ignition_converged": true, "ignition_loops": 1, "ignition_rules": {}, "quark_limit": false, "quark_moved": 0, "quark_passes": 1, "roles": {"activation": 1, "bias": 1, "weight": 2}, "scales": 4, "trial": 162}
TRIAL {"diff": {}, "equal": true, "final_violations": [{}, {}], "ignition_converged": true, "ignition_loops": 1, "ignition_rules": {}, "quark_limit": false, "quark_moved": 0, "quark_passes": 1, "roles": {"activation": 4, "bias": 1}, "scales": 5, "trial": 163}
TRIAL {"diff": {}, "equal": true, "final_violations": [{}, {}], "ignition_converged": true, "ignition_loops": 1, "ignition_rules": {}, "quark_limit": false, "quark_moved": 0, "quark_passes": 1, "roles": {"activation": 3, "bias": 1}, "scales": 4, "trial": 164}
TRIAL {"diff": {}, "equal": true, "final_violations": [{}, {}], "ignition_converged": true, "ignition_loops": 1, "ignition_rules": {}, "quark_limit": false, "quark_moved": 0, "quark_passes": 1, "roles": {"bias": 2}, "scales": 2, "trial": 165}
TRIAL {"diff": {}, "equal": true, "final_violations": [{}, {}], "ignition_converged": true, "ignition_loops": 1, "ignition_rules": {}, "quark_limit": false, "quark_moved": 0, "quark_passes": 1, "roles": {"activation": 2, "bias": 3, "weight": 1}, "scales": 6, "trial": 166}
TRIAL {"diff": {}, "equal": true, "final_violations": [{}, {}], "ignition_converged": true, "ignition_loops": 1, "ignition_rules": {}, "quark_limit": false, "quark_moved": 0, "quark_passes": 1, "roles": {"activation": 1, "bias": 3, "weight": 1}, "scales": 5, "trial": 167}
TRIAL {"diff": {}, "equal": true, "final_violations": [{}, {}], "ignition_converged": true, "ignition_loops": 1, "ignition_rules": {}, "quark_limit": false, "quark_moved": 0, "quark_passes": 1, "roles": {"bias": 2}, "scales": 2, "trial": 168}
TRIAL {"diff": {}, "equal": true, "final_violations": [{}, {}], "ignition_converged": true, "ignition_loops": 1, "ignition_rules": {}, "quark_limit": false, "quark_moved": 0, "quark_passes": 1, "roles": {"activation": 1, "bias": 1}, "scales": 2, "trial": 169}
TRIAL {"diff": {}, "equal": true, "final_violations": [{}, {}], "ignition_converged": true, "ignition_loops": 1, "ignition_rules": {}, "quark_limit": false, "quark_moved": 0, "quark_passes": 1, "roles": {"bias": 1, "weight": 1}, "scales": 2, "trial": 170}
TRIAL {"diff": {}, "equal": true, "final_violations": [{}, {}], "ignition_converged": true, "ignition_loops": 1, "ignition_rules": {}, "quark_limit": false, "quark_moved": 0, "quark_passes": 1, "roles": {"activation": 1, "bias": 2, "weight": 1}, "scales": 4, "trial": 171}
TRIAL {"diff": {}, "equal": true, "final_violations": [{}, {}], "ignition_converged": true, "ignition_loops": 1, "ignition_rules": {}, "quark_limit": false, "quark_moved": 0, "quark_passes": 1, "roles": {"activation": 4, "bias": 2}, "scales": 6, "trial": 172}
TRIAL {"diff": {}, "equal": true, "final_violations": [{}, {}], "ignition_converged": true, "ignition_loops": 1, "ignition_rules": {}, "quark_limit": false, "quark_moved": 0, "quark_passes": 1, "roles": {"bias": 2, "weight": 3}, "scales": 5, "trial": 173}
TRIAL {"diff": {}, "equal": true, "final_violations": [{}, {}], "ignition_converged": true, "ignition_loops": 2, "ignition_rules": {"shift_cut": 1}, "quark_limit": false, "quark_moved": 1, "quark_passes": 2, "roles": {"activation": 2, "weight": 1}, "scales": 3, "trial": 174}
TRIAL {"diff": {}, "equal": true, "final_violations": [{}, {}], "ignition_converged": true, "ignition_loops": 1, "ignition_rules": {}, "quark_limit": false, "quark_moved": 0, "quark_passes": 1, "roles": {"activation": 3, "bias": 2}, "scales": 5, "trial": 175}
TRIAL {"diff": {}, "equal": true, "final_violations": [{}, {}], "ignition_converged": true, "ignition_loops": 2, "ignition_rules": {"shift_cut": 1}, "quark_limit": false, "quark_moved": 1, "quark_passes": 2, "roles": {"activation": 2, "weight": 4}, "scales": 6, "trial": 176}
TRIAL {"diff": {}, "equal": true, "final_violations": [{}, {}], "ignition_converged": true, "ignition_loops": 1, "ignition_rules": {}, "quark_limit": false, "quark_moved": 0, "quark_passes": 1, "roles": {"activation": 1, "bias": 1, "weight": 4}, "scales": 6, "trial": 177}
TRIAL {"diff": {}, "equal": true, "final_violations": [{}, {}], "ignition_converged": true, "ignition_loops": 1, "ignition_rules": {}, "quark_limit": false, "quark_moved": 0, "quark_passes": 1, "roles": {"bias": 2, "weight": 4}, "scales": 6, "trial": 178}
TRIAL {"diff": {}, "equal": true, "final_violations": [{}, {}], "ignition_converged": true, "ignition_loops": 1, "ignition_rules": {}, "quark_limit": false, "quark_moved": 0, "quark_passes": 1, "roles": {"bias": 1, "weight": 2}, "scales": 3, "trial": 179}
TRIAL {"diff": {}, "equal": true, "final_violations": [{}, {}], "ignition_converged": true, "ignition_loops": 1, "ignition_rules": {}, "quark_limit": false, "quark_moved": 0, "quark_passes": 1, "roles": {"activation": 2}, "scales": 2, "trial": 180}
TRIAL {"diff": {}, "equal": true, "final_violations": [{}, {}], "ignition_converged": true, "ignition_loops": 1, "ignition_rules": {}, "quark_limit": false, "quark_moved": 0, "quark_passes": 1, "roles": {"activation": 1, "weight": 1}, "scales": 2, "trial": 181}
TRIAL {"diff": {}, "equal": true, "final_violations": [{}, {}], "ignition_converged": true, "ignition_loops": 2, "ignition_rules": {"align_pool": 1}, "quark_limit": false, "quark_moved": 1, "quark_passes": 2, "roles": {"activation": 3, "bias": 2}, "scales": 5, "trial": 182}
TRIAL {"diff": {}, "equal": true, "final_violations": [{}, {}], "ignition_converged": true, "ignition_loops": 1, "ignition_rules": {}, "quark_limit": false, "quark_moved": 0, "quark_passes": 1, "roles": {"activation": 1, "bias": 3, "weight": 2}, "scales": 6, "trial": 183}
TRIAL {"diff": {}, "equal": true, "final_violations": [{}, {}], "ignition_converged": true, "ignition_loops": 1, "ignition_rules": {}, "quark_limit": false, "quark_moved": 0, "quark_passes": 1, "roles": {"weight": 1}, "scales": 1, "trial": 184}
TRIAL {"diff": {}, "equal": true, "final_violations": [{}, {}], "ignition_converged": true, "ignition_loops": 1, "ignition_rules": {}, "quark_limit": false, "quark_moved": 0, "quark_passes": 1, "roles": {"activation": 2, "bias": 3}, "scales": 5, "trial": 185}
TRIAL {"diff": {}, "equal": true, "final_violations": [{}, {}], "ignition_converged": true, "ignition_loops": 1, "ignition_rules": {}, "quark_limit": false, "quark_moved": 0, "quark_passes": 1, "roles": {"activation": 1, "bias": 2, "weight": 1}, "scales": 4, "trial": 186}
TRIAL {"diff": {}, "equal": true, "final_violations": [{}, {}], "ignition_converged": true, "ignition_loops": 1, "ignition_rules": {}, "quark_limit": false, "quark_moved": 0, "quark_passes": 1, "roles": {"activation": 6}, "scales": 6, "trial": 187}
TRIAL {"diff": {}, "equal": true, "final_violations": [{}, {}], "ignition_converged": true, "ignition_loops": 1, "ignition_rules": {}, "quark_limit": false, "quark_moved": 0, "quark_passes": 1, "roles": {"activation": 3, "bias": 2}, "scales": 5, "trial": 188}
TRIAL {"diff": {}, "equal": true, "final_violations": [{}, {}], "ignition_converged": true, "ignition_loops": 1, "ignition_rules": {}, "quark_limit": false, "quark_moved": 0, "quark_passes": 1, "roles": {"activation": 3, "bias": 1}, "scales": 4, "trial": 189}
TRIAL {"diff": {}, "equal": true, "final_violations": [{}, {}], "ignition_converged": true, "ignition_loops": 1, "ignition_rules": {}, "quark_limit": false, "quark_moved": 0, "quark_passes": 1, "roles": {"activation": 2, "bias": 1, "weight": 1}, "scales": 4, "trial": 190}
TRIAL {"diff": {}, "equal": true, "final_violations": [{}, {}], "ignition_converged": true, "ignition_loops": 1, "ignition_rules": {}, "quark_limit": false, "quark_moved": 0, "quark_passes": 1, "roles": {"activation": 2, "bias": 1}, "scales": 3, "trial": 191}
TRIAL {"diff": {}, "equal": true, "final_violations": [{}, {}], "ignition_converged": true, "ignition_loops": 2, "ignition_rules": {"shift_cut": 1}, "quark_limit": false, "quark_moved": 1, "quark_passes": 2, "roles": {"activation": 3, "bias": 1, "weight": 1}, "scales": 5, "trial": 192}
TRIAL {"diff": {}, "equal": true, "final_violations": [{}, {}], "ignition_converged": true, "ignition_loops": 1, "ignition_rules": {}, "quark_limit": false, "quark_moved": 0, "quark_passes": 1, "roles": {"weight": 2}, "scales": 2, "trial": 193}
TRIAL {"diff": {}, "equal": true, "final_violations": [{}, {}], "ignition_converged": true, "ignition_loops": 1, "ignition_rules": {}, "quark_limit": false, "quark_moved": 0, "quark_passes": 1, "roles": {"activation": 3, "bias": 2}, "scales": 5, "trial": 194}
TRIAL {"diff": {}, "equal": true, "final_violations": [{}, {}], "ignition_converged": true, "ignition_loops": 1, "ignition_rules": {}, "quark_limit": false, "quark_moved": 0, "quark_passes": 1, "roles": {"activation": 1, "bias": 2, "weight": 3}, "scales": 6, "trial": 195}
TRIAL {"diff": {}, "equal": true, "final_violations": [{}, {}], "ignition_converged": true, "ignition_loops": 1, "ignition_rules": {}, "quark_limit": false, "quark_moved": 0, "quark_passes": 1, "roles": {"activation": 1, "bias": 1, "weight": 1}, "scales": 3, "trial": 196}
TRIAL {"diff": {}, "equal": true, "final_violations": [{}, {}], "ignition_converged": true, "ignition_loops": 1, "ignition_rules": {}, "quark_limit": false, "quark_moved": 0, "quark_passes": 1, "roles": {"activation": 2, "bias": 1}, "scales": 3, "trial": 197}
TRIAL {"diff": {}, "equal": true, "final_violations": [{}, {}], "ignition_converged": true, "ignition_loops": 1, "ignition_rules": {}, "quark_limit": false, "quark_moved": 0, "quark_passes": 1, "roles": {"weight": 1}, "scales": 1, "trial": 198}
TRIAL {"diff": {}, "equal": true, "final_violations": [{}, {}], "ignition_converged": true, "ignition_loops": 1, "ignition_rules": {}, "quark_limit": false, "quark_moved": 0, "quark_passes": 1, "roles": {"activation": 1, "bias": 1, "weight": 2}, "scales": 4, "trial": 199}
TRIAL {"diff": {}, "equal": true, "final_violations": [{}, {}], "ignition_converged": true, "ignition_loops": 1, "ignition_rules": {}, "quark_limit": false, "quark_moved": 0, "quark_passes": 1, "roles": {"activation": 1, "bias": 1}, "scales": 2, "trial": 200}
TRIAL {"diff": {}, "equal": true, "final_violations": [{}, {}], "ignition_converged": true, "ignition_loops": 1, "ignition_rules": {}, "quark_limit": false, "quark_moved": 0, "quark_passes": 1, "roles": {"weight": 2}, "scales": 2, "trial": 201}
TRIAL {"diff": {}, "equal": true, "final_violations": [{}, {}], "ignition_converged": true, "ignition_loops": 1, "ignition_rules": {}, "quark_limit": false, "quark_moved": 0, "quark_passes": 1, "roles": {"activation": 2, "bias": 1, "weight": 3}, "scales": 6, "trial": 202}
TRIAL {"diff": {}, "equal": true, "final_violations": [{}, {}], "ignition_converged": true, "ignition_loops": 1, "ignition_rules": {}, "quark_limit": false, "quark_moved": 0, "quark_passes": 1, "roles": {"weight": 1}, "scales": 1, "trial": 203}
TRIAL {"diff": {}, "equal": true, "final_violations": [{}, {}], "ignition_converged": true, "ignition_loops": 1, "ignition_rules": {}, "quark_limit": false, "quark_moved": 0, "quark_passes": 1, "roles": {"bias": 3}, "scales": 3, "trial": 204}
TRIAL {"diff": {}, "equal": true, "final_violations": [{}, {}], "ignition_converged": true, "ignition_loops": 1, "ignition_rules": {}, "quark_limit": false, "quark_moved": 0, "quark_passes": 1, "roles": {"activation": 2, "bias": 2, "weight": 2}, "scales": 6, "trial": 205}
TRIAL {"diff": {}, "equal": true, "final_violations": [{}, {}], "ignition_converged": true, "ignition_loops": 1, "ignition_rules": {}, "quark_limit": false, "quark_moved": 0, "quark_passes": 1, "roles": {"activation": 1, "bias": 1}, "scales": 2, "trial": 206}
TRIAL {"diff": {}, "equal": true, "final_violations": [{}, {}], "ignition_converged": true, "ignition_loops": 1, "ignition_rules": {}, "quark_limit": false, "quark_moved": 0, "quark_passes": 1, "roles": {"activation": 1}, "scales": 1, "trial": 207}
TRIAL {"diff": {}, "equal": true, "final_violations": [{}, {}], "ignition_converged": true, "ignition_loops": 1, "ignition_rules": {}, "quark_limit": false, "quark_moved": 0, "quark_passes": 1, "roles": {"activation": 1, "bias": 1, "weight": 1}, "scales": 3, "trial": 208}
TRIAL {"diff": {}, "equal": true, "final_violations": [{}, {}], "ignition_converged": true, "ignition_loops": 1, "ignition_rules": {}, "quark_limit": false, "quark_moved": 0, "quark_passes": 1, "roles": {"activation": 1, "bias": 3, "weight": 2}, "scales": 6, "trial": 209}
TRIAL {"diff": {}, "equal": true, "final_violations": [{}, {}], "ignition_converged": true, "ignition_loops": 1, "ignition_rules": {}, "quark_limit": false, "quark_moved": 0, "quark_passes": 1, "roles": {"activation": 1, "bias": 1}, "scales": 2, "trial": 210}
TRIAL {"diff": {}, "equal": true, "final_violations": [{}, {}], "ignition_converged": true, "ignition_loops": 1, "ignition_rules": {}, "quark_limit": false, "quark_moved": 0, "quark_passes": 1, "roles": {"activation": 3, "bias": 1, "weight": 2}, "scales": 6, "trial": 211}
TRIAL {"diff": {}, "equal": true, "final_violations": [{}, {}], "ignition_converged": true, "ignition_loops": 1, "ignition_rules": {}, "quark_limit": false, "quark_moved": 0, "quark_passes": 1, "roles": {"activation": 1}, "scales": 1, "trial": 212}
TRIAL {"diff": {}, "equal": true, "final_violations": [{}, {}], "ignition_converged": true, "ignition_loops": 1, "ignition_rules": {}, "quark_limit": false, "quark_moved": 0, "quark_passes": 1, "roles": {"activation": 2, "bias": 1}, "scales": 3, "trial": 213}
TRIAL {"diff": {}, "equal": true, "final_violations": [{}, {}], "ignition_converged": true, "ignition_loops": 1, "ignition_rules": {}, "quark_limit": false, "quark_moved": 0, "quark_passes": 1, "roles": {"activation": 1, "bias": 1}, "scales": 2, "trial": 214}
TRIAL {"diff": {}, "equal": true, "final_violations": [{}, {}], "ignition_converged": true, "ignition_loops": 1, "ignition_rules": {}, "quark_limit": false, "quark_moved": 0, "quark_passes": 1, "roles": {"activation": 2, "bias": 1, "weight": 1}, "scales": 4, "trial": 215}
TRIAL {"diff": {}, "equal": true, "final_violations": [{}, {}], "ignition_converged": true, "ignition_loops": 1, "ignition_rules": {}, "quark_limit": false, "quark_moved": 0, "quark_passes": 1, "roles": {"activation": 3, "weight": 2}, "scales": 5, "trial": 216}
TRIAL {"diff": {}, "equal": true, "final_violations": [{}, {}], "ignition_converged": true, "ignition_loops": 1, "ignition_rules": {}, "quark_limit": false, "quark_moved": 0, "quark_passes": 1, "roles": {"weight": 2}, "scales": 2, "trial": 217}
TRIAL {"diff": {}, "equal": true, "final_violations": [{}, {}], "ignition_converged": true, "ignition_loops": 1, "ignition_rules": {}, "quark_limit": false, "quark_moved": 0, "quark_passes": 1, "roles": {"activation": 1}, "scales": 1, "trial": 218}
TRIAL {"diff": {}, "equal": true, "final_violations": [{}, {}], "ignition_converged": true, "ignition_loops": 1, "ignition_rules": {}, "quark_limit": false, "quark_moved": 0, "quark_passes": 1, "roles": {"bias": 1}, "scales": 1, "trial": 219}
TRIAL {"diff": {}, "equal": true, "final_violations": [{}, {}], "ignition_converged": true, "ignition_loops": 1, "ignition_rules": {}, "quark_limit": false, "quark_moved": 0, "quark_passes": 1, "roles": {"activation": 1, "bias": 1}, "scales": 2, "trial": 220}
TRIAL {"diff": {}, "equal": true, "final_violations": [{}, {}], "ignition_converged": true, "ignition_loops": 1, "ignition_rules": {}, "quark_limit": false, "quark_moved": 0, "quark_passes": 1, "roles": {"activation": 2, "bias": 1}, "scales": 3, "trial": 221}
TRIAL {"diff": {}, "equal": true, "final_violations": [{}, {}], "ignition_converged": true, "ignition_loops": 1, "ignition_rules": {}, "quark_limit": false, "quark_moved": 0, "quark_passes": 1, "roles": {"activation": 1, "bias": 3, "weight": 2}, "scales": 6, "trial": 222}
TRIAL {"diff": {}, "equal": true, "final_violations": [{}, {}], "ignition_converged": true, "ignition_loops": 1, "ignition_rules": {}, "quark_limit": false, "quark_moved": 0, "quark_passes": 1, "roles": {"activation": 3, "bias": 2, "weight": 1}, "scales": 6, "trial": 223}
TRIAL {"diff": {}, "equal": true, "final_violations": [{}, {}], "ignition_converged": true, "ignition_loops": 1, "ignition_rules": {}, "quark_limit": false, "quark_moved": 0, "quark_passes": 1, "roles": {"weight": 2}, "scales": 2, "trial": 224}
TRIAL {"diff": {}, "equal": true, "final_violations": [{}, {}], "ignition_converged": true, "ignition_loops": 1, "ignition_rules": {}, "quark_limit": false, "quark_moved": 0, "quark_passes": 1, "roles": {"bias": 1, "weight": 2}, "scales": 3, "trial": 225}
TRIAL {"diff": {}, "equal": true, "final_violations": [{}, {}], "ignition_converged": true, "ignition_loops": 1, "ignition_rules": {}, "quark_limit": false, "quark_moved": 0, "quark_passes": 1, "roles": {"activation": 4, "bias": 1, "weight": 1}, "scales": 6, "trial": 226}
TRIAL {"diff": {}, "equal": true, "final_violations": [{}, {}], "ignition_converged": true, "ignition_loops": 2, "ignition_rules": {"align_pool": 1}, "quark_limit": false, "quark_moved": 1, "quark_passes": 2, "roles": {"activation": 1, "weight": 2}, "scales": 3, "trial": 227}
TRIAL {"diff": {}, "equal": true, "final_violations": [{}, {}], "ignition_converged": true, "ignition_loops": 1, "ignition_rules": {}, "quark_limit": false, "quark_moved": 0, "quark_passes": 1, "roles": {"activation": 2, "weight": 1}, "scales": 3, "trial": 228}
TRIAL {"diff": {}, "equal": true, "final_violations": [{}, {}], "ignition_converged": true, "ignition_loops": 1, "ignition_rules": {}, "quark_limit": false, "quark_moved": 0, "quark_passes": 1, "roles": {"activation": 2, "weight": 1}, "scales": 3, "trial": 229}
TRIAL {"diff": {}, "equal": true, "final_violations": [{}, {}], "ignition_converged": true, "ignition_loops": 1, "ignition_rules": {}, "quark_limit": false, "quark_moved": 0, "quark_passes": 1, "roles": {"activation": 2, "weight": 1}, "scales": 3, "trial": 230}
TRIAL {"diff": {}, "equal": true, "final_violations": [{}, {}], "ignition_converged": true, "ignition_loops": 1, "ignition_rules": {}, "quark_limit": false, "quark_moved": 0, "quark_passes": 1, "roles": {"activation": 2, "bias": 1}, "scales": 3, "trial": 231}
TRIAL {"diff": {}, "equal": true, "final_violations": [{}, {}], "ignition_converged": true, "ignition_loops": 1, "ignition_rules": {}, "quark_limit": false, "quark_moved": 0, "quark_passes": 1, "roles": {"activation": 1, "bias": 2}, "scales": 3, "trial": 232}
TRIAL {"diff": {}, "equal": true, "final_violations": [{}, {}], "ignition_converged": true, "ignition_loops": 2, "ignition_rules": {"shift_cut": 1}, "quark_limit": false, "quark_moved": 1, "quark_passes": 2, "roles": {"activation": 3, "bias": 1, "weight": 1}, "scales": 5, "trial": 233}
TRIAL {"diff": {}, "equal": true, "final_violations": [{}, {}], "ignition_converged": true, "ignition_loops": 2, "ignition_rules": {"align_pool": 1}, "quark_limit": false, "quark_moved": 1, "quark_passes": 2, "roles": {"activation": 1, "bias": 1, "weight": 2}, "scales": 4, "trial": 234}
TRIAL {"diff": {}, "equal": true, "final_violations": [{}, {}], "ignition_converged": true, "ignition_loops": 1, "ignition_rules": {}, "quark_limit": false, "quark_moved": 0, "quark_passes": 1, "roles": {"bias": 2, "weight": 3}, "scales": 5, "trial": 235}
TRIAL {"diff": {}, "equal": true, "final_violations": [{}, {}], "ignition_converged": true, "ignition_loops": 1, "ignition_rules": {}, "quark_limit": false, "quark_moved": 0, "quark_passes": 1, "roles": {"activation": 2, "bias": 3}, "scales": 5, "trial": 236}
TRIAL {"diff": {}, "equal": true, "final_violations": [{}, {}], "ignition_converged": true, "ignition_loops": 1, "ignition_rules": {}, "quark_limit": false, "quark_moved": 0, "quark_passes": 1, "roles": {"activation": 2, "bias": 3, "weight": 1}, "scales": 6, "trial": 237}
TRIAL {"diff": {}, "equal": true, "final_violations": [{}, {}], "ignition_converged": true, "ignition_loops": 1, "ignition_rules": {}, "quark_limit": false, "quark_moved": 0, "quark_passes": 1, "roles": {"activation": 1, "bias": 3}, "scales": 4, "trial": 238}
TRIAL {"diff": {}, "equal": true, "final_violations": [{}, {}], "ignition_converged": true, "ignition_loops": 1, "ignition_rules": {}, "quark_limit": false, "quark_moved": 0, "quark_passes": 1, "roles": {"activation": 2, "bias": 2, "weight": 2}, "scales": 6, "trial": 239}
TRIAL {"diff": {}, "equal": true, "final_violations": [{}, {}], "ignition_converged": true, "ignition_loops": 1, "ignition_rules": {}, "quark_limit": false, "quark_moved": 0, "quark_passes": 1, "roles": {"activation": 1, "weight": 1}, "scales": 2, "trial": 240}
TRIAL {"diff": {}, "equal": true, "final_violations": [{}, {}], "ignition_converged": true, "ignition_loops": 1, "ignition_rules": {}, "quark_limit": false, "quark_moved": 0, "quark_passes": 1, "roles": {"activation": 1, "weight": 2}, "scales": 3, "trial": 241}
TRIAL {"diff": {}, "equal": true, "final_violations": [{}, {}], "ignition_converged": true, "ignition_loops": 1, "ignition_rules": {}, "quark_limit": false, "quark_moved": 0, "quark_passes": 1, "roles": {"activation": 2, "bias": 1, "weight": 3}, "scales": 6, "trial": 242}
TRIAL {"diff": {}, "equal": true, "final_violations": [{}, {}], "ignition_converged": true, "ignition_loops": 1, "ignition_rules": {}, "quark_limit": false, "quark_moved": 0, "quark_passes": 1, "roles": {"activation": 1, "bias": 2}, "scales": 3, "trial": 243}
TRIAL {"diff": {}, "equal": true, "final_violations": [{}, {}], "ignition_converged": true, "ignition_loops": 1, "ignition_rules": {}, "quark_limit": false, "quark_moved": 0, "quark_passes": 1, "roles": {"activation": 1, "weight": 2}, "scales": 3, "trial": 244}
TRIAL {"diff": {}, "equal": true, "final_violations": [{}, {}], "ignition_converged": true, "ignition_loops": 1, "ignition_rules": {}, "quark_limit": false, "quark_moved": 0, "quark_passes": 1, "roles": {"bias": 1}, "scales": 1, "trial": 245}
TRIAL {"diff": {}, "equal": true, "final_violations": [{}, {}], "ignition_converged": true, "ignition_loops": 1, "ignition_rules": {}, "quark_limit": false, "quark_moved": 0, "quark_passes": 1, "roles": {"activation": 1, "bias": 1, "weight": 2}, "scales": 4, "trial": 246}
TRIAL {"diff": {}, "equal": true, "final_violations": [{}, {}], "ignition_converged": true, "ignition_loops": 1, "ignition_rules": {}, "quark_limit": false, "quark_moved": 0, "quark_passes": 1, "roles": {"weight": 1}, "scales": 1, "trial": 247}
TRIAL {"diff": {}, "equal": true, "final_violations": [{}, {}], "ignition_converged": true, "ignition_loops": 1, "ignition_rules": {}, "quark_limit": false, "quark_moved": 0, "quark_passes": 1, "roles": {"activation": 4, "weight": 2}, "scales": 6, "trial": 248}
TRIAL {"diff": {}, "equal": true, "final_violations": [{}, {}], "ignition_converged": true, "ignition_loops": 2, "ignition_rules": {"shift_cut": 1}, "quark_limit": false, "quark_moved": 1, "quark_passes": 2, "roles": {"activation": 1, "bias": 2, "weight": 1}, "scales": 4, "trial": 249}
TRIAL {"diff": {}, "equal": true, "final_violations": [{}, {}], "ignition_converged": true, "ignition_loops": 1, "ignition_rules": {}, "quark_limit": false, "quark_moved": 0, "quark_passes": 1, "roles": {"activation": 1, "bias": 1, "weight": 2}, "scales": 4, "trial": 250}
TRIAL {"diff": {}, "equal": true, "final_violations": [{}, {}], "ignition_converged": true, "ignition_loops": 1, "ignition_rules": {}, "quark_limit": false, "quark_moved": 0, "quark_passes": 1, "roles": {"activation": 2, "weight": 1}, "scales": 3, "trial": 251}
TRIAL {"diff": {}, "equal": true, "final_violations": [{}, {}], "ignition_converged": true, "ignition_loops": 1, "ignition_rules": {}, "quark_limit": false, "quark_moved": 0, "quark_passes": 1, "roles": {"bias": 2, "weight": 1}, "scales": 3, "trial": 252}
TRIAL {"diff": {}, "equal": true, "final_violations": [{}, {}], "ignition_converged": true, "ignition_loops": 1, "ignition_rules": {}, "quark_limit": false, "quark_moved": 0, "quark_passes": 1, "roles": {"activation": 3, "bias": 1, "weight": 2}, "scales": 6, "trial": 253}
TRIAL {"diff": {}, "equal": true, "final_violations": [{}, {}], "ignition_converged": true, "ignition_loops": 1, "ignition_rules": {}, "quark_limit": false, "quark_moved": 0, "quark_passes": 1, "roles": {"activation": 1, "weight": 1}, "scales": 2, "trial": 254}
TRIAL {"diff": {}, "equal": true, "final_violations": [{}, {}], "ignition_converged": true, "ignition_loops": 1, "ignition_rules": {}, "quark_limit": false, "quark_moved": 0, "quark_passes": 1, "roles": {"activation": 1}, "scales": 1, "trial": 255}
TRIAL {"diff": {}, "equal": true, "final_violations": [{}, {}], "ignition_converged": true, "ignition_loops": 1, "ignition_rules": {}, "quark_limit": false, "quark_moved": 0, "quark_passes": 1, "roles": {"activation": 1, "bias": 1}, "scales": 2, "trial": 256}
TRIAL {"diff": {}, "equal": true, "final_violations": [{}, {}], "ignition_converged": true, "ignition_loops": 1, "ignition_rules": {}, "quark_limit": false, "quark_moved": 0, "quark_passes": 1, "roles": {"activation": 3}, "scales": 3, "trial": 257}
TRIAL {"diff": {}, "equal": true, "final_violations": [{}, {}], "ignition_converged": true, "ignition_loops": 1, "ignition_rules": {}, "quark_limit": false, "quark_moved": 0, "quark_passes": 1, "roles": {"bias": 2}, "scales": 2, "trial": 258}
TRIAL {"diff": {}, "equal": true, "final_violations": [{}, {}], "ignition_converged": true, "ignition_loops": 1, "ignition_rules": {}, "quark_limit": false, "quark_moved": 0, "quark_passes": 1, "roles": {"bias": 2}, "scales": 2, "trial": 259}
TRIAL {"diff": {}, "equal": true, "final_violations": [{}, {}], "ignition_converged": true, "ignition_loops": 1, "ignition_rules": {}, "quark_limit": false, "quark_moved": 0, "quark_passes": 1, "roles": {"weight": 1}, "scales": 1, "trial": 260}
TRIAL {"diff": {}, "equal": true, "final_violations": [{}, {}], "ignition_converged": true, "ignition_loops": 1, "ignition_rules": {}, "quark_limit": false, "quark_moved": 0, "quark_passes": 1, "roles": {"activation": 3, "bias": 2, "weight": 1}, "scales": 6, "trial": 261}
TRIAL {"diff": {}, "equal": true, "final_violations": [{}, {}], "ignition_converged": true, "ignition_loops": 1, "ignition_rules": {}, "quark_limit": false, "quark_moved": 0, "quark_passes": 1, "roles": {"activation": 3, "bias": 3}, "scales": 6, "trial": 262}
TRIAL {"diff": {}, "equal": true, "final_violations": [{}, {}], "ignition_converged": true, "ignition_loops": 1, "ignition_rules": {}, "quark_limit": false, "quark_moved": 0, "quark_passes": 1, "roles": {"activation": 2, "bias": 3, "weight": 1}, "scales": 6, "trial": 263}
TRIAL {"diff": {}, "equal": true, "final_violations": [{}, {}], "ignition_converged": true, "ignition_loops": 1, "ignition_rules": {}, "quark_limit": false, "quark_moved": 0, "quark_passes": 1, "roles": {"activation": 2, "bias": 2, "weight": 2}, "scales": 6, "trial": 264}
TRIAL {"diff": {}, "equal": true, "final_violations": [{}, {}], "ignition_converged": true, "ignition_loops": 1, "ignition_rules": {}, "quark_limit": false, "quark_moved": 0, "quark_passes": 1, "roles": {"bias": 1}, "scales": 1, "trial": 265}
TRIAL {"diff": {}, "equal": true, "final_violations": [{}, {}], "ignition_converged": true, "ignition_loops": 1, "ignition_rules": {}, "quark_limit": false, "quark_moved": 0, "quark_passes": 1, "roles": {"activation": 1, "bias": 1, "weight": 2}, "scales": 4, "trial": 266}
TRIAL {"diff": {}, "equal": true, "final_violations": [{}, {}], "ignition_converged": true, "ignition_loops": 1, "ignition_rules": {}, "quark_limit": false, "quark_moved": 0, "quark_passes": 1, "roles": {"activation": 3, "weight": 1}, "scales": 4, "trial": 267}
TRIAL {"diff": {}, "equal": true, "final_violations": [{}, {}], "ignition_converged": true, "ignition_loops": 1, "ignition_rules": {}, "quark_limit": false, "quark_moved": 0, "quark_passes": 1, "roles": {"activation": 1, "bias": 1, "weight": 1}, "scales": 3, "trial": 268}
TRIAL {"diff": {}, "equal": true, "final_violations": [{}, {}], "ignition_converged": true, "ignition_loops": 1, "ignition_rules": {}, "quark_limit": false, "quark_moved": 0, "quark_passes": 1, "roles": {"activation": 2}, "scales": 2, "trial": 269}
TRIAL {"diff": {}, "equal": true, "final_violations": [{}, {}], "ignition_converged": true, "ignition_loops": 1, "ignition_rules": {}, "quark_limit": false, "quark_moved": 0, "quark_passes": 1, "roles": {"activation": 1, "weight": 1}, "scales": 2, "trial": 270}
TRIAL {"diff": {}, "equal": true, "final_violations": [{}, {}], "ignition_converged": true, "ignition_loops": 1, "ignition_rules": {}, "quark_limit": false, "quark_moved": 0, "quark_passes": 1, "roles": {"activation": 2, "weight": 4}, "scales": 6, "trial": 271}
TRIAL {"diff": {}, "equal": true, "final_violations": [{}, {}], "ignition_converged": true, "ignition_loops": 1, "ignition_rules": {}, "quark_limit": false, "quark_moved": 0, "quark_passes": 1, "roles": {"activation": 3, "weight": 2}, "scales": 5, "trial": 272}
TRIAL {"diff": {}, "equal": true, "final_violations": [{}, {}], "ignition_converged": true, "ignition_loops": 1, "ignition_rules": {}, "quark_limit": false, "quark_moved": 0, "quark_passes": 1, "roles": {"activation": 2, "weight": 1}, "scales": 3, "trial": 273}
TRIAL {"diff": {}, "equal": true, "final_violations": [{}, {}], "ignition_converged": true, "ignition_loops": 1, "ignition_rules": {}, "quark_limit": false, "quark_moved": 0, "quark_passes": 1, "roles": {"activation": 3, "bias": 1, "weight": 2}, "scales": 6, "trial": 274}
TRIAL {"diff": {}, "equal": true, "final_violations": [{}, {}], "ignition_converged": true, "ignition_loops": 1, "ignition_rules": {}, "quark_limit": false, "quark_moved": 0, "quark_passes": 1, "roles": {"bias": 1}, "scales": 1, "trial": 275}
TRIAL {"diff": {}, "equal": true, "final_violations": [{}, {}], "ignition_converged": true, "ignition_loops": 1, "ignition_rules": {}, "quark_limit": false, "quark_moved": 0, "quark_passes": 1, "roles": {"activation": 4, "bias": 2}, "scales": 6, "trial": 276}
TRIAL {"diff": {}, "equal": true, "final_violations": [{}, {}], "ignition_converged": true, "ignition_loops": 1, "ignition_rules": {}, "quark_limit": false, "quark_moved": 0, "quark_passes": 1, "roles": {"activation": 3}, "scales": 3, "trial": 277}
TRIAL {"diff": {}, "equal": true, "final_violations": [{}, {}], "ignition_converged": true, "ignition_loops": 1, "ignition_rules": {}, "quark_limit": false, "quark_moved": 0, "quark_passes": 1, "roles": {"weight": 1}, "scales": 1, "trial": 278}
TRIAL {"diff": {}, "equal": true, "final_violations": [{}, {}], "ignition_converged": true, "ignition_loops": 1, "ignition_rules": {}, "quark_limit": false, "quark_moved": 0, "quark_passes": 1, "roles": {"bias": 1, "weight": 1}, "scales": 2, "trial": 279}
TRIAL {"diff": {}, "equal": true, "final_violations": [{}, {}], "ignition_converged": true, "ignition_loops": 1, "ignition_rules": {}, "quark_limit": false, "quark_moved": 0, "quark_passes": 1, "roles": {"bias": 1}, "scales": 1, "trial": 280}
TRIAL {"diff": {}, "equal": true, "final_violations": [{}, {}], "ignition_converged": true, "ignition_loops": 1, "ignition_rules": {}, "quark_limit": false, "quark_moved": 0, "quark_passes": 1, "roles": {"activation": 1, "bias": 2, "weight": 3}, "scales": 6, "trial": 281}
TRIAL {"diff": {}, "equal": true, "final_violations": [{}, {}], "ignition_converged": true, "ignition_loops": 1, "ignition_rules": {}, "quark_limit": false, "quark_moved": 0, "quark_passes": 1, "roles": {"activation": 2}, "scales": 2, "trial": 282}
TRIAL {"diff": {}, "equal": true, "final_violations": [{}, {}], "ignition_converged": true, "ignition_loops": 1, "ignition_rules": {}, "quark_limit": false, "quark_moved": 0, "quark_passes": 1, "roles": {"weight": 1}, "scales": 1, "trial": 283}
TRIAL {"diff": {}, "equal": true, "final_violations": [{}, {}], "ignition_converged": true, "ignition_loops": 1, "ignition_rules": {}, "quark_limit": false, "quark_moved": 0, "quark_passes": 1, "roles": {"activation": 1, "weight": 2}, "scales": 3, "trial": 284}
TRIAL {"diff": {}, "equal": true, "final_violations": [{}, {}], "ignition_converged": true, "ignition_loops": 1, "ignition_rules": {}, "quark_limit": false, "quark_moved": 0, "quark_passes": 1, "roles": {"activation": 2, "weight": 2}, "scales": 4, "trial": 285}
TRIAL {"diff": {}, "equal": true, "final_violations": [{}, {}], "ignition_converged": true, "ignition_loops": 1, "ignition_rules": {}, "quark_limit": false, "quark_moved": 0, "quark_passes": 1, "roles": {"activation": 2, "bias": 1, "weight": 3}, "scales": 6, "trial": 286}
TRIAL {"diff": {}, "equal": true, "final_violations": [{}, {}], "ignition_converged": true, "ignition_loops": 1, "ignition_rules": {}, "quark_limit": false, "quark_moved": 0, "quark_passes": 1, "roles": {"weight": 1}, "scales": 1, "trial": 287}
TRIAL {"diff": {}, "equal": true, "final_violations": [{}, {}], "ignition_converged": true, "ignition_loops": 1, "ignition_rules": {}, "quark_limit": false, "quark_moved": 0, "quark_passes": 1, "roles": {"activation": 2, "bias": 1, "weight": 1}, "scales": 4, "trial": 288}
TRIAL {"diff": {}, "equal": true, "final_violations": [{}, {}], "ignition_converged": true, "ignition_loops": 1, "ignition_rules": {}, "quark_limit": false, "quark_moved": 0, "quark_passes": 1, "roles": {"activation": 2, "bias": 1, "weight": 2}, "scales": 5, "trial": 289}
TRIAL {"diff": {}, "equal": true, "final_violations": [{}, {}], "ignition_converged": true, "ignition_loops": 2, "ignition_rules": {"shift_cut": 1}, "quark_limit": false, "quark_moved": 1, "quark_passes": 2, "roles": {"activation": 1, "bias": 1, "weight": 2}, "scales": 4, "trial": 290}
TRIAL {"diff": {}, "equal": true, "final_violations": [{}, {}], "ignition_converged": true, "ignition_loops": 1, "ignition_rules": {}, "quark_limit": false, "quark_moved": 0, "quark_passes": 1, "roles": {"activation": 1, "bias": 2, "weight": 2}, "scales": 5, "trial": 291}
TRIAL {"diff": {}, "equal": true, "final_violations": [{}, {}], "ignition_converged": true, "ignition_loops": 1, "ignition_rules": {}, "quark_limit": false, "quark_moved": 0, "quark_passes": 1, "roles": {"activation": 1}, "scales": 1, "trial": 292}
TRIAL {"diff": {}, "equal": true, "final_violations": [{}, {}], "ignition_converged": true, "ignition_loops": 1, "ignition_rules": {}, "quark_limit": false, "quark_moved": 0, "quark_passes": 1, "roles": {"activation": 1, "bias": 1}, "scales": 2, "trial": 293}
TRIAL {"diff": {}, "equal": true, "final_violations": [{}, {}], "ignition_converged": true, "ignition_loops": 1, "ignition_rules": {}, "quark_limit": false, "quark_moved": 0, "quark_passes": 1, "roles": {"activation": 1}, "scales": 1, "trial": 294}
TRIAL {"diff": {}, "equal": true, "final_violations": [{}, {}], "ignition_converged": true, "ignition_loops": 1, "ignition_rules": {}, "quark_limit": false, "quark_moved": 0, "quark_passes": 1, "roles": {"activation": 1, "bias": 1, "weight": 1}, "scales": 3, "trial": 295}
TRIAL {"diff": {}, "equal": true, "final_violations": [{}, {}], "ignition_converged": true, "ignition_loops": 1, "ignition_rules": {}, "quark_limit": false, "quark_moved": 0, "quark_passes": 1, "roles": {"activation": 1, "bias": 2, "weight": 2}, "scales": 5, "trial": 296}
TRIAL {"diff": {}, "equal": true, "final_violations": [{}, {}], "ignition_converged": true, "ignition_loops": 1, "ignition_rules": {}, "quark_limit": false, "quark_moved": 0, "quark_passes": 1, "roles": {"activation": 4, "weight": 2}, "scales": 6, "trial": 297}
TRIAL {"diff": {}, "equal": true, "final_violations": [{}, {}], "ignition_converged": true, "ignition_loops": 1, "ignition_rules": {}, "quark_limit": false, "quark_moved": 0, "quark_passes": 1, "roles": {"activation": 1, "weight": 1}, "scales": 2, "trial": 298}
TRIAL {"diff": {}, "equal": true, "final_violations": [{}, {}], "ignition_converged": true, "ignition_loops": 1, "ignition_rules": {}, "quark_limit": false, "quark_moved": 0, "quark_passes": 1, "roles": {"activation": 1, "bias": 1}, "scales": 2, "trial": 299}
TRIAL {"diff": {}, "equal": true, "final_violations": [{}, {}], "ignition_converged": true, "ignition_loops": 1, "ignition_rules": {}, "quark_limit": false, "quark_moved": 0, "quark_passes": 1, "roles": {"bias": 1, "weight": 3}, "scales": 4, "trial": 300}
TRIAL {"diff": {}, "equal": true, "final_violations": [{}, {}], "ignition_converged": true, "ignition_loops": 1, "ignition_rules": {}, "quark_limit": false, "quark_moved": 0, "quark_passes": 1, "roles": {"activation": 1, "weight": 4}, "scales": 5, "trial": 301}
TRIAL {"diff": {}, "equal": true, "final_violations": [{}, {}], "ignition_converged": true, "ignition_loops": 2, "ignition_rules": {"shift_cut": 1}, "quark_limit": false, "quark_moved": 1, "quark_passes": 2, "roles": {"activation": 3, "bias": 1}, "scales": 4, "trial": 302}
TRIAL {"diff": {}, "equal": true, "final_violations": [{}, {}], "ignition_converged": true, "ignition_loops": 1, "ignition_rules": {}, "quark_limit": false, "quark_moved": 0, "quark_passes": 1, "roles": {"activation": 2, "bias": 2, "weight": 1}, "scales": 5, "trial": 303}
TRIAL {"diff": {}, "equal": true, "final_violations": [{}, {}], "ignition_converged": true, "ignition_loops": 1, "ignition_rules": {}, "quark_limit": false, "quark_moved": 0, "quark_passes": 1, "roles": {"activation": 3, "weight": 2}, "scales": 5, "trial": 304}
TRIAL {"diff": {}, "equal": true, "final_violations": [{}, {}], "ignition_converged": true, "ignition_loops": 2, "ignition_rules": {"align_pool": 1}, "quark_limit": false, "quark_moved": 1, "quark_passes": 2, "roles": {"activation": 2}, "scales": 2, "trial": 305}
TRIAL {"diff": {}, "equal": true, "final_violations": [{}, {}], "ignition_converged": true, "ignition_loops": 1, "ignition_rules": {}, "quark_limit": false, "quark_moved": 0, "quark_passes": 1, "roles": {"activation": 3, "bias": 1, "weight": 1}, "scales": 5, "trial": 306}
TRIAL {"diff": {}, "equal": true, "final_violations": [{}, {}], "ignition_converged": true, "ignition_loops": 1, "ignition_rules": {}, "quark_limit": false, "quark_moved": 0, "quark_passes": 1, "roles": {"weight": 1}, "scales": 1, "trial": 307}
TRIAL {"diff": {}, "equal": true, "final_violations": [{}, {}], "ignition_converged": true, "ignition_loops": 1, "ignition_rules": {}, "quark_limit": false, "quark_moved": 0, "quark_passes": 1, "roles": {"activation": 2, "bias": 2, "weight": 1}, "scales": 5, "trial": 308}
TRIAL {"diff": {}, "equal": true, "final_violations": [{}, {}], "ignition_converged": true, "ignition_loops": 1, "ignition_rules": {}, "quark_limit": false, "quark_moved": 0, "quark_passes": 1, "roles": {"weight": 1}, "scales": 1, "trial": 309}
TRIAL {"diff": {}, "equal": true, "final_violations": [{}, {}], "ignition_converged": true, "ignition_loops": 1, "ignition_rules": {}, "quark_limit": false, "quark_moved": 0, "quark_passes": 1, "roles": {"activation": 3, "weight": 1}, "scales": 4, "trial": 310}
TRIAL {"diff": {}, "equal": true, "final_violations": [{}, {}], "ignition_converged": true, "ignition_loops": 1, "ignition_rules": {}, "quark_limit": false, "quark_moved": 0, "quark_passes": 1, "roles": {"activation": 1, "weight": 3}, "scales": 4, "trial": 311}
TRIAL {"diff": {}, "equal": true, "final_violations": [{}, {}], "ignition_converged": true, "ignition_loops": 1, "ignition_rules": {}, "quark_limit": false, "quark_moved": 0, "quark_passes": 1, "roles": {"bias": 2, "weight": 1}, "scales": 3, "trial": 312}
TRIAL {"diff": {}, "equal": true, "final_violations": [{}, {}], "ignition_converged": true, "ignition_loops": 1, "ignition_rules": {}, "quark_limit": false, "quark_moved": 0, "quark_passes": 1, "roles": {"bias": 1}, "scales": 1, "trial": 313}
TRIAL {"diff": {}, "equal": true, "final_violations": [{}, {}], "ignition_converged": true, "ignition_loops": 1, "ignition_rules": {}, "quark_limit": false, "quark_moved": 0, "quark_passes": 1, "roles": {"weight": 1}, "scales": 1, "trial": 314}
TRIAL {"diff": {}, "equal": true, "final_violations": [{}, {}], "ignition_converged": true, "ignition_loops": 1, "ignition_rules": {}, "quark_limit": false, "quark_moved": 0, "quark_passes": 1, "roles": {"activation": 1, "bias": 1}, "scales": 2, "trial": 315}
TRIAL {"diff": {}, "equal": true, "final_violations": [{}, {}], "ignition_converged": true, "ignition_loops": 1, "ignition_rules": {}, "quark_limit": false, "quark_moved": 0, "quark_passes": 1, "roles": {"activation": 1, "weight": 1}, "scales": 2, "trial": 316}
TRIAL {"diff": {}, "equal": true, "final_violations": [{}, {}], "ignition_converged": true, "ignition_loops": 1, "ignition_rules": {}, "quark_limit": false, "quark_moved": 0, "quark_passes": 1, "roles": {"activation": 1, "bias": 1}, "scales": 2, "trial": 317}
TRIAL {"diff": {}, "equal": true, "final_violations": [{}, {}], "ignition_converged": true, "ignition_loops": 2, "ignition_rules": {"align_pool": 1}, "quark_limit": false, "quark_moved": 1, "quark_passes": 2, "roles": {"activation": 1, "weight": 1}, "scales": 2, "trial": 318}
TRIAL {"diff": {}, "equal": true, "final_violations": [{}, {}], "ignition_converged": true, "ignition_loops": 1, "ignition_rules": {}, "quark_limit": false, "quark_moved": 0, "quark_passes": 1, "roles": {"activation": 1}, "scales": 1, "trial": 319}
TRIAL {"diff": {}, "equal": true, "final_violations": [{}, {}], "ignition_converged": true, "ignition_loops": 1, "ignition_rules": {}, "quark_limit": false, "quark_moved": 0, "quark_passes": 1, "roles": {"bias": 1, "weight": 1}, "scales": 2, "trial": 320}
TRIAL {"diff": {}, "equal": true, "final_violations": [{}, {}], "ignition_converged": true, "ignition_loops": 1, "ignition_rules": {}, "quark_limit": false, "quark_moved": 0, "quark_passes": 1, "roles": {"activation": 3, "bias": 1}, "scales": 4, "trial": 321}
TRIAL {"diff": {}, "equal": true, "final_violations": [{}, {}], "ignition_converged": true, "ignition_loops": 1, "ignition_rules": {}, "quark_limit": false, "quark_moved": 0, "quark_passes": 1, "roles": {"activation": 1, "bias": 2, "weight": 3}, "scales": 6, "trial": 322}
TRIAL {"diff": {}, "equal": true, "final_violations": [{}, {}], "ignition_converged": true, "ignition_loops": 1, "ignition_rules": {}, "quark_limit": false, "quark_moved": 0, "quark_passes": 1, "roles": {"activation": 3, "bias": 1}, "scales": 4, "trial": 323}
TRIAL {"diff": {}, "equal": true, "final_violations": [{}, {}], "ignition_converged": true, "ignition_loops": 1, "ignition_rules": {}, "quark_limit": false, "quark_moved": 0, "quark_passes": 1, "roles": {"activation": 1}, "scales": 1, "trial": 324}
TRIAL {"diff": {}, "equal": true, "final_violations": [{}, {}], "ignition_converged": true, "ignition_loops": 1, "ignition_rules": {}, "quark_limit": false, "quark_moved": 0, "quark_passes": 1, "roles": {"activation": 1}, "scales": 1, "trial": 325}
TRIAL {"diff": {}, "equal": true, "final_violations": [{}, {}], "ignition_converged": true, "ignition_loops": 1, "ignition_rules": {}, "quark_limit": false, "quark_moved": 0, "quark_passes": 1, "roles": {"activation": 1, "bias": 3, "weight": 1}, "scales": 5, "trial": 326}
TRIAL {"diff": {}, "equal": true, "final_violations": [{}, {}], "ignition_converged": true, "ignition_loops": 1, "ignition_rules": {}, "quark_limit": false, "quark_moved": 0, "quark_passes": 1, "roles": {"activation": 2, "bias": 2, "weight": 1}, "scales": 5, "trial": 327}
TRIAL {"diff": {}, "equal": true, "final_violations": [{}, {}], "ignition_converged": true, "ignition_loops": 1, "ignition_rules": {}, "quark_limit": false, "quark_moved": 0, "quark_passes": 1, "roles": {"activation": 2, "weight": 3}, "scales": 5, "trial": 328}
TRIAL {"diff": {}, "equal": true, "final_violations": [{}, {}], "ignition_converged": true, "ignition_loops": 1, "ignition_rules": {}, "quark_limit": false, "quark_moved": 0, "quark_passes": 1, "roles": {"activation": 2, "bias": 2}, "scales": 4, "trial": 329}
TRIAL {"diff": {}, "equal": true, "final_violations": [{}, {}], "ignition_converged": true, "ignition_loops": 1, "ignition_rules": {}, "quark_limit": false, "quark_moved": 0, "quark_passes": 1, "roles": {"activation": 1, "bias": 1, "weight": 1}, "scales": 3, "trial": 330}
TRIAL {"diff": {}, "equal": true, "final_violations": [{}, {}], "ignition_converged": true, "ignition_loops": 1, "ignition_rules": {}, "quark_limit": false, "quark_moved": 0, "quark_passes": 1, "roles": {"activation": 4, "weight": 1}, "scales": 5, "trial": 331}
TRIAL {"diff": {}, "equal": true, "final_violations": [{}, {}], "ignition_converged": true, "ignition_loops": 1, "ignition_rules": {}, "quark_limit": false, "quark_moved": 0, "quark_passes": 1, "roles": {"activation": 2, "weight": 3}, "scales": 5, "trial": 332}
TRIAL {"diff": {}, "equal": true, "final_violations": [{}, {}], "ignition_converged": true, "ignition_loops": 1, "ignition_rules": {}, "quark_limit": false, "quark_moved": 0, "quark_passes": 1, "roles": {"bias": 1}, "scales": 1, "trial": 333}
TRIAL {"diff": {}, "equal": true, "final_violations": [{}, {}], "ignition_converged": true, "ignition_loops": 1, "ignition_rules": {}, "quark_limit": false, "quark_moved": 0, "quark_passes": 1, "roles": {"activation": 1, "weight": 2}, "scales": 3, "trial": 334}
TRIAL {"diff": {}, "equal": true, "final_violations": [{}, {}], "ignition_converged": true, "ignition_loops": 1, "ignition_rules": {}, "quark_limit": false, "quark_moved": 0, "quark_passes": 1, "roles": {"activation": 2, "bias": 1, "weight": 2}, "scales": 5, "trial": 335}
TRIAL {"diff": {}, "equal": true, "final_violations": [{}, {}], "ignition_converged": true, "ignition_loops": 2, "ignition_rules": {"align_pool": 1}, "quark_limit": false, "quark_moved": 1, "quark_passes": 2, "roles": {"activation": 3, "bias": 1, "weight": 1}, "scales": 5, "trial": 336}
TRIAL {"diff": {}, "equal": true, "final_violations": [{}, {}], "ignition_converged": true, "ignition_loops": 1, "ignition_rules": {}, "quark_limit": false, "quark_moved": 0, "quark_passes": 1, "roles": {"activation": 1, "bias": 2, "weight": 2}, "scales": 5, "trial": 337}
TRIAL {"diff": {}, "equal": true, "final_violations": [{}, {}], "ignition_converged": true, "ignition_loops": 1, "ignition_rules": {}, "quark_limit": false, "quark_moved": 0, "quark_passes": 1, "roles": {"bias": 2}, "scales": 2, "trial": 338}
TRIAL {"diff": {}, "equal": true, "final_violations": [{}, {}], "ignition_converged": true, "ignition_loops": 1, "ignition_rules": {}, "quark_limit": false, "quark_moved": 0, "quark_passes": 1, "roles": {"activation": 2, "bias": 2}, "scales": 4, "trial": 339}
TRIAL {"diff": {}, "equal": true, "final_violations": [{}, {}], "ignition_converged": true, "ignition_loops": 1, "ignition_rules": {}, "quark_limit": false, "quark_moved": 0, "quark_passes": 1, "roles": {"weight": 1}, "scales": 1, "trial": 340}
TRIAL {"diff": {}, "equal": true, "final_violations": [{}, {}], "ignition_converged": true, "ignition_loops": 1, "ignition_rules": {}, "quark_limit": false, "quark_moved": 0, "quark_passes": 1, "roles": {"activation": 1}, "scales": 1, "trial": 341}
TRIAL {"diff": {}, "equal": true, "final_violations": [{}, {}], "ignition_converged": true, "ignition_loops": 1, "ignition_rules": {}, "quark_limit": false, "quark_moved": 0, "quark_passes": 1, "roles": {"activation": 2, "weight": 2}, "scales": 4, "trial": 342}
TRIAL {"diff": {}, "equal": true, "final_violations": [{}, {}], "ignition_converged": true, "ignition_loops": 1, "ignition_rules": {}, "quark_limit": false, "quark_moved": 0, "quark_passes": 1, "roles": {"activation": 1, "weight": 2}, "scales": 3, "trial": 343}
TRIAL {"diff": {}, "equal": true, "final_violations": [{}, {}], "ignition_converged": true, "ignition_loops": 1, "ignition_rules": {}, "quark_limit": false, "quark_moved": 0, "quark_passes": 1, "roles": {"activation": 1}, "scales": 1, "trial": 344}
TRIAL {"diff": {}, "equal": true, "final_violations": [{}, {}], "ignition_converged": true, "ignition_loops": 1, "ignition_rules": {}, "quark_limit": false, "quark_moved": 0, "quark_passes": 1, "roles": {"activation": 1, "weight": 3}, "scales": 4, "trial": 345}
TRIAL {"diff": {}, "equal": true, "final_violations": [{}, {}], "ignition_converged": true, "ignition_loops": 1, "ignition_rules": {}, "quark_limit": false, "quark_moved": 0, "quark_passes": 1, "roles": {"bias": 2}, "scales": 2, "trial": 346}
TRIAL {"diff": {}, "equal": true, "final_violations": [{}, {}], "ignition_converged": true, "ignition_loops": 1, "ignition_rules": {}, "quark_limit": false, "quark_moved": 0, "quark_passes": 1, "roles": {"activation": 2}, "scales": 2, "trial": 347}
TRIAL {"diff": {}, "equal": true, "final_violations": [{}, {}], "ignition_converged": true, "ignition_loops": 1, "ignition_rules": {}, "quark_limit": false, "quark_moved": 0, "quark_passes": 1, "roles": {"activation": 1}, "scales": 1, "trial": 348}
TRIAL {"diff": {}, "equal": true, "final_violations": [{}, {}], "ignition_converged": true, "ignition_loops": 1, "ignition_rules": {}, "quark_limit": false, "quark_moved": 0, "quark_passes": 1, "roles": {"activation": 1, "bias": 2, "weight": 2}, "scales": 5, "trial": 349}
TRIAL {"diff": {}, "equal": true, "final_violations": [{}, {}], "ignition_converged": true, "ignition_loops": 1, "ignition_rules": {}, "quark_limit": false, "quark_moved": 0, "quark_passes": 1, "roles": {"bias": 1}, "scales": 1, "trial": 350}
TRIAL {"diff": {}, "equal": true, "final_violations": [{}, {}], "ignition_converged": true, "ignition_loops": 1, "ignition_rules": {}, "quark_limit": false, "quark_moved": 0, "quark_passes": 1, "roles": {"activation": 1, "weight": 1}, "scales": 2, "trial": 351}
TRIAL {"diff": {}, "equal": true, "final_violations": [{}, {}], "ignition_converged": true, "ignition_loops": 1, "ignition_rules": {}, "quark_limit": false, "quark_moved": 0, "quark_passes": 1, "roles": {"bias": 2, "weight": 1}, "scales": 3, "trial": 352}
TRIAL {"diff": {}, "equal": true, "final_violations": [{}, {}], "ignition_converged": true, "ignition_loops": 2, "ignition_rules": {"align_pool": 1}, "quark_limit": false, "quark_moved": 1, "quark_passes": 2, "roles": {"activation": 4}, "scales": 4, "trial": 353}
TRIAL {"diff": {}, "equal": true, "final_violations": [{}, {}], "ignition_converged": true, "ignition_loops": 1, "ignition_rules": {}, "quark_limit": false, "quark_moved": 0, "quark_passes": 1, "roles": {"activation": 4}, "scales": 4, "trial": 354}
TRIAL {"diff": {}, "equal": true, "final_violations": [{}, {}], "ignition_converged": true, "ignition_loops": 1, "ignition_rules": {}, "quark_limit": false, "quark_moved": 0, "quark_passes": 1, "roles": {"activation": 1, "bias": 3, "weight": 2}, "scales": 6, "trial": 355}
TRIAL {"diff": {}, "equal": true, "final_violations": [{}, {}], "ignition_converged": true, "ignition_loops": 1, "ignition_rules": {}, "quark_limit": false, "quark_moved": 0, "quark_passes": 1, "roles": {"activation": 1, "bias": 2, "weight": 2}, "scales": 5, "trial": 356}
TRIAL {"diff": {}, "equal": true, "final_violations": [{}, {}], "ignition_converged": true, "ignition_loops": 1, "ignition_rules": {}, "quark_limit": false, "quark_moved": 0, "quark_passes": 1, "roles": {"activation": 3, "bias": 3}, "scales": 6, "trial": 357}
TRIAL {"diff": {}, "equal": true, "final_violations": [{}, {}], "ignition_converged": true, "ignition_loops": 2, "ignition_rules": {"align_pool": 1}, "quark_limit": false, "quark_moved": 1, "quark_passes": 2, "roles": {"activation": 2, "bias": 2, "weight": 1}, "scales": 5, "trial": 358}
TRIAL {"diff": {}, "equal": true, "final_violations": [{}, {}], "ignition_converged": true, "ignition_loops": 1, "ignition_rules": {}, "quark_limit": false, "quark_moved": 0, "quark_passes": 1, "roles": {"activation": 2, "bias": 2, "weight": 1}, "scales": 5, "trial": 359}
TRIAL {"diff": {}, "equal": true, "final_violations": [{}, {}], "ignition_converged": true, "ignition_loops": 1, "ignition_rules": {}, "quark_limit": false, "quark_moved": 0, "quark_passes": 1, "roles": {"bias": 1, "weight": 4}, "scales": 5, "trial": 360}
TRIAL {"diff": {}, "equal": true, "final_violations": [{}, {}], "ignition_converged": true, "ignition_loops": 1, "ignition_rules": {}, "quark_limit": false, "quark_moved": 0, "quark_passes": 1, "roles": {"weight": 1}, "scales": 1, "trial": 361}
TRIAL {"diff": {}, "equal": true, "final_violations": [{}, {}], "ignition_converged": true, "ignition_loops": 1, "ignition_rules": {}, "quark_limit": false, "quark_moved": 0, "quark_passes": 1, "roles": {"weight": 1}, "scales": 1, "trial": 362}
TRIAL {"diff": {}, "equal": true, "final_violations": [{}, {}], "ignition_converged": true, "ignition_loops": 2, "ignition_rules": {"align_pool": 1}, "quark_limit": false, "quark_moved": 1, "quark_passes": 2, "roles": {"activation": 1, "weight": 1}, "scales": 2, "trial": 363}
TRIAL {"diff": {}, "equal": true, "final_violations": [{}, {}], "ignition_converged": true, "ignition_loops": 1, "ignition_rules": {}, "quark_limit": false, "quark_moved": 0, "quark_passes": 1, "roles": {"bias": 1}, "scales": 1, "trial": 364}
TRIAL {"diff": {}, "equal": true, "final_violations": [{}, {}], "ignition_converged": true, "ignition_loops": 1, "ignition_rules": {}, "quark_limit": false, "quark_moved": 0, "quark_passes": 1, "roles": {"activation": 1, "bias": 3}, "scales": 4, "trial": 365}
TRIAL {"diff": {}, "equal": true, "final_violations": [{}, {}], "ignition_converged": true, "ignition_loops": 1, "ignition_rules": {}, "quark_limit": false, "quark_moved": 0, "quark_passes": 1, "roles": {"activation": 1, "bias": 1, "weight": 2}, "scales": 4, "trial": 366}
TRIAL {"diff": {}, "equal": true, "final_violations": [{}, {}], "ignition_converged": true, "ignition_loops": 1, "ignition_rules": {}, "quark_limit": false, "quark_moved": 0, "quark_passes": 1, "roles": {"activation": 1, "weight": 1}, "scales": 2, "trial": 367}
TRIAL {"diff": {}, "equal": true, "final_violations": [{}, {}], "ignition_converged": true, "ignition_loops": 1, "ignition_rules": {}, "quark_limit": false, "quark_moved": 0, "quark_passes": 1, "roles": {"activation": 2, "bias": 3}, "scales": 5, "trial": 368}
TRIAL {"diff": {}, "equal": true, "final_violations": [{}, {}], "ignition_converged": true, "ignition_loops": 1, "ignition_rules": {}, "quark_limit": false, "quark_moved": 0, "quark_passes": 1, "roles": {"activation": 1, "bias": 1}, "scales": 2, "trial": 369}
TRIAL {"diff": {}, "equal": true, "final_violations": [{}, {}], "ignition_converged": true, "ignition_loops": 1, "ignition_rules": {}, "quark_limit": false, "quark_moved": 0, "quark_passes": 1, "roles": {"bias": 1, "weight": 1}, "scales": 2, "trial": 370}
TRIAL {"diff": {}, "equal": true, "final_violations": [{}, {}], "ignition_converged": true, "ignition_loops": 1, "ignition_rules": {}, "quark_limit": false, "quark_moved": 0, "quark_passes": 1, "roles": {"bias": 2, "weight": 1}, "scales": 3, "trial": 371}
TRIAL {"diff": {}, "equal": true, "final_violations": [{}, {}], "ignition_converged": true, "ignition_loops": 1, "ignition_rules": {}, "quark_limit": false, "quark_moved": 0, "quark_passes": 1, "roles": {"activation": 3, "bias": 2}, "scales": 5, "trial": 372}
TRIAL {"diff": {}, "equal": true, "final_violations": [{}, {}], "ignition_converged": true, "ignition_loops": 2, "ignition_rules": {"align_pool": 1}, "quark_limit": false, "quark_moved": 1, "quark_passes": 2, "roles": {"activation": 5, "bias": 1}, "scales": 6, "trial": 373}
TRIAL {"diff": {}, "equal": true, "final_violations": [{}, {}], "ignition_converged": true, "ignition_loops": 1, "ignition_rules": {}, "quark_limit": false, "quark_moved": 0, "quark_passes": 1, "roles": {"activation": 1}, "scales": 1, "trial": 374}
TRIAL {"diff": {}, "equal": true, "final_violations": [{}, {}], "ignition_converged": true, "ignition_loops": 1, "ignition_rules": {}, "quark_limit": false, "quark_moved": 0, "quark_passes": 1, "roles": {"activation": 1, "bias": 3, "weight": 1}, "scales": 5, "trial": 375}
TRIAL {"diff": {}, "equal": true, "final_violations": [{}, {}], "ignition_converged": true, "ignition_loops": 1, "ignition_rules": {}, "quark_limit": false, "quark_moved": 0, "quark_passes": 1, "roles": {"activation": 1, "weight": 2}, "scales": 3, "trial": 376}
TRIAL {"diff": {}, "equal": true, "final_violations": [{}, {}], "ignition_converged": true, "ignition_loops": 1, "ignition_rules": {}, "quark_limit": false, "quark_moved": 0, "quark_passes": 1, "roles": {"activation": 1, "bias": 1}, "scales": 2, "trial": 377}
TRIAL {"diff": {}, "equal": true, "final_violations": [{}, {}], "ignition_converged": true, "ignition_loops": 1, "ignition_rules": {}, "quark_limit": false, "quark_moved": 0, "quark_passes": 1, "roles": {"bias": 5}, "scales": 5, "trial": 378}
TRIAL {"diff": {}, "equal": true, "final_violations": [{}, {}], "ignition_converged": true, "ignition_loops": 1, "ignition_rules": {}, "quark_limit": false, "quark_moved": 0, "quark_passes": 1, "roles": {"activation": 1, "bias": 2, "weight": 1}, "scales": 4, "trial": 379}
TRIAL {"diff": {}, "equal": true, "final_violations": [{}, {}], "ignition_converged": true, "ignition_loops": 1, "ignition_rules": {}, "quark_limit": false, "quark_moved": 0, "quark_passes": 1, "roles": {"weight": 1}, "scales": 1, "trial": 380}
TRIAL {"diff": {}, "equal": true, "final_violations": [{}, {}], "ignition_converged": true, "ignition_loops": 1, "ignition_rules": {}, "quark_limit": false, "quark_moved": 0, "quark_passes": 1, "roles": {"activation": 3, "bias": 3}, "scales": 6, "trial": 381}
TRIAL {"diff": {}, "equal": true, "final_violations": [{}, {}], "ignition_converged": true, "ignition_loops": 1, "ignition_rules": {}, "quark_limit": false, "quark_moved": 0, "quark_passes": 1, "roles": {"activation": 2, "weight": 1}, "scales": 3, "trial": 382}
TRIAL {"diff": {}, "equal": true, "final_violations": [{}, {}], "ignition_converged": true, "ignition_loops": 1, "ignition_rules": {}, "quark_limit": false, "quark_moved": 0, "quark_passes": 1, "roles": {"activation": 1}, "scales": 1, "trial": 383}
TRIAL {"diff": {}, "equal": true, "final_violations": [{}, {}], "ignition_converged": true, "ignition_loops": 1, "ignition_rules": {}, "quark_limit": false, "quark_moved": 0, "quark_passes": 1, "roles": {"activation": 1, "bias": 4, "weight": 1}, "scales": 6, "trial": 384}
TRIAL {"diff": {}, "equal": true, "final_violations": [{}, {}], "ignition_converged": true, "ignition_loops": 1, "ignition_rules": {}, "quark_limit": false, "quark_moved": 0, "quark_passes": 1, "roles": {"activation": 2, "bias": 3, "weight": 1}, "scales": 6, "trial": 385}
TRIAL {"diff": {}, "equal": true, "final_violations": [{}, {}], "ignition_converged": true, "ignition_loops": 1, "ignition_rules": {}, "quark_limit": false, "quark_moved": 0, "quark_passes": 1, "roles": {"bias": 2, "weight": 2}, "scales": 4, "trial": 386}
TRIAL {"diff": {}, "equal": true, "final_violations": [{}, {}], "ignition_converged": true, "ignition_loops": 1, "ignition_rules": {}, "quark_limit": false, "quark_moved": 0, "quark_passes": 1, "roles": {"activation": 3, "bias": 2, "weight": 1}, "scales": 6, "trial": 387}
TRIAL {"diff": {}, "equal": true, "final_violations": [{}, {}], "ignition_converged": true, "ignition_loops": 1, "ignition_rules": {}, "quark_limit": false, "quark_moved": 0, "quark_passes": 1, "roles": {"activation": 2, "bias": 3}, "scales": 5, "trial": 388}
TRIAL {"diff": {}, "equal": true, "final_violations": [{}, {}], "ignition_converged": true, "ignition_loops": 1, "ignition_rules": {}, "quark_limit": false, "quark_moved": 0, "quark_passes": 1, "roles": {"bias": 3, "weight": 2}, "scales": 5, "trial": 389}
TRIAL {"diff": {}, "equal": true, "final_violations": [{}, {}], "ignition_converged": true, "ignition_loops": 1, "ignition_rules": {}, "quark_limit": false, "quark_moved": 0, "quark_passes": 1, "roles": {"activation": 1}, "scales": 1, "trial": 390}
TRIAL {"diff": {}, "equal": true, "final_violations": [{}, {}], "ignition_converged": true, "ignition_loops": 1, "ignition_rules": {}, "quark_limit": false, "quark_moved": 0, "quark_passes": 1, "roles": {"activation": 2, "bias": 1, "weight": 3}, "scales": 6, "trial": 391}
TRIAL {"diff": {}, "equal": true, "final_violations": [{}, {}], "ignition_converged": true, "ignition_loops": 2, "ignition_rules": {"shift_cut": 1}, "quark_limit": false, "quark_moved": 1, "quark_passes": 2, "roles": {"activation": 3, "weight": 3}, "scales": 6, "trial": 392}
TRIAL {"diff": {}, "equal": true, "final_violations": [{}, {}], "ignition_converged": true, "ignition_loops": 1, "ignition_rules": {}, "quark_limit": false, "quark_moved": 0, "quark_passes": 1, "roles": {"activation": 2, "bias": 2}, "scales": 4, "trial": 393}
TRIAL {"diff": {}, "equal": true, "final_violations": [{}, {}], "ignition_converged": true, "ignition_loops": 1, "ignition_rules": {}, "quark_limit": false, "quark_moved": 0, "quark_passes": 1, "roles": {"bias": 1}, "scales": 1, "trial": 394}
TRIAL {"diff": {}, "equal": true, "final_violations": [{}, {}], "ignition_converged": true, "ignition_loops": 1, "ignition_rules": {}, "quark_limit": false, "quark_moved": 0, "quark_passes": 1, "roles": {"activation": 3, "bias": 2, "weight": 1}, "scales": 6, "trial": 395}
TRIAL {"diff": {}, "equal": true, "final_violations": [{}, {}], "ignition_converged": true, "ignition_loops": 1, "ignition_rules": {}, "quark_limit": false, "quark_moved": 0, "quark_passes": 1, "roles": {"activation": 3, "weight": 2}, "scales": 5, "trial": 396}
TRIAL {"diff": {}, "equal": true, "final_violations": [{}, {}], "ignition_converged": true, "ignition_loops": 1, "ignition_rules": {}, "quark_limit": false, "quark_moved": 0, "quark_passes": 1, "roles": {"bias": 2, "weight": 1}, "scales": 3, "trial": 397}
TRIAL {"diff": {}, "equal": true, "final_violations": [{}, {}], "ignition_converged": true, "ignition_loops": 1, "ignition_rules": {}, "quark_limit": false, "quark_moved": 0, "quark_passes": 1, "roles": {"bias": 2}, "scales": 2, "trial": 398}
TRIAL {"diff": {}, "equal": true, "final_violations": [{}, {}], "ignition_converged": true, "ignition_loops": 1, "ignition_rules": {}, "quark_limit": false, "quark_moved": 0, "quark_passes": 1, "roles": {"activation": 1}, "scales": 1, "trial": 399}
TRIAL {"diff": {}, "equal": true, "final_violations": [{}, {}], "ignition_converged": true, "ignition_loops": 1, "ignition_rules": {}, "quark_limit": false, "quark_moved": 0, "quark_passes": 1, "roles": {"weight": 2}, "scales": 2, "trial": 400}
TRIAL {"diff": {}, "equal": true, "final_violations": [{}, {}], "ignition_converged": true, "ignition_loops": 1, "ignition_rules": {}, "quark_limit": false, "quark_moved": 0, "quark_passes": 1, "roles": {"activation": 1, "bias": 1}, "scales": 2, "trial": 401}
TRIAL {"diff": {}, "equal": true, "final_violations": [{}, {}], "ignition_converged": true, "ignition_loops": 1, "ignition_rules": {}, "quark_limit": false, "quark_moved": 0, "quark_passes": 1, "roles": {"activation": 2}, "scales": 2, "trial": 402}
TRIAL {"diff": {}, "equal": true, "final_violations": [{}, {}], "ignition_converged": true, "ignition_loops": 1, "ignition_rules": {}, "quark_limit": false, "quark_moved": 0, "quark_passes": 1, "roles": {"bias": 2, "weight": 2}, "scales": 4, "trial": 403}
TRIAL {"diff": {}, "equal": true, "final_violations": [{}, {}], "ignition_converged": true, "ignition_loops": 1, "ignition_rules": {}, "quark_limit": false, "quark_moved": 0, "quark_passes": 1, "roles": {"activation": 2, "bias": 2, "weight": 2}, "scales": 6, "trial": 404}
TRIAL {"diff": {}, "equal": true, "final_violations": [{}, {}], "ignition_converged": true, "ignition_loops": 1, "ignition_rules": {}, "quark_limit": false, "quark_moved": 0, "quark_passes": 1, "roles": {"activation": 3, "bias": 2}, "scales": 5, "trial": 405}
TRIAL {"diff": {}, "equal": true, "final_violations": [{}, {}], "ignition_converged": true, "ignition_loops": 1, "ignition_rules": {}, "quark_limit": false, "quark_moved": 0, "quark_passes": 1, "roles": {"activation": 4, "bias": 2}, "scales": 6, "trial": 406}
TRIAL {"diff": {}, "equal": true, "final_violations": [{}, {}], "ignition_converged": true, "ignition_loops": 1, "ignition_rules": {}, "quark_limit": false, "quark_moved": 0, "quark_passes": 1, "roles": {"activation": 1, "bias": 1}, "scales": 2, "trial": 407}
TRIAL {"diff": {}, "equal": true, "final_violations": [{}, {}], "ignition_converged": true, "ignition_loops": 1, "ignition_rules": {}, "quark_limit": false, "quark_moved": 0, "quark_passes": 1, "roles": {"activation": 2, "bias": 1, "weight": 2}, "scales": 5, "trial": 408}
TRIAL {"diff": {}, "equal": true, "final_violations": [{}, {}], "ignition_converged": true, "ignition_loops": 1, "ignition_rules": {}, "quark_limit": false, "quark_moved": 0, "quark_passes": 1, "roles": {"activation": 2, "bias": 1, "weight": 1}, "scales": 4, "trial": 409}
TRIAL {"diff": {}, "equal": true, "final_violations": [{}, {}], "ignition_converged": true, "ignition_loops": 2, "ignition_rules": {"align_pool": 1}, "quark_limit": false, "quark_moved": 1, "quark_passes": 2, "roles": {"activation": 4, "bias": 2}, "scales": 6, "trial": 410}
TRIAL {"diff": {}, "equal": true, "final_violations": [{}, {}], "ignition_converged": true, "ignition_loops": 2, "ignition_rules": {"align_pool": 1}, "quark_limit": false, "quark_moved": 1, "quark_passes": 2, "roles": {"activation": 2}, "scales": 2, "trial": 411}
TRIAL {"diff": {}, "equal": true, "final_violations": [{}, {}], "ignition_converged": true, "ignition_loops": 1, "ignition_rules": {}, "quark_limit": false, "quark_moved": 0, "quark_passes": 1, "roles": {"activation": 2, "bias": 1}, "scales": 3, "trial": 412}
TRIAL {"diff": {}, "equal": true, "final_violations": [{}, {}], "ignition_converged": true, "ignition_loops": 1, "ignition_rules": {}, "quark_limit": false, "quark_moved": 0, "quark_passes": 1, "roles": {"activation": 2, "weight": 1}, "scales": 3, "trial": 413}
TRIAL {"diff": {}, "equal": true, "final_violations": [{}, {}], "ignition_converged": true, "ignition_loops": 1, "ignition_rules": {}, "quark_limit": false, "quark_moved": 0, "quark_passes": 1, "roles": {"activation": 2, "weight": 2}, "scales": 4, "trial": 414}
TRIAL {"diff": {}, "equal": true, "final_violations": [{}, {}], "ignition_converged": true, "ignition_loops": 1, "ignition_rules": {}, "quark_limit": false, "quark_moved": 0, "quark_passes": 1, "roles": {"activation": 1, "bias": 1}, "scales": 2, "trial": 415}
TRIAL {"diff": {}, "equal": true, "final_violations": [{}, {}], "ignition_converged": true, "ignition_loops": 2, "ignition_rules": {"align_pool": 1}, "quark_limit": false, "quark_moved": 1, "quark_passes": 2, "roles": {"activation": 2, "bias": 2, "weight": 1}, "scales": 5, "trial": 416}
TRIAL {"diff": {}, "equal": true, "final_violations": [{}, {}], "ignition_converged": true, "ignition_loops": 1, "ignition_rules": {}, "quark_limit": false, "quark_moved": 0, "quark_passes": 1, "roles": {"activation": 3}, "scales": 3, "trial": 417}
TRIAL {"diff": {}, "equal": true, "final_violations": [{}, {}], "ignition_converged": true, "ignition_loops": 1, "ignition_rules": {}, "quark_limit": false, "quark_moved": 0, "quark_passes": 1, "roles": {"activation": 1}, "scales": 1, "trial": 418}
TRIAL {"diff": {}, "equal": true, "final_violations": [{}, {}], "ignition_converged": true, "ignition_loops": 1, "ignition_rules": {}, "quark_limit": false, "quark_moved": 0, "quark_passes": 1, "roles": {"activation": 2}, "scales": 2, "trial": 419}
TRIAL {"diff": {}, "equal": true, "final_violations": [{}, {}], "ignition_converged": true, "ignition_loops": 1, "ignition_rules": {}, "quark_limit": false, "quark_moved": 0, "quark_passes": 1, "roles": {"bias": 3, "weight": 2}, "scales": 5, "trial": 420}
TRIAL {"diff": {}, "equal": true, "final_violations": [{}, {}], "ignition_converged": true, "ignition_loops": 1, "ignition_rules": {}, "quark_limit": false, "quark_moved": 0, "quark_passes": 1, "roles": {"activation": 2, "bias": 1}, "scales": 3, "trial": 421}
TRIAL {"diff": {}, "equal": true, "final_violations": [{}, {}], "ignition_converged": true, "ignition_loops": 1, "ignition_rules": {}, "quark_limit": false, "quark_moved": 0, "quark_passes": 1, "roles": {"activation": 1, "bias": 3, "weight": 2}, "scales": 6, "trial": 422}
TRIAL {"diff": {}, "equal": true, "final_violations": [{}, {}], "ignition_converged": true, "ignition_loops": 1, "ignition_rules": {}, "quark_limit": false, "quark_moved": 0, "quark_passes": 1, "roles": {"activation": 2, "bias": 2}, "scales": 4, "trial": 423}
TRIAL {"diff": {}, "equal": true, "final_violations": [{}, {}], "ignition_converged": true, "ignition_loops": 1, "ignition_rules": {}, "quark_limit": false, "quark_moved": 0, "quark_passes": 1, "roles": {"activation": 1, "bias": 3}, "scales": 4, "trial": 424}
TRIAL {"diff": {}, "equal": true, "final_violations": [{}, {}], "ignition_converged": true, "ignition_loops": 1, "ignition_rules": {}, "quark_limit": false, "quark_moved": 0, "quark_passes": 1, "roles": {"activation": 1, "bias": 3, "weight": 1}, "scales": 5, "trial": 425}
TRIAL {"diff": {}, "equal": true, "final_violations": [{}, {}], "ignition_converged": true, "ignition_loops": 1, "ignition_rules": {}, "quark_limit": false, "quark_moved": 0, "quark_passes": 1, "roles": {"weight": 2}, "scales": 2, "trial": 426}
TRIAL {"diff": {}, "equal": true, "final_violations": [{}, {}], "ignition_converged": true, "ignition_loops": 1, "ignition_rules": {}, "quark_limit": false, "quark_moved": 0, "quark_passes": 1, "roles": {"activation": 1, "weight": 2}, "scales": 3, "trial": 427}
TRIAL {"diff": {}, "equal": true, "final_violations": [{}, {}], "ignition_converged": true, "ignition_loops": 2, "ignition_rules": {"align_pool": 1}, "quark_limit": false, "quark_moved": 1, "quark_passes": 2, "roles": {"activation": 1, "bias": 2, "weight": 2}, "scales": 5, "trial": 428}
TRIAL {"diff": {}, "equal": true, "final_violations": [{}, {}], "ignition_converged": true, "ignition_loops": 1, "ignition_rules": {}, "quark_limit": false, "quark_moved": 0, "quark_passes": 1, "roles": {"bias": 1, "weight": 1}, "scales": 2, "trial": 429}
TRIAL {"diff": {}, "equal": true, "final_violations": [{}, {}], "ignition_converged": true, "ignition_loops": 2, "ignition_rules": {"shift_cut": 1}, "quark_limit": false, "quark_moved": 1, "quark_passes": 2, "roles": {"activation": 3, "bias": 1, "weight": 1}, "scales": 5, "trial": 430}
TRIAL {"diff": {}, "equal": true, "final_violations": [{}, {}], "ignition_converged": true, "ignition_loops": 1, "ignition_rules": {}, "quark_limit": false, "quark_moved": 0, "quark_passes": 1, "roles": {"activation": 3, "bias": 1}, "scales": 4, "trial": 431}
TRIAL {"diff": {}, "equal": true, "final_violations": [{}, {}], "ignition_converged": true, "ignition_loops": 1, "ignition_rules": {}, "quark_limit": false, "quark_moved": 0, "quark_passes": 1, "roles": {"activation": 1, "bias": 3, "weight": 1}, "scales": 5, "trial": 432}
TRIAL {"diff": {}, "equal": true, "final_violations": [{}, {}], "ignition_converged": true, "ignition_loops": 1, "ignition_rules": {}, "quark_limit": false, "quark_moved": 0, "quark_passes": 1, "roles": {"activation": 2, "bias": 2}, "scales": 4, "trial": 433}
TRIAL {"diff": {}, "equal": true, "final_violations": [{}, {}], "ignition_converged": true, "ignition_loops": 1, "ignition_rules": {}, "quark_limit": false, "quark_moved": 0, "quark_passes": 1, "roles": {"activation": 3}, "scales": 3, "trial": 434}
TRIAL {"diff": {}, "equal": true, "final_violations": [{}, {}], "ignition_converged": true, "ignition_loops": 1, "ignition_rules": {}, "quark_limit": false, "quark_moved": 0, "quark_passes": 1, "roles": {"activation": 1}, "scales": 1, "trial": 435}
TRIAL {"diff": {}, "equal": true, "final_violations": [{}, {}], "ignition_converged": true, "ignition_loops": 1, "ignition_rules": {}, "quark_limit": false, "quark_moved": 0, "quark_passes": 1, "roles": {"bias": 2}, "scales": 2, "trial": 436}
TRIAL {"diff": {}, "equal": true, "final_violations": [{}, {}], "ignition_converged": true, "ignition_loops": 1, "ignition_rules": {}, "quark_limit": false, "quark_moved": 0, "quark_passes": 1, "roles": {"activation": 1}, "scales": 1, "trial": 437}
TRIAL {"diff": {}, "equal": true, "final_violations": [{}, {}], "ignition_converged": true, "ignition_loops": 1, "ignition_rules": {}, "quark_limit": false, "quark_moved": 0, "quark_passes": 1, "roles": {"activation": 4, "bias": 1, "weight": 1}, "scales": 6, "trial": 438}
TRIAL {"diff": {}, "equal": true, "final_violations": [{}, {}], "ignition_converged": true, "ignition_loops": 1, "ignition_rules": {}, "quark_limit": false, "quark_moved": 0, "quark_passes": 1, "roles": {"bias": 1}, "scales": 1, "trial": 439}
TRIAL {"diff": {}, "equal": true, "final_violations": [{}, {}], "ignition_converged": true, "ignition_loops": 1, "ignition_rules": {}, "quark_limit": false, "quark_moved": 0, "quark_passes": 1, "roles": {"activation": 2, "bias": 2, "weight": 2}, "scales": 6, "trial": 440}
TRIAL {"diff": {}, "equal": true, "final_violations": [{}, {}], "ignition_converged": true, "ignition_loops": 1, "ignition_rules": {}, "quark_limit": false, "quark_moved": 0, "quark_passes": 1, "roles": {"activation": 1, "bias": 1, "weight": 2}, "scales": 4, "trial": 441}
TRIAL {"diff": {}, "equal": true, "final_violations": [{}, {}], "ignition_converged": true, "ignition_loops": 1, "ignition_rules": {}, "quark_limit": false, "quark_moved": 0, "quark_passes": 1, "roles": {"activation": 1, "bias": 1}, "scales": 2, "trial": 442}
TRIAL {"diff": {}, "equal": true, "final_violations": [{}, {}], "ignition_converged": true, "ignition_loops": 1, "ignition_rules": {}, "quark_limit": false, "quark_moved": 0, "quark_passes": 1, "roles": {"activation": 2, "bias": 1, "weight": 1}, "scales": 4, "trial": 443}
TRIAL {"diff": {}, "equal": true, "final_violations": [{}, {}], "ignition_converged": true, "ignition_loops": 1, "ignition_rules": {}, "quark_limit": false, "quark_moved": 0, "quark_passes": 1, "roles": {"activation": 2, "bias": 1, "weight": 2}, "scales": 5, "trial": 444}
TRIAL {"diff": {}, "equal": true, "final_violations": [{}, {}], "ignition_converged": true, "ignition_loops": 1, "ignition_rules": {}, "quark_limit": false, "quark_moved": 0, "quark_passes": 1, "roles": {"activation": 3, "weight": 1}, "scales": 4, "trial": 445}
TRIAL {"diff": {}, "equal": true, "final_violations": [{}, {}], "ignition_converged": true, "ignition_loops": 1, "ignition_rules": {}, "quark_limit": false, "quark_moved": 0, "quark_passes": 1, "roles": {"activation": 3, "bias": 1, "weight": 1}, "scales": 5, "trial": 446}
TRIAL {"diff": {}, "equal": true, "final_violations": [{}, {}], "ignition_converged": true, "ignition_loops": 1, "ignition_rules": {}, "quark_limit": false, "quark_moved": 0, "quark_passes": 1, "roles": {"weight": 1}, "scales": 1, "trial": 447}
TRIAL {"diff": {}, "equal": true, "final_violations": [{}, {}], "ignition_converged": true, "ignition_loops": 1, "ignition_rules": {}, "quark_limit": false, "quark_moved": 0, "quark_passes": 1, "roles": {"activation": 1, "weight": 2}, "scales": 3, "trial": 448}
TRIAL {"diff": {}, "equal": true, "final_violations": [{}, {}], "ignition_converged": true, "ignition_loops": 1, "ignition_rules": {}, "quark_limit": false, "quark_moved": 0, "quark_passes": 1, "roles": {"bias": 2}, "scales": 2, "trial": 449}
TRIAL {"diff": {}, "equal": true, "final_violations": [{}, {}], "ignition_converged": true, "ignition_loops": 1, "ignition_rules": {}, "quark_limit": false, "quark_moved": 0, "quark_passes": 1, "roles": {"activation": 2, "bias": 2, "weight": 1}, "scales": 5, "trial": 450}
TRIAL {"diff": {}, "equal": true, "final_violations": [{}, {}], "ignition_converged": true, "ignition_loops": 1, "ignition_rules": {}, "quark_limit": false, "quark_moved": 0, "quark_passes": 1, "roles": {"bias": 4, "weight": 1}, "scales": 5, "trial": 451}
TRIAL {"diff": {}, "equal": true, "final_violations": [{}, {}], "ignition_converged": true, "ignition_loops": 1, "ignition_rules": {}, "quark_limit": false, "quark_moved": 0, "quark_passes": 1, "roles": {"activation": 2, "bias": 1, "weight": 1}, "scales": 4, "trial": 452}
TRIAL {"diff": {}, "equal": true, "final_violations": [{}, {}], "ignition_converged": true, "ignition_loops": 1, "ignition_rules": {}, "quark_limit": false, "quark_moved": 0, "quark_passes": 1, "roles": {"activation": 1, "weight": 1}, "scales": 2, "trial": 453}
TRIAL {"diff": {}, "equal": true, "final_violations": [{}, {}], "ignition_converged": true, "ignition_loops": 1, "ignition_rules": {}, "quark_limit": false, "quark_moved": 0, "quark_passes": 1, "roles": {"activation": 2, "bias": 1, "weight": 1}, "scales": 4, "trial": 454}
TRIAL {"diff": {}, "equal": true, "final_violations": [{}, {}], "ignition_converged": true, "ignition_loops": 1, "ignition_rules": {}, "quark_limit": false, "quark_moved": 0, "quark_passes": 1, "roles": {"weight": 1}, "scales": 1, "trial": 455}
TRIAL {"diff": {}, "equal": true, "final_violations": [{}, {}], "ignition_converged": true, "ignition_loops": 1, "ignition_rules": {}, "quark_limit": false, "quark_moved": 0, "quark_passes": 1, "roles": {"activation": 2}, "scales": 2, "trial": 456}
TRIAL {"diff": {}, "equal": true, "final_violations": [{}, {}], "ignition_converged": true, "ignition_loops": 1, "ignition_rules": {}, "quark_limit": false, "quark_moved": 0, "quark_passes": 1, "roles": {"activation": 1}, "scales": 1, "trial": 457}
TRIAL {"diff": {}, "equal": true, "final_violations": [{}, {}], "ignition_converged": true, "ignition_loops": 1, "ignition_rules": {}, "quark_limit": false, "quark_moved": 0, "quark_passes": 1, "roles": {"activation": 1}, "scales": 1, "trial": 458}
TRIAL {"diff": {}, "equal": true, "final_violations": [{}, {}], "ignition_converged": true, "ignition_loops": 1, "ignition_rules": {}, "quark_limit": false, "quark_moved": 0, "quark_passes": 1, "roles": {"bias": 4, "weight": 2}, "scales": 6, "trial": 459}
TRIAL {"diff": {}, "equal": true, "final_violations": [{}, {}], "ignition_converged": true, "ignition_loops": 1, "ignition_rules": {}, "quark_limit": false, "quark_moved": 0, "quark_passes": 1, "roles": {"activation": 1, "bias": 2}, "scales": 3, "trial": 460}
TRIAL {"diff": {}, "equal": true, "final_violations": [{}, {}], "ignition_converged": true, "ignition_loops": 1, "ignition_rules": {}, "quark_limit": false, "quark_moved": 0, "quark_passes": 1, "roles": {"bias": 1, "weight": 1}, "scales": 2, "trial": 461}
TRIAL {"diff": {}, "equal": true, "final_violations": [{}, {}], "ignition_converged": true, "ignition_loops": 1, "ignition_rules": {}, "quark_limit": false, "quark_moved": 0, "quark_passes": 1, "roles": {"activation": 3, "bias": 1}, "scales": 4, "trial": 462}
TRIAL {"diff": {}, "equal": true, "final_violations": [{}, {}], "ignition_converged": true, "ignition_loops": 1, "ignition_rules": {}, "quark_limit": false, "quark_moved": 0, "quark_passes": 1, "roles": {"bias": 1, "weight": 1}, "scales": 2, "trial": 463}
TRIAL {"diff": {}, "equal": true, "final_violations": [{}, {}], "ignition_converged": true, "ignition_loops": 1, "ignition_rules": {}, "quark_limit": false, "quark_moved": 0, "quark_passes": 1, "roles": {"bias": 2, "weight": 1}, "scales": 3, "trial": 464}
TRIAL {"diff": {}, "equal": true, "final_violations": [{}, {}], "ignition_converged": true, "ignition_loops": 1, "ignition_rules": {}, "quark_limit": false, "quark_moved": 0, "quark_passes": 1, "roles": {"bias": 2}, "scales": 2, "trial": 465}
TRIAL {"diff": {}, "equal": true, "final_violations": [{}, {}], "ignition_converged": true, "ignition_loops": 1, "ignition_rules": {}, "quark_limit": false, "quark_moved": 0, "quark_passes": 1, "roles": {"activation": 1, "bias": 3}, "scales": 4, "trial": 466}
TRIAL {"diff": {}, "equal": true, "final_violations": [{}, {}], "ignition_converged": true, "ignition_loops": 1, "ignition_rules": {}, "quark_limit": false, "quark_moved": 0, "quark_passes": 1, "roles": {"bias": 5, "weight": 1}, "scales": 6, "trial": 467}
TRIAL {"diff": {}, "equal": true, "final_violations": [{}, {}], "ignition_converged": true, "ignition_loops": 1, "ignition_rules": {}, "quark_limit": false, "quark_moved": 0, "quark_passes": 1, "roles": {"activation": 2, "bias": 2, "weight": 1}, "scales": 5, "trial": 468}
TRIAL {"diff": {}, "equal": true, "final_violations": [{}, {}], "ignition_converged": true, "ignition_loops": 1, "ignition_rules": {}, "quark_limit": false, "quark_moved": 0, "quark_passes": 1, "roles": {"activation": 1, "bias": 2, "weight": 2}, "scales": 5, "trial": 469}
TRIAL {"diff": {}, "equal": true, "final_violations": [{}, {}], "ignition_converged": true, "ignition_loops": 1, "ignition_rules": {}, "quark_limit": false, "quark_moved": 0, "quark_passes": 1, "roles": {"activation": 3, "bias": 1, "weight": 1}, "scales": 5, "trial": 470}
TRIAL {"diff": {}, "equal": true, "final_violations": [{}, {}], "ignition_converged": true, "ignition_loops": 1, "ignition_rules": {}, "quark_limit": false, "quark_moved": 0, "quark_passes": 1, "roles": {"activation": 1}, "scales": 1, "trial": 471}
TRIAL {"diff": {}, "equal": true, "final_violations": [{}, {}], "ignition_converged": true, "ignition_loops": 1, "ignition_rules": {}, "quark_limit": false, "quark_moved": 0, "quark_passes": 1, "roles": {"activation": 1, "bias": 1, "weight": 1}, "scales": 3, "trial": 472}
TRIAL {"diff": {}, "equal": true, "final_violations": [{}, {}], "ignition_converged": true, "ignition_loops": 1, "ignition_rules": {}, "quark_limit": false, "quark_moved": 0, "quark_passes": 1, "roles": {"activation": 1}, "scales": 1, "trial": 473}
TRIAL {"diff": {}, "equal": true, "final_violations": [{}, {}], "ignition_converged": true, "ignition_loops": 1, "ignition_rules": {}, "quark_limit": false, "quark_moved": 0, "quark_passes": 1, "roles": {"activation": 1, "bias": 2, "weight": 1}, "scales": 4, "trial": 474}
TRIAL {"diff": {}, "equal": true, "final_violations": [{}, {}], "ignition_converged": true, "ignition_loops": 1, "ignition_rules": {}, "quark_limit": false, "quark_moved": 0, "quark_passes": 1, "roles": {"activation": 1, "bias": 4}, "scales": 5, "trial": 475}
TRIAL {"diff": {}, "equal": true, "final_violations": [{}, {}], "ignition_converged": true, "ignition_loops": 1, "ignition_rules": {}, "quark_limit": false, "quark_moved": 0, "quark_passes": 1, "roles": {"weight": 2}, "scales": 2, "trial": 476}
TRIAL {"diff": {}, "equal": true, "final_violations": [{}, {}], "ignition_converged": true, "ignition_loops": 1, "ignition_rules": {}, "quark_limit": false, "quark_moved": 0, "quark_passes": 1, "roles": {"activation": 2, "bias": 1, "weight": 2}, "scales": 5, "trial": 477}
TRIAL {"diff": {}, "equal": true, "final_violations": [{}, {}], "ignition_converged": true, "ignition_loops": 1, "ignition_rules": {}, "quark_limit": false, "quark_moved": 0, "quark_passes": 1, "roles": {"activation": 1, "weight": 1}, "scales": 2, "trial": 478}
TRIAL {"diff": {}, "equal": true, "final_violations": [{}, {}], "ignition_converged": true, "ignition_loops": 1, "ignition_rules": {}, "quark_limit": false, "quark_moved": 0, "quark_passes": 1, "roles": {"activation": 2, "bias": 2}, "scales": 4, "trial": 479}
TRIAL {"diff": {}, "equal": true, "final_violations": [{}, {}], "ignition_converged": true, "ignition_loops": 1, "ignition_rules": {}, "quark_limit": false, "quark_moved": 0, "quark_passes": 1, "roles": {"weight": 1}, "scales": 1, "trial": 480}
TRIAL {"diff": {}, "equal": true, "final_violations": [{}, {}], "ignition_converged": true, "ignition_loops": 1, "ignition_rules": {}, "quark_limit": false, "quark_moved": 0, "quark_passes": 1, "roles": {"bias": 1, "weight": 1}, "scales": 2, "trial": 481}
TRIAL {"diff": {}, "equal": true, "final_violations": [{}, {}], "ignition_converged": true, "ignition_loops": 2, "ignition_rules": {"shift_write": 1}, "quark_limit": false, "quark_moved": 1, "quark_passes": 2, "roles": {"activation": 3, "bias": 1, "weight": 2}, "scales": 6, "trial": 482}
TRIAL {"diff": {}, "equal": true, "final_violations": [{}, {}], "ignition_converged": true, "ignition_loops": 1, "ignition_rules": {}, "quark_limit": false, "quark_moved": 0, "quark_passes": 1, "roles": {"activation": 4, "bias": 1, "weight": 1}, "scales": 6, "trial": 483}
TRIAL {"diff": {}, "equal": true, "final_violations": [{}, {}], "ignition_converged": true, "ignition_loops": 1, "ignition_rules": {}, "quark_limit": false, "quark_moved": 0, "quark_passes": 1, "roles": {"bias": 2, "weight": 1}, "scales": 3, "trial": 484}
TRIAL {"diff": {}, "equal": true, "final_violations": [{}, {}], "ignition_converged": true, "ignition_loops": 1, "ignition_rules": {}, "quark_limit": false, "quark_moved": 0, "quark_passes": 1, "roles": {"activation": 2, "bias": 1, "weight": 2}, "scales": 5, "trial": 485}
TRIAL {"diff": {}, "equal": true, "final_violations": [{}, {}], "ignition_converged": true, "ignition_loops": 1, "ignition_rules": {}, "quark_limit": false, "quark_moved": 0, "quark_passes": 1, "roles": {"activation": 1}, "scales": 1, "trial": 486}
TRIAL {"diff": {}, "equal": true, "final_violations": [{}, {}], "ignition_converged": true, "ignition_loops": 1, "ignition_rules": {}, "quark_limit": false, "quark_moved": 0, "quark_passes": 1, "roles": {"weight": 1}, "scales": 1, "trial": 487}
TRIAL {"diff": {}, "equal": true, "final_violations": [{}, {}], "ignition_converged": true, "ignition_loops": 1, "ignition_rules": {}, "quark_limit": false, "quark_moved": 0, "quark_passes": 1, "roles": {"activation": 1, "bias": 1}, "scales": 2, "trial": 488}
TRIAL {"diff": {}, "equal": true, "final_violations": [{}, {}], "ignition_converged": true, "ignition_loops": 2, "ignition_rules": {"align_pool": 1}, "quark_limit": false, "quark_moved": 1, "quark_passes": 2, "roles": {"activation": 4, "bias": 1}, "scales": 5, "trial": 489}
TRIAL {"diff": {}, "equal": true, "final_violations": [{}, {}], "ignition_converged": true, "ignition_loops": 1, "ignition_rules": {}, "quark_limit": false, "quark_moved": 0, "quark_passes": 1, "roles": {"activation": 1, "weight": 1}, "scales": 2, "trial": 490}
TRIAL {"diff": {}, "equal": true, "final_violations": [{}, {}], "ignition_converged": true, "ignition_loops": 1, "ignition_rules": {}, "quark_limit": false, "quark_moved": 0, "quark_passes": 1, "roles": {"activation": 2, "bias": 1, "weight": 2}, "scales": 5, "trial": 491}
TRIAL {"diff": {}, "equal": true, "final_violations": [{}, {}], "ignition_converged": true, "ignition_loops": 1, "ignition_rules": {}, "quark_limit": false, "quark_moved": 0, "quark_passes": 1, "roles": {"activation": 2, "bias": 2}, "scales": 4, "trial": 492}
TRIAL {"diff": {}, "equal": true, "final_violations": [{}, {}], "ignition_converged": true, "ignition_loops": 1, "ignition_rules": {}, "quark_limit": false, "quark_moved": 0, "quark_passes": 1, "roles": {"bias": 1}, "scales": 1, "trial": 493}
TRIAL {"diff": {}, "equal": true, "final_violations": [{}, {}], "ignition_converged": true, "ignition_loops": 1, "ignition_rules": {}, "quark_limit": false, "quark_moved": 0, "quark_passes": 1, "roles": {"activation": 1, "bias": 2}, "scales": 3, "trial": 494}
TRIAL {"diff": {}, "equal": true, "final_violations": [{}, {}], "ignition_converged": true, "ignition_loops": 1, "ignition_rules": {}, "quark_limit": false, "quark_moved": 0, "quark_passes": 1, "roles": {"activation": 2, "bias": 3, "weight": 1}, "scales": 6, "trial": 495}
TRIAL {"diff": {}, "equal": true, "final_violations": [{}, {}], "ignition_converged": true, "ignition_loops": 1, "ignition_rules": {}, "quark_limit": false, "quark_moved": 0, "quark_passes": 1, "roles": {"activation": 1, "bias": 1, "weight": 1}, "scales": 3, "trial": 496}
TRIAL {"diff": {}, "equal": true, "final_violations": [{}, {}], "ignition_converged": true, "ignition_loops": 1, "ignition_rules": {}, "quark_limit": false, "quark_moved": 0, "quark_passes": 1, "roles": {"activation": 3, "weight": 3}, "scales": 6, "trial": 497}
TRIAL {"diff": {}, "equal": true, "final_violations": [{}, {}], "ignition_converged": true, "ignition_loops": 1, "ignition_rules": {}, "quark_limit": false, "quark_moved": 0, "quark_passes": 1, "roles": {"activation": 3, "bias": 1, "weight": 1}, "scales": 5, "trial": 498}
TRIAL {"diff": {}, "equal": true, "final_violations": [{}, {}], "ignition_converged": true, "ignition_loops": 1, "ignition_rules": {}, "quark_limit": false, "quark_moved": 0, "quark_passes": 1, "roles": {"activation": 2}, "scales": 2, "trial": 499}
FUZZ_SUMMARY {"converged_with_remaining_violations": 0, "equal": 500, "ignition_rule_totals": {"align_pool": 22, "shift_cut": 18, "shift_write": 1}, "ignition_unconverged": 0, "loop_limit_hits": 0, "trials": 500, "trials_with_moves": 40, "unequal_trials": []}
RAW_DATA_HAZARD {"case": "conv_pruned_cut_high", "ignition": {"converged": true, "equals_float_form_result": true, "loops": 2, "table_changed": true}, "quark": {"equals_float_form_result": false, "limit_warning": true, "modify_messages": 10, "passes": 5, "seconds": 0.521, "table_changed": false}, "scale_storage": {"raw_data": 181}}
REFINE_PROBE_PASS True
