[32m
[QUARK-INFO]: Checking custom ops library ...[0m
[33m
[QUARK-WARNING]: The custom ops library C:\Users\<user>\miniforge3\envs\resnet_env\Lib\site-packages\quark\onnx\operators\custom_ops\lib\custom_ops.dll does NOT exist.[0m
[32m
[QUARK-INFO]: Start compiling CPU version of custom ops library.[0m
C:\Users\<user>\miniforge3\envs\resnet_env\Lib\site-packages\torch\utils\cpp_extension.py:380: UserWarning: Error checking compiler version for cl: [WinError 2] The system cannot find the file specified
  warnings.warn(f'Error checking compiler version for {compiler}: {error}')
INFO: Could not find files for the given pattern(s).
[31m
[QUARK-ERROR]: CPU version of custom ops library compilation failed:Command '['where', 'cl']' returned non-zero exit status 1.[0m
[33m
[QUARK-WARNING]: Custom ops library compilation failed: CPU version of custom ops library compilation failed:Command '['where', 'cl']' returned non-zero exit status 1..[0m
[32m
[QUARK-INFO]: Checked custom ops library.[0m
[33m
[QUARK-WARNING]: The api `activation` has been replaced with `input_tensors` and will be removed in the next release.[0m
[33m
[QUARK-WARNING]: The custom ops library C:\Users\<user>\miniforge3\envs\resnet_env\Lib\site-packages\quark\onnx\operators\custom_ops\lib\custom_ops.dll does NOT exist.[0m
REFINE_PROBE_SETUP {
  "reference": "models/resnet50_quark_nocle_c64.onnx",
  "reference_sha256": "a7a17654f79f141941806c13d26fe9ca12c727ab671eb345e15f5c1345eff0c7",
  "sidecar_hash_matches": true,
  "oracle_include_cle": false,
  "versions": {
    "amd-quark": "0.11rc1",
    "onnx": "1.19.0",
    "numpy": "1.26.4"
  },
  "remove_qdq_op_type": {
    "before": [],
    "after": [
      "Clip",
      "Relu",
      "LeakyRelu",
      "PRelu"
    ]
  },
  "annotate_op_type": [
    "Conv",
    "Add",
    "MaxPool",
    "AveragePool",
    "GlobalAveragePool",
    "MatMul",
    "Gemm",
    "ConvTranspose"
  ],
  "nodes": 380,
  "file_order_topological": false,
  "scales": 181,
  "roles": {
    "activation": 73,
    "bias": 54,
    "weight": 54
  },
  "convs": 54,
  "bridged_convs": 33,
  "adds": 16,
  "bridged_adds": 16,
  "pools": [
    [
      "MaxPool",
      true
    ],
    [
      "GlobalAveragePool",
      false
    ]
  ],
  "reference_scale_storage": {
    "float_data": 181
  },
  "baseline_violations": {},
  "max_loops": 5,
  "trials": 300,
  "seed": 1,
  "max_scales": 12,
  "max_shift": 12,
  "ignition_model": {
    "path": "models/resnet50_ignition_alpha_nocle_c64.onnx",
    "sha256": "afe15baa15a250ffdb0b68c5ce1f97efc1720d4c53140be42164321e7fb0686d",
    "scale_storage": {
      "raw_data": 181
    }
  }
}
CASE {"case": "control_unperturbed", "diff": {}, "equal": true, "ignition": {"changes_by_rule": {}, "converged": true, "integers_unchanged": true, "loops": 1, "moved": {}, "seconds": 0.033, "violations": {}}, "kind": "control", "perturbation": {}, "quark": {"integers_unchanged": true, "limit_warning": false, "modify_messages": 0, "moved": {}, "passes": 1, "seconds": 0.114, "violations": {}}, "start_violations": {}}
CASE {"case": "conv_pruned_cut_high", "diff": {}, "equal": true, "ignition": {"changes_by_rule": {"shift_cut": 1}, "converged": true, "integers_unchanged": true, "loops": 2, "moved": {"onnx::Conv_497_scale": [16, 12]}, "seconds": 0.06, "violations": {}}, "kind": "single_rule", "perturbation": {"onnx::Conv_497_scale": 16}, "quark": {"integers_unchanged": true, "limit_warning": false, "modify_messages": 1, "moved": {"onnx::Conv_497_scale": [16, 12]}, "passes": 2, "seconds": 0.223, "violations": {}}, "start_violations": {"shift_bias": 1, "shift_cut": 1}}
CASE {"case": "conv_pruned_cut_low", "diff": {}, "equal": true, "ignition": {"changes_by_rule": {"shift_cut": 1}, "converged": true, "integers_unchanged": true, "loops": 2, "moved": {"onnx::Conv_497_scale": [-7, -4]}, "seconds": 0.06, "violations": {}}, "kind": "single_rule", "perturbation": {"onnx::Conv_497_scale": -7}, "quark": {"integers_unchanged": true, "limit_warning": false, "modify_messages": 1, "moved": {"onnx::Conv_497_scale": [-7, -4]}, "passes": 2, "seconds": 0.227, "violations": {}}, "start_violations": {"shift_cut": 1}}
CASE {"case": "conv_pruned_bias_high", "diff": {}, "equal": true, "ignition": {"changes_by_rule": {"shift_bias": 1}, "converged": true, "integers_unchanged": true, "loops": 2, "moved": {"onnx::Conv_498_scale": [-9, -4]}, "seconds": 0.055, "violations": {}}, "kind": "single_rule", "perturbation": {"onnx::Conv_498_scale": -9}, "quark": {"integers_unchanged": true, "limit_warning": false, "modify_messages": 1, "moved": {"onnx::Conv_498_scale": [-9, -4]}, "passes": 2, "seconds": 0.228, "violations": {}}, "start_violations": {"shift_bias": 1}}
CASE {"case": "conv_pruned_bias_low", "diff": {}, "equal": true, "ignition": {"changes_by_rule": {"shift_bias": 1}, "converged": true, "integers_unchanged": true, "loops": 2, "moved": {"onnx::Conv_498_scale": [20, 17]}, "seconds": 0.054, "violations": {}}, "kind": "single_rule", "perturbation": {"onnx::Conv_498_scale": 20}, "quark": {"integers_unchanged": true, "limit_warning": false, "modify_messages": 1, "moved": {"onnx::Conv_498_scale": [20, 17]}, "passes": 2, "seconds": 0.207, "violations": {}}, "start_violations": {"shift_bias": 1}}
CASE {"case": "conv_direct_cut_high", "diff": {}, "equal": true, "ignition": {"changes_by_rule": {"shift_bias": 1, "shift_cut": 1}, "converged": true, "integers_unchanged": true, "loops": 2, "moved": {"onnx::Conv_509_scale": [22, 18], "onnx::Conv_510_scale": [2, 4]}, "seconds": 0.052, "violations": {}}, "kind": "single_rule", "perturbation": {"onnx::Conv_509_scale": 22}, "quark": {"integers_unchanged": true, "limit_warning": false, "modify_messages": 2, "moved": {"onnx::Conv_509_scale": [22, 18], "onnx::Conv_510_scale": [2, 4]}, "passes": 2, "seconds": 0.199, "violations": {}}, "start_violations": {"shift_bias": 1, "shift_cut": 1}}
CASE {"case": "conv_direct_cut_low", "diff": {}, "equal": true, "ignition": {"changes_by_rule": {"shift_cut": 1}, "converged": true, "integers_unchanged": true, "loops": 2, "moved": {"onnx::Conv_509_scale": [-1, 2]}, "seconds": 0.052, "violations": {}}, "kind": "single_rule", "perturbation": {"onnx::Conv_509_scale": -1}, "quark": {"integers_unchanged": true, "limit_warning": false, "modify_messages": 1, "moved": {"onnx::Conv_509_scale": [-1, 2]}, "passes": 2, "seconds": 0.199, "violations": {}}, "start_violations": {"shift_cut": 1}}
CASE {"case": "conv_direct_bias_high", "diff": {}, "equal": true, "ignition": {"changes_by_rule": {"shift_bias": 1}, "converged": true, "integers_unchanged": true, "loops": 2, "moved": {"onnx::Conv_510_scale": [-13, -8]}, "seconds": 0.052, "violations": {}}, "kind": "single_rule", "perturbation": {"onnx::Conv_510_scale": -13}, "quark": {"integers_unchanged": true, "limit_warning": false, "modify_messages": 1, "moved": {"onnx::Conv_510_scale": [-13, -8]}, "passes": 2, "seconds": 0.2, "violations": {}}, "start_violations": {"shift_bias": 1}}
CASE {"case": "conv_direct_bias_low", "diff": {}, "equal": true, "ignition": {"changes_by_rule": {"shift_bias": 1}, "converged": true, "integers_unchanged": true, "loops": 2, "moved": {"onnx::Conv_510_scale": [22, 19]}, "seconds": 0.051, "violations": {}}, "kind": "single_rule", "perturbation": {"onnx::Conv_510_scale": 22}, "quark": {"integers_unchanged": true, "limit_warning": false, "modify_messages": 1, "moved": {"onnx::Conv_510_scale": [22, 19]}, "passes": 2, "seconds": 0.198, "violations": {}}, "start_violations": {"shift_bias": 1}}
CASE {"case": "gemm_cut_high", "diff": {}, "equal": true, "ignition": {"changes_by_rule": {"shift_cut": 1}, "converged": true, "integers_unchanged": true, "loops": 2, "moved": {"fc.weight_scale": [18, 14]}, "seconds": 0.053, "violations": {}}, "kind": "single_rule", "perturbation": {"fc.weight_scale": 18}, "quark": {"integers_unchanged": true, "limit_warning": false, "modify_messages": 1, "moved": {"fc.weight_scale": [18, 14]}, "passes": 2, "seconds": 0.194, "violations": {}}, "start_violations": {"shift_bias": 1, "shift_cut": 1}}
CASE {"case": "gemm_cut_low", "diff": {}, "equal": true, "ignition": {"changes_by_rule": {"shift_cut": 1}, "converged": true, "integers_unchanged": true, "loops": 2, "moved": {"fc.weight_scale": [-5, -2]}, "seconds": 0.053, "violations": {}}, "kind": "single_rule", "perturbation": {"fc.weight_scale": -5}, "quark": {"integers_unchanged": true, "limit_warning": false, "modify_messages": 1, "moved": {"fc.weight_scale": [-5, -2]}, "passes": 2, "seconds": 0.196, "violations": {}}, "start_violations": {"shift_cut": 1}}
CASE {"case": "gemm_bias_high", "diff": {}, "equal": true, "ignition": {"changes_by_rule": {"shift_bias": 1}, "converged": true, "integers_unchanged": true, "loops": 2, "moved": {"fc.bias_scale": [-10, -5]}, "seconds": 0.052, "violations": {}}, "kind": "single_rule", "perturbation": {"fc.bias_scale": -10}, "quark": {"integers_unchanged": true, "limit_warning": false, "modify_messages": 1, "moved": {"fc.bias_scale": [-10, -5]}, "passes": 2, "seconds": 0.199, "violations": {}}, "start_violations": {"shift_bias": 1}}
CASE {"case": "gemm_bias_low", "diff": {}, "equal": true, "ignition": {"changes_by_rule": {"shift_bias": 1}, "converged": true, "integers_unchanged": true, "loops": 2, "moved": {"fc.bias_scale": [22, 19]}, "seconds": 0.051, "violations": {}}, "kind": "single_rule", "perturbation": {"fc.bias_scale": 22}, "quark": {"integers_unchanged": true, "limit_warning": false, "modify_messages": 1, "moved": {"fc.bias_scale": [22, 19]}, "passes": 2, "seconds": 0.199, "violations": {}}, "start_violations": {"shift_bias": 1}}
CASE {"case": "add_read_high_input0", "diff": {}, "equal": true, "ignition": {"changes_by_rule": {"shift_cut": 1, "shift_read": 1}, "converged": true, "integers_unchanged": true, "loops": 2, "moved": {"/layer1/layer1.0/conv3/Conv_output_0_scale": [12, 10], "onnx::Conv_506_scale": [6, 9]}, "seconds": 0.053, "violations": {}}, "kind": "cascade", "perturbation": {"/layer1/layer1.0/conv3/Conv_output_0_scale": 12}, "quark": {"integers_unchanged": true, "limit_warning": false, "modify_messages": 2, "moved": {"/layer1/layer1.0/conv3/Conv_output_0_scale": [12, 10], "onnx::Conv_506_scale": [6, 9]}, "passes": 2, "seconds": 0.197, "violations": {}}, "start_violations": {"shift_cut": 1, "shift_read": 1}}
CASE {"case": "add_read_high_input1", "diff": {}, "equal": true, "ignition": {"changes_by_rule": {"shift_cut": 1, "shift_read": 1}, "converged": true, "integers_unchanged": true, "loops": 2, "moved": {"/layer1/layer1.0/downsample/downsample.0/Conv_output_0_scale": [12, 10], "onnx::Conv_509_scale": [6, 9]}, "seconds": 0.051, "violations": {}}, "kind": "cascade", "perturbation": {"/layer1/layer1.0/downsample/downsample.0/Conv_output_0_scale": 12}, "quark": {"integers_unchanged": true, "limit_warning": false, "modify_messages": 2, "moved": {"/layer1/layer1.0/downsample/downsample.0/Conv_output_0_scale": [12, 10], "onnx::Conv_509_scale": [6, 9]}, "passes": 2, "seconds": 0.197, "violations": {}}, "start_violations": {"shift_cut": 1, "shift_read": 1}}
CASE {"case": "add_write_low", "diff": {}, "equal": true, "ignition": {"changes_by_rule": {"shift_read": 1}, "converged": true, "integers_unchanged": true, "loops": 2, "moved": {"/layer1/layer1.0/act3/Relu_output_0_scale": [13, 10]}, "seconds": 0.052, "violations": {}}, "kind": "cascade", "perturbation": {"/layer1/layer1.0/act3/Relu_output_0_scale": 13}, "quark": {"integers_unchanged": true, "limit_warning": false, "modify_messages": 1, "moved": {"/layer1/layer1.0/act3/Relu_output_0_scale": [13, 10]}, "passes": 2, "seconds": 0.198, "violations": {}}, "start_violations": {"shift_bias": 1, "shift_read": 1, "shift_write": 1}}
CASE {"case": "add_write_high", "diff": {}, "equal": true, "ignition": {"changes_by_rule": {"shift_bias": 1, "shift_cut": 5, "shift_read": 2, "shift_write": 3}, "converged": true, "integers_unchanged": true, "loops": 3, "moved": {"/layer1/layer1.0/act3/Relu_output_0_scale": [-27, -22], "/layer1/layer1.1/act3/Relu_output_0_scale": [3, -15], "/layer1/layer1.1/conv3/Conv_output_0_scale": [3, -20], "/layer1/layer1.2/act3/Relu_output_0_scale": [3, -8], "/layer1/layer1.2/conv3/Conv_output_0_scale": [2, -8], "onnx::Conv_512_scale": [7, 26], "onnx::Conv_518_scale": [5, -7], "onnx::Conv_519_scale": [3, -4], "onnx::Conv_521_scale": [6, 18], "onnx::Conv_530_scale": [6, 11], "onnx::Conv_539_scale": [5, 10]}, "seconds": 0.076, "violations": {}}, "kind": "cascade", "perturbation": {"/layer1/layer1.0/act3/Relu_output_0_scale": -27}, "quark": {"integers_unchanged": true, "limit_warning": false, "modify_messages": 11, "moved": {"/layer1/layer1.0/act3/Relu_output_0_scale": [-27, -22], "/layer1/layer1.1/act3/Relu_output_0_scale": [3, -15], "/layer1/layer1.1/conv3/Conv_output_0_scale": [3, -20], "/layer1/layer1.2/act3/Relu_output_0_scale": [3, -8], "/layer1/layer1.2/conv3/Conv_output_0_scale": [2, -8], "onnx::Conv_512_scale": [7, 26], "onnx::Conv_518_scale": [5, -7], "onnx::Conv_519_scale": [3, -4], "onnx::Conv_521_scale": [6, 18], "onnx::Conv_530_scale": [6, 11], "onnx::Conv_539_scale": [5, 10]}, "passes": 3, "seconds": 0.298, "violations": {}}, "start_violations": {"shift_cut": 1, "shift_read": 1, "shift_write": 2}}
CASE {"case": "gap_pool_high", "diff": {}, "equal": true, "ignition": {"changes_by_rule": {"align_pool": 1}, "converged": true, "integers_unchanged": true, "loops": 2, "moved": {"/global_pool/pool/GlobalAveragePool_output_0_scale": [5, 2]}, "seconds": 0.051, "violations": {}}, "kind": "cascade", "perturbation": {"/global_pool/pool/GlobalAveragePool_output_0_scale": 5}, "quark": {"integers_unchanged": true, "limit_warning": false, "modify_messages": 1, "moved": {"/global_pool/pool/GlobalAveragePool_output_0_scale": [5, 2]}, "passes": 2, "seconds": 0.195, "violations": {}}, "start_violations": {"align_pool": 1}}
CASE {"case": "gap_pool_low", "diff": {}, "equal": true, "ignition": {"changes_by_rule": {"align_pool": 1}, "converged": true, "integers_unchanged": true, "loops": 2, "moved": {"/layer4/layer4.2/act3/Relu_output_0_scale": [2, -1]}, "seconds": 0.052, "violations": {}}, "kind": "cascade", "perturbation": {"/global_pool/pool/GlobalAveragePool_output_0_scale": -1}, "quark": {"integers_unchanged": true, "limit_warning": false, "modify_messages": 1, "moved": {"/layer4/layer4.2/act3/Relu_output_0_scale": [2, -1]}, "passes": 2, "seconds": 0.195, "violations": {}}, "start_violations": {"align_pool": 1}}
CASE {"case": "gap_loop_limit", "diff": {}, "equal": true, "ignition": {"changes_by_rule": {"align_pool": 5, "shift_write": 5}, "converged": false, "integers_unchanged": true, "loops": 5, "moved": {"/layer4/layer4.2/act3/Relu_output_0_scale": [2, -22]}, "seconds": 0.141, "violations": {"align_pool": 1}}, "kind": "loop_limit", "perturbation": {"/global_pool/pool/GlobalAveragePool_output_0_scale": -38}, "quark": {"integers_unchanged": true, "limit_warning": true, "modify_messages": 10, "moved": {"/layer4/layer4.2/act3/Relu_output_0_scale": [2, -22]}, "passes": 5, "seconds": 0.526, "violations": {"align_pool": 1}}, "start_violations": {"align_pool": 1}}
CASE {"case": "multi_rule", "diff": {}, "equal": true, "ignition": {"changes_by_rule": {"align_pool": 1, "shift_bias": 1, "shift_cut": 3, "shift_read": 2}, "converged": true, "integers_unchanged": true, "loops": 2, "moved": {"/global_pool/pool/GlobalAveragePool_output_0_scale": [5, 2], "/layer1/layer1.1/conv3/Conv_output_0_scale": [12, 10], "/layer2/layer2.1/act3/Relu_output_0_scale": [12, 9], "fc.weight_scale": [-5, -2], "onnx::Conv_497_scale": [16, 12], "onnx::Conv_510_scale": [-13, -8], "onnx::Conv_518_scale": [5, 7]}, "seconds": 0.053, "violations": {}}, "kind": "cascade", "perturbation": {"/global_pool/pool/GlobalAveragePool_output_0_scale": 5, "/layer1/layer1.1/conv3/Conv_output_0_scale": 12, "/layer2/layer2.1/act3/Relu_output_0_scale": 12, "fc.weight_scale": -5, "onnx::Conv_497_scale": 16, "onnx::Conv_510_scale": -13}, "quark": {"integers_unchanged": true, "limit_warning": false, "modify_messages": 7, "moved": {"/global_pool/pool/GlobalAveragePool_output_0_scale": [5, 2], "/layer1/layer1.1/conv3/Conv_output_0_scale": [12, 10], "/layer2/layer2.1/act3/Relu_output_0_scale": [12, 9], "fc.weight_scale": [-5, -2], "onnx::Conv_497_scale": [16, 12], "onnx::Conv_510_scale": [-13, -8], "onnx::Conv_518_scale": [5, 7]}, "passes": 2, "seconds": 0.207, "violations": {}}, "start_violations": {"align_pool": 1, "shift_bias": 3, "shift_cut": 3, "shift_read": 2, "shift_write": 1}}
DIRECTED_SUMMARY {"cases": 20, "converged_both": 19, "equal": 20, "ignition_rule_totals": {"align_pool": 8, "shift_bias": 9, "shift_cut": 16, "shift_read": 7, "shift_write": 8}, "unequal": []}
TRIAL {"diff": {}, "equal": true, "final_violations": [{}, {}], "ignition_converged": true, "ignition_loops": 2, "ignition_rules": {"shift_bias": 1, "shift_cut": 2}, "quark_limit": false, "quark_moved": 3, "quark_passes": 2, "roles": {"activation": 3, "bias": 2, "weight": 1}, "scales": 6, "trial": 0}
TRIAL {"diff": {}, "equal": true, "final_violations": [{}, {}], "ignition_converged": true, "ignition_loops": 1, "ignition_rules": {}, "quark_limit": false, "quark_moved": 0, "quark_passes": 1, "roles": {"activation": 1, "weight": 1}, "scales": 2, "trial": 1}
TRIAL {"diff": {}, "equal": true, "final_violations": [{}, {}], "ignition_converged": true, "ignition_loops": 1, "ignition_rules": {}, "quark_limit": false, "quark_moved": 0, "quark_passes": 1, "roles": {"activation": 1}, "scales": 1, "trial": 2}
TRIAL {"diff": {}, "equal": true, "final_violations": [{}, {}], "ignition_converged": true, "ignition_loops": 2, "ignition_rules": {"shift_cut": 1}, "quark_limit": false, "quark_moved": 1, "quark_passes": 2, "roles": {"activation": 3, "bias": 1}, "scales": 4, "trial": 3}
TRIAL {"diff": {}, "equal": true, "final_violations": [{}, {}], "ignition_converged": true, "ignition_loops": 1, "ignition_rules": {}, "quark_limit": false, "quark_moved": 0, "quark_passes": 1, "roles": {"activation": 1, "bias": 1}, "scales": 2, "trial": 4}
TRIAL {"diff": {}, "equal": true, "final_violations": [{}, {}], "ignition_converged": true, "ignition_loops": 1, "ignition_rules": {}, "quark_limit": false, "quark_moved": 0, "quark_passes": 1, "roles": {"activation": 1}, "scales": 1, "trial": 5}
TRIAL {"diff": {}, "equal": true, "final_violations": [{}, {}], "ignition_converged": true, "ignition_loops": 2, "ignition_rules": {"shift_bias": 1, "shift_cut": 5, "shift_read": 1}, "quark_limit": false, "quark_moved": 7, "quark_passes": 2, "roles": {"activation": 4, "bias": 2}, "scales": 6, "trial": 6}
TRIAL {"diff": {}, "equal": true, "final_violations": [{}, {}], "ignition_converged": true, "ignition_loops": 2, "ignition_rules": {"shift_cut": 1, "shift_read": 1, "shift_write": 1}, "quark_limit": false, "quark_moved": 3, "quark_passes": 2, "roles": {"activation": 4, "bias": 2}, "scales": 6, "trial": 7}
TRIAL {"diff": {}, "equal": true, "final_violations": [{}, {}], "ignition_converged": true, "ignition_loops": 2, "ignition_rules": {"shift_bias": 1, "shift_cut": 1}, "quark_limit": false, "quark_moved": 2, "quark_passes": 2, "roles": {"activation": 3, "bias": 4, "weight": 4}, "scales": 11, "trial": 8}
TRIAL {"diff": {}, "equal": true, "final_violations": [{}, {}], "ignition_converged": true, "ignition_loops": 2, "ignition_rules": {"shift_bias": 1}, "quark_limit": false, "quark_moved": 1, "quark_passes": 2, "roles": {"activation": 1, "bias": 1}, "scales": 2, "trial": 9}
TRIAL {"diff": {}, "equal": true, "final_violations": [{}, {}], "ignition_converged": true, "ignition_loops": 2, "ignition_rules": {"shift_cut": 2}, "quark_limit": false, "quark_moved": 2, "quark_passes": 2, "roles": {"activation": 2, "bias": 2, "weight": 2}, "scales": 6, "trial": 10}
TRIAL {"diff": {}, "equal": true, "final_violations": [{}, {}], "ignition_converged": true, "ignition_loops": 1, "ignition_rules": {}, "quark_limit": false, "quark_moved": 0, "quark_passes": 1, "roles": {"activation": 1, "bias": 3, "weight": 1}, "scales": 5, "trial": 11}
TRIAL {"diff": {}, "equal": true, "final_violations": [{}, {}], "ignition_converged": true, "ignition_loops": 2, "ignition_rules": {"shift_bias": 1, "shift_cut": 2, "shift_read": 1}, "quark_limit": false, "quark_moved": 4, "quark_passes": 2, "roles": {"activation": 5, "bias": 4}, "scales": 9, "trial": 12}
TRIAL {"diff": {}, "equal": true, "final_violations": [{}, {}], "ignition_converged": true, "ignition_loops": 2, "ignition_rules": {"shift_cut": 2}, "quark_limit": false, "quark_moved": 2, "quark_passes": 2, "roles": {"activation": 4, "bias": 1}, "scales": 5, "trial": 13}
TRIAL {"diff": {}, "equal": true, "final_violations": [{}, {}], "ignition_converged": true, "ignition_loops": 3, "ignition_rules": {"align_pool": 1, "shift_cut": 3, "shift_read": 2, "shift_write": 1}, "quark_limit": false, "quark_moved": 7, "quark_passes": 3, "roles": {"activation": 3, "bias": 3, "weight": 1}, "scales": 7, "trial": 14}
TRIAL {"diff": {}, "equal": true, "final_violations": [{}, {}], "ignition_converged": true, "ignition_loops": 2, "ignition_rules": {"shift_bias": 1, "shift_cut": 3, "shift_read": 1}, "quark_limit": false, "quark_moved": 5, "quark_passes": 2, "roles": {"activation": 2, "bias": 2, "weight": 2}, "scales": 6, "trial": 15}
TRIAL {"diff": {}, "equal": true, "final_violations": [{}, {}], "ignition_converged": true, "ignition_loops": 2, "ignition_rules": {"shift_bias": 2}, "quark_limit": false, "quark_moved": 2, "quark_passes": 2, "roles": {"activation": 1, "bias": 2, "weight": 2}, "scales": 5, "trial": 16}
TRIAL {"diff": {}, "equal": true, "final_violations": [{}, {}], "ignition_converged": true, "ignition_loops": 2, "ignition_rules": {"shift_bias": 1, "shift_cut": 2, "shift_read": 1, "shift_write": 1}, "quark_limit": false, "quark_moved": 5, "quark_passes": 2, "roles": {"activation": 4, "bias": 2, "weight": 1}, "scales": 7, "trial": 17}
TRIAL {"diff": {}, "equal": true, "final_violations": [{}, {}], "ignition_converged": true, "ignition_loops": 2, "ignition_rules": {"shift_bias": 1, "shift_cut": 1}, "quark_limit": false, "quark_moved": 2, "quark_passes": 2, "roles": {"activation": 1, "bias": 2, "weight": 1}, "scales": 4, "trial": 18}
TRIAL {"diff": {}, "equal": true, "final_violations": [{}, {}], "ignition_converged": true, "ignition_loops": 2, "ignition_rules": {"shift_cut": 1}, "quark_limit": false, "quark_moved": 1, "quark_passes": 2, "roles": {"activation": 3, "bias": 1, "weight": 5}, "scales": 9, "trial": 19}
TRIAL {"diff": {}, "equal": true, "final_violations": [{}, {}], "ignition_converged": true, "ignition_loops": 2, "ignition_rules": {"shift_bias": 1, "shift_cut": 1}, "quark_limit": false, "quark_moved": 2, "quark_passes": 2, "roles": {"weight": 1}, "scales": 1, "trial": 20}
TRIAL {"diff": {}, "equal": true, "final_violations": [{}, {}], "ignition_converged": true, "ignition_loops": 2, "ignition_rules": {"shift_bias": 2, "shift_cut": 4}, "quark_limit": false, "quark_moved": 6, "quark_passes": 2, "roles": {"activation": 5, "bias": 3, "weight": 3}, "scales": 11, "trial": 21}
TRIAL {"diff": {}, "equal": true, "final_violations": [{}, {}], "ignition_converged": true, "ignition_loops": 2, "ignition_rules": {"shift_bias": 1}, "quark_limit": false, "quark_moved": 1, "quark_passes": 2, "roles": {"activation": 5, "bias": 3, "weight": 3}, "scales": 11, "trial": 22}
TRIAL {"diff": {}, "equal": true, "final_violations": [{}, {}], "ignition_converged": true, "ignition_loops": 2, "ignition_rules": {"shift_cut": 1}, "quark_limit": false, "quark_moved": 1, "quark_passes": 2, "roles": {"activation": 2, "bias": 3, "weight": 3}, "scales": 8, "trial": 23}
TRIAL {"diff": {}, "equal": true, "final_violations": [{}, {}], "ignition_converged": true, "ignition_loops": 2, "ignition_rules": {"shift_bias": 1, "shift_cut": 3, "shift_read": 1}, "quark_limit": false, "quark_moved": 5, "quark_passes": 2, "roles": {"activation": 5, "bias": 1, "weight": 3}, "scales": 9, "trial": 24}
TRIAL {"diff": {}, "equal": true, "final_violations": [{}, {}], "ignition_converged": true, "ignition_loops": 2, "ignition_rules": {"shift_bias": 1, "shift_cut": 1, "shift_read": 1}, "quark_limit": false, "quark_moved": 3, "quark_passes": 2, "roles": {"activation": 3, "bias": 2, "weight": 2}, "scales": 7, "trial": 25}
TRIAL {"diff": {}, "equal": true, "final_violations": [{}, {}], "ignition_converged": true, "ignition_loops": 1, "ignition_rules": {}, "quark_limit": false, "quark_moved": 0, "quark_passes": 1, "roles": {"activation": 1, "weight": 1}, "scales": 2, "trial": 26}
TRIAL {"diff": {}, "equal": true, "final_violations": [{}, {}], "ignition_converged": true, "ignition_loops": 2, "ignition_rules": {"shift_bias": 1, "shift_cut": 1}, "quark_limit": false, "quark_moved": 2, "quark_passes": 2, "roles": {"activation": 5, "bias": 5, "weight": 2}, "scales": 12, "trial": 27}
TRIAL {"diff": {}, "equal": true, "final_violations": [{}, {}], "ignition_converged": true, "ignition_loops": 2, "ignition_rules": {"shift_cut": 1}, "quark_limit": false, "quark_moved": 1, "quark_passes": 2, "roles": {"bias": 1, "weight": 2}, "scales": 3, "trial": 28}
TRIAL {"diff": {}, "equal": true, "final_violations": [{}, {}], "ignition_converged": true, "ignition_loops": 1, "ignition_rules": {}, "quark_limit": false, "quark_moved": 0, "quark_passes": 1, "roles": {"activation": 1, "bias": 3, "weight": 1}, "scales": 5, "trial": 29}
TRIAL {"diff": {}, "equal": true, "final_violations": [{}, {}], "ignition_converged": true, "ignition_loops": 1, "ignition_rules": {}, "quark_limit": false, "quark_moved": 0, "quark_passes": 1, "roles": {"activation": 2, "bias": 2, "weight": 2}, "scales": 6, "trial": 30}
TRIAL {"diff": {}, "equal": true, "final_violations": [{}, {}], "ignition_converged": true, "ignition_loops": 2, "ignition_rules": {"shift_bias": 1, "shift_cut": 1, "shift_read": 1}, "quark_limit": false, "quark_moved": 3, "quark_passes": 2, "roles": {"activation": 3, "bias": 1, "weight": 2}, "scales": 6, "trial": 31}
TRIAL {"diff": {}, "equal": true, "final_violations": [{}, {}], "ignition_converged": true, "ignition_loops": 2, "ignition_rules": {"shift_cut": 3, "shift_read": 1}, "quark_limit": false, "quark_moved": 4, "quark_passes": 2, "roles": {"activation": 2, "bias": 2, "weight": 1}, "scales": 5, "trial": 32}
TRIAL {"diff": {}, "equal": true, "final_violations": [{}, {}], "ignition_converged": true, "ignition_loops": 2, "ignition_rules": {"shift_bias": 1}, "quark_limit": false, "quark_moved": 1, "quark_passes": 2, "roles": {"activation": 4, "bias": 1, "weight": 3}, "scales": 8, "trial": 33}
TRIAL {"diff": {}, "equal": true, "final_violations": [{}, {}], "ignition_converged": true, "ignition_loops": 2, "ignition_rules": {"shift_read": 1}, "quark_limit": false, "quark_moved": 1, "quark_passes": 2, "roles": {"activation": 1}, "scales": 1, "trial": 34}
TRIAL {"diff": {}, "equal": true, "final_violations": [{}, {}], "ignition_converged": true, "ignition_loops": 2, "ignition_rules": {"shift_bias": 1, "shift_cut": 2}, "quark_limit": false, "quark_moved": 3, "quark_passes": 2, "roles": {"activation": 5, "bias": 5, "weight": 1}, "scales": 11, "trial": 35}
TRIAL {"diff": {}, "equal": true, "final_violations": [{}, {}], "ignition_converged": true, "ignition_loops": 2, "ignition_rules": {"shift_cut": 1}, "quark_limit": false, "quark_moved": 1, "quark_passes": 2, "roles": {"bias": 2, "weight": 1}, "scales": 3, "trial": 36}
TRIAL {"diff": {}, "equal": true, "final_violations": [{}, {}], "ignition_converged": true, "ignition_loops": 2, "ignition_rules": {"shift_bias": 1, "shift_cut": 5, "shift_read": 2, "shift_write": 2}, "quark_limit": false, "quark_moved": 10, "quark_passes": 2, "roles": {"activation": 5, "bias": 1, "weight": 2}, "scales": 8, "trial": 37}
TRIAL {"diff": {}, "equal": true, "final_violations": [{}, {}], "ignition_converged": true, "ignition_loops": 2, "ignition_rules": {"shift_bias": 1, "shift_cut": 1}, "quark_limit": false, "quark_moved": 2, "quark_passes": 2, "roles": {"activation": 4, "bias": 4, "weight": 2}, "scales": 10, "trial": 38}
TRIAL {"diff": {}, "equal": true, "final_violations": [{}, {}], "ignition_converged": true, "ignition_loops": 2, "ignition_rules": {"shift_bias": 3, "shift_cut": 1}, "quark_limit": false, "quark_moved": 4, "quark_passes": 2, "roles": {"activation": 1, "bias": 5, "weight": 3}, "scales": 9, "trial": 39}
TRIAL {"diff": {}, "equal": true, "final_violations": [{}, {}], "ignition_converged": true, "ignition_loops": 2, "ignition_rules": {"shift_read": 1, "shift_write": 1}, "quark_limit": false, "quark_moved": 2, "quark_passes": 2, "roles": {"activation": 3, "bias": 1, "weight": 1}, "scales": 5, "trial": 40}
TRIAL {"diff": {}, "equal": true, "final_violations": [{}, {}], "ignition_converged": true, "ignition_loops": 2, "ignition_rules": {"shift_bias": 1}, "quark_limit": false, "quark_moved": 1, "quark_passes": 2, "roles": {"activation": 2, "bias": 5, "weight": 4}, "scales": 11, "trial": 41}
TRIAL {"diff": {}, "equal": true, "final_violations": [{}, {}], "ignition_converged": true, "ignition_loops": 1, "ignition_rules": {}, "quark_limit": false, "quark_moved": 0, "quark_passes": 1, "roles": {"activation": 1}, "scales": 1, "trial": 42}
TRIAL {"diff": {}, "equal": true, "final_violations": [{}, {}], "ignition_converged": true, "ignition_loops": 2, "ignition_rules": {"shift_bias": 3, "shift_cut": 3, "shift_read": 1}, "quark_limit": false, "quark_moved": 7, "quark_passes": 2, "roles": {"activation": 6, "bias": 4, "weight": 2}, "scales": 12, "trial": 43}
TRIAL {"diff": {}, "equal": true, "final_violations": [{}, {}], "ignition_converged": true, "ignition_loops": 2, "ignition_rules": {"shift_bias": 1, "shift_cut": 2, "shift_read": 1}, "quark_limit": false, "quark_moved": 4, "quark_passes": 2, "roles": {"activation": 1, "bias": 3, "weight": 5}, "scales": 9, "trial": 44}
TRIAL {"diff": {}, "equal": true, "final_violations": [{}, {}], "ignition_converged": true, "ignition_loops": 3, "ignition_rules": {"align_pool": 1, "shift_bias": 2, "shift_cut": 4, "shift_read": 2, "shift_write": 1}, "quark_limit": false, "quark_moved": 10, "quark_passes": 3, "roles": {"activation": 6, "bias": 4, "weight": 2}, "scales": 12, "trial": 45}
TRIAL {"diff": {}, "equal": true, "final_violations": [{}, {}], "ignition_converged": true, "ignition_loops": 2, "ignition_rules": {"shift_bias": 1, "shift_cut": 1, "shift_read": 3, "shift_write": 1}, "quark_limit": false, "quark_moved": 6, "quark_passes": 2, "roles": {"activation": 4, "bias": 3, "weight": 1}, "scales": 8, "trial": 46}
TRIAL {"diff": {}, "equal": true, "final_violations": [{}, {}], "ignition_converged": true, "ignition_loops": 2, "ignition_rules": {"shift_bias": 1, "shift_cut": 3}, "quark_limit": false, "quark_moved": 4, "quark_passes": 2, "roles": {"activation": 5, "bias": 1, "weight": 5}, "scales": 11, "trial": 47}
TRIAL {"diff": {}, "equal": true, "final_violations": [{}, {}], "ignition_converged": true, "ignition_loops": 2, "ignition_rules": {"shift_bias": 2, "shift_cut": 1, "shift_read": 1}, "quark_limit": false, "quark_moved": 4, "quark_passes": 2, "roles": {"activation": 4, "bias": 5, "weight": 2}, "scales": 11, "trial": 48}
TRIAL {"diff": {}, "equal": true, "final_violations": [{}, {}], "ignition_converged": true, "ignition_loops": 2, "ignition_rules": {"shift_bias": 2, "shift_cut": 4, "shift_read": 1}, "quark_limit": false, "quark_moved": 7, "quark_passes": 2, "roles": {"activation": 3, "weight": 4}, "scales": 7, "trial": 49}
TRIAL {"diff": {}, "equal": true, "final_violations": [{}, {}], "ignition_converged": true, "ignition_loops": 1, "ignition_rules": {}, "quark_limit": false, "quark_moved": 0, "quark_passes": 1, "roles": {"activation": 1, "weight": 1}, "scales": 2, "trial": 50}
TRIAL {"diff": {}, "equal": true, "final_violations": [{}, {}], "ignition_converged": true, "ignition_loops": 2, "ignition_rules": {"shift_bias": 2, "shift_cut": 3, "shift_read": 1}, "quark_limit": false, "quark_moved": 6, "quark_passes": 2, "roles": {"activation": 4, "bias": 2, "weight": 4}, "scales": 10, "trial": 51}
TRIAL {"diff": {}, "equal": true, "final_violations": [{}, {}], "ignition_converged": true, "ignition_loops": 2, "ignition_rules": {"shift_bias": 2, "shift_cut": 3}, "quark_limit": false, "quark_moved": 5, "quark_passes": 2, "roles": {"activation": 5, "bias": 3, "weight": 3}, "scales": 11, "trial": 52}
TRIAL {"diff": {}, "equal": true, "final_violations": [{}, {}], "ignition_converged": true, "ignition_loops": 2, "ignition_rules": {"shift_bias": 3, "shift_cut": 7, "shift_read": 1}, "quark_limit": false, "quark_moved": 11, "quark_passes": 2, "roles": {"activation": 6, "bias": 2, "weight": 3}, "scales": 11, "trial": 53}
TRIAL {"diff": {}, "equal": true, "final_violations": [{}, {}], "ignition_converged": true, "ignition_loops": 2, "ignition_rules": {"align_pool": 1, "shift_bias": 1, "shift_cut": 2}, "quark_limit": false, "quark_moved": 4, "quark_passes": 2, "roles": {"activation": 3, "bias": 5}, "scales": 8, "trial": 54}
TRIAL {"diff": {}, "equal": true, "final_violations": [{}, {}], "ignition_converged": true, "ignition_loops": 2, "ignition_rules": {"align_pool": 1, "shift_bias": 2, "shift_cut": 2, "shift_read": 2, "shift_write": 2}, "quark_limit": false, "quark_moved": 9, "quark_passes": 2, "roles": {"activation": 3, "bias": 4, "weight": 3}, "scales": 10, "trial": 55}
TRIAL {"diff": {}, "equal": true, "final_violations": [{}, {}], "ignition_converged": true, "ignition_loops": 2, "ignition_rules": {"shift_cut": 5, "shift_read": 2, "shift_write": 1}, "quark_limit": false, "quark_moved": 8, "quark_passes": 2, "roles": {"activation": 7, "bias": 3, "weight": 2}, "scales": 12, "trial": 56}
TRIAL {"diff": {}, "equal": true, "final_violations": [{}, {}], "ignition_converged": true, "ignition_loops": 2, "ignition_rules": {"shift_cut": 2}, "quark_limit": false, "quark_moved": 2, "quark_passes": 2, "roles": {"activation": 3}, "scales": 3, "trial": 57}
TRIAL {"diff": {}, "equal": true, "final_violations": [{}, {}], "ignition_converged": true, "ignition_loops": 1, "ignition_rules": {}, "quark_limit": false, "quark_moved": 0, "quark_passes": 1, "roles": {"activation": 1, "bias": 1, "weight": 3}, "scales": 5, "trial": 58}
TRIAL {"diff": {}, "equal": true, "final_violations": [{}, {}], "ignition_converged": true, "ignition_loops": 2, "ignition_rules": {"shift_cut": 2, "shift_read": 1, "shift_write": 1}, "quark_limit": false, "quark_moved": 4, "quark_passes": 2, "roles": {"activation": 7, "bias": 3, "weight": 2}, "scales": 12, "trial": 59}
TRIAL {"diff": {}, "equal": true, "final_violations": [{}, {}], "ignition_converged": true, "ignition_loops": 2, "ignition_rules": {"shift_cut": 3}, "quark_limit": false, "quark_moved": 3, "quark_passes": 2, "roles": {"activation": 1, "bias": 1, "weight": 3}, "scales": 5, "trial": 60}
TRIAL {"diff": {}, "equal": true, "final_violations": [{}, {}], "ignition_converged": true, "ignition_loops": 2, "ignition_rules": {"shift_cut": 1}, "quark_limit": false, "quark_moved": 1, "quark_passes": 2, "roles": {"bias": 1, "weight": 2}, "scales": 3, "trial": 61}
TRIAL {"diff": {}, "equal": true, "final_violations": [{}, {}], "ignition_converged": true, "ignition_loops": 2, "ignition_rules": {"shift_cut": 1, "shift_read": 1}, "quark_limit": false, "quark_moved": 2, "quark_passes": 2, "roles": {"activation": 4, "bias": 3, "weight": 4}, "scales": 11, "trial": 62}
TRIAL {"diff": {}, "equal": true, "final_violations": [{}, {}], "ignition_converged": true, "ignition_loops": 2, "ignition_rules": {"shift_bias": 1, "shift_cut": 3, "shift_read": 1}, "quark_limit": false, "quark_moved": 5, "quark_passes": 2, "roles": {"activation": 2, "bias": 3, "weight": 5}, "scales": 10, "trial": 63}
TRIAL {"diff": {}, "equal": true, "final_violations": [{}, {}], "ignition_converged": true, "ignition_loops": 2, "ignition_rules": {"align_pool": 1, "shift_bias": 1, "shift_cut": 3}, "quark_limit": false, "quark_moved": 5, "quark_passes": 2, "roles": {"activation": 2, "bias": 1, "weight": 3}, "scales": 6, "trial": 64}
TRIAL {"diff": {}, "equal": true, "final_violations": [{}, {}], "ignition_converged": true, "ignition_loops": 2, "ignition_rules": {"shift_cut": 2}, "quark_limit": false, "quark_moved": 2, "quark_passes": 2, "roles": {"activation": 1, "bias": 2}, "scales": 3, "trial": 65}
TRIAL {"diff": {}, "equal": true, "final_violations": [{}, {}], "ignition_converged": true, "ignition_loops": 2, "ignition_rules": {"shift_bias": 1}, "quark_limit": false, "quark_moved": 1, "quark_passes": 2, "roles": {"bias": 3, "weight": 1}, "scales": 4, "trial": 66}
TRIAL {"diff": {}, "equal": true, "final_violations": [{}, {}], "ignition_converged": true, "ignition_loops": 1, "ignition_rules": {}, "quark_limit": false, "quark_moved": 0, "quark_passes": 1, "roles": {"activation": 2, "bias": 4, "weight": 4}, "scales": 10, "trial": 67}
TRIAL {"diff": {}, "equal": true, "final_violations": [{}, {}], "ignition_converged": true, "ignition_loops": 2, "ignition_rules": {"shift_bias": 1, "shift_cut": 2, "shift_read": 1, "shift_write": 1}, "quark_limit": false, "quark_moved": 5, "quark_passes": 2, "roles": {"activation": 5, "bias": 2, "weight": 2}, "scales": 9, "trial": 68}
TRIAL {"diff": {}, "equal": true, "final_violations": [{}, {}], "ignition_converged": true, "ignition_loops": 2, "ignition_rules": {"align_pool": 1, "shift_bias": 3, "shift_cut": 1}, "quark_limit": false, "quark_moved": 5, "quark_passes": 2, "roles": {"activation": 1, "bias": 2, "weight": 1}, "scales": 4, "trial": 69}
TRIAL {"diff": {}, "equal": true, "final_violations": [{}, {}], "ignition_converged": true, "ignition_loops": 2, "ignition_rules": {"shift_bias": 1, "shift_cut": 3}, "quark_limit": false, "quark_moved": 4, "quark_passes": 2, "roles": {"activation": 1, "weight": 3}, "scales": 4, "trial": 70}
TRIAL {"diff": {}, "equal": true, "final_violations": [{}, {}], "ignition_converged": true, "ignition_loops": 2, "ignition_rules": {"shift_cut": 1}, "quark_limit": false, "quark_moved": 1, "quark_passes": 2, "roles": {"activation": 2, "bias": 1, "weight": 1}, "scales": 4, "trial": 71}
TRIAL {"diff": {}, "equal": true, "final_violations": [{}, {}], "ignition_converged": true, "ignition_loops": 1, "ignition_rules": {}, "quark_limit": false, "quark_moved": 0, "quark_passes": 1, "roles": {"weight": 1}, "scales": 1, "trial": 72}
TRIAL {"diff": {}, "equal": true, "final_violations": [{}, {}], "ignition_converged": true, "ignition_loops": 2, "ignition_rules": {"shift_bias": 1, "shift_cut": 2}, "quark_limit": false, "quark_moved": 3, "quark_passes": 2, "roles": {"activation": 5, "bias": 3, "weight": 2}, "scales": 10, "trial": 73}
TRIAL {"diff": {}, "equal": true, "final_violations": [{}, {}], "ignition_converged": true, "ignition_loops": 2, "ignition_rules": {"shift_read": 2, "shift_write": 1}, "quark_limit": false, "quark_moved": 3, "quark_passes": 2, "roles": {"activation": 4, "bias": 1, "weight": 2}, "scales": 7, "trial": 74}
TRIAL {"diff": {}, "equal": true, "final_violations": [{}, {}], "ignition_converged": true, "ignition_loops": 2, "ignition_rules": {"shift_cut": 2}, "quark_limit": false, "quark_moved": 2, "quark_passes": 2, "roles": {"activation": 1, "weight": 1}, "scales": 2, "trial": 75}
TRIAL {"diff": {}, "equal": true, "final_violations": [{}, {}], "ignition_converged": true, "ignition_loops": 1, "ignition_rules": {}, "quark_limit": false, "quark_moved": 0, "quark_passes": 1, "roles": {"bias": 2, "weight": 1}, "scales": 3, "trial": 76}
TRIAL {"diff": {}, "equal": true, "final_violations": [{}, {}], "ignition_converged": true, "ignition_loops": 2, "ignition_rules": {"shift_cut": 1}, "quark_limit": false, "quark_moved": 1, "quark_passes": 2, "roles": {"activation": 1, "weight": 1}, "scales": 2, "trial": 77}
TRIAL {"diff": {}, "equal": true, "final_violations": [{}, {}], "ignition_converged": true, "ignition_loops": 2, "ignition_rules": {"shift_cut": 2}, "quark_limit": false, "quark_moved": 2, "quark_passes": 2, "roles": {"bias": 2, "weight": 3}, "scales": 5, "trial": 78}
TRIAL {"diff": {}, "equal": true, "final_violations": [{}, {}], "ignition_converged": true, "ignition_loops": 1, "ignition_rules": {}, "quark_limit": false, "quark_moved": 0, "quark_passes": 1, "roles": {"bias": 2}, "scales": 2, "trial": 79}
TRIAL {"diff": {}, "equal": true, "final_violations": [{}, {}], "ignition_converged": true, "ignition_loops": 2, "ignition_rules": {"shift_bias": 1, "shift_read": 2}, "quark_limit": false, "quark_moved": 3, "quark_passes": 2, "roles": {"activation": 5, "bias": 5, "weight": 1}, "scales": 11, "trial": 80}
TRIAL {"diff": {}, "equal": true, "final_violations": [{}, {}], "ignition_converged": true, "ignition_loops": 2, "ignition_rules": {"shift_cut": 2, "shift_read": 1, "shift_write": 1}, "quark_limit": false, "quark_moved": 4, "quark_passes": 2, "roles": {"activation": 3, "bias": 4, "weight": 4}, "scales": 11, "trial": 81}
TRIAL {"diff": {}, "equal": true, "final_violations": [{}, {}], "ignition_converged": true, "ignition_loops": 2, "ignition_rules": {"shift_cut": 2, "shift_read": 1, "shift_write": 1}, "quark_limit": false, "quark_moved": 4, "quark_passes": 2, "roles": {"activation": 5, "bias": 4, "weight": 3}, "scales": 12, "trial": 82}
TRIAL {"diff": {}, "equal": true, "final_violations": [{}, {}], "ignition_converged": true, "ignition_loops": 1, "ignition_rules": {}, "quark_limit": false, "quark_moved": 0, "quark_passes": 1, "roles": {"activation": 3, "bias": 2}, "scales": 5, "trial": 83}
TRIAL {"diff": {}, "equal": true, "final_violations": [{}, {}], "ignition_converged": true, "ignition_loops": 1, "ignition_rules": {}, "quark_limit": false, "quark_moved": 0, "quark_passes": 1, "roles": {"bias": 1, "weight": 1}, "scales": 2, "trial": 84}
TRIAL {"diff": {}, "equal": true, "final_violations": [{}, {}], "ignition_converged": true, "ignition_loops": 2, "ignition_rules": {"shift_cut": 4}, "quark_limit": false, "quark_moved": 4, "quark_passes": 2, "roles": {"activation": 2, "bias": 2, "weight": 3}, "scales": 7, "trial": 85}
TRIAL {"diff": {}, "equal": true, "final_violations": [{}, {}], "ignition_converged": true, "ignition_loops": 2, "ignition_rules": {"shift_bias": 2, "shift_cut": 2, "shift_write": 1}, "quark_limit": false, "quark_moved": 5, "quark_passes": 2, "roles": {"activation": 7, "bias": 4, "weight": 1}, "scales": 12, "trial": 86}
TRIAL {"diff": {}, "equal": true, "final_violations": [{}, {}], "ignition_converged": true, "ignition_loops": 2, "ignition_rules": {"shift_cut": 2}, "quark_limit": false, "quark_moved": 2, "quark_passes": 2, "roles": {"activation": 2, "bias": 2, "weight": 3}, "scales": 7, "trial": 87}
TRIAL {"diff": {}, "equal": true, "final_violations": [{}, {}], "ignition_converged": true, "ignition_loops": 2, "ignition_rules": {"shift_bias": 1, "shift_cut": 4}, "quark_limit": false, "quark_moved": 5, "quark_passes": 2, "roles": {"activation": 3, "bias": 3, "weight": 5}, "scales": 11, "trial": 88}
TRIAL {"diff": {}, "equal": true, "final_violations": [{}, {}], "ignition_converged": true, "ignition_loops": 2, "ignition_rules": {"shift_cut": 2, "shift_read": 2, "shift_write": 2}, "quark_limit": false, "quark_moved": 6, "quark_passes": 2, "roles": {"activation": 3, "bias": 1, "weight": 3}, "scales": 7, "trial": 89}
TRIAL {"diff": {}, "equal": true, "final_violations": [{}, {}], "ignition_converged": true, "ignition_loops": 2, "ignition_rules": {"shift_bias": 1, "shift_cut": 3, "shift_read": 1, "shift_write": 1}, "quark_limit": false, "quark_moved": 6, "quark_passes": 2, "roles": {"activation": 4, "bias": 4, "weight": 3}, "scales": 11, "trial": 90}
TRIAL {"diff": {}, "equal": true, "final_violations": [{}, {}], "ignition_converged": true, "ignition_loops": 2, "ignition_rules": {"shift_cut": 4}, "quark_limit": false, "quark_moved": 4, "quark_passes": 2, "roles": {"activation": 2, "bias": 4, "weight": 5}, "scales": 11, "trial": 91}
TRIAL {"diff": {}, "equal": true, "final_violations": [{}, {}], "ignition_converged": true, "ignition_loops": 2, "ignition_rules": {"shift_bias": 1}, "quark_limit": false, "quark_moved": 1, "quark_passes": 2, "roles": {"activation": 5, "bias": 2, "weight": 2}, "scales": 9, "trial": 92}
TRIAL {"diff": {}, "equal": true, "final_violations": [{}, {}], "ignition_converged": true, "ignition_loops": 2, "ignition_rules": {"align_pool": 1, "shift_cut": 1}, "quark_limit": false, "quark_moved": 2, "quark_passes": 2, "roles": {"activation": 4, "bias": 2, "weight": 4}, "scales": 10, "trial": 93}
TRIAL {"diff": {}, "equal": true, "final_violations": [{}, {}], "ignition_converged": true, "ignition_loops": 2, "ignition_rules": {"shift_bias": 1, "shift_cut": 3, "shift_read": 2, "shift_write": 2}, "quark_limit": false, "quark_moved": 8, "quark_passes": 2, "roles": {"activation": 5, "bias": 3, "weight": 4}, "scales": 12, "trial": 94}
TRIAL {"diff": {}, "equal": true, "final_violations": [{}, {}], "ignition_converged": true, "ignition_loops": 2, "ignition_rules": {"shift_bias": 2, "shift_cut": 6}, "quark_limit": false, "quark_moved": 8, "quark_passes": 2, "roles": {"activation": 2, "bias": 3, "weight": 4}, "scales": 9, "trial": 95}
TRIAL {"diff": {}, "equal": true, "final_violations": [{}, {}], "ignition_converged": true, "ignition_loops": 2, "ignition_rules": {"shift_cut": 1, "shift_write": 1}, "quark_limit": false, "quark_moved": 2, "quark_passes": 2, "roles": {"activation": 5, "bias": 2, "weight": 5}, "scales": 12, "trial": 96}
TRIAL {"diff": {}, "equal": true, "final_violations": [{}, {}], "ignition_converged": true, "ignition_loops": 2, "ignition_rules": {"shift_bias": 1, "shift_cut": 2, "shift_read": 1}, "quark_limit": false, "quark_moved": 4, "quark_passes": 2, "roles": {"activation": 3, "bias": 1, "weight": 3}, "scales": 7, "trial": 97}
TRIAL {"diff": {}, "equal": true, "final_violations": [{}, {}], "ignition_converged": true, "ignition_loops": 2, "ignition_rules": {"shift_bias": 2, "shift_cut": 6}, "quark_limit": false, "quark_moved": 8, "quark_passes": 2, "roles": {"activation": 4, "bias": 2, "weight": 2}, "scales": 8, "trial": 98}
TRIAL {"diff": {}, "equal": true, "final_violations": [{}, {}], "ignition_converged": true, "ignition_loops": 2, "ignition_rules": {"shift_cut": 1}, "quark_limit": false, "quark_moved": 1, "quark_passes": 2, "roles": {"bias": 1, "weight": 1}, "scales": 2, "trial": 99}
TRIAL {"diff": {}, "equal": true, "final_violations": [{}, {}], "ignition_converged": true, "ignition_loops": 2, "ignition_rules": {"shift_bias": 2, "shift_read": 1}, "quark_limit": false, "quark_moved": 3, "quark_passes": 2, "roles": {"activation": 1, "bias": 5, "weight": 2}, "scales": 8, "trial": 100}
TRIAL {"diff": {}, "equal": true, "final_violations": [{}, {}], "ignition_converged": true, "ignition_loops": 1, "ignition_rules": {}, "quark_limit": false, "quark_moved": 0, "quark_passes": 1, "roles": {"activation": 3, "bias": 7, "weight": 1}, "scales": 11, "trial": 101}
TRIAL {"diff": {}, "equal": true, "final_violations": [{}, {}], "ignition_converged": true, "ignition_loops": 2, "ignition_rules": {"shift_cut": 1}, "quark_limit": false, "quark_moved": 1, "quark_passes": 2, "roles": {"weight": 1}, "scales": 1, "trial": 102}
TRIAL {"diff": {}, "equal": true, "final_violations": [{}, {}], "ignition_converged": true, "ignition_loops": 2, "ignition_rules": {"shift_bias": 1, "shift_cut": 2}, "quark_limit": false, "quark_moved": 3, "quark_passes": 2, "roles": {"activation": 1, "bias": 1}, "scales": 2, "trial": 103}
TRIAL {"diff": {}, "equal": true, "final_violations": [{}, {}], "ignition_converged": true, "ignition_loops": 1, "ignition_rules": {}, "quark_limit": false, "quark_moved": 0, "quark_passes": 1, "roles": {"activation": 2, "bias": 3}, "scales": 5, "trial": 104}
TRIAL {"diff": {}, "equal": true, "final_violations": [{}, {}], "ignition_converged": true, "ignition_loops": 2, "ignition_rules": {"align_pool": 1, "shift_bias": 1, "shift_cut": 1}, "quark_limit": false, "quark_moved": 3, "quark_passes": 2, "roles": {"activation": 3, "bias": 3, "weight": 1}, "scales": 7, "trial": 105}
TRIAL {"diff": {}, "equal": true, "final_violations": [{}, {}], "ignition_converged": true, "ignition_loops": 2, "ignition_rules": {"shift_bias": 1}, "quark_limit": false, "quark_moved": 1, "quark_passes": 2, "roles": {"bias": 1}, "scales": 1, "trial": 106}
TRIAL {"diff": {}, "equal": true, "final_violations": [{}, {}], "ignition_converged": true, "ignition_loops": 2, "ignition_rules": {"shift_cut": 1, "shift_read": 1}, "quark_limit": false, "quark_moved": 2, "quark_passes": 2, "roles": {"activation": 2}, "scales": 2, "trial": 107}
TRIAL {"diff": {}, "equal": true, "final_violations": [{}, {}], "ignition_converged": true, "ignition_loops": 1, "ignition_rules": {}, "quark_limit": false, "quark_moved": 0, "quark_passes": 1, "roles": {"activation": 4}, "scales": 4, "trial": 108}
TRIAL {"diff": {}, "equal": true, "final_violations": [{}, {}], "ignition_converged": true, "ignition_loops": 2, "ignition_rules": {"shift_cut": 1, "shift_read": 1, "shift_write": 1}, "quark_limit": false, "quark_moved": 3, "quark_passes": 2, "roles": {"activation": 2, "weight": 4}, "scales": 6, "trial": 109}
TRIAL {"diff": {}, "equal": true, "final_violations": [{}, {}], "ignition_converged": true, "ignition_loops": 2, "ignition_rules": {"shift_bias": 1, "shift_cut": 2, "shift_read": 1}, "quark_limit": false, "quark_moved": 4, "quark_passes": 2, "roles": {"activation": 3, "bias": 4, "weight": 2}, "scales": 9, "trial": 110}
TRIAL {"diff": {}, "equal": true, "final_violations": [{}, {}], "ignition_converged": true, "ignition_loops": 2, "ignition_rules": {"shift_bias": 1}, "quark_limit": false, "quark_moved": 1, "quark_passes": 2, "roles": {"activation": 3, "bias": 3}, "scales": 6, "trial": 111}
TRIAL {"diff": {}, "equal": true, "final_violations": [{}, {}], "ignition_converged": true, "ignition_loops": 2, "ignition_rules": {"shift_cut": 2, "shift_read": 1, "shift_write": 1}, "quark_limit": false, "quark_moved": 4, "quark_passes": 2, "roles": {"activation": 2}, "scales": 2, "trial": 112}
TRIAL {"diff": {}, "equal": true, "final_violations": [{}, {}], "ignition_converged": true, "ignition_loops": 2, "ignition_rules": {"shift_cut": 4}, "quark_limit": false, "quark_moved": 4, "quark_passes": 2, "roles": {"activation": 1, "bias": 4, "weight": 4}, "scales": 9, "trial": 113}
TRIAL {"diff": {}, "equal": true, "final_violations": [{}, {}], "ignition_converged": true, "ignition_loops": 2, "ignition_rules": {"shift_bias": 1, "shift_cut": 2, "shift_read": 1}, "quark_limit": false, "quark_moved": 4, "quark_passes": 2, "roles": {"activation": 5, "bias": 2, "weight": 1}, "scales": 8, "trial": 114}
TRIAL {"diff": {}, "equal": true, "final_violations": [{}, {}], "ignition_converged": true, "ignition_loops": 2, "ignition_rules": {"shift_cut": 2, "shift_read": 1}, "quark_limit": false, "quark_moved": 3, "quark_passes": 2, "roles": {"activation": 4, "bias": 1}, "scales": 5, "trial": 115}
TRIAL {"diff": {}, "equal": true, "final_violations": [{}, {}], "ignition_converged": true, "ignition_loops": 2, "ignition_rules": {"shift_cut": 2}, "quark_limit": false, "quark_moved": 2, "quark_passes": 2, "roles": {"activation": 1, "weight": 3}, "scales": 4, "trial": 116}
TRIAL {"diff": {}, "equal": true, "final_violations": [{}, {}], "ignition_converged": true, "ignition_loops": 2, "ignition_rules": {"shift_cut": 4, "shift_read": 2}, "quark_limit": false, "quark_moved": 6, "quark_passes": 2, "roles": {"activation": 7, "bias": 1, "weight": 3}, "scales": 11, "trial": 117}
TRIAL {"diff": {}, "equal": true, "final_violations": [{}, {}], "ignition_converged": true, "ignition_loops": 2, "ignition_rules": {"shift_bias": 1, "shift_cut": 1}, "quark_limit": false, "quark_moved": 2, "quark_passes": 2, "roles": {"activation": 3, "bias": 3, "weight": 5}, "scales": 11, "trial": 118}
TRIAL {"diff": {}, "equal": true, "final_violations": [{}, {}], "ignition_converged": true, "ignition_loops": 2, "ignition_rules": {"shift_bias": 1, "shift_cut": 2, "shift_read": 1, "shift_write": 1}, "quark_limit": false, "quark_moved": 5, "quark_passes": 2, "roles": {"activation": 5, "bias": 2, "weight": 2}, "scales": 9, "trial": 119}
TRIAL {"diff": {}, "equal": true, "final_violations": [{}, {}], "ignition_converged": true, "ignition_loops": 1, "ignition_rules": {}, "quark_limit": false, "quark_moved": 0, "quark_passes": 1, "roles": {"activation": 2, "weight": 2}, "scales": 4, "trial": 120}
TRIAL {"diff": {}, "equal": true, "final_violations": [{}, {}], "ignition_converged": true, "ignition_loops": 2, "ignition_rules": {"align_pool": 1, "shift_bias": 1, "shift_cut": 3, "shift_read": 1}, "quark_limit": false, "quark_moved": 6, "quark_passes": 2, "roles": {"activation": 5, "bias": 3, "weight": 4}, "scales": 12, "trial": 121}
TRIAL {"diff": {}, "equal": true, "final_violations": [{}, {}], "ignition_converged": true, "ignition_loops": 1, "ignition_rules": {}, "quark_limit": false, "quark_moved": 0, "quark_passes": 1, "roles": {"activation": 1}, "scales": 1, "trial": 122}
TRIAL {"diff": {}, "equal": true, "final_violations": [{}, {}], "ignition_converged": true, "ignition_loops": 2, "ignition_rules": {"shift_bias": 2, "shift_cut": 4}, "quark_limit": false, "quark_moved": 6, "quark_passes": 2, "roles": {"activation": 2, "bias": 5, "weight": 2}, "scales": 9, "trial": 123}
TRIAL {"diff": {}, "equal": true, "final_violations": [{}, {}], "ignition_converged": true, "ignition_loops": 2, "ignition_rules": {"shift_cut": 3}, "quark_limit": false, "quark_moved": 3, "quark_passes": 2, "roles": {"activation": 2, "bias": 2, "weight": 1}, "scales": 5, "trial": 124}
TRIAL {"diff": {}, "equal": true, "final_violations": [{}, {}], "ignition_converged": true, "ignition_loops": 2, "ignition_rules": {"shift_cut": 1, "shift_read": 1}, "quark_limit": false, "quark_moved": 2, "quark_passes": 2, "roles": {"activation": 1, "bias": 2, "weight": 1}, "scales": 4, "trial": 125}
TRIAL {"diff": {}, "equal": true, "final_violations": [{}, {}], "ignition_converged": true, "ignition_loops": 2, "ignition_rules": {"shift_cut": 3}, "quark_limit": false, "quark_moved": 3, "quark_passes": 2, "roles": {"activation": 4, "bias": 3, "weight": 2}, "scales": 9, "trial": 126}
TRIAL {"diff": {}, "equal": true, "final_violations": [{}, {}], "ignition_converged": true, "ignition_loops": 2, "ignition_rules": {"shift_bias": 1}, "quark_limit": false, "quark_moved": 1, "quark_passes": 2, "roles": {"activation": 1, "bias": 5, "weight": 3}, "scales": 9, "trial": 127}
TRIAL {"diff": {}, "equal": true, "final_violations": [{}, {}], "ignition_converged": true, "ignition_loops": 2, "ignition_rules": {"shift_bias": 1, "shift_cut": 2, "shift_read": 1, "shift_write": 1}, "quark_limit": false, "quark_moved": 5, "quark_passes": 2, "roles": {"activation": 2, "bias": 1, "weight": 2}, "scales": 5, "trial": 128}
TRIAL {"diff": {}, "equal": true, "final_violations": [{}, {}], "ignition_converged": true, "ignition_loops": 2, "ignition_rules": {"shift_bias": 1, "shift_cut": 5}, "quark_limit": false, "quark_moved": 6, "quark_passes": 2, "roles": {"activation": 5, "bias": 2, "weight": 4}, "scales": 11, "trial": 129}
TRIAL {"diff": {}, "equal": true, "final_violations": [{}, {}], "ignition_converged": true, "ignition_loops": 2, "ignition_rules": {"shift_cut": 4}, "quark_limit": false, "quark_moved": 4, "quark_passes": 2, "roles": {"activation": 4, "bias": 1, "weight": 2}, "scales": 7, "trial": 130}
TRIAL {"diff": {}, "equal": true, "final_violations": [{}, {}], "ignition_converged": true, "ignition_loops": 1, "ignition_rules": {}, "quark_limit": false, "quark_moved": 0, "quark_passes": 1, "roles": {"activation": 1, "weight": 1}, "scales": 2, "trial": 131}
TRIAL {"diff": {}, "equal": true, "final_violations": [{}, {}], "ignition_converged": true, "ignition_loops": 2, "ignition_rules": {"shift_bias": 1, "shift_cut": 1}, "quark_limit": false, "quark_moved": 2, "quark_passes": 2, "roles": {"activation": 1, "bias": 1, "weight": 2}, "scales": 4, "trial": 132}
TRIAL {"diff": {}, "equal": true, "final_violations": [{}, {}], "ignition_converged": true, "ignition_loops": 2, "ignition_rules": {"shift_bias": 2, "shift_cut": 5}, "quark_limit": false, "quark_moved": 7, "quark_passes": 2, "roles": {"activation": 2, "bias": 4, "weight": 4}, "scales": 10, "trial": 133}
TRIAL {"diff": {}, "equal": true, "final_violations": [{}, {}], "ignition_converged": true, "ignition_loops": 2, "ignition_rules": {"shift_bias": 2, "shift_cut": 1}, "quark_limit": false, "quark_moved": 3, "quark_passes": 2, "roles": {"activation": 5, "bias": 3, "weight": 2}, "scales": 10, "trial": 134}
TRIAL {"diff": {}, "equal": true, "final_violations": [{}, {}], "ignition_converged": true, "ignition_loops": 1, "ignition_rules": {}, "quark_limit": false, "quark_moved": 0, "quark_passes": 1, "roles": {"activation": 2, "bias": 2}, "scales": 4, "trial": 135}
TRIAL {"diff": {}, "equal": true, "final_violations": [{}, {}], "ignition_converged": true, "ignition_loops": 2, "ignition_rules": {"shift_bias": 2, "shift_cut": 2}, "quark_limit": false, "quark_moved": 4, "quark_passes": 2, "roles": {"activation": 1, "bias": 2}, "scales": 3, "trial": 136}
TRIAL {"diff": {}, "equal": true, "final_violations": [{}, {}], "ignition_converged": true, "ignition_loops": 2, "ignition_rules": {"shift_cut": 1}, "quark_limit": false, "quark_moved": 1, "quark_passes": 2, "roles": {"activation": 2, "bias": 2}, "scales": 4, "trial": 137}
TRIAL {"diff": {}, "equal": true, "final_violations": [{}, {}], "ignition_converged": true, "ignition_loops": 2, "ignition_rules": {"shift_bias": 1, "shift_cut": 2}, "quark_limit": false, "quark_moved": 3, "quark_passes": 2, "roles": {"activation": 3, "bias": 3, "weight": 6}, "scales": 12, "trial": 138}
TRIAL {"diff": {}, "equal": true, "final_violations": [{}, {}], "ignition_converged": true, "ignition_loops": 2, "ignition_rules": {"shift_bias": 1, "shift_cut": 1, "shift_read": 1}, "quark_limit": false, "quark_moved": 3, "quark_passes": 2, "roles": {"activation": 4, "bias": 3, "weight": 3}, "scales": 10, "trial": 139}
TRIAL {"diff": {}, "equal": true, "final_violations": [{}, {}], "ignition_converged": true, "ignition_loops": 2, "ignition_rules": {"shift_cut": 1}, "quark_limit": false, "quark_moved": 1, "quark_passes": 2, "roles": {"activation": 2, "bias": 3, "weight": 3}, "scales": 8, "trial": 140}
TRIAL {"diff": {}, "equal": true, "final_violations": [{}, {}], "ignition_converged": true, "ignition_loops": 2, "ignition_rules": {"shift_bias": 1, "shift_cut": 1}, "quark_limit": false, "quark_moved": 2, "quark_passes": 2, "roles": {"bias": 2, "weight": 2}, "scales": 4, "trial": 141}
TRIAL {"diff": {}, "equal": true, "final_violations": [{}, {}], "ignition_converged": true, "ignition_loops": 2, "ignition_rules": {"shift_cut": 1, "shift_read": 2, "shift_write": 3}, "quark_limit": false, "quark_moved": 6, "quark_passes": 2, "roles": {"activation": 3, "bias": 1, "weight": 3}, "scales": 7, "trial": 142}
TRIAL {"diff": {}, "equal": true, "final_violations": [{}, {}], "ignition_converged": true, "ignition_loops": 2, "ignition_rules": {"shift_bias": 1, "shift_cut": 1}, "quark_limit": false, "quark_moved": 2, "quark_passes": 2, "roles": {"activation": 2, "bias": 3, "weight": 3}, "scales": 8, "trial": 143}
TRIAL {"diff": {}, "equal": true, "final_violations": [{}, {}], "ignition_converged": true, "ignition_loops": 2, "ignition_rules": {"align_pool": 1, "shift_cut": 3}, "quark_limit": false, "quark_moved": 4, "quark_passes": 2, "roles": {"activation": 3, "bias": 3, "weight": 4}, "scales": 10, "trial": 144}
TRIAL {"diff": {}, "equal": true, "final_violations": [{}, {}], "ignition_converged": true, "ignition_loops": 1, "ignition_rules": {}, "quark_limit": false, "quark_moved": 0, "quark_passes": 1, "roles": {"weight": 1}, "scales": 1, "trial": 145}
TRIAL {"diff": {}, "equal": true, "final_violations": [{}, {}], "ignition_converged": true, "ignition_loops": 1, "ignition_rules": {}, "quark_limit": false, "quark_moved": 0, "quark_passes": 1, "roles": {"activation": 1, "weight": 1}, "scales": 2, "trial": 146}
TRIAL {"diff": {}, "equal": true, "final_violations": [{}, {}], "ignition_converged": true, "ignition_loops": 2, "ignition_rules": {"shift_cut": 1}, "quark_limit": false, "quark_moved": 1, "quark_passes": 2, "roles": {"activation": 2, "bias": 2}, "scales": 4, "trial": 147}
TRIAL {"diff": {}, "equal": true, "final_violations": [{}, {}], "ignition_converged": true, "ignition_loops": 2, "ignition_rules": {"shift_cut": 4, "shift_read": 1, "shift_write": 1}, "quark_limit": false, "quark_moved": 6, "quark_passes": 2, "roles": {"activation": 6, "weight": 3}, "scales": 9, "trial": 148}
TRIAL {"diff": {}, "equal": true, "final_violations": [{}, {}], "ignition_converged": true, "ignition_loops": 2, "ignition_rules": {"shift_bias": 2, "shift_cut": 3, "shift_read": 1}, "quark_limit": false, "quark_moved": 6, "quark_passes": 2, "roles": {"activation": 5, "bias": 1, "weight": 1}, "scales": 7, "trial": 149}
TRIAL {"diff": {}, "equal": true, "final_violations": [{}, {}], "ignition_converged": true, "ignition_loops": 2, "ignition_rules": {"shift_cut": 1}, "quark_limit": false, "quark_moved": 1, "quark_passes": 2, "roles": {"activation": 4, "bias": 2, "weight": 6}, "scales": 12, "trial": 150}
TRIAL {"diff": {}, "equal": true, "final_violations": [{}, {}], "ignition_converged": true, "ignition_loops": 2, "ignition_rules": {"shift_bias": 2, "shift_cut": 5}, "quark_limit": false, "quark_moved": 7, "quark_passes": 2, "roles": {"activation": 5, "bias": 1, "weight": 6}, "scales": 12, "trial": 151}
TRIAL {"diff": {}, "equal": true, "final_violations": [{}, {}], "ignition_converged": true, "ignition_loops": 2, "ignition_rules": {"align_pool": 1, "shift_cut": 4, "shift_write": 1}, "quark_limit": false, "quark_moved": 6, "quark_passes": 2, "roles": {"activation": 7, "bias": 1, "weight": 1}, "scales": 9, "trial": 152}
TRIAL {"diff": {}, "equal": true, "final_violations": [{}, {}], "ignition_converged": true, "ignition_loops": 2, "ignition_rules": {"shift_cut": 3, "shift_read": 1}, "quark_limit": false, "quark_moved": 4, "quark_passes": 2, "roles": {"activation": 4, "bias": 1, "weight": 7}, "scales": 12, "trial": 153}
TRIAL {"diff": {}, "equal": true, "final_violations": [{}, {}], "ignition_converged": true, "ignition_loops": 2, "ignition_rules": {"shift_cut": 1, "shift_read": 1, "shift_write": 1}, "quark_limit": false, "quark_moved": 3, "quark_passes": 2, "roles": {"activation": 3, "bias": 1, "weight": 4}, "scales": 8, "trial": 154}
TRIAL {"diff": {}, "equal": true, "final_violations": [{}, {}], "ignition_converged": true, "ignition_loops": 2, "ignition_rules": {"align_pool": 1, "shift_cut": 4, "shift_read": 2, "shift_write": 1}, "quark_limit": false, "quark_moved": 8, "quark_passes": 2, "roles": {"activation": 7, "bias": 2, "weight": 3}, "scales": 12, "trial": 155}
TRIAL {"diff": {}, "equal": true, "final_violations": [{}, {}], "ignition_converged": true, "ignition_loops": 1, "ignition_rules": {}, "quark_limit": false, "quark_moved": 0, "quark_passes": 1, "roles": {"bias": 2, "weight": 1}, "scales": 3, "trial": 156}
TRIAL {"diff": {}, "equal": true, "final_violations": [{}, {}], "ignition_converged": true, "ignition_loops": 2, "ignition_rules": {"shift_read": 1, "shift_write": 1}, "quark_limit": false, "quark_moved": 2, "quark_passes": 2, "roles": {"activation": 3, "bias": 5, "weight": 2}, "scales": 10, "trial": 157}
TRIAL {"diff": {}, "equal": true, "final_violations": [{}, {}], "ignition_converged": true, "ignition_loops": 2, "ignition_rules": {"shift_cut": 2}, "quark_limit": false, "quark_moved": 2, "quark_passes": 2, "roles": {"activation": 1, "weight": 1}, "scales": 2, "trial": 158}
TRIAL {"diff": {}, "equal": true, "final_violations": [{}, {}], "ignition_converged": true, "ignition_loops": 2, "ignition_rules": {"align_pool": 1, "shift_cut": 3, "shift_read": 1}, "quark_limit": false, "quark_moved": 5, "quark_passes": 2, "roles": {"activation": 6, "bias": 4, "weight": 1}, "scales": 11, "trial": 159}
TRIAL {"diff": {}, "equal": true, "final_violations": [{}, {}], "ignition_converged": true, "ignition_loops": 2, "ignition_rules": {"shift_bias": 2, "shift_cut": 3, "shift_read": 1}, "quark_limit": false, "quark_moved": 6, "quark_passes": 2, "roles": {"activation": 4, "bias": 5, "weight": 1}, "scales": 10, "trial": 160}
TRIAL {"diff": {}, "equal": true, "final_violations": [{}, {}], "ignition_converged": true, "ignition_loops": 2, "ignition_rules": {"shift_bias": 2, "shift_cut": 2}, "quark_limit": false, "quark_moved": 4, "quark_passes": 2, "roles": {"activation": 4, "bias": 3}, "scales": 7, "trial": 161}
TRIAL {"diff": {}, "equal": true, "final_violations": [{}, {}], "ignition_converged": true, "ignition_loops": 2, "ignition_rules": {"shift_bias": 1, "shift_cut": 1, "shift_read": 1}, "quark_limit": false, "quark_moved": 3, "quark_passes": 2, "roles": {"activation": 4, "bias": 3, "weight": 2}, "scales": 9, "trial": 162}
TRIAL {"diff": {}, "equal": true, "final_violations": [{}, {}], "ignition_converged": true, "ignition_loops": 2, "ignition_rules": {"shift_bias": 1, "shift_cut": 1, "shift_read": 1}, "quark_limit": false, "quark_moved": 3, "quark_passes": 2, "roles": {"activation": 2, "bias": 1, "weight": 3}, "scales": 6, "trial": 163}
TRIAL {"diff": {}, "equal": true, "final_violations": [{}, {}], "ignition_converged": true, "ignition_loops": 2, "ignition_rules": {"shift_cut": 1}, "quark_limit": false, "quark_moved": 1, "quark_passes": 2, "roles": {"activation": 1, "bias": 1, "weight": 1}, "scales": 3, "trial": 164}
TRIAL {"diff": {}, "equal": true, "final_violations": [{}, {}], "ignition_converged": true, "ignition_loops": 1, "ignition_rules": {}, "quark_limit": false, "quark_moved": 0, "quark_passes": 1, "roles": {"weight": 1}, "scales": 1, "trial": 165}
TRIAL {"diff": {}, "equal": true, "final_violations": [{}, {}], "ignition_converged": true, "ignition_loops": 2, "ignition_rules": {"shift_cut": 3}, "quark_limit": false, "quark_moved": 3, "quark_passes": 2, "roles": {"activation": 2, "weight": 1}, "scales": 3, "trial": 166}
TRIAL {"diff": {}, "equal": true, "final_violations": [{}, {}], "ignition_converged": true, "ignition_loops": 1, "ignition_rules": {}, "quark_limit": false, "quark_moved": 0, "quark_passes": 1, "roles": {"activation": 3, "bias": 3, "weight": 3}, "scales": 9, "trial": 167}
TRIAL {"diff": {}, "equal": true, "final_violations": [{}, {}], "ignition_converged": true, "ignition_loops": 2, "ignition_rules": {"shift_cut": 2, "shift_read": 1, "shift_write": 1}, "quark_limit": false, "quark_moved": 3, "quark_passes": 2, "roles": {"activation": 4, "bias": 1, "weight": 4}, "scales": 9, "trial": 168}
TRIAL {"diff": {}, "equal": true, "final_violations": [{}, {}], "ignition_converged": true, "ignition_loops": 2, "ignition_rules": {"shift_cut": 3}, "quark_limit": false, "quark_moved": 3, "quark_passes": 2, "roles": {"activation": 2, "bias": 3, "weight": 3}, "scales": 8, "trial": 169}
TRIAL {"diff": {}, "equal": true, "final_violations": [{}, {}], "ignition_converged": true, "ignition_loops": 1, "ignition_rules": {}, "quark_limit": false, "quark_moved": 0, "quark_passes": 1, "roles": {"bias": 1}, "scales": 1, "trial": 170}
TRIAL {"diff": {}, "equal": true, "final_violations": [{}, {}], "ignition_converged": true, "ignition_loops": 1, "ignition_rules": {}, "quark_limit": false, "quark_moved": 0, "quark_passes": 1, "roles": {"bias": 1, "weight": 1}, "scales": 2, "trial": 171}
TRIAL {"diff": {}, "equal": true, "final_violations": [{}, {}], "ignition_converged": true, "ignition_loops": 2, "ignition_rules": {"shift_cut": 2, "shift_read": 1, "shift_write": 1}, "quark_limit": false, "quark_moved": 3, "quark_passes": 2, "roles": {"activation": 4, "bias": 1}, "scales": 5, "trial": 172}
TRIAL {"diff": {}, "equal": true, "final_violations": [{}, {}], "ignition_converged": true, "ignition_loops": 2, "ignition_rules": {"shift_bias": 2, "shift_cut": 5}, "quark_limit": false, "quark_moved": 7, "quark_passes": 2, "roles": {"activation": 5, "bias": 2, "weight": 1}, "scales": 8, "trial": 173}
TRIAL {"diff": {}, "equal": true, "final_violations": [{}, {}], "ignition_converged": true, "ignition_loops": 1, "ignition_rules": {}, "quark_limit": false, "quark_moved": 0, "quark_passes": 1, "roles": {"activation": 5, "weight": 1}, "scales": 6, "trial": 174}
TRIAL {"diff": {}, "equal": true, "final_violations": [{}, {}], "ignition_converged": true, "ignition_loops": 2, "ignition_rules": {"shift_cut": 2}, "quark_limit": false, "quark_moved": 2, "quark_passes": 2, "roles": {"activation": 1, "bias": 1, "weight": 2}, "scales": 4, "trial": 175}
TRIAL {"diff": {}, "equal": true, "final_violations": [{}, {}], "ignition_converged": true, "ignition_loops": 1, "ignition_rules": {}, "quark_limit": false, "quark_moved": 0, "quark_passes": 1, "roles": {"weight": 1}, "scales": 1, "trial": 176}
TRIAL {"diff": {}, "equal": true, "final_violations": [{}, {}], "ignition_converged": true, "ignition_loops": 2, "ignition_rules": {"align_pool": 1, "shift_cut": 2, "shift_read": 1}, "quark_limit": false, "quark_moved": 4, "quark_passes": 2, "roles": {"activation": 2, "weight": 2}, "scales": 4, "trial": 177}
TRIAL {"diff": {}, "equal": true, "final_violations": [{}, {}], "ignition_converged": true, "ignition_loops": 1, "ignition_rules": {}, "quark_limit": false, "quark_moved": 0, "quark_passes": 1, "roles": {"weight": 1}, "scales": 1, "trial": 178}
TRIAL {"diff": {}, "equal": true, "final_violations": [{}, {}], "ignition_converged": true, "ignition_loops": 2, "ignition_rules": {"shift_bias": 1, "shift_cut": 7}, "quark_limit": false, "quark_moved": 8, "quark_passes": 2, "roles": {"activation": 5, "bias": 2, "weight": 1}, "scales": 8, "trial": 179}
TRIAL {"diff": {}, "equal": true, "final_violations": [{}, {}], "ignition_converged": true, "ignition_loops": 2, "ignition_rules": {"shift_cut": 6}, "quark_limit": false, "quark_moved": 6, "quark_passes": 2, "roles": {"activation": 6, "bias": 1, "weight": 1}, "scales": 8, "trial": 180}
TRIAL {"diff": {}, "equal": true, "final_violations": [{}, {}], "ignition_converged": true, "ignition_loops": 2, "ignition_rules": {"shift_bias": 1, "shift_cut": 3}, "quark_limit": false, "quark_moved": 4, "quark_passes": 2, "roles": {"activation": 2, "bias": 2, "weight": 2}, "scales": 6, "trial": 181}
TRIAL {"diff": {}, "equal": true, "final_violations": [{}, {}], "ignition_converged": true, "ignition_loops": 2, "ignition_rules": {"align_pool": 1, "shift_cut": 3, "shift_read": 1, "shift_write": 1}, "quark_limit": false, "quark_moved": 5, "quark_passes": 2, "roles": {"activation": 7, "bias": 4, "weight": 1}, "scales": 12, "trial": 182}
TRIAL {"diff": {}, "equal": true, "final_violations": [{}, {}], "ignition_converged": true, "ignition_loops": 2, "ignition_rules": {"shift_bias": 1, "shift_cut": 3}, "quark_limit": false, "quark_moved": 4, "quark_passes": 2, "roles": {"activation": 1, "bias": 1, "weight": 2}, "scales": 4, "trial": 183}
TRIAL {"diff": {}, "equal": true, "final_violations": [{}, {}], "ignition_converged": true, "ignition_loops": 2, "ignition_rules": {"align_pool": 1, "shift_cut": 2, "shift_read": 1}, "quark_limit": false, "quark_moved": 4, "quark_passes": 2, "roles": {"activation": 2, "bias": 2, "weight": 3}, "scales": 7, "trial": 184}
TRIAL {"diff": {}, "equal": true, "final_violations": [{}, {}], "ignition_converged": true, "ignition_loops": 1, "ignition_rules": {}, "quark_limit": false, "quark_moved": 0, "quark_passes": 1, "roles": {"activation": 2, "bias": 1, "weight": 2}, "scales": 5, "trial": 185}
TRIAL {"diff": {}, "equal": true, "final_violations": [{}, {}], "ignition_converged": true, "ignition_loops": 2, "ignition_rules": {"align_pool": 1, "shift_cut": 3, "shift_write": 1}, "quark_limit": false, "quark_moved": 5, "quark_passes": 2, "roles": {"activation": 9, "bias": 1, "weight": 1}, "scales": 11, "trial": 186}
TRIAL {"diff": {}, "equal": true, "final_violations": [{}, {}], "ignition_converged": true, "ignition_loops": 1, "ignition_rules": {}, "quark_limit": false, "quark_moved": 0, "quark_passes": 1, "roles": {"activation": 1, "bias": 3, "weight": 1}, "scales": 5, "trial": 187}
TRIAL {"diff": {}, "equal": true, "final_violations": [{}, {}], "ignition_converged": true, "ignition_loops": 2, "ignition_rules": {"shift_bias": 1, "shift_cut": 2}, "quark_limit": false, "quark_moved": 3, "quark_passes": 2, "roles": {"activation": 3, "bias": 4, "weight": 4}, "scales": 11, "trial": 188}
TRIAL {"diff": {}, "equal": true, "final_violations": [{}, {}], "ignition_converged": true, "ignition_loops": 2, "ignition_rules": {"shift_cut": 1}, "quark_limit": false, "quark_moved": 1, "quark_passes": 2, "roles": {"activation": 2, "bias": 2, "weight": 2}, "scales": 6, "trial": 189}
TRIAL {"diff": {}, "equal": true, "final_violations": [{}, {}], "ignition_converged": true, "ignition_loops": 2, "ignition_rules": {"align_pool": 1}, "quark_limit": false, "quark_moved": 1, "quark_passes": 2, "roles": {"activation": 3, "bias": 3, "weight": 3}, "scales": 9, "trial": 190}
TRIAL {"diff": {}, "equal": true, "final_violations": [{}, {}], "ignition_converged": true, "ignition_loops": 1, "ignition_rules": {}, "quark_limit": false, "quark_moved": 0, "quark_passes": 1, "roles": {"activation": 1, "bias": 2, "weight": 1}, "scales": 4, "trial": 191}
TRIAL {"diff": {}, "equal": true, "final_violations": [{}, {}], "ignition_converged": true, "ignition_loops": 2, "ignition_rules": {"shift_cut": 4}, "quark_limit": false, "quark_moved": 4, "quark_passes": 2, "roles": {"activation": 3, "bias": 2, "weight": 4}, "scales": 9, "trial": 192}
TRIAL {"diff": {}, "equal": true, "final_violations": [{}, {}], "ignition_converged": true, "ignition_loops": 2, "ignition_rules": {"align_pool": 1, "shift_cut": 2}, "quark_limit": false, "quark_moved": 3, "quark_passes": 2, "roles": {"activation": 2, "bias": 4, "weight": 6}, "scales": 12, "trial": 193}
TRIAL {"diff": {}, "equal": true, "final_violations": [{}, {}], "ignition_converged": true, "ignition_loops": 2, "ignition_rules": {"align_pool": 1, "shift_bias": 1, "shift_cut": 4, "shift_read": 1, "shift_write": 1}, "quark_limit": false, "quark_moved": 8, "quark_passes": 2, "roles": {"activation": 8, "bias": 1, "weight": 2}, "scales": 11, "trial": 194}
TRIAL {"diff": {}, "equal": true, "final_violations": [{}, {}], "ignition_converged": true, "ignition_loops": 1, "ignition_rules": {}, "quark_limit": false, "quark_moved": 0, "quark_passes": 1, "roles": {"bias": 2}, "scales": 2, "trial": 195}
TRIAL {"diff": {}, "equal": true, "final_violations": [{}, {}], "ignition_converged": true, "ignition_loops": 2, "ignition_rules": {"shift_bias": 1}, "quark_limit": false, "quark_moved": 1, "quark_passes": 2, "roles": {"activation": 3, "bias": 1, "weight": 2}, "scales": 6, "trial": 196}
TRIAL {"diff": {}, "equal": true, "final_violations": [{}, {}], "ignition_converged": true, "ignition_loops": 2, "ignition_rules": {"shift_cut": 1, "shift_read": 2, "shift_write": 1}, "quark_limit": false, "quark_moved": 4, "quark_passes": 2, "roles": {"activation": 4, "bias": 2, "weight": 3}, "scales": 9, "trial": 197}
TRIAL {"diff": {}, "equal": true, "final_violations": [{}, {}], "ignition_converged": true, "ignition_loops": 2, "ignition_rules": {"shift_bias": 2, "shift_read": 1}, "quark_limit": false, "quark_moved": 3, "quark_passes": 2, "roles": {"activation": 3, "bias": 2, "weight": 1}, "scales": 6, "trial": 198}
TRIAL {"diff": {}, "equal": true, "final_violations": [{}, {}], "ignition_converged": true, "ignition_loops": 2, "ignition_rules": {"shift_cut": 1, "shift_read": 1}, "quark_limit": false, "quark_moved": 2, "quark_passes": 2, "roles": {"activation": 1, "bias": 2, "weight": 1}, "scales": 4, "trial": 199}
TRIAL {"diff": {}, "equal": true, "final_violations": [{}, {}], "ignition_converged": true, "ignition_loops": 2, "ignition_rules": {"shift_cut": 2, "shift_read": 1, "shift_write": 1}, "quark_limit": false, "quark_moved": 3, "quark_passes": 2, "roles": {"activation": 6, "bias": 2, "weight": 2}, "scales": 10, "trial": 200}
TRIAL {"diff": {}, "equal": true, "final_violations": [{}, {}], "ignition_converged": true, "ignition_loops": 2, "ignition_rules": {"shift_cut": 2}, "quark_limit": false, "quark_moved": 2, "quark_passes": 2, "roles": {"activation": 1, "bias": 1, "weight": 1}, "scales": 3, "trial": 201}
TRIAL {"diff": {}, "equal": true, "final_violations": [{}, {}], "ignition_converged": true, "ignition_loops": 2, "ignition_rules": {"shift_bias": 5, "shift_cut": 4}, "quark_limit": false, "quark_moved": 9, "quark_passes": 2, "roles": {"activation": 3, "bias": 4, "weight": 4}, "scales": 11, "trial": 202}
TRIAL {"diff": {}, "equal": true, "final_violations": [{}, {}], "ignition_converged": true, "ignition_loops": 1, "ignition_rules": {}, "quark_limit": false, "quark_moved": 0, "quark_passes": 1, "roles": {"activation": 1, "weight": 1}, "scales": 2, "trial": 203}
TRIAL {"diff": {}, "equal": true, "final_violations": [{}, {}], "ignition_converged": true, "ignition_loops": 2, "ignition_rules": {"shift_cut": 2, "shift_read": 2, "shift_write": 1}, "quark_limit": false, "quark_moved": 5, "quark_passes": 2, "roles": {"activation": 6, "weight": 4}, "scales": 10, "trial": 204}
TRIAL {"diff": {}, "equal": true, "final_violations": [{}, {}], "ignition_converged": true, "ignition_loops": 2, "ignition_rules": {"shift_bias": 1, "shift_cut": 1}, "quark_limit": false, "quark_moved": 2, "quark_passes": 2, "roles": {"activation": 1, "bias": 2, "weight": 2}, "scales": 5, "trial": 205}
TRIAL {"diff": {}, "equal": true, "final_violations": [{}, {}], "ignition_converged": true, "ignition_loops": 2, "ignition_rules": {"shift_bias": 1}, "quark_limit": false, "quark_moved": 1, "quark_passes": 2, "roles": {"activation": 1, "bias": 2, "weight": 1}, "scales": 4, "trial": 206}
TRIAL {"diff": {}, "equal": true, "final_violations": [{}, {}], "ignition_converged": true, "ignition_loops": 2, "ignition_rules": {"shift_cut": 3, "shift_read": 4, "shift_write": 4}, "quark_limit": false, "quark_moved": 10, "quark_passes": 2, "roles": {"activation": 6, "bias": 1}, "scales": 7, "trial": 207}
TRIAL {"diff": {}, "equal": true, "final_violations": [{}, {}], "ignition_converged": true, "ignition_loops": 2, "ignition_rules": {"shift_cut": 1}, "quark_limit": false, "quark_moved": 1, "quark_passes": 2, "roles": {"activation": 2, "bias": 2, "weight": 1}, "scales": 5, "trial": 208}
TRIAL {"diff": {}, "equal": true, "final_violations": [{}, {}], "ignition_converged": true, "ignition_loops": 2, "ignition_rules": {"shift_bias": 1, "shift_cut": 5, "shift_read": 1, "shift_write": 1}, "quark_limit": false, "quark_moved": 7, "quark_passes": 2, "roles": {"activation": 6, "bias": 1, "weight": 5}, "scales": 12, "trial": 209}
TRIAL {"diff": {}, "equal": true, "final_violations": [{}, {}], "ignition_converged": true, "ignition_loops": 2, "ignition_rules": {"shift_bias": 2, "shift_cut": 2}, "quark_limit": false, "quark_moved": 4, "quark_passes": 2, "roles": {"activation": 3, "bias": 3, "weight": 3}, "scales": 9, "trial": 210}
TRIAL {"diff": {}, "equal": true, "final_violations": [{}, {}], "ignition_converged": true, "ignition_loops": 2, "ignition_rules": {"shift_cut": 2, "shift_read": 2, "shift_write": 1}, "quark_limit": false, "quark_moved": 5, "quark_passes": 2, "roles": {"activation": 4, "bias": 2, "weight": 3}, "scales": 9, "trial": 211}
TRIAL {"diff": {}, "equal": true, "final_violations": [{}, {}], "ignition_converged": true, "ignition_loops": 2, "ignition_rules": {"shift_bias": 1, "shift_cut": 1}, "quark_limit": false, "quark_moved": 2, "quark_passes": 2, "roles": {"activation": 2, "bias": 6, "weight": 2}, "scales": 10, "trial": 212}
TRIAL {"diff": {}, "equal": true, "final_violations": [{}, {}], "ignition_converged": true, "ignition_loops": 2, "ignition_rules": {"shift_bias": 1, "shift_cut": 3}, "quark_limit": false, "quark_moved": 4, "quark_passes": 2, "roles": {"activation": 2, "bias": 1, "weight": 2}, "scales": 5, "trial": 213}
TRIAL {"diff": {}, "equal": true, "final_violations": [{}, {}], "ignition_converged": true, "ignition_loops": 1, "ignition_rules": {}, "quark_limit": false, "quark_moved": 0, "quark_passes": 1, "roles": {"activation": 1, "bias": 1}, "scales": 2, "trial": 214}
TRIAL {"diff": {}, "equal": true, "final_violations": [{}, {}], "ignition_converged": true, "ignition_loops": 2, "ignition_rules": {"shift_bias": 1, "shift_cut": 1}, "quark_limit": false, "quark_moved": 2, "quark_passes": 2, "roles": {"activation": 1, "bias": 2, "weight": 4}, "scales": 7, "trial": 215}
TRIAL {"diff": {}, "equal": true, "final_violations": [{}, {}], "ignition_converged": true, "ignition_loops": 2, "ignition_rules": {"align_pool": 1, "shift_bias": 1, "shift_cut": 1, "shift_read": 1, "shift_write": 1}, "quark_limit": false, "quark_moved": 5, "quark_passes": 2, "roles": {"activation": 3, "bias": 2, "weight": 2}, "scales": 7, "trial": 216}
TRIAL {"diff": {}, "equal": true, "final_violations": [{}, {}], "ignition_converged": true, "ignition_loops": 1, "ignition_rules": {}, "quark_limit": false, "quark_moved": 0, "quark_passes": 1, "roles": {"weight": 1}, "scales": 1, "trial": 217}
TRIAL {"diff": {}, "equal": true, "final_violations": [{}, {}], "ignition_converged": true, "ignition_loops": 1, "ignition_rules": {}, "quark_limit": false, "quark_moved": 0, "quark_passes": 1, "roles": {"bias": 5, "weight": 1}, "scales": 6, "trial": 218}
TRIAL {"diff": {}, "equal": true, "final_violations": [{}, {}], "ignition_converged": true, "ignition_loops": 2, "ignition_rules": {"shift_bias": 1, "shift_cut": 4}, "quark_limit": false, "quark_moved": 5, "quark_passes": 2, "roles": {"activation": 7, "bias": 3, "weight": 1}, "scales": 11, "trial": 219}
TRIAL {"diff": {}, "equal": true, "final_violations": [{}, {}], "ignition_converged": true, "ignition_loops": 1, "ignition_rules": {}, "quark_limit": false, "quark_moved": 0, "quark_passes": 1, "roles": {"activation": 1, "bias": 1, "weight": 2}, "scales": 4, "trial": 220}
TRIAL {"diff": {}, "equal": true, "final_violations": [{}, {}], "ignition_converged": true, "ignition_loops": 2, "ignition_rules": {"shift_cut": 1, "shift_read": 1, "shift_write": 1}, "quark_limit": false, "quark_moved": 3, "quark_passes": 2, "roles": {"activation": 2, "bias": 5, "weight": 5}, "scales": 12, "trial": 221}
TRIAL {"diff": {}, "equal": true, "final_violations": [{}, {}], "ignition_converged": true, "ignition_loops": 2, "ignition_rules": {"shift_bias": 2, "shift_cut": 5}, "quark_limit": false, "quark_moved": 7, "quark_passes": 2, "roles": {"activation": 2, "bias": 2, "weight": 1}, "scales": 5, "trial": 222}
TRIAL {"diff": {}, "equal": true, "final_violations": [{}, {}], "ignition_converged": true, "ignition_loops": 2, "ignition_rules": {"shift_cut": 2}, "quark_limit": false, "quark_moved": 2, "quark_passes": 2, "roles": {"activation": 1, "bias": 2, "weight": 2}, "scales": 5, "trial": 223}
TRIAL {"diff": {}, "equal": true, "final_violations": [{}, {}], "ignition_converged": true, "ignition_loops": 1, "ignition_rules": {}, "quark_limit": false, "quark_moved": 0, "quark_passes": 1, "roles": {"bias": 1}, "scales": 1, "trial": 224}
TRIAL {"diff": {}, "equal": true, "final_violations": [{}, {}], "ignition_converged": true, "ignition_loops": 2, "ignition_rules": {"align_pool": 1, "shift_bias": 1, "shift_cut": 4}, "quark_limit": false, "quark_moved": 6, "quark_passes": 2, "roles": {"activation": 3, "bias": 4, "weight": 3}, "scales": 10, "trial": 225}
TRIAL {"diff": {}, "equal": true, "final_violations": [{}, {}], "ignition_converged": true, "ignition_loops": 1, "ignition_rules": {}, "quark_limit": false, "quark_moved": 0, "quark_passes": 1, "roles": {"activation": 1, "bias": 1, "weight": 1}, "scales": 3, "trial": 226}
TRIAL {"diff": {}, "equal": true, "final_violations": [{}, {}], "ignition_converged": true, "ignition_loops": 2, "ignition_rules": {"shift_cut": 2, "shift_read": 2}, "quark_limit": false, "quark_moved": 4, "quark_passes": 2, "roles": {"activation": 4, "bias": 1, "weight": 3}, "scales": 8, "trial": 227}
TRIAL {"diff": {}, "equal": true, "final_violations": [{}, {}], "ignition_converged": true, "ignition_loops": 1, "ignition_rules": {}, "quark_limit": false, "quark_moved": 0, "quark_passes": 1, "roles": {"activation": 3, "bias": 2}, "scales": 5, "trial": 228}
TRIAL {"diff": {}, "equal": true, "final_violations": [{}, {}], "ignition_converged": true, "ignition_loops": 2, "ignition_rules": {"shift_cut": 3, "shift_read": 1}, "quark_limit": false, "quark_moved": 4, "quark_passes": 2, "roles": {"activation": 5, "bias": 1, "weight": 1}, "scales": 7, "trial": 229}
TRIAL {"diff": {}, "equal": true, "final_violations": [{}, {}], "ignition_converged": true, "ignition_loops": 2, "ignition_rules": {"shift_cut": 3, "shift_read": 1, "shift_write": 1}, "quark_limit": false, "quark_moved": 5, "quark_passes": 2, "roles": {"activation": 3, "bias": 3, "weight": 1}, "scales": 7, "trial": 230}
TRIAL {"diff": {}, "equal": true, "final_violations": [{}, {}], "ignition_converged": true, "ignition_loops": 2, "ignition_rules": {"shift_cut": 3, "shift_read": 1}, "quark_limit": false, "quark_moved": 4, "quark_passes": 2, "roles": {"activation": 3, "bias": 3, "weight": 3}, "scales": 9, "trial": 231}
TRIAL {"diff": {}, "equal": true, "final_violations": [{}, {}], "ignition_converged": true, "ignition_loops": 2, "ignition_rules": {"shift_bias": 2, "shift_cut": 5, "shift_read": 1}, "quark_limit": false, "quark_moved": 8, "quark_passes": 2, "roles": {"activation": 4, "bias": 4, "weight": 3}, "scales": 11, "trial": 232}
TRIAL {"diff": {}, "equal": true, "final_violations": [{}, {}], "ignition_converged": true, "ignition_loops": 2, "ignition_rules": {"align_pool": 1, "shift_cut": 1, "shift_read": 1}, "quark_limit": false, "quark_moved": 3, "quark_passes": 2, "roles": {"activation": 3, "bias": 2}, "scales": 5, "trial": 233}
TRIAL {"diff": {}, "equal": true, "final_violations": [{}, {}], "ignition_converged": true, "ignition_loops": 2, "ignition_rules": {"shift_cut": 3, "shift_read": 1, "shift_write": 1}, "quark_limit": false, "quark_moved": 5, "quark_passes": 2, "roles": {"activation": 3, "bias": 2, "weight": 4}, "scales": 9, "trial": 234}
TRIAL {"diff": {}, "equal": true, "final_violations": [{}, {}], "ignition_converged": true, "ignition_loops": 2, "ignition_rules": {"shift_cut": 4, "shift_read": 1, "shift_write": 1}, "quark_limit": false, "quark_moved": 6, "quark_passes": 2, "roles": {"activation": 5, "bias": 2, "weight": 3}, "scales": 10, "trial": 235}
TRIAL {"diff": {}, "equal": true, "final_violations": [{}, {}], "ignition_converged": true, "ignition_loops": 1, "ignition_rules": {}, "quark_limit": false, "quark_moved": 0, "quark_passes": 1, "roles": {"activation": 2, "bias": 4, "weight": 3}, "scales": 9, "trial": 236}
TRIAL {"diff": {}, "equal": true, "final_violations": [{}, {}], "ignition_converged": true, "ignition_loops": 2, "ignition_rules": {"shift_cut": 1, "shift_read": 1, "shift_write": 1}, "quark_limit": false, "quark_moved": 3, "quark_passes": 2, "roles": {"activation": 6, "bias": 3, "weight": 3}, "scales": 12, "trial": 237}
TRIAL {"diff": {}, "equal": true, "final_violations": [{}, {}], "ignition_converged": true, "ignition_loops": 2, "ignition_rules": {"align_pool": 1, "shift_bias": 1, "shift_cut": 2, "shift_read": 1, "shift_write": 1}, "quark_limit": false, "quark_moved": 6, "quark_passes": 2, "roles": {"activation": 3, "bias": 5, "weight": 4}, "scales": 12, "trial": 238}
TRIAL {"diff": {}, "equal": true, "final_violations": [{}, {}], "ignition_converged": true, "ignition_loops": 2, "ignition_rules": {"shift_cut": 1}, "quark_limit": false, "quark_moved": 1, "quark_passes": 2, "roles": {"activation": 4, "weight": 1}, "scales": 5, "trial": 239}
TRIAL {"diff": {}, "equal": true, "final_violations": [{}, {}], "ignition_converged": true, "ignition_loops": 2, "ignition_rules": {"shift_cut": 2, "shift_read": 2, "shift_write": 1}, "quark_limit": false, "quark_moved": 5, "quark_passes": 2, "roles": {"activation": 4, "bias": 2, "weight": 3}, "scales": 9, "trial": 240}
TRIAL {"diff": {}, "equal": true, "final_violations": [{}, {}], "ignition_converged": true, "ignition_loops": 2, "ignition_rules": {"shift_cut": 4, "shift_read": 1}, "quark_limit": false, "quark_moved": 5, "quark_passes": 2, "roles": {"activation": 7, "bias": 1, "weight": 4}, "scales": 12, "trial": 241}
TRIAL {"diff": {}, "equal": true, "final_violations": [{}, {}], "ignition_converged": true, "ignition_loops": 2, "ignition_rules": {"shift_cut": 1, "shift_read": 1, "shift_write": 1}, "quark_limit": false, "quark_moved": 3, "quark_passes": 2, "roles": {"activation": 2}, "scales": 2, "trial": 242}
TRIAL {"diff": {}, "equal": true, "final_violations": [{}, {}], "ignition_converged": true, "ignition_loops": 2, "ignition_rules": {"shift_cut": 3, "shift_read": 2, "shift_write": 1}, "quark_limit": false, "quark_moved": 6, "quark_passes": 2, "roles": {"activation": 5, "bias": 4, "weight": 2}, "scales": 11, "trial": 243}
TRIAL {"diff": {}, "equal": true, "final_violations": [{}, {}], "ignition_converged": true, "ignition_loops": 2, "ignition_rules": {"shift_cut": 3, "shift_read": 1, "shift_write": 1}, "quark_limit": false, "quark_moved": 5, "quark_passes": 2, "roles": {"activation": 6, "weight": 6}, "scales": 12, "trial": 244}
TRIAL {"diff": {}, "equal": true, "final_violations": [{}, {}], "ignition_converged": true, "ignition_loops": 1, "ignition_rules": {}, "quark_limit": false, "quark_moved": 0, "quark_passes": 1, "roles": {"bias": 1}, "scales": 1, "trial": 245}
TRIAL {"diff": {}, "equal": true, "final_violations": [{}, {}], "ignition_converged": true, "ignition_loops": 2, "ignition_rules": {"shift_cut": 1, "shift_read": 1, "shift_write": 1}, "quark_limit": false, "quark_moved": 3, "quark_passes": 2, "roles": {"activation": 4, "bias": 3, "weight": 4}, "scales": 11, "trial": 246}
TRIAL {"diff": {}, "equal": true, "final_violations": [{}, {}], "ignition_converged": true, "ignition_loops": 2, "ignition_rules": {"shift_bias": 1, "shift_cut": 3, "shift_read": 1}, "quark_limit": false, "quark_moved": 5, "quark_passes": 2, "roles": {"activation": 3, "bias": 2, "weight": 2}, "scales": 7, "trial": 247}
TRIAL {"diff": {}, "equal": true, "final_violations": [{}, {}], "ignition_converged": true, "ignition_loops": 2, "ignition_rules": {"shift_bias": 1, "shift_cut": 2}, "quark_limit": false, "quark_moved": 3, "quark_passes": 2, "roles": {"activation": 6, "bias": 3, "weight": 1}, "scales": 10, "trial": 248}
TRIAL {"diff": {}, "equal": true, "final_violations": [{}, {}], "ignition_converged": true, "ignition_loops": 2, "ignition_rules": {"shift_bias": 1, "shift_cut": 4, "shift_read": 1, "shift_write": 1}, "quark_limit": false, "quark_moved": 7, "quark_passes": 2, "roles": {"activation": 4, "bias": 3}, "scales": 7, "trial": 249}
TRIAL {"diff": {}, "equal": true, "final_violations": [{}, {}], "ignition_converged": true, "ignition_loops": 2, "ignition_rules": {"shift_cut": 3}, "quark_limit": false, "quark_moved": 3, "quark_passes": 2, "roles": {"activation": 4, "bias": 2, "weight": 3}, "scales": 9, "trial": 250}
TRIAL {"diff": {}, "equal": true, "final_violations": [{}, {}], "ignition_converged": true, "ignition_loops": 2, "ignition_rules": {"shift_cut": 2, "shift_read": 1}, "quark_limit": false, "quark_moved": 3, "quark_passes": 2, "roles": {"activation": 6, "bias": 2, "weight": 2}, "scales": 10, "trial": 251}
TRIAL {"diff": {}, "equal": true, "final_violations": [{}, {}], "ignition_converged": true, "ignition_loops": 2, "ignition_rules": {"shift_cut": 4, "shift_read": 2, "shift_write": 1}, "quark_limit": false, "quark_moved": 7, "quark_passes": 2, "roles": {"activation": 6, "bias": 3, "weight": 3}, "scales": 12, "trial": 252}
TRIAL {"diff": {}, "equal": true, "final_violations": [{}, {}], "ignition_converged": true, "ignition_loops": 2, "ignition_rules": {"align_pool": 1, "shift_bias": 2, "shift_cut": 3, "shift_read": 3, "shift_write": 1}, "quark_limit": false, "quark_moved": 9, "quark_passes": 2, "roles": {"activation": 5, "bias": 3, "weight": 3}, "scales": 11, "trial": 253}
TRIAL {"diff": {}, "equal": true, "final_violations": [{}, {}], "ignition_converged": true, "ignition_loops": 2, "ignition_rules": {"shift_cut": 1}, "quark_limit": false, "quark_moved": 1, "quark_passes": 2, "roles": {"activation": 2, "bias": 1, "weight": 1}, "scales": 4, "trial": 254}
TRIAL {"diff": {}, "equal": true, "final_violations": [{}, {}], "ignition_converged": true, "ignition_loops": 2, "ignition_rules": {"shift_bias": 1}, "quark_limit": false, "quark_moved": 1, "quark_passes": 2, "roles": {"activation": 3, "bias": 4, "weight": 2}, "scales": 9, "trial": 255}
TRIAL {"diff": {}, "equal": true, "final_violations": [{}, {}], "ignition_converged": true, "ignition_loops": 2, "ignition_rules": {"shift_cut": 3, "shift_read": 1, "shift_write": 1}, "quark_limit": false, "quark_moved": 5, "quark_passes": 2, "roles": {"activation": 3, "bias": 1, "weight": 1}, "scales": 5, "trial": 256}
TRIAL {"diff": {}, "equal": true, "final_violations": [{}, {}], "ignition_converged": true, "ignition_loops": 2, "ignition_rules": {"shift_bias": 2, "shift_cut": 2}, "quark_limit": false, "quark_moved": 4, "quark_passes": 2, "roles": {"activation": 3, "bias": 3, "weight": 2}, "scales": 8, "trial": 257}
TRIAL {"diff": {}, "equal": true, "final_violations": [{}, {}], "ignition_converged": true, "ignition_loops": 2, "ignition_rules": {"shift_bias": 1}, "quark_limit": false, "quark_moved": 1, "quark_passes": 2, "roles": {"activation": 2, "bias": 1, "weight": 3}, "scales": 6, "trial": 258}
TRIAL {"diff": {}, "equal": true, "final_violations": [{}, {}], "ignition_converged": true, "ignition_loops": 2, "ignition_rules": {"shift_bias": 2, "shift_cut": 2, "shift_read": 1}, "quark_limit": false, "quark_moved": 5, "quark_passes": 2, "roles": {"activation": 5, "bias": 4, "weight": 2}, "scales": 11, "trial": 259}
TRIAL {"diff": {}, "equal": true, "final_violations": [{}, {}], "ignition_converged": true, "ignition_loops": 2, "ignition_rules": {"shift_cut": 1, "shift_read": 1, "shift_write": 1}, "quark_limit": false, "quark_moved": 3, "quark_passes": 2, "roles": {"activation": 2}, "scales": 2, "trial": 260}
TRIAL {"diff": {}, "equal": true, "final_violations": [{}, {}], "ignition_converged": true, "ignition_loops": 2, "ignition_rules": {"shift_cut": 2}, "quark_limit": false, "quark_moved": 2, "quark_passes": 2, "roles": {"activation": 6, "bias": 1, "weight": 5}, "scales": 12, "trial": 261}
TRIAL {"diff": {}, "equal": true, "final_violations": [{}, {}], "ignition_converged": true, "ignition_loops": 2, "ignition_rules": {"shift_cut": 2, "shift_read": 1, "shift_write": 1}, "quark_limit": false, "quark_moved": 4, "quark_passes": 2, "roles": {"activation": 5, "bias": 2, "weight": 5}, "scales": 12, "trial": 262}
TRIAL {"diff": {}, "equal": true, "final_violations": [{}, {}], "ignition_converged": true, "ignition_loops": 2, "ignition_rules": {"shift_bias": 2, "shift_cut": 3, "shift_read": 2, "shift_write": 2}, "quark_limit": false, "quark_moved": 9, "quark_passes": 2, "roles": {"activation": 5, "bias": 1, "weight": 2}, "scales": 8, "trial": 263}
TRIAL {"diff": {}, "equal": true, "final_violations": [{}, {}], "ignition_converged": true, "ignition_loops": 1, "ignition_rules": {}, "quark_limit": false, "quark_moved": 0, "quark_passes": 1, "roles": {"activation": 2, "bias": 3, "weight": 4}, "scales": 9, "trial": 264}
TRIAL {"diff": {}, "equal": true, "final_violations": [{}, {}], "ignition_converged": true, "ignition_loops": 2, "ignition_rules": {"shift_cut": 1, "shift_read": 2, "shift_write": 1}, "quark_limit": false, "quark_moved": 4, "quark_passes": 2, "roles": {"activation": 3, "bias": 1, "weight": 1}, "scales": 5, "trial": 265}
TRIAL {"diff": {}, "equal": true, "final_violations": [{}, {}], "ignition_converged": true, "ignition_loops": 2, "ignition_rules": {"shift_cut": 2, "shift_read": 1, "shift_write": 1}, "quark_limit": false, "quark_moved": 4, "quark_passes": 2, "roles": {"activation": 4, "bias": 1}, "scales": 5, "trial": 266}
TRIAL {"diff": {}, "equal": true, "final_violations": [{}, {}], "ignition_converged": true, "ignition_loops": 2, "ignition_rules": {"shift_cut": 1, "shift_read": 2, "shift_write": 1}, "quark_limit": false, "quark_moved": 4, "quark_passes": 2, "roles": {"activation": 3, "bias": 2, "weight": 2}, "scales": 7, "trial": 267}
TRIAL {"diff": {}, "equal": true, "final_violations": [{}, {}], "ignition_converged": true, "ignition_loops": 1, "ignition_rules": {}, "quark_limit": false, "quark_moved": 0, "quark_passes": 1, "roles": {"activation": 3, "bias": 1, "weight": 1}, "scales": 5, "trial": 268}
TRIAL {"diff": {}, "equal": true, "final_violations": [{}, {}], "ignition_converged": true, "ignition_loops": 2, "ignition_rules": {"shift_bias": 1, "shift_cut": 4, "shift_read": 2, "shift_write": 2}, "quark_limit": false, "quark_moved": 9, "quark_passes": 2, "roles": {"activation": 6, "bias": 3, "weight": 3}, "scales": 12, "trial": 269}
TRIAL {"diff": {}, "equal": true, "final_violations": [{}, {}], "ignition_converged": true, "ignition_loops": 2, "ignition_rules": {"shift_bias": 1, "shift_cut": 1}, "quark_limit": false, "quark_moved": 2, "quark_passes": 2, "roles": {"activation": 2, "bias": 5, "weight": 1}, "scales": 8, "trial": 270}
TRIAL {"diff": {}, "equal": true, "final_violations": [{}, {}], "ignition_converged": true, "ignition_loops": 2, "ignition_rules": {"shift_cut": 2}, "quark_limit": false, "quark_moved": 2, "quark_passes": 2, "roles": {"activation": 2, "bias": 4, "weight": 2}, "scales": 8, "trial": 271}
TRIAL {"diff": {}, "equal": true, "final_violations": [{}, {}], "ignition_converged": true, "ignition_loops": 2, "ignition_rules": {"shift_bias": 1, "shift_cut": 3, "shift_read": 1, "shift_write": 1}, "quark_limit": false, "quark_moved": 5, "quark_passes": 2, "roles": {"activation": 4, "bias": 1, "weight": 1}, "scales": 6, "trial": 272}
TRIAL {"diff": {}, "equal": true, "final_violations": [{}, {}], "ignition_converged": true, "ignition_loops": 1, "ignition_rules": {}, "quark_limit": false, "quark_moved": 0, "quark_passes": 1, "roles": {"activation": 1, "bias": 2}, "scales": 3, "trial": 273}
TRIAL {"diff": {}, "equal": true, "final_violations": [{}, {}], "ignition_converged": true, "ignition_loops": 1, "ignition_rules": {}, "quark_limit": false, "quark_moved": 0, "quark_passes": 1, "roles": {"activation": 2, "bias": 3, "weight": 3}, "scales": 8, "trial": 274}
TRIAL {"diff": {}, "equal": true, "final_violations": [{}, {}], "ignition_converged": true, "ignition_loops": 2, "ignition_rules": {"shift_cut": 3, "shift_read": 1}, "quark_limit": false, "quark_moved": 4, "quark_passes": 2, "roles": {"activation": 4, "bias": 4, "weight": 3}, "scales": 11, "trial": 275}
TRIAL {"diff": {}, "equal": true, "final_violations": [{}, {}], "ignition_converged": true, "ignition_loops": 1, "ignition_rules": {}, "quark_limit": false, "quark_moved": 0, "quark_passes": 1, "roles": {"bias": 1}, "scales": 1, "trial": 276}
TRIAL {"diff": {}, "equal": true, "final_violations": [{}, {}], "ignition_converged": true, "ignition_loops": 2, "ignition_rules": {"shift_cut": 1}, "quark_limit": false, "quark_moved": 1, "quark_passes": 2, "roles": {"weight": 1}, "scales": 1, "trial": 277}
TRIAL {"diff": {}, "equal": true, "final_violations": [{}, {}], "ignition_converged": true, "ignition_loops": 2, "ignition_rules": {"shift_cut": 4, "shift_read": 2}, "quark_limit": false, "quark_moved": 6, "quark_passes": 2, "roles": {"activation": 5, "weight": 5}, "scales": 10, "trial": 278}
TRIAL {"diff": {}, "equal": true, "final_violations": [{}, {}], "ignition_converged": true, "ignition_loops": 2, "ignition_rules": {"shift_bias": 1, "shift_cut": 3, "shift_read": 1, "shift_write": 1}, "quark_limit": false, "quark_moved": 6, "quark_passes": 2, "roles": {"activation": 4, "bias": 2, "weight": 1}, "scales": 7, "trial": 279}
TRIAL {"diff": {}, "equal": true, "final_violations": [{}, {}], "ignition_converged": true, "ignition_loops": 2, "ignition_rules": {"shift_bias": 1}, "quark_limit": false, "quark_moved": 1, "quark_passes": 2, "roles": {"bias": 6, "weight": 4}, "scales": 10, "trial": 280}
TRIAL {"diff": {}, "equal": true, "final_violations": [{}, {}], "ignition_converged": true, "ignition_loops": 2, "ignition_rules": {"shift_cut": 3, "shift_read": 1}, "quark_limit": false, "quark_moved": 4, "quark_passes": 2, "roles": {"activation": 3, "bias": 1, "weight": 2}, "scales": 6, "trial": 281}
TRIAL {"diff": {}, "equal": true, "final_violations": [{}, {}], "ignition_converged": true, "ignition_loops": 2, "ignition_rules": {"shift_bias": 2, "shift_cut": 1}, "quark_limit": false, "quark_moved": 3, "quark_passes": 2, "roles": {"activation": 3, "bias": 5, "weight": 3}, "scales": 11, "trial": 282}
TRIAL {"diff": {}, "equal": true, "final_violations": [{}, {}], "ignition_converged": true, "ignition_loops": 1, "ignition_rules": {}, "quark_limit": false, "quark_moved": 0, "quark_passes": 1, "roles": {"weight": 1}, "scales": 1, "trial": 283}
TRIAL {"diff": {}, "equal": true, "final_violations": [{}, {}], "ignition_converged": true, "ignition_loops": 1, "ignition_rules": {}, "quark_limit": false, "quark_moved": 0, "quark_passes": 1, "roles": {"activation": 3, "bias": 5, "weight": 1}, "scales": 9, "trial": 284}
TRIAL {"diff": {}, "equal": true, "final_violations": [{}, {}], "ignition_converged": true, "ignition_loops": 2, "ignition_rules": {"shift_cut": 1, "shift_read": 1}, "quark_limit": false, "quark_moved": 2, "quark_passes": 2, "roles": {"activation": 2, "bias": 2, "weight": 2}, "scales": 6, "trial": 285}
TRIAL {"diff": {}, "equal": true, "final_violations": [{}, {}], "ignition_converged": true, "ignition_loops": 2, "ignition_rules": {"shift_cut": 1, "shift_read": 1}, "quark_limit": false, "quark_moved": 2, "quark_passes": 2, "roles": {"activation": 2}, "scales": 2, "trial": 286}
TRIAL {"diff": {}, "equal": true, "final_violations": [{}, {}], "ignition_converged": true, "ignition_loops": 1, "ignition_rules": {}, "quark_limit": false, "quark_moved": 0, "quark_passes": 1, "roles": {"activation": 2, "weight": 4}, "scales": 6, "trial": 287}
TRIAL {"diff": {}, "equal": true, "final_violations": [{}, {}], "ignition_converged": true, "ignition_loops": 2, "ignition_rules": {"shift_bias": 1, "shift_cut": 4, "shift_read": 1}, "quark_limit": false, "quark_moved": 6, "quark_passes": 2, "roles": {"activation": 5, "bias": 4, "weight": 1}, "scales": 10, "trial": 288}
TRIAL {"diff": {}, "equal": true, "final_violations": [{}, {}], "ignition_converged": true, "ignition_loops": 2, "ignition_rules": {"shift_bias": 2, "shift_cut": 2}, "quark_limit": false, "quark_moved": 4, "quark_passes": 2, "roles": {"activation": 1, "bias": 3, "weight": 1}, "scales": 5, "trial": 289}
TRIAL {"diff": {}, "equal": true, "final_violations": [{}, {}], "ignition_converged": true, "ignition_loops": 2, "ignition_rules": {"shift_bias": 1, "shift_cut": 3, "shift_read": 1, "shift_write": 1}, "quark_limit": false, "quark_moved": 6, "quark_passes": 2, "roles": {"activation": 5, "bias": 5, "weight": 2}, "scales": 12, "trial": 290}
TRIAL {"diff": {}, "equal": true, "final_violations": [{}, {}], "ignition_converged": true, "ignition_loops": 2, "ignition_rules": {"shift_cut": 4, "shift_read": 1}, "quark_limit": false, "quark_moved": 5, "quark_passes": 2, "roles": {"activation": 3, "bias": 3, "weight": 5}, "scales": 11, "trial": 291}
TRIAL {"diff": {}, "equal": true, "final_violations": [{}, {}], "ignition_converged": true, "ignition_loops": 2, "ignition_rules": {"shift_bias": 2, "shift_cut": 2}, "quark_limit": false, "quark_moved": 4, "quark_passes": 2, "roles": {"bias": 1, "weight": 3}, "scales": 4, "trial": 292}
TRIAL {"diff": {}, "equal": true, "final_violations": [{}, {}], "ignition_converged": true, "ignition_loops": 1, "ignition_rules": {}, "quark_limit": false, "quark_moved": 0, "quark_passes": 1, "roles": {"activation": 2}, "scales": 2, "trial": 293}
TRIAL {"diff": {}, "equal": true, "final_violations": [{}, {}], "ignition_converged": true, "ignition_loops": 2, "ignition_rules": {"shift_cut": 2}, "quark_limit": false, "quark_moved": 2, "quark_passes": 2, "roles": {"activation": 2, "bias": 1, "weight": 3}, "scales": 6, "trial": 294}
TRIAL {"diff": {}, "equal": true, "final_violations": [{}, {}], "ignition_converged": true, "ignition_loops": 2, "ignition_rules": {"shift_read": 1}, "quark_limit": false, "quark_moved": 1, "quark_passes": 2, "roles": {"activation": 1, "bias": 1}, "scales": 2, "trial": 295}
TRIAL {"diff": {}, "equal": true, "final_violations": [{}, {}], "ignition_converged": true, "ignition_loops": 2, "ignition_rules": {"shift_cut": 5, "shift_read": 2}, "quark_limit": false, "quark_moved": 7, "quark_passes": 2, "roles": {"activation": 7, "bias": 2, "weight": 1}, "scales": 10, "trial": 296}
TRIAL {"diff": {}, "equal": true, "final_violations": [{}, {}], "ignition_converged": true, "ignition_loops": 2, "ignition_rules": {"shift_bias": 1}, "quark_limit": false, "quark_moved": 1, "quark_passes": 2, "roles": {"activation": 1, "bias": 2, "weight": 1}, "scales": 4, "trial": 297}
TRIAL {"diff": {}, "equal": true, "final_violations": [{}, {}], "ignition_converged": true, "ignition_loops": 2, "ignition_rules": {"shift_bias": 1, "shift_cut": 3, "shift_read": 1, "shift_write": 1}, "quark_limit": false, "quark_moved": 6, "quark_passes": 2, "roles": {"activation": 3, "bias": 7}, "scales": 10, "trial": 298}
TRIAL {"diff": {}, "equal": true, "final_violations": [{}, {}], "ignition_converged": true, "ignition_loops": 2, "ignition_rules": {"align_pool": 1, "shift_bias": 2, "shift_cut": 6, "shift_read": 1, "shift_write": 1}, "quark_limit": false, "quark_moved": 11, "quark_passes": 2, "roles": {"activation": 3, "bias": 3, "weight": 6}, "scales": 12, "trial": 299}
FUZZ_SUMMARY {"converged_with_remaining_violations": 0, "equal": 300, "ignition_rule_totals": {"align_pool": 26, "shift_bias": 167, "shift_cut": 527, "shift_read": 151, "shift_write": 79}, "ignition_unconverged": 0, "loop_limit_hits": 0, "trials": 300, "trials_with_moves": 243, "unequal_trials": []}
RAW_DATA_HAZARD {"case": "conv_pruned_cut_high", "ignition": {"converged": true, "equals_float_form_result": true, "loops": 2, "table_changed": true}, "quark": {"equals_float_form_result": false, "limit_warning": true, "modify_messages": 10, "passes": 5, "seconds": 0.497, "table_changed": false}, "scale_storage": {"raw_data": 181}}
REFINE_PROBE_PASS True
